[14:41:20]	[Send]	ncif 2 18016
[14:41:20]	[Recv]	st 2 18016 99 0 100 100 323240 3270 323240 3270 0

[14:41:21]	[Send]	npc_req 2 18016
[14:41:21]	[Send]	ptctl 2628 1 4988592 154 83 4988592 15
[14:41:21]	[Send]	suctl 2628 1 4988603 2 18016
[14:41:21]	[Recv]	npc_req 2 18016 11028

[14:41:21]	[Send]	suctl 2628 1 4988592 2 18016
[14:41:21]	[Recv]	cond 2 4988592 0 0 15

[14:41:21]	[Send]	n_run 338 0 2 18016
[14:41:21]	[Send]	ncif 2 18016
[14:41:22]	[Recv]	rbr2 812.5.0 1 15 84.99 1 2479.1 2479.5 2484.1 2481.5 9762.1 1286.1 -1.0 -1.0 -1.0 -1.0 11393.- 0 0 718.96 716.96 706.96 691.96 775.96

[14:41:22]	[Recv]	st 2 18016 99 0 100 100 323240 3270 323240 3270 0

[14:41:22]	[Send]	suctl 2628 2 4988603 2 18016 4988592 2 18016
[14:41:22]	[Send]	sreq 812
[14:41:22]	[Send]	ncif 2 18016
[14:41:23]	[Recv]	guri 4 0 0

[14:41:23]	[Recv]	c_map 0 2628 0

[14:41:23]	[Recv]	mapout

[14:41:23]	[Send]	c_close 1
[14:41:23]	[Send]	c_close 0
[14:41:23]	[Send]	f_stash_end 
[14:41:23]	[Send]	c_close 1
[14:41:23]	[Recv]	c_info #Rey# - -1 3739.918 Sanguinarius 2073308 0 0 0 53 2 27 0 21 0 20 40 0 8394 6

[14:41:23]	[Send]	mall 50
[14:41:23]	[Send]	c_close 1
[14:41:23]	[Recv]	c_mode 1 2073308 21 20 40 0 100 8394

[14:41:23]	[Recv]	equip 95 87 0.8630.5.9.0.11.84 1.8646.7.8.0.8.82 2.8689.0.0.0.0.0 3.8654.0.5.0.0.0 4.8656.0.5.0.0.0 5.8638.2.0.0.0.83 6.4657.0.0.0.0.0 7.4653.0.0.0.0.0 8.4647.0.0.0.0.0 9.8687.0.0.0.0.0 10.4710.8.0.0.0.0 12.4498.0.20.100.0.0 13.8757.0.0.0.0.0 14.8785.0.0.0.0.0 15.8701.0.0.0.0.0 16.8787.0.0.0.0.0 17.8720.0.0.0.0.0

[14:41:23]	[Recv]	lev 99 0 99 0 2140719000 5991794 66980872 2 0 90 917705181 0

[14:41:23]	[Recv]	at 2073308 5442 36 30 2 0 119 2 -1

[14:41:23]	[Recv]	cond 1 2073308 0 0 20

[14:41:23]	[Recv]	cond 1 2073308 0 0 20

[14:41:23]	[Recv]	titinfo 1 2073308 13016 9416

[14:41:23]	[Recv]	eq 2073308 0 0 0 53 2 8689.8646.8630.8638.8687.4710.8757.8785.8701.8787.8720 95 87 100

[14:41:23]	[Recv]	c_map 0 5442 1

[14:41:23]	[Recv]	sc 1 9 3872 4144 2315 36 415 0 0 3602 3762 2177 40 577 9 2346 2003 2339 2003 2197 195 189 180 176

[14:41:23]	[Recv]	char_sc 1 2073308 100

[14:41:23]	[Recv]	gidx 1 2073308 3739.918 Sanguinarius 24 0|0|1

[14:41:23]	[Recv]	rsfp 6 4

[14:41:23]	[Recv]	rnsc 0

[14:41:23]	[Recv]	evnt 1 0 12000 12000

[14:41:23]	[Recv]	in 2 2673 4988603 38 32 2 100 100 0 0 3 2073308 1 0 3206 @ 1 6 1 1880 1881 1882 4237 4238 4239 0 2723 0 0 0

[14:41:23]	[Recv]	cond 2 4988603 0 0 11

[14:41:23]	[Recv]	in 2 1548 4988592 38 30 2 100 100 0 0 3 2073308 1 0 -1 @ 2 -1 0 0 0 0 0 0 0 0 0 0 0 6

[14:41:23]	[Recv]	cond 2 4988592 0 0 15

[14:41:23]	[Recv]	pinit 2 2|4988603|0|94|@|-1|3206|1|2723|0|0 2|4988592|1|96|@|-1|1548|0|0|0|60


[14:41:23]	[Recv]	pairy 1 2073308 4 2 97 50

[14:41:23]	[Recv]	minipet 1 2073308 8720

[14:41:23]	[Recv]	act6 

[14:41:23]	[Recv]	food 0

[14:41:23]	[Recv]	rsfm 812 0 7 6 12

[14:41:23]	[Recv]	ivn 2 0.2479.432.0

[14:41:23]	[Recv]	sayi 1 2073308 10 1885 2 2479 0 0 0

[14:41:23]	[Recv]	guri 41 1

[14:41:23]	[Recv]	minfo 1 0 -1.0/0 -1.0/0 -1/0 -1.0/0 1 1 0

[14:41:23]	[Recv]	msgi 0 2470 0 0 0 0 0

[14:41:23]	[Recv]	in 2 1457 5001496 39 70 4 100 100 0 0 0 -1 1 0 -1 - 0 -1 0 0 0 0 0 0 0 0 0 0 0 0

[14:41:23]	[Recv]	ctl 2 5001496 0 99

[14:41:23]	[Recv]	in 2 1548 4988592 38 30 2 100 100 0 0 3 2073308 1 0 -1 @ 2 -1 0 0 0 0 0 0 0 0 0 0 0 6

[14:41:23]	[Recv]	in 2 2673 4988603 38 32 2 100 100 0 0 3 2073308 1 0 3206 @ 1 6 1 1880 1881 1882 4237 4238 4239 0 2723 0 0 0

[14:41:23]	[Recv]	in 9 1000 10605729 39 39 1 0 0 0

[14:41:24]	[Recv]	st 2 5001496 92 0 100 100 91620 183240 91620 183240 0

[14:41:26]	[Recv]	cond 1 2073308 0 0 20

[14:41:26]	[Recv]	cond 1 2073308 0 0 20

[14:41:26]	[Recv]	st 2 5001496 92 0 100 100 91620 183240 91620 183240 0

[14:41:27]	[Recv]	msgi2 0 905 14 Spajder1330 3028 

[14:41:27]	[Recv]	cond 1 2073308 0 0 20

[14:41:27]	[Recv]	cond 1 2073308 0 0 20

[14:41:27]	[Send]	get 1 2073308 10605729
[14:41:27]	[Recv]	delay 2000 1 #git^10605729

[14:41:27]	[Send]	guri 2
[14:41:27]	[Send]	guri 5 1 2073308 0 1
[14:41:27]	[Recv]	eff 2 5001496 7739

[14:41:27]	[Recv]	guri 2 1 2073308 0

[14:41:28]	[Send]	guri 5 1 2073308 50 1
[14:41:28]	[Recv]	st 2 5001496 92 0 100 100 91620 183240 91620 183240 0

[14:41:29]	[Send]	guri 5 1 2073308 100 1
[14:41:29]	[Send]	#git^10605729
[14:41:29]	[Send]	ptctl 5442 2 4988603 38 36 4988592 38 35 4988592 15
[14:41:29]	[Recv]	out 9 10605729

[14:41:29]	[Recv]	out 9 10605729

[14:41:29]	[Recv]	msgi 0 408 0 0 0 0 0

[14:41:30]	[Send]	ptctl 5442 2 4988603 38 37 4988592 38 36 4988592 15
[14:41:30]	[Recv]	cond 1 2073308 0 0 20

[14:41:30]	[Recv]	cond 1 2073308 0 0 20

[14:41:30]	[Recv]	cond 2 4988603 0 0 15

[14:41:30]	[Recv]	cond 2 4988592 0 0 15

[14:41:30]	[Recv]	cond 1 2073308 0 0 20

[14:41:30]	[Recv]	cond 1 2073308 0 0 20

[14:41:30]	[Send]	u_s 5 1 2073308
[14:41:30]	[Recv]	cond 2 4988603 0 0 15

[14:41:30]	[Recv]	cond 2 4988592 0 0 15

[14:41:30]	[Recv]	cond 1 2073308 0 0 20

[14:41:30]	[Recv]	cond 1 2073308 0 0 20

[14:41:30]	[Recv]	mapclear

[14:41:30]	[Recv]	in 2 1457 5001496 39 70 4 100 100 0 0 0 -1 1 0 -1 - 0 -1 0 0 0 0 0 0 0 0 0 0 0 0

[14:41:30]	[Recv]	ctl 2 5001496 0 99

[14:41:30]	[Recv]	in 2 1548 4988592 38 36 2 100 100 0 0 3 2073308 1 0 -1 @ 2 -1 0 0 0 0 0 0 0 0 0 0 0 6

[14:41:30]	[Recv]	in 2 2673 4988603 38 37 2 100 100 0 0 3 2073308 1 0 3206 @ 1 6 1 1880 1881 1882 4237 4238 4239 0 2723 0 0 0

[14:41:30]	[Recv]	rnsc 0

[14:41:30]	[Recv]	sinfo 

[14:41:30]	[Recv]	rsfm 812 2 0 0 12

[14:41:30]	[Recv]	evnt 3 0 6000 6000

[14:41:30]	[Recv]	evnt 1 0 11920 12000

[14:41:30]	[Recv]	in 3 706 5001623 38 7 4 100 100 0 0 0 -1 0 0 -1 - 0 -1 0 0 0 0 0 0 0 0 0 0 0 0

[14:41:30]	[Recv]	msgi 0 679 0 0 0 0 0

[14:41:30]	[Recv]	in 3 706 5001624 39 7 5 100 100 0 0 0 -1 0 0 -1 - 0 -1 0 0 0 0 0 0 0 0 0 0 0 0

[14:41:30]	[Recv]	msgi 0 679 0 0 0 0 0

[14:41:30]	[Recv]	in 3 691 5001625 40 6 1 100 100 0 0 0 -1 0 0 -1 - 0 -1 0 0 0 0 0 0 0 0 0 0 0 0

[14:41:30]	[Recv]	msgi 0 679 0 0 0 0 0

[14:41:30]	[Recv]	in 3 706 5001626 41 7 2 100 100 0 0 0 -1 0 0 -1 - 0 -1 0 0 0 0 0 0 0 0 0 0 0 0

[14:41:30]	[Recv]	msgi 0 679 0 0 0 0 0

[14:41:30]	[Recv]	in 3 706 5001627 43 7 0 100 100 0 0 0 -1 0 0 -1 - 0 -1 0 0 0 0 0 0 0 0 0 0 0 0

[14:41:30]	[Recv]	msgi 0 679 0 0 0 0 0

[14:41:30]	[Recv]	in 3 706 5001628 45 7 2 100 100 0 0 0 -1 0 0 -1 - 0 -1 0 0 0 0 0 0 0 0 0 0 0 0

[14:41:30]	[Recv]	msgi 0 679 0 0 0 0 0

[14:41:30]	[Recv]	eff 3 5001628 5000

[14:41:30]	[Recv]	eff 3 5001626 5000

[14:41:30]	[Recv]	eff 3 5001624 5000

[14:41:30]	[Recv]	ms_c 0

[14:41:30]	[Recv]	qslot 0 1.1.1 1.1.2 1.1.3 1.1.4 1.1.5 1.1.6 1.1.7 1.1.9 1.1.8 1.1.10 0.1.45 0.2.21 0.1.76 1.1.38 1.3.12 0.1.34 0.1.87 0.-1.-1 0.1.84 0.1.43 1.3.11 1.1.42 1.1.41 1.3.976 0.-1.-1 0.1.70 0.2.143 0.2.25 0.2.27 0.2.26

[14:41:30]	[Recv]	qslot 1 0.-1.-1 0.-1.-1 0.-1.-1 0.-1.-1 0.-1.-1 0.-1.-1 0.-1.-1 0.-1.-1 0.-1.-1 0.-1.-1 0.1.-1 0.1.-1 1.1.41 1.1.42 0.-1.-1 7.7.-1 7.7.-1 7.7.-1 7.7.-1 0.-1.-1 0.-1.-1 0.-1.-1 0.-1.-1 0.-1.-1 0.-1.-1 0.-1.-1 0.-1.-1 0.-1.-1 0.-1.-1 0.-1.-1

[14:41:30]	[Recv]	ct 1 2073308 1 2073308 -1 -1 1119

[14:41:30]	[Recv]	st 2 5001496 92 0 100 100 91620 183240 91620 183240 0

[14:41:30]	[Recv]	bf 1 2073308 0.561.3000 99

[14:41:30]	[Recv]	bf 1 2073308 0.578.1200 99

[14:41:30]	[Recv]	bf 1 2073308 0.941.0 99

[14:41:30]	[Recv]	bf 1 2073308 0.830.60 99

[14:41:30]	[Recv]	eff 1 2073308 0

[14:41:30]	[Recv]	sayi 1 2073308 20 26 3 830 0 0 0

[14:41:30]	[Recv]	su 1 2073308 1 2073308 1119 600 25 4265 0 0 1 100 0 -1 0 95497 95497

[14:41:30]	[Send]	ptctl 5442 1 4988603 38 42 4988603 15
[14:41:30]	[Send]	ptctl 5442 1 4988592 38 41 4988592 15
[14:41:30]	[Recv]	cond 2 4988603 0 0 15

[14:41:31]	[Recv]	cond 2 4988592 0 0 15

[14:41:31]	[Send]	ptctl 5442 2 4988603 38 37 4988592 40 36 4988603 15
[14:41:31]	[Recv]	scp 1
[14:41:31]	[Recv]	cond 1 2073308 0 0 20

[14:41:31]	[Recv]	cond 1 2073308 0 0 20

[14:41:31]	[Recv]	cond 2 4988603 0 0 15

[14:41:31]	[Recv]	cond 2 4988592 0 0 15

[14:41:31]	[Send]	ptctl 5442 2 4988603 38 35 4988592 43 34 4988603 15
[14:41:31]	[Recv]	cond 1 2073308 0 0 20

[14:41:31]	[Recv]	cond 1 2073308 0 0 20

[14:41:32]	[Recv]	cond 2 4988603 0 0 15

[14:41:32]	[Recv]	cond 2 4988592 0 0 15

[14:41:32]	[Send]	ptctl 5442 2 4988603 38 32 4988592 41 31 4988603 15
[14:41:32]	[Recv]	cond 1 2073308 0 0 20

[14:41:32]	[Recv]	cond 1 2073308 0 0 20

[14:41:32]	[Recv]	cond 2 4988603 0 0 15

[14:41:32]	[Recv]	cond 2 4988592 0 0 15

[14:41:32]	[Recv]	st 2 5001496 92 0 100 100 91620 183240 91620 183240 0

[14:41:32]	[Recv]	eff 2 5001496 7739

[14:41:32]	[Send]	ncif 3 5001624
[14:41:33]	[Recv]	st 3 5001624 96 0 100 100 9124 2670 9124 2670 0

[14:41:33]	[Send]	ptctl 5442 1 4988592 41 26 4988592 15
[14:41:33]	[Send]	ptctl 5442 1 4988603 38 26 4988603 15
[14:41:33]	[Recv]	cond 2 4988592 0 0 15

[14:41:33]	[Recv]	cond 1 2073308 0 0 20

[14:41:33]	[Recv]	cond 1 2073308 0 0 20

[14:41:33]	[Send]	pulse 2820 0
[14:41:33]	[Recv]	sp 417094 1000000 3810 10000

[14:41:33]	[Recv]	umi 5060.341 5676.-1 5797.-1 13459.-2

[14:41:33]	[Recv]	cond 2 4988603 0 0 15

[14:41:33]	[Send]	u_s 1 3 5001624
[14:41:33]	[Send]	ncif 3 5001624
[14:41:33]	[Recv]	cond 1 2073308 0 0 20

[14:41:33]	[Recv]	cond 1 2073308 0 0 20

[14:41:34]	[Recv]	ms_c 0

[14:41:34]	[Recv]	qslot 0 1.1.1 1.1.2 1.1.3 1.1.4 1.1.5 1.1.6 1.1.7 1.1.9 1.1.8 1.1.10 0.1.45 0.2.21 0.1.76 1.1.38 1.3.12 0.1.34 0.1.87 0.-1.-1 0.1.84 0.1.43 1.3.11 1.1.42 1.1.41 1.3.976 0.-1.-1 0.1.70 0.2.143 0.2.25 0.2.27 0.2.26

[14:41:34]	[Recv]	qslot 1 0.-1.-1 0.-1.-1 0.-1.-1 0.-1.-1 0.-1.-1 0.-1.-1 0.-1.-1 0.-1.-1 0.-1.-1 0.-1.-1 0.1.-1 0.1.-1 1.1.41 1.1.42 0.-1.-1 7.7.-1 7.7.-1 7.7.-1 7.7.-1 0.-1.-1 0.-1.-1 0.-1.-1 0.-1.-1 0.-1.-1 0.-1.-1 0.-1.-1 0.-1.-1 0.-1.-1 0.-1.-1 0.-1.-1

[14:41:34]	[Recv]	ct 1 2073308 3 5001624 14 4263 1115

[14:41:34]	[Recv]	st 3 5001624 96 0 100 100 9124 2670 9124 2670 0

[14:41:34]	[Send]	ptctl 5442 1 4988592 41 21 4988592 15
[14:41:34]	[Recv]	cond 2 4988592 0 0 15

[14:41:34]	[Send]	ptctl 5442 1 4988603 38 22 4988603 15
[14:41:34]	[Recv]	eff 1 2073308 15

[14:41:34]	[Recv]	su 1 2073308 3 5001624 1115 70 12 4264 0 0 0 0 85781 0 0 0 9124

[14:41:34]	[Recv]	lev 99 0 99 0 2140719000 5991794 66980872 2 0 90 917705181 0

[14:41:34]	[Recv]	su 1 2073308 3 5001626 1115 70 12 4264 0 0 0 0 37273 5 0 0 9124

[14:41:34]	[Recv]	lev 99 0 99 0 2140719000 5991794 66980872 2 0 90 917705181 0

[14:41:34]	[Recv]	su 1 2073308 3 5001625 1115 70 12 4264 0 0 1 66 29532 5 0 57451 86983

[14:41:34]	[Recv]	bf 3 5001625 0.4253.100 99

[14:41:34]	[Recv]	eff 1 2073308 15

[14:41:34]	[Recv]	su 1 2073308 3 5001623 1115 70 12 4264 0 0 0 0 262826 6 0 0 9124

[14:41:34]	[Recv]	lev 99 0 99 0 2140719000 5991794 66980872 2 0 90 917705181 0

[14:41:34]	[Recv]	mslot 1127 -1

[14:41:34]	[Recv]	qset 0 0 1.1.13.0

[14:41:34]	[Recv]	cond 1 2073308 0 0 18

[14:41:34]	[Recv]	sayi 1 2073308 20 22 3 568 0 0 0

[14:41:34]	[Recv]	bf 1 2073308 0.568.0 99

[14:41:34]	[Recv]	cond 2 4988603 0 0 15

[14:41:34]	[Send]	ncif 3 5001625
[14:41:34]	[Send]	ptctl 5442 1 4988592 41 18 4988592 15
[14:41:34]	[Send]	u_s 13 3 5001625
[14:41:34]	[Send]	ptctl 5442 1 4988603 38 23 4988603 15
[14:41:34]	[Send]	suctl 5442 1 4988603 3 5001625
[14:41:34]	[Recv]	st 3 5001625 96 0 66 100 57451 2670 86983 2670 0 4253.99

[14:41:34]	[Recv]	st 2 5001496 92 0 100 100 91620 183240 91620 183240 0

[14:41:34]	[Recv]	cond 2 4988592 0 0 15

[14:41:34]	[Recv]	ms_c 0

[14:41:34]	[Recv]	qslot 0 1.1.1 1.1.2 1.1.3 1.1.4 1.1.5 1.1.6 1.1.7 1.1.9 1.1.8 1.1.10 0.1.45 0.2.21 0.1.76 1.1.38 1.3.12 0.1.34 0.1.87 0.-1.-1 0.1.84 0.1.43 1.3.11 1.1.42 1.1.41 1.3.976 0.-1.-1 0.1.70 0.2.143 0.2.25 0.2.27 0.2.26

[14:41:34]	[Recv]	qslot 1 0.-1.-1 0.-1.-1 0.-1.-1 0.-1.-1 0.-1.-1 0.-1.-1 0.-1.-1 0.-1.-1 0.-1.-1 0.-1.-1 0.1.-1 0.1.-1 1.1.41 1.1.42 0.-1.-1 7.7.-1 7.7.-1 7.7.-1 7.7.-1 0.-1.-1 0.-1.-1 0.-1.-1 0.-1.-1 0.-1.-1 0.-1.-1 0.-1.-1 0.-1.-1 0.-1.-1 0.-1.-1 0.-1.-1

[14:41:34]	[Send]	ptctl 5442 2 4988603 39 28 4988592 41 26 4988603 15
[14:41:34]	[Recv]	ct 3 5001625 2 4988592 -1 -1 763

[14:41:34]	[Recv]	in 3 688 5001631 40 17 2 100 100 0 0 0 -1 0 0 -1 - 0 -1 0 0 0 0 0 0 0 0 0 0 0 0

[14:41:35]	[Recv]	in 3 688 5001632 40 16 2 100 100 0 0 0 -1 0 0 -1 - 0 -1 0 0 0 0 0 0 0 0 0 0 0 0

[14:41:35]	[Recv]	in 3 688 5001633 40 18 2 100 100 0 0 0 -1 0 0 -1 - 0 -1 0 0 0 0 0 0 0 0 0 0 0 0

[14:41:35]	[Recv]	in 3 688 5001634 39 18 2 100 100 0 0 0 -1 0 0 -1 - 0 -1 0 0 0 0 0 0 0 0 0 0 0 0

[14:41:35]	[Recv]	in 3 688 5001635 41 17 2 100 100 0 0 0 -1 0 0 -1 - 0 -1 0 0 0 0 0 0 0 0 0 0 0 0

[14:41:35]	[Recv]	su 3 5001625 3 5001625 763 50 11 7287 0 0 1 66 0 -1 0 57451 86983

[14:41:35]	[Recv]	ct 1 2073308 3 5001625 -1 -1 1127

[14:41:35]	[Recv]	eff 1 2073308 15

[14:41:35]	[Recv]	su 1 2073308 3 5001625 1127 100 22 4284 0 0 0 0 229472 3 0 0 86983

[14:41:35]	[Recv]	lev 99 0 99 0 2140719000 5991794 66980872 2 0 90 917705181 0

[14:41:35]	[Recv]	su 1 2073308 3 5001635 1127 100 22 4284 0 0 0 0 93486 6 0 0 5000

[14:41:35]	[Recv]	lev 99 0 99 0 2140719000 5991794 66980872 2 0 90 917705181 0

[14:41:35]	[Recv]	eff 1 2073308 15

[14:41:35]	[Recv]	su 1 2073308 3 5001634 1127 100 22 4284 0 0 0 0 233940 6 0 0 5000

[14:41:35]	[Recv]	lev 99 0 99 0 2140719000 5991794 66980872 2 0 90 917705181 0

[14:41:35]	[Recv]	eff 1 2073308 15

[14:41:35]	[Recv]	su 1 2073308 3 5001633 1127 100 22 4284 0 0 0 0 79884 5 0 0 5000

[14:41:35]	[Recv]	lev 99 0 99 0 2140719000 5991794 66980872 2 0 90 917705181 0

[14:41:35]	[Recv]	su 1 2073308 3 5001632 1127 100 22 4284 0 0 0 0 95305 6 0 0 5000

[14:41:35]	[Recv]	lev 99 0 99 0 2140719000 5991794 66980872 2 0 90 917705181 0

[14:41:35]	[Recv]	eff 1 2073308 15

[14:41:35]	[Recv]	su 1 2073308 3 5001631 1127 100 22 4284 0 0 0 0 82848 5 0 0 5000

[14:41:35]	[Recv]	lev 99 0 99 0 2140719000 5991794 66980872 2 0 90 917705181 0

[14:41:35]	[Recv]	cond 2 4988603 0 0 15

[14:41:35]	[Recv]	cond 2 4988603 0 0 15

[14:41:35]	[Recv]	cond 2 4988592 0 0 15

[14:41:35]	[Send]	ptctl 5442 2 4988603 42 30 4988592 41 28 4988603 15
[14:41:35]	[Recv]	cond 1 2073308 0 0 18

[14:41:35]	[Recv]	cond 1 2073308 0 0 18

[14:41:35]	[Recv]	cond 2 4988603 0 0 15

[14:41:35]	[Recv]	cond 2 4988592 0 0 15

[14:41:35]	[Send]	ptctl 5442 2 4988603 40 32 4988592 42 30 4988603 15
[14:41:35]	[Recv]	cond 1 2073308 0 0 18

[14:41:35]	[Recv]	cond 1 2073308 0 0 18

[14:41:35]	[Recv]	cond 2 4988603 0 0 15

[14:41:35]	[Recv]	cond 2 4988592 0 0 15

[14:41:36]	[Send]	ncif 3 5001628
[14:41:36]	[Recv]	st 3 5001628 96 0 100 100 9124 2670 9124 2670 0

[14:41:36]	[Send]	ptctl 5442 1 4988603 40 29 4988603 15
[14:41:36]	[Send]	ptctl 5442 1 4988592 42 25 4988592 15
[14:41:36]	[Recv]	cond 2 4988603 0 0 15

[14:41:36]	[Recv]	msgi 1 363 9 361 1 35 55

[14:41:36]	[Recv]	cond 2 4988592 0 0 15

[14:41:36]	[Recv]	sayi 1 2073308 20 22 3 830 0 0 0

[14:41:36]	[Recv]	bf 1 2073308 0.830.0 99

[14:41:36]	[Recv]	bf 1 2073308 0.941.3000 99

[14:41:36]	[Recv]	sayi 1 2073308 20 26 3 941 0 0 0

[14:41:36]	[Recv]	cond 1 2073308 0 0 18

[14:41:36]	[Recv]	cond 1 2073308 0 0 18

[14:41:36]	[Recv]	st 2 5001496 92 0 100 100 91620 183240 91620 183240 0

[14:41:36]	[Send]	suctl 5442 1 4988603 3 5001628
[14:41:36]	[Send]	u_s 0 3 5001628
[14:41:36]	[Send]	ptctl 5442 2 4988603 40 34 4988592 42 32 4988603 15
[14:41:37]	[Recv]	eff 2 4988603 5005

[14:41:37]	[Send]	ncif 3 5001628
[14:41:37]	[Recv]	ct 1 2073308 3 5001628 -1 -1 1114

[14:41:37]	[Recv]	su 1 2073308 3 5001628 1114 7 11 4260 0 0 1 100 0 4 0 9124 9124

[14:41:37]	[Recv]	cond 2 4988603 0 0 15

[14:41:37]	[Recv]	cond 2 4988592 0 0 15

[14:41:37]	[Recv]	ct 2 4988603 3 5001628 -1 -1 0

[14:41:37]	[Recv]	su 2 4988603 3 5001628 0 12 11 8360 0 0 1 41 5320 0 0 3804 9124

[14:41:37]	[Recv]	st 3 5001628 96 0 41 100 3804 2670 9124 2670 0

[14:41:37]	[Send]	ptctl 5442 2 4988603 40 36 4988592 42 35 4988603 15
[14:41:37]	[Recv]	cond 1 2073308 0 0 18

[14:41:37]	[Recv]	cond 1 2073308 0 0 18

[14:41:37]	[Recv]	cond 2 4988603 0 0 15

[14:41:37]	[Recv]	cond 2 4988592 0 0 15

[14:41:37]	[Send]	ptctl 5442 1 4988592 42 27 4988592 15
[14:41:37]	[Recv]	eff 2 5001496 7739

[14:41:37]	[Send]	u_s 0 3 5001628
[14:41:37]	[Recv]	cond 2 4988592 0 0 15

[14:41:38]	[Recv]	sr 0

[14:41:38]	[Recv]	cond 1 2073308 0 0 18

[14:41:38]	[Recv]	cond 1 2073308 0 0 18

[14:41:38]	[Recv]	ct 1 2073308 3 5001628 -1 -1 1114

[14:41:38]	[Recv]	eff 1 2073308 15

[14:41:38]	[Recv]	su 1 2073308 3 5001628 1114 7 11 4260 0 0 0 0 89021 0 0 0 9124

[14:41:38]	[Recv]	lev 99 0 99 0 2140719000 5991794 66980872 2 0 90 917705181 0

[14:41:38]	[Send]	ptctl 5442 1 4988603 40 32 4988603 15
[14:41:38]	[Send]	suctl 5442 1 4988603 3 5001628
[14:41:38]	[Send]	ptctl 5442 2 4988603 41 37 4988592 42 34 4988603 15
[14:41:38]	[Recv]	cond 2 4988603 0 0 15

[14:41:38]	[Send]	ptctl 5442 2 4988603 40 38 4988592 42 35 4988603 15
[14:41:38]	[Recv]	sp 417094 1000000 3800 10000

[14:41:38]	[Recv]	cond 1 2073308 0 0 18

[14:41:38]	[Recv]	cond 1 2073308 0 0 18

[14:41:38]	[Recv]	cond 2 4988603 0 0 15

[14:41:38]	[Recv]	cond 2 4988592 0 0 15

[14:41:38]	[Send]	ptctl 5442 2 4988603 41 38 4988592 42 36 4988603 15
[14:41:38]	[Recv]	st 2 5001496 92 0 100 100 91620 183240 91620 183240 0

[14:41:38]	[Recv]	cond 1 2073308 0 0 18

[14:41:38]	[Recv]	cond 1 2073308 0 0 18

[14:41:38]	[Recv]	sr 0

[14:41:38]	[Recv]	cond 2 4988603 0 0 15

[14:41:38]	[Recv]	cond 2 4988592 0 0 15

[14:41:39]	[Recv]	cond 2 4988603 0 0 15

[14:41:39]	[Recv]	cond 2 4988592 0 0 15

[14:41:39]	[Send]	ptctl 5442 1 4988592 43 40 4988592 15
[14:41:39]	[Recv]	cond 2 4988592 0 0 15

[14:41:39]	[Send]	ptctl 5442 2 4988603 41 43 4988592 42 42 4988603 15
[14:41:39]	[Recv]	cond 1 2073308 0 0 18

[14:41:39]	[Recv]	cond 1 2073308 0 0 18

[14:41:39]	[Send]	ptctl 5442 2 4988603 41 44 4988592 42 43 4988603 15
[14:41:39]	[Recv]	cond 2 4988603 0 0 15

[14:41:39]	[Recv]	cond 2 4988592 0 0 15

[14:41:40]	[Recv]	cond 1 2073308 0 0 18

[14:41:40]	[Recv]	cond 1 2073308 0 0 18

[14:41:40]	[Recv]	cond 2 4988603 0 0 15

[14:41:40]	[Recv]	cond 2 4988592 0 0 15

[14:41:40]	[Send]	ptctl 5442 1 4988603 41 49 4988603 15
[14:41:40]	[Recv]	st 2 5001496 92 0 100 100 91620 183240 91620 183240 0

[14:41:40]	[Send]	ptctl 5442 1 4988592 42 48 4988592 15
[14:41:40]	[Recv]	cond 2 4988603 0 0 15

[14:41:41]	[Recv]	cond 2 4988592 0 0 15

[14:41:41]	[Recv]	cond 1 2073308 0 0 18

[14:41:41]	[Recv]	cond 1 2073308 0 0 18

[14:41:41]	[Send]	ptctl 5442 1 4988592 42 50 4988592 15
[14:41:41]	[Recv]	cond 1 2073308 0 0 18

[14:41:41]	[Recv]	cond 1 2073308 0 0 18

[14:41:41]	[Recv]	sr 1

[14:41:41]	[Recv]	cond 2 4988592 0 0 15

[14:41:41]	[Send]	ptctl 5442 2 4988603 41 44 4988592 42 43 4988603 15
[14:41:41]	[Recv]	cond 1 2073308 0 0 18

[14:41:41]	[Recv]	cond 1 2073308 0 0 18

[14:41:41]	[Recv]	cond 2 4988603 0 0 15

[14:41:41]	[Recv]	cond 2 4988592 0 0 15

[14:41:41]	[Send]	ncif 3 5001627
[14:41:41]	[Recv]	st 3 5001627 96 0 100 100 9124 2670 9124 2670 0

[14:41:42]	[Send]	ptctl 5442 1 4988592 42 39 4988592 15
[14:41:42]	[Recv]	cond 2 4988592 0 0 15

[14:41:42]	[Send]	ptctl 5442 1 4988603 41 39 4988603 15
[14:41:42]	[Recv]	cond 2 4988603 0 0 15

[14:41:42]	[Send]	u_s 0 3 5001627
[14:41:42]	[Recv]	cond 1 2073308 0 0 18

[14:41:42]	[Recv]	cond 1 2073308 0 0 18

[14:41:42]	[Send]	ncif 3 5001627
[14:41:42]	[Recv]	st 2 5001496 92 0 100 100 91620 183240 91620 183240 0

[14:41:42]	[Recv]	eff 2 5001496 7739

[14:41:42]	[Recv]	ct 1 2073308 3 5001627 -1 -1 1114

[14:41:42]	[Recv]	cond 1 2073308 0 0 19

[14:41:42]	[Recv]	bf 1 2073308 0.1925.80 99

[14:41:42]	[Recv]	eff 1 2073308 0

[14:41:42]	[Recv]	sayi 1 2073308 20 26 3 1925 0 0 0

[14:41:42]	[Recv]	eff_s 1 2073308 7688 0

[14:41:42]	[Recv]	su 1 2073308 3 5001627 1114 7 11 4260 0 0 0 0 35927 0 0 0 9124

[14:41:42]	[Recv]	lev 99 0 99 0 2140719000 5991794 66980872 2 0 90 917705181 0

[14:41:42]	[Recv]	cond 1 2073308 0 0 19

[14:41:42]	[Recv]	cond 1 2073308 0 0 19

[14:41:42]	[Send]	ptctl 5442 1 4988603 41 40 4988603 15
[14:41:42]	[Send]	suctl 5442 1 4988603 3 5001627
[14:41:42]	[Recv]	cond 2 4988603 0 0 15

[14:41:43]	[Send]	ptctl 5442 2 4988603 41 45 4988592 42 44 4988603 15
[14:41:43]	[Recv]	cond 1 2073308 0 0 19

[14:41:43]	[Recv]	cond 1 2073308 0 0 19

[14:41:43]	[Recv]	cond 2 4988603 0 0 15

[14:41:43]	[Recv]	cond 2 4988592 0 0 15

[14:41:43]	[Recv]	sr 0

[14:41:43]	[Send]	ptctl 5442 2 4988603 41 47 4988592 42 47 4988603 15
[14:41:43]	[Recv]	sp 417094 1000000 3790 10000

[14:41:43]	[Recv]	cond 1 2073308 0 0 19

[14:41:43]	[Recv]	cond 1 2073308 0 0 19

[14:41:43]	[Recv]	cond 2 4988603 0 0 15

[14:41:43]	[Recv]	cond 2 4988592 0 0 15

[14:41:44]	[Send]	ptctl 5442 2 4988603 41 51 4988592 41 51 4988603 15
[14:41:44]	[Recv]	cond 1 2073308 0 0 19

[14:41:44]	[Recv]	cond 1 2073308 0 0 19

[14:41:44]	[Recv]	cond 2 4988603 0 0 15

[14:41:44]	[Recv]	cond 2 4988592 0 0 15

[14:41:44]	[Recv]	st 2 5001496 92 0 100 100 91620 183240 91620 183240 0

[14:41:44]	[Recv]	sr 13

[14:41:45]	[Send]	ptctl 5442 1 4988603 42 51 4988603 15
[14:41:45]	[Recv]	cond 2 4988603 0 0 15

[14:41:45]	[Send]	ptctl 5442 2 4988603 41 52 4988592 40 54 4988603 15
[14:41:45]	[Recv]	cond 1 2073308 0 0 19

[14:41:45]	[Recv]	cond 1 2073308 0 0 19

[14:41:45]	[Recv]	cond 2 4988603 0 0 15

[14:41:45]	[Recv]	cond 2 4988592 0 0 15

[14:41:46]	[Recv]	st 2 5001496 92 0 100 100 91620 183240 91620 183240 0

[14:41:47]	[Recv]	eff 2 5001496 7739

[14:41:48]	[Recv]	sp 417094 1000000 3780 10000

[14:41:48]	[Recv]	st 2 5001496 92 0 100 100 91620 183240 91620 183240 0

[14:41:50]	[Recv]	cond 1 2073308 0 0 18

[14:41:50]	[Recv]	sayi 1 2073308 20 22 3 1925 0 0 0

[14:41:50]	[Recv]	bf 1 2073308 0.1925.0 99

[14:41:50]	[Recv]	st 2 5001496 92 0 100 100 91620 183240 91620 183240 0

[14:41:52]	[Recv]	st 2 5001496 92 0 100 100 91620 183240 91620 183240 0

[14:41:52]	[Recv]	eff 2 5001496 7739

[14:41:53]	[Recv]	sp 417094 1000000 3770 10000

[14:41:54]	[Recv]	st 2 5001496 92 0 100 100 91620 183240 91620 183240 0

[14:41:56]	[Recv]	st 2 5001496 92 0 100 100 91620 183240 91620 183240 0

[14:41:57]	[Recv]	eff 2 5001496 7739

[14:41:58]	[Recv]	st 2 5001496 92 0 100 100 91620 183240 91620 183240 0

[14:41:59]	[Recv]	scp 0
[14:41:59]	[Recv]	sp 417094 1000000 3760 10000

[14:42:00]	[Recv]	in 3 706 5001722 38 7 7 100 100 0 0 0 -1 0 0 -1 - 0 -1 0 0 0 0 0 0 0 0 0 0 0 0

[14:42:00]	[Recv]	msgi 0 679 0 0 0 0 0

[14:42:00]	[Recv]	in 3 706 5001723 39 7 4 100 100 0 0 0 -1 0 0 -1 - 0 -1 0 0 0 0 0 0 0 0 0 0 0 0

[14:42:00]	[Recv]	msgi 0 679 0 0 0 0 0

[14:42:00]	[Recv]	in 3 691 5001724 40 6 2 100 100 0 0 0 -1 0 0 -1 - 0 -1 0 0 0 0 0 0 0 0 0 0 0 0

[14:42:00]	[Recv]	msgi 0 679 0 0 0 0 0

[14:42:00]	[Recv]	in 3 706 5001725 41 7 0 100 100 0 0 0 -1 0 0 -1 - 0 -1 0 0 0 0 0 0 0 0 0 0 0 0

[14:42:00]	[Recv]	msgi 0 679 0 0 0 0 0

[14:42:00]	[Recv]	in 3 706 5001726 43 7 1 100 100 0 0 0 -1 0 0 -1 - 0 -1 0 0 0 0 0 0 0 0 0 0 0 0

[14:42:00]	[Recv]	msgi 0 679 0 0 0 0 0

[14:42:00]	[Recv]	in 3 706 5001727 45 7 2 100 100 0 0 0 -1 0 0 -1 - 0 -1 0 0 0 0 0 0 0 0 0 0 0 0

[14:42:00]	[Recv]	msgi 0 679 0 0 0 0 0

[14:42:00]	[Recv]	eff 3 5001727 5000

[14:42:00]	[Recv]	eff 3 5001725 5000

[14:42:00]	[Recv]	eff 3 5001724 5000

[14:42:00]	[Recv]	eff 3 5001723 5000

[14:42:00]	[Recv]	eff 3 5001722 5000

[14:42:00]	[Recv]	st 2 5001496 92 0 100 100 91620 183240 91620 183240 0

[14:42:02]	[Send]	ptctl 5442 2 4988603 36 52 4988592 35 54 4988603 15
[14:42:02]	[Recv]	cond 1 2073308 0 0 18

[14:42:02]	[Recv]	cond 1 2073308 0 0 18

[14:42:02]	[Recv]	cond 2 4988603 0 0 15

[14:42:02]	[Recv]	cond 2 4988592 0 0 15

[14:42:02]	[Send]	ptctl 5442 2 4988603 38 47 4988592 38 49 4988603 15
[14:42:02]	[Recv]	st 2 5001496 92 0 100 100 91620 183240 91620 183240 0

[14:42:02]	[Recv]	eff 2 5001496 7739

[14:42:02]	[Recv]	cond 1 2073308 0 0 18

[14:42:02]	[Recv]	cond 1 2073308 0 0 18

[14:42:02]	[Recv]	cond 2 4988603 0 0 15

[14:42:02]	[Recv]	cond 2 4988592 0 0 15

[14:42:02]	[Send]	ptctl 5442 2 4988603 39 45 4988592 38 47 4988603 15
[14:42:03]	[Recv]	cond 1 2073308 0 0 18

[14:42:03]	[Recv]	cond 1 2073308 0 0 18

[14:42:03]	[Send]	ptctl 5442 2 4988603 39 44 4988592 38 46 4988603 15
[14:42:03]	[Recv]	cond 2 4988603 0 0 15

[14:42:03]	[Recv]	cond 2 4988592 0 0 15

[14:42:03]	[Recv]	cond 1 2073308 0 0 18

[14:42:03]	[Recv]	cond 1 2073308 0 0 18

[14:42:03]	[Recv]	cond 2 4988603 0 0 15

[14:42:03]	[Recv]	cond 2 4988592 0 0 15

[14:42:04]	[Send]	ptctl 5442 2 4988603 39 39 4988592 38 41 4988603 15
[14:42:04]	[Recv]	cond 2 4988603 0 0 15

[14:42:04]	[Recv]	cond 2 4988592 0 0 15

[14:42:04]	[Recv]	cond 1 2073308 0 0 18

[14:42:04]	[Recv]	cond 1 2073308 0 0 18

[14:42:04]	[Send]	ncif 3 5001724
[14:42:04]	[Recv]	st 2 5001496 92 0 100 100 91620 183240 91620 183240 0

[14:42:04]	[Send]	ptctl 5442 2 4988603 37 35 4988592 39 37 4988603 15
[14:42:04]	[Recv]	st 3 5001724 96 0 100 100 86983 2670 86983 2670 0

[14:42:05]	[Recv]	cond 2 4988603 0 0 15

[14:42:05]	[Recv]	cond 2 4988592 0 0 15

[14:42:05]	[Recv]	cond 1 2073308 0 0 18

[14:42:05]	[Recv]	cond 1 2073308 0 0 18

[14:42:05]	[Send]	ptctl 5442 2 4988603 38 31 4988592 38 33 4988603 15
[14:42:05]	[Recv]	cond 2 4988603 0 0 15

[14:42:05]	[Recv]	cond 2 4988592 0 0 15

[14:42:05]	[Recv]	cond 1 2073308 0 0 18

[14:42:05]	[Recv]	cond 1 2073308 0 0 18

[14:42:05]	[Send]	ncif 3 5001724
[14:42:05]	[Recv]	st 3 5001724 96 0 100 100 86983 2670 86983 2670 0

[14:42:06]	[Send]	u_s 1 3 5001724
[14:42:06]	[Send]	ptctl 5442 1 4988592 38 28 4988592 15
[14:42:06]	[Recv]	ms_c 0

[14:42:06]	[Recv]	qslot 0 1.1.1 1.1.2 1.1.3 1.1.4 1.1.5 1.1.6 1.1.7 1.1.9 1.1.8 1.1.10 0.1.45 0.2.21 0.1.76 1.1.38 1.3.12 0.1.34 0.1.87 0.-1.-1 0.1.84 0.1.43 1.3.11 1.1.42 1.1.41 1.3.976 0.-1.-1 0.1.70 0.2.143 0.2.25 0.2.27 0.2.26

[14:42:06]	[Recv]	qslot 1 0.-1.-1 0.-1.-1 0.-1.-1 0.-1.-1 0.-1.-1 0.-1.-1 0.-1.-1 0.-1.-1 0.-1.-1 0.-1.-1 0.1.-1 0.1.-1 1.1.41 1.1.42 0.-1.-1 7.7.-1 7.7.-1 7.7.-1 7.7.-1 0.-1.-1 0.-1.-1 0.-1.-1 0.-1.-1 0.-1.-1 0.-1.-1 0.-1.-1 0.-1.-1 0.-1.-1 0.-1.-1 0.-1.-1

[14:42:06]	[Send]	ptctl 5442 1 4988603 38 26 4988603 15
[14:42:06]	[Recv]	ct 1 2073308 3 5001724 14 4263 1115

[14:42:06]	[Recv]	cond 2 4988592 0 0 15

[14:42:06]	[Send]	ptctl 5442 1 4988592 38 26 4988592 15
[14:42:06]	[Recv]	cond 2 4988603 0 0 15

[14:42:06]	[Recv]	cond 2 4988592 0 0 15

[14:42:06]	[Recv]	scp 1
[14:42:06]	[Recv]	msgi 1 363 9 362 30 35 55

[14:42:06]	[Recv]	su 1 2073308 3 5001724 1115 70 12 4264 0 0 1 4 83205 3 0 3778 86983

[14:42:06]	[Recv]	su 1 2073308 3 5001726 1115 70 12 4264 0 0 0 0 109499 6 0 0 9124

[14:42:06]	[Recv]	lev 99 0 99 0 2140719000 5991794 66980872 2 0 90 917705181 0

[14:42:06]	[Recv]	bf 3 5001723 0.4110.80 99

[14:42:06]	[Recv]	eff 3 5001723 0

[14:42:06]	[Recv]	eff 1 2073308 15

[14:42:06]	[Recv]	su 1 2073308 3 5001723 1115 70 12 4264 0 0 0 0 266026 6 0 0 9124

[14:42:06]	[Recv]	lev 99 0 99 0 2140719000 5991794 66980872 2 0 90 917705181 0

[14:42:06]	[Recv]	mslot 1127 -1

[14:42:06]	[Recv]	qset 0 0 1.1.13.0

[14:42:06]	[Send]	u_s 13 3 5001724
[14:42:06]	[Send]	ptctl 5442 1 4988603 38 27 4988603 15
[14:42:06]	[Send]	suctl 5442 1 4988603 3 5001724
[14:42:06]	[Recv]	st 2 5001496 92 0 100 100 91620 183240 91620 183240 0

[14:42:06]	[Recv]	ms_c 0

[14:42:06]	[Recv]	qslot 0 1.1.1 1.1.2 1.1.3 1.1.4 1.1.5 1.1.6 1.1.7 1.1.9 1.1.8 1.1.10 0.1.45 0.2.21 0.1.76 1.1.38 1.3.12 0.1.34 0.1.87 0.-1.-1 0.1.84 0.1.43 1.3.11 1.1.42 1.1.41 1.3.976 0.-1.-1 0.1.70 0.2.143 0.2.25 0.2.27 0.2.26

[14:42:06]	[Recv]	qslot 1 0.-1.-1 0.-1.-1 0.-1.-1 0.-1.-1 0.-1.-1 0.-1.-1 0.-1.-1 0.-1.-1 0.-1.-1 0.-1.-1 0.1.-1 0.1.-1 1.1.41 1.1.42 0.-1.-1 7.7.-1 7.7.-1 7.7.-1 7.7.-1 0.-1.-1 0.-1.-1 0.-1.-1 0.-1.-1 0.-1.-1 0.-1.-1 0.-1.-1 0.-1.-1 0.-1.-1 0.-1.-1 0.-1.-1

[14:42:06]	[Send]	ncif 3 5001724
[14:42:06]	[Recv]	ct 1 2073308 3 5001724 -1 -1 1127

[14:42:06]	[Recv]	su 1 2073308 3 5001724 1127 100 22 4284 0 0 0 0 90825 3 0 0 86983

[14:42:06]	[Recv]	lev 99 0 99 0 2140719000 5991794 66980872 2 0 90 917705181 0

[14:42:06]	[Recv]	cond 2 4988603 0 0 15

[14:42:07]	[Send]	ptctl 5442 2 4988603 38 32 4988592 38 32 4988603 15
[14:42:07]	[Recv]	cond 1 2073308 0 0 18

[14:42:07]	[Recv]	cond 1 2073308 0 0 18

[14:42:07]	[Send]	ptctl 5442 2 4988603 38 33 4988592 38 33 4988603 15
[14:42:07]	[Recv]	cond 2 4988603 0 0 15

[14:42:07]	[Recv]	cond 2 4988592 0 0 15

[14:42:07]	[Send]	ptctl 5442 2 4988603 38 34 4988592 40 34 4988603 15
[14:42:07]	[Recv]	cond 2 4988603 0 0 15

[14:42:07]	[Recv]	cond 2 4988592 0 0 15

[14:42:07]	[Recv]	cond 1 2073308 0 0 18

[14:42:07]	[Recv]	cond 1 2073308 0 0 18

[14:42:07]	[Recv]	cond 2 4988603 0 0 15

[14:42:07]	[Recv]	cond 2 4988592 0 0 15

[14:42:07]	[Send]	ncif 3 5001725
[14:42:07]	[Recv]	st 3 5001725 96 0 100 100 9124 2670 9124 2670 0

[14:42:07]	[Recv]	eff 2 5001496 7739

[14:42:07]	[Send]	ptctl 5442 1 4988592 38 27 4988592 15
[14:42:07]	[Send]	u_s 0 3 5001725
[14:42:07]	[Recv]	cond 2 4988592 0 0 15

[14:42:08]	[Send]	ptctl 5442 1 4988603 38 33 4988603 15
[14:42:08]	[Send]	suctl 5442 1 4988603 3 5001725
[14:42:08]	[Recv]	cond 1 2073308 0 0 18

[14:42:08]	[Recv]	cond 1 2073308 0 0 18

[14:42:08]	[Recv]	ct 1 2073308 3 5001725 -1 -1 1114

[14:42:08]	[Recv]	eff 1 2073308 15

[14:42:08]	[Recv]	su 1 2073308 3 5001725 1114 7 11 4260 0 0 0 0 87216 0 0 0 9124

[14:42:08]	[Recv]	lev 99 0 99 0 2140719000 5991794 66980872 2 0 90 917705181 0

[14:42:08]	[Recv]	cond 2 4988603 0 0 15

[14:42:08]	[Send]	ptctl 5442 2 4988603 41 35 4988592 40 34 4988603 15
[14:42:08]	[Recv]	cond 1 2073308 0 0 18

[14:42:08]	[Recv]	cond 1 2073308 0 0 18

[14:42:08]	[Recv]	cond 2 4988603 0 0 15

[14:42:08]	[Recv]	cond 2 4988592 0 0 15

[14:42:08]	[Recv]	st 2 5001496 92 0 100 100 91620 183240 91620 183240 0

[14:42:08]	[Send]	ncif 3 5001722
[14:42:09]	[Recv]	sr 0

[14:42:09]	[Recv]	st 3 5001722 96 0 100 100 9124 2670 9124 2670 0

[14:42:09]	[Send]	u_s 0 3 5001722
[14:42:09]	[Send]	ptctl 5442 1 4988592 39 29 4988592 15
[14:42:09]	[Send]	suctl 5442 1 4988603 3 5001722
[14:42:09]	[Recv]	ct 1 2073308 3 5001722 -1 -1 1114

[14:42:09]	[Recv]	eff 1 2073308 15

[14:42:09]	[Recv]	su 1 2073308 3 5001722 1114 7 11 4260 0 0 0 0 87595 0 0 0 9124

[14:42:09]	[Recv]	lev 99 0 99 0 2140719000 5991794 66980872 2 0 90 917705181 0

[14:42:09]	[Recv]	cond 2 4988592 0 0 15

[14:42:09]	[Recv]	sp 417094 1000000 3752 10000

[14:42:09]	[Send]	ptctl 5442 2 4988603 41 40 4988592 40 36 4988603 15
[14:42:09]	[Recv]	cond 1 2073308 0 0 18

[14:42:09]	[Recv]	cond 1 2073308 0 0 18

[14:42:10]	[Recv]	sr 0

[14:42:10]	[Recv]	cond 2 4988603 0 0 15

[14:42:10]	[Recv]	cond 2 4988592 0 0 15

[14:42:10]	[Send]	ncif 3 5001727
[14:42:10]	[Recv]	st 3 5001727 96 0 100 100 9124 2670 9124 2670 0

[14:42:10]	[Send]	u_s 0 3 5001727
[14:42:10]	[Send]	ptctl 5442 1 4988592 40 29 4988592 15
[14:42:10]	[Recv]	cond 1 2073308 0 0 18

[14:42:10]	[Recv]	cond 1 2073308 0 0 18

[14:42:10]	[Recv]	ct 1 2073308 3 5001727 -1 -1 1114

[14:42:10]	[Recv]	eff 1 2073308 15

[14:42:10]	[Recv]	su 1 2073308 3 5001727 1114 7 11 4260 0 0 0 0 262300 3 0 0 9124

[14:42:10]	[Recv]	lev 99 0 99 0 2140719000 5991794 66980872 2 0 90 917705181 0

[14:42:10]	[Recv]	cond 2 4988592 0 0 15

[14:42:10]	[Send]	ptctl 5442 1 4988603 41 37 4988603 15
[14:42:10]	[Recv]	st 2 5001496 92 0 100 100 91620 183240 91620 183240 0

[14:42:10]	[Recv]	cond 2 4988603 0 0 15

[14:42:10]	[Send]	ptctl 5442 2 4988603 41 44 4988592 40 36 4988603 15
[14:42:11]	[Recv]	cond 1 2073308 0 0 18

[14:42:11]	[Recv]	cond 1 2073308 0 0 18

[14:42:11]	[Recv]	cond 2 4988603 0 0 15

[14:42:11]	[Recv]	cond 2 4988592 0 0 15

[14:42:11]	[Send]	ptctl 5442 2 4988603 40 46 4988592 40 37 4988603 15
[14:42:11]	[Recv]	sr 0

[14:42:11]	[Recv]	cond 2 4988603 0 0 15

[14:42:11]	[Recv]	cond 2 4988592 0 0 15

[14:42:11]	[Send]	ptctl 5442 2 4988603 41 48 4988592 40 40 4988603 15
[14:42:11]	[Recv]	cond 1 2073308 0 0 18

[14:42:11]	[Recv]	cond 1 2073308 0 0 18

[14:42:11]	[Recv]	cond 2 4988603 0 0 15

[14:42:11]	[Recv]	cond 2 4988592 0 0 15

[14:42:12]	[Send]	ptctl 5442 2 4988603 41 49 4988592 40 43 4988603 15
[14:42:12]	[Recv]	cond 1 2073308 0 0 18

[14:42:12]	[Recv]	cond 1 2073308 0 0 18

[14:42:12]	[Recv]	cond 2 4988603 0 0 15

[14:42:12]	[Recv]	cond 2 4988592 0 0 15

[14:42:12]	[Send]	ptctl 5442 2 4988603 41 53 4988592 40 47 4988603 15
[14:42:12]	[Recv]	st 2 5001496 92 0 100 100 91620 183240 91620 183240 0

[14:42:12]	[Recv]	eff 2 5001496 7739

[14:42:12]	[Recv]	cond 1 2073308 0 0 18

[14:42:12]	[Recv]	cond 1 2073308 0 0 18

[14:42:13]	[Recv]	cond 2 4988603 0 0 15

[14:42:13]	[Recv]	cond 2 4988592 0 0 15

[14:42:13]	[Send]	ptctl 5442 2 4988603 42 54 4988592 40 49 4988603 15
[14:42:13]	[Recv]	cond 1 2073308 0 0 18

[14:42:13]	[Recv]	cond 1 2073308 0 0 18

[14:42:13]	[Recv]	cond 2 4988603 0 0 15

[14:42:13]	[Recv]	cond 2 4988592 0 0 15

[14:42:13]	[Recv]	sr 1

[14:42:13]	[Send]	ptctl 5442 1 4988592 40 53 4988592 15
[14:42:14]	[Recv]	cond 2 4988592 0 0 15

[14:42:14]	[Send]	glist 0 2
[14:42:14]	[Recv]	sp 417094 1000000 3742 10000

[14:42:14]	[Recv]	ginfo Sanguinarius Dante† 0 24 31073000 32210200 116 150 3 1 0 1 1 2 1 1 5kk^skladka/fees-^more^info^on^dc->^skladki/fees

[14:42:14]	[Recv]	st 2 5001496 92 0 100 100 91620 183240 91620 183240 0

[14:42:15]	[Send]	fhis_cts
[14:42:16]	[Recv]	ghis 0 12|9081|0 12|9092|1 12|9078|1 12|9017|1 12|9113|1 12|9114|1 12|9083|2 4|*Boss95*|1000|2 12|9080|2 12|9002|8 10|Ajna1|11 10|Sahasrara1|11 6|Sahasrara1|85|12 6|Ajna1|85|12 7|*Saito|8632|8|12 7|*Saito|8632|7|12 7|*Saito|8632|6|12 12|9086|13 7|*Saito|8632|5|13 4|Vistroo|200000|14 12|9099|14 6|Baduraa|88|14 12|9089|15 6|Sahasrara1|84|15 6|Ajna1|84|15 4|iCyberTwitch|2600000|17 12|9106|17 12|9101|17 4|Difsy*|13900000|17 4|ZielonyGroszek|17800000|18 12|9078|18 12|9104|18 4|Mortanciia|2000000|18 6|Sahasrara1|83|18 4|vladzio|38200000|18 4|Danioooo|52600000|19 12|9102|19 1|Kamzzyy|sskkrrtt|19 12|9105|19 12|9103|21 4|Xenover†ed|1700000|22 1|Gang404†||22 4|Zoro1|7800000|23 12|9113|23 12|9114|23 7|ADuckOnQuack|8523|15|24 7|ADuckOnQuack|8523|14|24 12|9083|24 7|ADuckOnQuack|8523|13|24 7|ADuckOnQuack|8523|12|24

[14:42:16]	[Recv]	ghis 7|ADuckOnQuack|8523|11|24 7|ADuckOnQuack|8523|10|24 7|ADuckOnQuack|8523|9|24 12|9084|24 7|ADuckOnQuack|8523|8|24 12|9075|24 12|9006|24 2|2|24 12|9087|24 12|9014|24 12|9080|24 12|9090|24 1|BIOTRICKM|Ayquerico|24 1|$@M@Nt@|HOLASOYSAMMYSAN|24 1|~DonNxTSimon|Czaswbicc80|24 11|SugmaDeek|$@M@Nt@|24 2|3|24 14|Baduraa|30|24 6|Baduraa|87|24 12|9017|24 11|SugmaDeek|*Boss95*|24 12|9109|24 4|SugmaDeek|3300000|24 14|SugmaDeek|90|24 12|9146|24 2|1|24 12|9004|24 12|9075|24 2|1|24 12|9095|24 12|9091|24 12|9111|24 4|Joey|13200000|24 12|9110|24 4|Danioooo|52500000|24 12|9099|24 4|BomboKoko|50000|24 1|Holy_Diver|***VoooDo***nup|24 1|Wild_Deeper|***VoooDo***nup|24 11|SugmaDeek|Wild_Deeper|24 11|SugmaDeek|Holy_Diver|24 4|Geff|1300000|24 1|Kamzzyy|tatadfd|24 12|9083|24 12|9097|24 6|Ajna1|83|48 12|9108|48 1|#Rey#|7|48 12|9107|48 6|Sahasrara1|82|48

[14:42:16]	[Recv]	ghis 6|Ajna1|82|48 1|Vejn||48 12|9085|48 4|ZielonyGroszek|17700000|48 1|Gang404†||48 12|9080|48 12|9093|48 12|9105|48 12|9078|48 4|vladzio|38100000|48 12|9106|48 12|9114|48 12|9076|48 12|9006|48 2|2|48 12|9089|48 4|boss95Ban|12100000|48 4|Elixy~|900000|48 4|Luzia*|2000000|48 12|9113|48 6|Sahasrara1|81|48 6|Ajna1|81|48 6|Sahasrara1|80|48 4|Shvindell|1000|48 12|9083|48 12|9090|48 2|4|48 12|9080|48 4|Zoro1|7700000|48 4|‡Ejzi‡|2100000|48 12|9146|48 2|2|48 4|Danioooo|52400000|48 2|2|48 12|9098|48 4|Xenover†ed|1600000|48 12|9106|48 4|Querro|7000000|48 12|9105|48 6|Ajna1|80|48 4|Zoro1|7600000|48 12|9100|48 12|9078|48 12|9094|48 12|9089|72 12|9076|72 12|9075|72 12|9006|72 2|2|72 12|9017|72

[14:42:16]	[Recv]	ghis 12|9114|72 12|9113|72 12|9089|72 7|Mortanciia|905|8|72 12|9087|72 4|Danioooo|52300000|72 12|9099|72 4|Freszh3|3700000|72 12|9104|72 4|SugmaDeek|3200000|72 12|9106|72 12|9105|72 4|Mortanciia|1900000|72 12|9090|72 4|Kamzzyy|1000|72 12|9080|72 1|Kamzzyy|senkrol|72 12|9081|72 12|9092|96 12|9086|96 12|9013|96 12|9083|96 4|BomboKoko|10000|96 4|Vistrooo|1200000|96 12|9008|96 4|vladzio|38000000|96 12|9114|96 12|9113|96 10|HexenBiest_dd|96 10|chiquitititito|96 7|ADuckOnQuack|8647|7|96 7|ADuckOnQuack|8647|6|96 7|ADuckOnQuack|8647|5|96 14|Todoroki™|90|96 4|Sahasrara1|1000|96 6|Sahasrara1|70|96 4|Ajna1|1000|96 6|Ajna1|70|96 12|9087|96 12|9080|96 10|>LiGhTSwOrD<|96 1|OlafMaltanczyk|PiesFresza|96 11|‡Ejzi‡|OlafMaltanczyk|96 12|9103|96 4|xFreshy00|9500000|96 11|‡Ejzi‡|Freszh1|96 4|ZielonyGroszek|17600000|96 12|9078|96 2|1|96 11|‡Ejzi‡|Fresz16|96

[14:42:16]	[Recv]	st 2 5001496 92 0 100 100 91620 183240 91620 183240 0

[14:42:16]	[Recv]	sr 13

[14:42:17]	[Send]	glist 0 0
[14:42:17]	[Recv]	gmbr 0 6291774|24033018|Dante†|99|2|0|9|0|90|24 6623637|24030120|•Asbestos•|99|2|1|0|0|90|6 5527355|24111119|SugmaDeek|99|3|1|0|0|90|0 6535970|24101614|·Meriggiare·|99|2|2|0|0|90|96 7627166|24102222|SquaDuck|1|0|2|0|0|0|1104 7034868|25030421|Gaslighting|99|3|2|0|0|80|0 6511840|25052618|Brechacz|99|3|2|0|0|90|0 6680510|25052618|‡Ejzi‡|99|2|2|0|0|90|0 6829335|24071618|Difsy*|99|2|2|0|0|90|4 6313441|21022210|Danioooo|99|1|2|0|0|90|4 5664515|24010519|Vixerin|99|2|2|0|0|90|5 6831671|24060116|•SiymiYaya•|99|1|2|0|0|90|24 6916428|24101818|#MissGreen|80|3|3|0|0|0|576 6690923|25042212|DonNup4|85|3|3|0|0|10|0 2883024|25042920|BIOTRICKM|99|3|3|0|1|90|0 5601686|24053018|ZielonyGroszek|99|3|3|0|0|90|5 7174237|25021512|JanTataDwayna|92|2|3|0|0|32|24 6602303|24063015|DonDibolo|99|1|3|0|0|90|0 6546734|25061213|chodzi|85|2|3|0|0|10|0 6792036|24122023|fick112|81|4|3|0|0|0|576 6470399|24090922|Joey|99|2|3|0|0|90|0 5255948|24082317|Zoro1|99|1|3|0|0|90|0 6552036|24063021|Laevateinn|99|4|3|0|0|86|0 6431564|24033018|LuLoski|99|3|3|0|0|80|24 7185809|24052821|†Madkus†|99|2|3|0|0|80|120 3881143|24072115|boss95Ban|99|2|3|0|1|90|0 7743304|25052015|Bluelaa|65|3|3|0|0|0|336 7585246|24100517|MyPapaja|99|1|3|0|0|90|120 7832760|25062917|Holy_Diver|67|3|3|0|0|0|24 4553465|25042821|Siusiu-Majtek|99|3|3|0|0|90|0 7173785|24120320|DwayneSynJana|99|1|3|0|0|65|24 7023267|24110722|xFreshy00|99|3|3|0|0|90|12 6959399|24121121|*Albedo*|95|1|3|0|0|57|2 6916621|24072116|kakashuicd|81|4|3|0|0|0|576 7149018|24072915|-Hëllboy-|99|1|3|0|0|83|240 6730315|25052619|Cineek|92|2|3|0|0|28|48 6751264|24092917|-Jutuber99_|99|3|3|0|0|80|168 6691442|24090920|Shinti|99|2|3|0|0|80|1848 3122760|25052619|Geff|99|3|3|0|0|90|0 6571268|24101622|ZielonyJunior|80|2|3|0|0|0|576 7100804|25040820|Quesa†|99|2|3|0|0|86|168 7118192|25040820|Schlawg|99|2|3|0|0|86|168 613441|24101621|ADuckOnQuack|99|3|3|0|1|90|0 7741972|25052015|MagnaVixen|82|3|3|0|0|0|3 2073308|25050420|#Rey#|99|2|3|0|1|90|0 6989210|25041421|Goldberg~|99|1|3|0|0|90|432 6411149|24110918|Querro|99|1|3|0|0|81|24 4463131|24100422|•Nives•|99|1|3|0|1|90|3 6210849|24111422|Skeejt|99|2|3|0|0|90|0 7741968|25052015|Morticoon|65|1|3|0|0|0|192 6542041|24111120|Kodzirro531|99|2|3|0|0|89|14 7698367|25060119|oOJcxX|99|3|3|0|0|83|72 6916933|24102117|#MisterGreen|80|1|3|0|0|0|576 6979832|25021319|†Savage†|99|2|3|0|0|90|3 6991685|25051816|T0bi_|99|3|3|0|0|74|24 5653221|24111818|Aleida|99|3|3|0|1|90|1 2903185|25050509|_*Lyon*_|99|1|3|0|1|86|0 1607199|25051416|†Kuroyami†|99|1|3|0|0|90|48 6814214|25021622|-Sharkoon|99|3|3|0|0|80|1344 6981254|25060119|C7-Mike|99|1|3|0|0|83|8 7076740|25041812|Vejn|99|2|3|0|1|85|0 7652060|25030111|iCyberTwitch|99|2|3|0|0|90|4 6888242|25050120|~Alexy~|99|3|3|0|0|85|552 6831142|24122420|LaskaWanilii|92|2|3|0|0|37|24 4359700|25060320|Xenover†ed|99|2|3|0|1|90|0 1702927|25032612|Ariteus|90|1|3|0|0|34|72 7147719|25042020|Mortanciia|99|3|3|0|0|90|0 6867698|25021117|Luzia*|99|1|3|0|0|88|4 7148449|25042916|Elixy~|99|3|3|0|0|80|4 7699888|25061914|YuraczWoj|65|1|3|0|0|0|240 7040771|25031919|Linphea‹33|99|2|3|0|1|90|0 7044453|25061408|Freszh12|77|1|3|0|0|0|96 7744807|25052622|Frogson|56|2|3|0|0|0|624 5637237|25030121|AntoniBanderas|93|1|3|0|0|35|1560 7742210|25052015|Zyral|81|3|3|0|0|0|3 7832758|25062917|Wild_Deeper|67|2|3|0|0|0|24 7750227|25060617|Jolasiaa|65|1|3|0|0|0|216 7374429|25042916|Opcar1|96|1|3|0|0|60|6 7768432|25062518|*Saito|99|3|3|0|0|90|0 7732837|25051120|Otzii|88|2|3|0|0|10|24 6801494|25052619|M4ch0ny~|99|3|3|0|0|81|0 7742198|25052015|MaliceBorn|65|3|3|0|0|0|192 6973700|25041519|Douv|99|1|3|0|1|90|0 7149833|25061418|Vistrooo|99|2|3|0|1|90|0 1666189|25040820|Punita|99|1|3|0|0|86|168 7118193|25040820|Mongche|99|1|3|0|0|85|168 7750225|25060617|Baduraa|88|2|3|0|0|30|0 5587436|25061722|Olvido|99|3|3|0|0|90|0 6659718|24120519|OneLastOra|98|4|3|0|0|60|24 5635569|20020708|vladzio|99|2|3|1|1|90|0 7699916|25061914|YuraczMagik|65|3|3|0|0|0|240 7032842|24120716|Freszh3|99|1|3|0|0|88|12 7716244|25052015|Mort-01|81|1|3|0|0|0|3 7075973|25061912|~•ToXi•~|99|1|3|0|0|80|96 6625610|25050116|-Umi-|99|2|3|0|0|60|48 5650090|24081320|Yoru_Sutoka|99|4|3|0|0|90|0 6697986|25051220|Danio|91|2|3|0|0|32|7 7776242|25062417|Vistroo|99|1|3|0|1|90|2 7798973|25062417|***VoooDo***|99|2|3|0|0|80|12 7822356|25062417|TwisT®|99|2|3|0|0|80|0

[14:42:17]	[Recv]	gmbr 7806742|25062417|Shieldynskeee|99|2|3|0|0|80|72 7782734|25062418|Todoroki™|99|2|3|0|0|90|10 7809214|25062420|MuodySarmata|99|2|3|0|0|80|0 7761691|25062421|Shvindell|99|3|3|0|0|83|0 7761498|25062421|Gang404†|99|2|3|0|1|90|0 7798613|25062423|Kamzzyy|99|1|3|0|0|80|0 7778313|25062500|~DonNxTSimon|99|1|3|0|0|78|0 7780419|25062520|†Makus†|99|2|3|0|0|80|120 7821359|25062621|BomboKoko|99|2|3|0|1|80|2 7770142|25062522|Daikenji|99|1|3|0|0|89|48 7759765|25062613|SlotkaMiotk@|99|3|3|0|1|80|24 4038466|25062921|*Boss95*|99|3|3|0|1|82|0 7672072|25062621|Fresz16|85|3|3|0|0|10|96 7032833|25062622|Freszh1|95|3|3|0|0|58|12 7344010|25062623|OlafMaltanczyk|93|2|3|0|0|60|96 2373342|25063000|$@M@Nt@|99|1|3|0|0|84|0

[14:42:17]	[Recv]	gmsg 6291774|CelnyDzban 6623637|japierdole 5527355| 6535970|SIUUUUUUUUUUUUUUUUUUUUUUUU 7627166|Skladki/Fees 7034868|ez 6511840|HiHi... 6680510|SkunMarichunadobredzinsy 6829335|dailykirocarnohc^^ 6313441| 5664515|. 6831671|Kindernup 6916428| 6690923| 2883024|Ayquerico 5601686| 7174237|DanteAlt 6602303|Aznaszlegendeoniemymmichalku? 6546734|DonDiboloNup 6792036| 6470399| 5255948| 6552036| 6431564|DanteAlt 7185809|ifelllikearockstar 3881143|C: 7743304|mortnup 7585246| 7832760|***VoooDo***nup 4553465|NupZoro1 7173785|Dante 7023267|s 6959399|aleidag 6916621|NupSiusiu-Majtek 7149018| 6730315|EjziNupGoldziarz 6751264| 6691442| 3122760| 6571268|NUPZoro1 7100804| 7118192| 613441|canwechangetoangelside? 7741972|mortnup 2073308|7 6989210|CocoJamboo 6411149|Dantealt 4463131| 6210849|:DDD 7741968|MortNup 6542041| 7698367|LFClol80daily-1person 6916933| 6979832|<--Jony 6991685|TustySzpek;D 5653221|obudzilemsiewpenthousie 2903185| 1607199| 6814214|AchctephotosdepieddeZénas!Mpmoi 6981254|231 7076740| 7652060|HakunaMatata 6888242| 6831142|KindDeeralt 4359700| 1702927|Difsy*alt 7147719| 6867698|dailykirocarnohc^^ 7148449|dailykirocarnohc^^ 7699888|exposutek 7040771| 7044453| 7744807|Kinderalt 5637237| 7742210|MortNup 7832758|***VoooDo***nup 7750227|aleidnup 7374429|altdifsy 7768432|ALTSKEJTA 7732837|top1c10 6801494| 7742198|mortnup 6973700|PSGC'ESTLALDC 7149833|https://www.twitch.tv/vistroooprimedlawidzaaok 1666189|quesaalt 7118193|schlawgalt 7750225|aleidnup 5587436| 6659718|Dante 5635569|idoprzodu 7699916|exposutek 7032842|BratFresza 7716244|Mortnup 7075973|C80+LOLACTIVE 6625610| 5650090| 6697986| 7776242|BratVistro 7798973| 7822356|

[14:42:17]	[Recv]	gmsg 7806742| 7782734| 7809214| 7761691| 7761498| 7798613|sskkrrtt 7778313|Czaswbicc80 7780419| 7821359| 7770142| 7759765| 4038466| 7672072| 7032833| 7344010|PiesFresza 2373342|HOLASOYSAMMYSAN

[14:42:17]	[Recv]	gexp 6291774|23868032 6623637|38913656 5527355|3343425 6535970|7669680 7627166|0 7034868|1419027 6511840|1064903 6680510|2101429 6829335|13968490 6313441|52686527 5664515|29760924 6831671|17434495 6916428|44400 6690923|800 2883024|1373306 5601686|17813092 7174237|85200 6602303|1868301 6546734|200 6792036|5800 6470399|13265200 5255948|7820160 6552036|3577590 6431564|5357200 7185809|796119 3881143|12101453 7743304|1600 7585246|1420730 7832760|0 4553465|26633 7173785|2030600 7023267|9568000 6959399|53800 6916621|20600 7149018|4761055 6730315|200 6751264|2585472 6691442|104800 3122760|1327845 6571268|43800 7100804|200 7118192|200 613441|2998091 7741972|3200 2073308|2143849 6989210|787200 6411149|7016800 4463131|3757446 6210849|6788200 7741968|1600 6542041|1674600 7698367|660503 6916933|44200 6979832|7157180 6991685|1127071 5653221|9086394 2903185|34400 1607199|416700 6814214|4944252 6981254|893500 7076740|147600 7652060|2609655 6888242|39000 6831142|356200 4359700|1766558 1702927|1000 7147719|2025373 6867698|2092200 7148449|940200 7699888|1400 7040771|1196338 7044453|0 7744807|1200 5637237|400 7742210|3400 7832758|0 7750227|3200 7374429|114000 7768432|12000 7732837|7239 6801494|9030 7742198|3800 6973700|832292 7149833|1295275 1666189|0 7118193|200 7750225|3200 5587436|359000 6659718|788400 5635569|38257810 7699916|1400 7032842|3709000 7716244|3600 7075973|0 6625610|134271 5650090|10741251 6697986|488800 7776242|207503 7798973|300 7822356|139800 7806742|0 7782734|23000 7809214|398 7761691|2000 7761498|329 7798613|3600 7778313|200 7780419|0 7821359|90400 7770142|41200 7759765|6000 4038466|1200 7672072|0 7032833|600 7344010|0 2373342|200

[14:42:17]	[Recv]	eff 2 5001496 7739

[14:42:18]	[Recv]	st 2 5001496 92 0 100 100 91620 183240 91620 183240 0

[14:42:19]	[Recv]	sp 417094 1000000 3732 10000

[14:42:20]	[Recv]	st 2 5001496 92 0 100 100 91620 183240 91620 183240 0

[14:42:22]	[Recv]	st 2 5001496 92 0 100 100 91620 183240 91620 183240 0

[14:42:22]	[Recv]	eff 2 5001496 7739

[14:42:23]	[Recv]	msgi2 0 905 14 Protaros 2514 

[14:42:24]	[Recv]	sp 417094 1000000 3722 10000

[14:42:24]	[Recv]	st 2 5001496 92 0 100 100 91620 183240 91620 183240 0

[14:42:26]	[Recv]	msgi 1 363 9 362 10 35 55

[14:42:26]	[Recv]	st 2 5001496 92 0 100 100 91620 183240 91620 183240 0

[14:42:27]	[Recv]	scp 0
[14:42:27]	[Recv]	sp 417094 1000000 3718 10000

[14:42:27]	[Recv]	eff 2 5001496 7739

[14:42:28]	[Recv]	st 2 5001496 92 0 100 100 91620 183240 91620 183240 0

[14:42:30]	[Recv]	in 3 716 5001769 6 40 1 100 100 0 0 0 -1 0 0 -1 - 0 -1 0 0 0 0 0 0 0 0 0 0 0 0

[14:42:30]	[Recv]	msgi 0 679 0 0 0 0 0

[14:42:30]	[Recv]	in 3 716 5001770 7 40 4 100 100 0 0 0 -1 0 0 -1 - 0 -1 0 0 0 0 0 0 0 0 0 0 0 0

[14:42:30]	[Recv]	msgi 0 679 0 0 0 0 0

[14:42:30]	[Recv]	in 3 706 5001771 38 7 2 100 100 0 0 0 -1 0 0 -1 - 0 -1 0 0 0 0 0 0 0 0 0 0 0 0

[14:42:30]	[Recv]	msgi 0 679 0 0 0 0 0

[14:42:30]	[Recv]	in 3 706 5001772 39 7 7 100 100 0 0 0 -1 0 0 -1 - 0 -1 0 0 0 0 0 0 0 0 0 0 0 0

[14:42:30]	[Recv]	msgi 0 679 0 0 0 0 0

[14:42:30]	[Recv]	in 3 691 5001773 40 6 1 100 100 0 0 0 -1 0 0 -1 - 0 -1 0 0 0 0 0 0 0 0 0 0 0 0

[14:42:30]	[Recv]	msgi 0 679 0 0 0 0 0

[14:42:30]	[Recv]	in 3 706 5001774 41 7 7 100 100 0 0 0 -1 0 0 -1 - 0 -1 0 0 0 0 0 0 0 0 0 0 0 0

[14:42:30]	[Recv]	msgi 0 679 0 0 0 0 0

[14:42:30]	[Recv]	in 3 775 5001775 42 5 4 100 100 0 0 0 -1 0 0 -1 - 0 -1 0 0 0 0 0 0 0 0 0 0 0 0

[14:42:30]	[Recv]	msgi 0 679 0 0 0 0 0

[14:42:30]	[Recv]	in 3 706 5001776 43 7 5 100 100 0 0 0 -1 0 0 -1 - 0 -1 0 0 0 0 0 0 0 0 0 0 0 0

[14:42:30]	[Recv]	msgi 0 679 0 0 0 0 0

[14:42:30]	[Recv]	in 3 706 5001777 45 7 3 100 100 0 0 0 -1 0 0 -1 - 0 -1 0 0 0 0 0 0 0 0 0 0 0 0

[14:42:30]	[Recv]	msgi 0 679 0 0 0 0 0

[14:42:30]	[Recv]	in 3 716 5001778 72 41 7 100 100 0 0 0 -1 0 0 -1 - 0 -1 0 0 0 0 0 0 0 0 0 0 0 0

[14:42:30]	[Recv]	msgi 0 679 0 0 0 0 0

[14:42:30]	[Recv]	in 3 716 5001779 73 41 4 100 100 0 0 0 -1 0 0 -1 - 0 -1 0 0 0 0 0 0 0 0 0 0 0 0

[14:42:30]	[Recv]	msgi 0 679 0 0 0 0 0

[14:42:30]	[Recv]	eff 3 5001779 5000

[14:42:30]	[Recv]	eff 3 5001777 5000

[14:42:30]	[Recv]	eff 3 5001776 5000

[14:42:30]	[Recv]	eff 3 5001774 5000

[14:42:30]	[Recv]	eff 3 5001772 5000

[14:42:30]	[Recv]	eff 3 5001770 5000

[14:42:30]	[Recv]	st 2 5001496 92 0 100 100 91620 183240 91620 183240 0

[14:42:30]	[Recv]	sr 5

[14:42:32]	[Recv]	st 2 5001496 92 0 100 100 91620 183240 91620 183240 0

[14:42:32]	[Recv]	eff 2 5001496 7739

[14:42:33]	[Send]	pulse 2880 0
[14:42:33]	[Recv]	umi 5060.341 5676.-1 5797.-1 13459.-2

[14:42:33]	[Send]	ptctl 5442 2 4988603 37 54 4988592 35 53 4988603 15
[14:42:34]	[Recv]	cond 1 2073308 0 0 18

[14:42:34]	[Recv]	cond 1 2073308 0 0 18

[14:42:34]	[Recv]	cond 2 4988603 0 0 15

[14:42:34]	[Recv]	cond 2 4988592 0 0 15

[14:42:34]	[Send]	ptctl 5442 2 4988603 38 49 4988592 36 48 4988603 15
[14:42:34]	[Recv]	cond 1 2073308 0 0 18

[14:42:34]	[Recv]	cond 1 2073308 0 0 18

[14:42:34]	[Recv]	cond 2 4988603 0 0 15

[14:42:34]	[Recv]	cond 2 4988592 0 0 15

[14:42:34]	[Send]	ptctl 5442 2 4988603 38 48 4988592 36 47 4988603 15
[14:42:34]	[Recv]	st 2 5001496 92 0 100 100 91620 183240 91620 183240 0

[14:42:34]	[Recv]	cond 1 2073308 0 0 18

[14:42:34]	[Recv]	cond 1 2073308 0 0 18

[14:42:34]	[Recv]	cond 2 4988603 0 0 15

[14:42:34]	[Recv]	cond 2 4988592 0 0 15

[14:42:35]	[Recv]	cond 1 2073308 0 0 18

[14:42:35]	[Recv]	cond 1 2073308 0 0 18

[14:42:35]	[Send]	ptctl 5442 2 4988603 38 45 4988592 36 44 4988603 15
[14:42:35]	[Recv]	cond 1 2073308 0 0 18

[14:42:35]	[Recv]	cond 1 2073308 0 0 18

[14:42:35]	[Recv]	cond 2 4988603 0 0 15

[14:42:35]	[Recv]	cond 2 4988592 0 0 15

[14:42:35]	[Send]	ptctl 5442 2 4988603 38 42 4988592 36 41 4988603 15
[14:42:35]	[Recv]	cond 1 2073308 0 0 18

[14:42:35]	[Recv]	cond 1 2073308 0 0 18

[14:42:35]	[Recv]	cond 2 4988603 0 0 15

[14:42:35]	[Recv]	cond 2 4988592 0 0 15

[14:42:35]	[Send]	ptctl 5442 2 4988603 38 41 4988592 36 40 4988603 15
[14:42:36]	[Recv]	cond 1 2073308 0 0 18

[14:42:36]	[Recv]	cond 1 2073308 0 0 18

[14:42:36]	[Recv]	cond 2 4988603 0 0 15

[14:42:36]	[Recv]	cond 2 4988592 0 0 15

[14:42:36]	[Send]	ptctl 5442 2 4988603 38 38 4988592 36 37 4988603 15
[14:42:36]	[Recv]	cond 1 2073308 0 0 18

[14:42:36]	[Recv]	cond 1 2073308 0 0 18

[14:42:36]	[Recv]	cond 2 4988603 0 0 15

[14:42:36]	[Recv]	cond 2 4988592 0 0 15

[14:42:36]	[Recv]	msgi 1 364 0 0 0 0 0

[14:42:36]	[Send]	ptctl 5442 2 4988603 38 36 4988592 36 35 4988603 15
[14:42:36]	[Recv]	st 2 5001496 92 0 100 100 91620 183240 91620 183240 0

[14:42:36]	[Recv]	cond 1 2073308 0 0 18

[14:42:36]	[Recv]	cond 1 2073308 0 0 18

[14:42:36]	[Recv]	cond 2 4988603 0 0 15

[14:42:36]	[Recv]	cond 2 4988592 0 0 15

[14:42:37]	[Send]	ncif 3 5001774
[14:42:37]	[Send]	ptctl 5442 1 4988592 36 32 4988592 15
[14:42:37]	[Send]	u_s 1 3 5001774
[14:42:37]	[Recv]	st 3 5001774 96 0 100 100 9124 2670 9124 2670 0

[14:42:37]	[Recv]	cond 2 4988592 0 0 15

[14:42:37]	[Recv]	cond 1 2073308 0 0 18

[14:42:37]	[Recv]	cond 1 2073308 0 0 18

[14:42:37]	[Recv]	ms_c 0

[14:42:37]	[Recv]	qslot 0 1.1.1 1.1.2 1.1.3 1.1.4 1.1.5 1.1.6 1.1.7 1.1.9 1.1.8 1.1.10 0.1.45 0.2.21 0.1.76 1.1.38 1.3.12 0.1.34 0.1.87 0.-1.-1 0.1.84 0.1.43 1.3.11 1.1.42 1.1.41 1.3.976 0.-1.-1 0.1.70 0.2.143 0.2.25 0.2.27 0.2.26

[14:42:37]	[Recv]	qslot 1 0.-1.-1 0.-1.-1 0.-1.-1 0.-1.-1 0.-1.-1 0.-1.-1 0.-1.-1 0.-1.-1 0.-1.-1 0.-1.-1 0.1.-1 0.1.-1 1.1.41 1.1.42 0.-1.-1 7.7.-1 7.7.-1 7.7.-1 7.7.-1 0.-1.-1 0.-1.-1 0.-1.-1 0.-1.-1 0.-1.-1 0.-1.-1 0.-1.-1 0.-1.-1 0.-1.-1 0.-1.-1 0.-1.-1

[14:42:37]	[Send]	ncif 3 5001773
[14:42:37]	[Recv]	ct 1 2073308 3 5001774 14 4263 1115

[14:42:37]	[Send]	ptctl 5442 1 4988603 38 31 4988603 15
[14:42:37]	[Recv]	st 3 5001773 96 0 100 100 86983 2670 86983 2670 0

[14:42:37]	[Recv]	eff 2 5001496 7739

[14:42:37]	[Recv]	cond 2 4988603 0 0 15

[14:42:37]	[Recv]	su 1 2073308 3 5001774 1115 70 12 4264 0 0 0 0 105079 3 0 0 9124

[14:42:37]	[Recv]	in 3 2371 5001951 41 30 2 100 100 0 0 0 -1 0 0 -1 - 0 -1 0 0 0 0 0 0 0 0 0 0 0 0

[14:42:37]	[Recv]	guri 31 1 2073308 41 30

[14:42:37]	[Recv]	lev 99 0 99 0 2140719000 5991794 66980872 2 0 90 917705181 0

[14:42:37]	[Recv]	su 1 2073308 3 5001777 1115 70 12 4264 0 0 0 0 108363 6 0 0 9124

[14:42:37]	[Recv]	lev 99 0 99 0 2140719000 5991794 66980872 2 0 90 917705181 0

[14:42:37]	[Recv]	eff 1 2073308 15

[14:42:37]	[Recv]	su 1 2073308 3 5001773 1115 70 12 4264 0 0 0 0 216300 6 0 0 86983

[14:42:37]	[Recv]	lev 99 0 99 0 2140719000 5991794 66980872 2 0 90 917705181 0

[14:42:37]	[Recv]	mslot 1127 -1

[14:42:37]	[Recv]	qset 0 0 1.1.13.0

[14:42:37]	[Recv]	cond 1 2073308 0 0 18

[14:42:37]	[Recv]	bf 1 2073308 0.4254.80 99

[14:42:37]	[Recv]	sayi 1 2073308 20 26 3 4254 0 0 0

[14:42:37]	[Recv]	sayi 1 2073308 20 23 3 4254 0 0 0

[14:42:38]	[Send]	ptctl 5442 2 4988592 36 27 4988603 38 32 4988592 15
[14:42:38]	[Send]	suctl 5442 1 4988603 3 5001773
[14:42:38]	[Recv]	cond 2 4988592 0 0 15

[14:42:38]	[Recv]	cond 2 4988603 0 0 15

[14:42:38]	[Send]	ptctl 5442 2 4988603 38 37 4988592 36 35 4988603 15
[14:42:38]	[Recv]	cond 1 2073308 0 0 18

[14:42:38]	[Recv]	cond 1 2073308 0 0 18

[14:42:38]	[Recv]	scp 1
[14:42:38]	[Recv]	cond 2 4988603 0 0 15

[14:42:38]	[Recv]	cond 2 4988592 0 0 15

[14:42:38]	[Send]	ptctl 5442 2 4988603 38 38 4988592 36 36 4988603 15
[14:42:38]	[Recv]	cond 1 2073308 0 0 18

[14:42:38]	[Recv]	cond 1 2073308 0 0 18

[14:42:38]	[Send]	ptctl 5442 2 4988603 38 39 4988592 36 37 4988603 15
[14:42:38]	[Recv]	die 3 5001951 3 5001951

[14:42:38]	[Recv]	st 2 5001496 92 0 100 100 91620 183240 91620 183240 0

[14:42:38]	[Recv]	cond 2 4988603 0 0 15

[14:42:38]	[Recv]	cond 2 4988592 0 0 15

[14:42:38]	[Recv]	cond 2 4988603 0 0 15

[14:42:38]	[Recv]	cond 2 4988592 0 0 15

[14:42:39]	[Send]	ncif 3 5001772
[14:42:39]	[Recv]	sp 417094 1000000 3714 10000

[14:42:39]	[Send]	ptctl 5442 2 4988603 39 35 4988592 36 33 4988603 15
[14:42:39]	[Recv]	st 3 5001772 96 0 100 100 9124 2670 9124 2670 0

[14:42:39]	[Send]	u_s 13 3 5001772
[14:42:39]	[Recv]	cond 2 4988603 0 0 15

[14:42:39]	[Recv]	cond 2 4988592 0 0 15

[14:42:39]	[Recv]	cond 1 2073308 0 0 18

[14:42:39]	[Recv]	cond 1 2073308 0 0 18

[14:42:40]	[Recv]	cond 1 2073308 0 0 18

[14:42:40]	[Recv]	cond 1 2073308 0 0 18

[14:42:40]	[Recv]	ms_c 0

[14:42:40]	[Recv]	qslot 0 1.1.1 1.1.2 1.1.3 1.1.4 1.1.5 1.1.6 1.1.7 1.1.9 1.1.8 1.1.10 0.1.45 0.2.21 0.1.76 1.1.38 1.3.12 0.1.34 0.1.87 0.-1.-1 0.1.84 0.1.43 1.3.11 1.1.42 1.1.41 1.3.976 0.-1.-1 0.1.70 0.2.143 0.2.25 0.2.27 0.2.26

[14:42:40]	[Recv]	qslot 1 0.-1.-1 0.-1.-1 0.-1.-1 0.-1.-1 0.-1.-1 0.-1.-1 0.-1.-1 0.-1.-1 0.-1.-1 0.-1.-1 0.1.-1 0.1.-1 1.1.41 1.1.42 0.-1.-1 7.7.-1 7.7.-1 7.7.-1 7.7.-1 0.-1.-1 0.-1.-1 0.-1.-1 0.-1.-1 0.-1.-1 0.-1.-1 0.-1.-1 0.-1.-1 0.-1.-1 0.-1.-1 0.-1.-1

[14:42:40]	[Recv]	ct 1 2073308 3 5001772 -1 -1 1127

[14:42:40]	[Recv]	eff 1 2073308 15

[14:42:40]	[Recv]	su 1 2073308 3 5001772 1127 100 22 4284 0 0 0 0 282403 3 0 0 9124

[14:42:40]	[Recv]	lev 99 0 99 0 2140719000 5991794 66980872 2 0 90 917705181 0

[14:42:40]	[Recv]	eff 1 2073308 15

[14:42:40]	[Recv]	su 1 2073308 3 5001771 1127 100 22 4284 0 0 0 0 286531 6 0 0 9124

[14:42:40]	[Recv]	lev 99 0 99 0 2140719000 5991794 66980872 2 0 90 917705181 0

[14:42:40]	[Recv]	cond 1 2073308 0 0 18

[14:42:40]	[Recv]	cond 1 2073308 0 0 18

[14:42:40]	[Send]	ptctl 5442 2 4988603 39 40 4988592 36 38 4988603 15
[14:42:40]	[Send]	ptctl 5442 1 4988592 36 39 4988592 15
[14:42:40]	[Recv]	cond 1 2073308 0 0 18

[14:42:40]	[Recv]	cond 1 2073308 0 0 18

[14:42:40]	[Recv]	st 2 5001496 92 0 100 100 91620 183240 91620 183240 0

[14:42:40]	[Recv]	cond 2 4988603 0 0 15

[14:42:40]	[Recv]	cond 2 4988592 0 0 15

[14:42:40]	[Send]	ptctl 5442 1 4988603 39 41 4988603 15
[14:42:40]	[Recv]	cond 2 4988592 0 0 15

[14:42:40]	[Send]	ptctl 5442 2 4988603 39 42 4988592 36 40 4988603 15
[14:42:40]	[Recv]	cond 1 2073308 0 0 18

[14:42:40]	[Recv]	cond 1 2073308 0 0 18

[14:42:41]	[Recv]	cond 2 4988603 0 0 15

[14:42:41]	[Send]	ptctl 5442 2 4988603 39 43 4988592 36 42 4988603 15
[14:42:41]	[Recv]	cond 1 2073308 0 0 18

[14:42:41]	[Recv]	cond 1 2073308 0 0 18

[14:42:41]	[Recv]	cond 2 4988603 0 0 15

[14:42:41]	[Recv]	cond 2 4988592 0 0 15

[14:42:41]	[Send]	ptctl 5442 2 4988603 39 44 4988592 36 43 4988603 15
[14:42:41]	[Recv]	cond 1 2073308 0 0 18

[14:42:41]	[Recv]	cond 1 2073308 0 0 18

[14:42:41]	[Recv]	cond 1 2073308 0 0 18

[14:42:41]	[Recv]	cond 1 2073308 0 0 18

[14:42:41]	[Recv]	cond 2 4988603 0 0 15

[14:42:41]	[Recv]	cond 2 4988592 0 0 15

[14:42:41]	[Send]	ptctl 5442 2 4988603 39 47 4988592 36 45 4988603 15
[14:42:41]	[Recv]	cond 1 2073308 0 0 18

[14:42:41]	[Recv]	cond 1 2073308 0 0 18

[14:42:41]	[Recv]	cond 2 4988603 0 0 15

[14:42:41]	[Recv]	cond 2 4988592 0 0 15

[14:42:41]	[Recv]	cond 1 2073308 0 0 18

[14:42:41]	[Recv]	cond 1 2073308 0 0 18

[14:42:42]	[Recv]	cond 2 4988603 0 0 15

[14:42:42]	[Recv]	cond 2 4988592 0 0 15

[14:42:42]	[Send]	ptctl 5442 2 4988603 37 50 4988592 35 49 4988603 15
[14:42:42]	[Send]	ptctl 5442 2 4988603 36 49 4988592 36 49 4988603 15
[14:42:42]	[Recv]	cond 1 2073308 0 0 18

[14:42:42]	[Recv]	cond 1 2073308 0 0 18

[14:42:42]	[Recv]	cond 2 4988603 0 0 15

[14:42:42]	[Recv]	cond 2 4988592 0 0 15

[14:42:42]	[Send]	ptctl 5442 2 4988603 34 46 4988592 32 49 4988603 15
[14:42:42]	[Recv]	cond 2 4988603 0 0 15

[14:42:42]	[Recv]	cond 2 4988592 0 0 15

[14:42:42]	[Recv]	cond 1 2073308 0 0 18

[14:42:42]	[Recv]	cond 1 2073308 0 0 18

[14:42:42]	[Recv]	st 2 5001496 92 0 100 100 91620 183240 91620 183240 0

[14:42:42]	[Recv]	eff 2 5001496 7739

[14:42:42]	[Recv]	cond 2 4988603 0 0 15

[14:42:42]	[Recv]	cond 2 4988592 0 0 15

[14:42:42]	[Recv]	cond 1 2073308 0 0 18

[14:42:42]	[Recv]	cond 1 2073308 0 0 18

[14:42:42]	[Send]	ncif 3 5001770
[14:42:43]	[Recv]	st 3 5001770 96 0 100 100 9124 2670 9124 2670 0

[14:42:43]	[Send]	ptctl 5442 1 4988592 28 48 4988592 15
[14:42:43]	[Recv]	cond 2 4988592 0 0 15

[14:42:43]	[Send]	ptctl 5442 1 4988603 30 50 4988603 15
[14:42:43]	[Send]	u_s 0 3 5001770
[14:42:43]	[Recv]	cond 2 4988603 0 0 15

[14:42:43]	[Recv]	ct 1 2073308 3 5001770 -1 -1 1114

[14:42:43]	[Recv]	su 1 2073308 3 5001770 1114 7 11 4260 0 0 1 100 0 4 0 9124 9124

[14:42:43]	[Send]	ptctl 5442 1 4988592 25 48 4988592 15
[14:42:43]	[Recv]	cond 2 4988592 0 0 15

[14:42:43]	[Send]	ptctl 5442 2 4988603 31 54 4988592 29 53 4988603 15
[14:42:43]	[Send]	ncif 3 5001770
[14:42:44]	[Recv]	cond 1 2073308 0 0 18

[14:42:44]	[Recv]	cond 1 2073308 0 0 18

[14:42:44]	[Send]	ptctl 5442 2 4988603 30 55 4988592 29 54 4988603 15
[14:42:44]	[Recv]	cond 2 4988603 0 0 15

[14:42:44]	[Recv]	cond 2 4988592 0 0 15

[14:42:44]	[Recv]	st 3 5001770 96 0 100 100 9124 2670 9124 2670 0

[14:42:44]	[Recv]	sr 0

[14:42:44]	[Recv]	cond 1 2073308 0 0 18

[14:42:44]	[Recv]	cond 1 2073308 0 0 18

[14:42:44]	[Send]	u_s 0 3 5001770
[14:42:44]	[Recv]	cond 2 4988603 0 0 15

[14:42:44]	[Recv]	cond 2 4988592 0 0 15

[14:42:44]	[Send]	ptctl 5442 1 4988592 24 52 4988592 15
[14:42:44]	[Recv]	sp 417094 1000000 3704 10000

[14:42:44]	[Recv]	cond 1 2073308 0 0 18

[14:42:44]	[Recv]	cond 1 2073308 0 0 18

[14:42:44]	[Send]	ptctl 5442 1 4988603 31 53 4988603 15
[14:42:44]	[Send]	suctl 5442 1 4988603 3 5001770
[14:42:44]	[Send]	ptctl 5442 1 4988592 23 52 4988592 15
[14:42:44]	[Recv]	st 2 5001496 92 0 100 100 91620 183240 91620 183240 0

[14:42:44]	[Recv]	ct 1 2073308 3 5001770 -1 -1 1114

[14:42:44]	[Recv]	eff 1 2073308 15

[14:42:44]	[Recv]	su 1 2073308 3 5001770 1114 7 11 4260 0 0 0 0 217644 3 0 0 9124

[14:42:44]	[Recv]	lev 99 0 99 0 2140719000 5991794 66980872 2 0 90 917705181 0

[14:42:44]	[Recv]	cond 2 4988592 0 0 15

[14:42:44]	[Recv]	sr 1

[14:42:44]	[Recv]	cond 2 4988603 0 0 15

[14:42:45]	[Send]	ptctl 5442 2 4988603 26 55 4988592 26 57 4988603 15
[14:42:45]	[Recv]	cond 2 4988592 0 0 15

[14:42:45]	[Recv]	eff 3 5001770 3617

[14:42:45]	[Recv]	cond 1 2073308 0 0 18

[14:42:45]	[Recv]	cond 1 2073308 0 0 18

[14:42:45]	[Send]	ncif 3 5001769
[14:42:45]	[Recv]	cond 2 4988603 0 0 15

[14:42:45]	[Recv]	cond 2 4988592 0 0 15

[14:42:45]	[Send]	ptctl 5442 1 4988592 22 55 4988592 15
[14:42:45]	[Recv]	st 3 5001769 96 0 100 100 9124 2670 9124 2670 0

[14:42:45]	[Send]	u_s 0 3 5001769
[14:42:45]	[Recv]	sr 0

[14:42:45]	[Recv]	cond 2 4988592 0 0 15

[14:42:45]	[Recv]	msgi 1 368 0 0 0 0 0

[14:42:45]	[Recv]	cond 1 2073308 0 0 18

[14:42:45]	[Recv]	cond 1 2073308 0 0 18

[14:42:45]	[Send]	ptctl 5442 2 4988603 31 55 4988592 30 55 4988603 15
[14:42:45]	[Recv]	ct 1 2073308 3 5001769 -1 -1 1114

[14:42:45]	[Recv]	su 1 2073308 3 5001769 1114 7 11 4260 0 0 0 0 30470 0 0 0 9124

[14:42:45]	[Recv]	in 3 2371 5002052 31 56 2 100 100 0 0 0 -1 0 0 -1 - 0 -1 0 0 0 0 0 0 0 0 0 0 0 0

[14:42:45]	[Recv]	guri 31 1 2073308 31 56

[14:42:45]	[Recv]	lev 99 0 99 0 2140719000 5991794 66980872 2 0 90 917705181 0

[14:42:45]	[Recv]	cond 1 2073308 0 0 18

[14:42:45]	[Recv]	sayi 1 2073308 20 22 3 4254 0 0 0

[14:42:45]	[Recv]	bf 1 2073308 0.4254.0 99

[14:42:45]	[Recv]	cond 2 4988603 0 0 15

[14:42:45]	[Recv]	cond 2 4988592 0 0 15

[14:42:45]	[Send]	ptctl 5442 1 4988592 31 55 4988592 15
[14:42:46]	[Recv]	cond 1 2073308 0 0 18

[14:42:46]	[Recv]	cond 1 2073308 0 0 18

[14:42:46]	[Send]	ptctl 5442 2 4988603 32 55 4988592 32 55 4988603 15
[14:42:46]	[Recv]	eff 3 5001769 3617

[14:42:46]	[Recv]	cond 2 4988592 0 0 15

[14:42:46]	[Send]	ptctl 5442 2 4988603 33 55 4988592 33 55 4988603 15
[14:42:46]	[Recv]	cond 1 2073308 0 0 18

[14:42:46]	[Recv]	cond 1 2073308 0 0 18

[14:42:46]	[Recv]	cond 2 4988603 0 0 15

[14:42:46]	[Recv]	cond 2 4988592 0 0 15

[14:42:46]	[Send]	ptctl 5442 2 4988603 34 55 4988592 34 55 4988603 15
[14:42:46]	[Recv]	sr 0

[14:42:46]	[Recv]	cond 2 4988603 0 0 15

[14:42:46]	[Recv]	cond 2 4988592 0 0 15

[14:42:46]	[Send]	ptctl 5442 2 4988603 35 55 4988592 35 55 4988603 15
[14:42:46]	[Recv]	eff 3 5001779 5000

[14:42:46]	[Recv]	eff 3 5001778 5000

[14:42:46]	[Recv]	eff 3 5001775 5000

[14:42:46]	[Recv]	cond 2 4988603 0 0 15

[14:42:46]	[Recv]	cond 2 4988592 0 0 15

[14:42:46]	[Recv]	cond 1 2073308 0 0 18

[14:42:46]	[Recv]	cond 1 2073308 0 0 18

[14:42:46]	[Recv]	die 3 5002052 3 5002052

[14:42:46]	[Recv]	st 2 5001496 92 0 100 100 91620 183240 91620 183240 0

[14:42:46]	[Recv]	cond 2 4988603 0 0 15

[14:42:46]	[Recv]	cond 2 4988592 0 0 15

[14:42:46]	[Send]	ptctl 5442 2 4988603 37 55 4988592 37 55 4988603 15
[14:42:46]	[Recv]	cond 1 2073308 0 0 18

[14:42:46]	[Recv]	cond 1 2073308 0 0 18

[14:42:47]	[Recv]	cond 2 4988603 0 0 15

[14:42:47]	[Recv]	cond 2 4988592 0 0 15

[14:42:47]	[Send]	ptctl 5442 2 4988603 38 55 4988592 38 55 4988603 15
[14:42:47]	[Recv]	cond 1 2073308 0 0 18

[14:42:47]	[Recv]	cond 1 2073308 0 0 18

[14:42:47]	[Recv]	cond 2 4988603 0 0 15

[14:42:47]	[Recv]	cond 2 4988592 0 0 15

[14:42:47]	[Send]	ptctl 5442 2 4988603 41 55 4988592 41 55 4988603 15
[14:42:47]	[Recv]	cond 1 2073308 0 0 18

[14:42:47]	[Recv]	cond 1 2073308 0 0 18

[14:42:47]	[Recv]	eff 2 5001496 7739

[14:42:47]	[Recv]	cond 2 4988603 0 0 15

[14:42:47]	[Recv]	cond 2 4988592 0 0 15

[14:42:48]	[Send]	ncif 3 5001779
[14:42:48]	[Send]	ptctl 5442 1 4988592 46 55 4988592 15
[14:42:48]	[Recv]	st 3 5001779 96 0 100 100 9124 2670 9124 2670 0

[14:42:48]	[Send]	ptctl 5442 1 4988603 46 55 4988603 15
[14:42:48]	[Recv]	cond 2 4988592 0 0 15

[14:42:48]	[Send]	u_s 0 3 5001779
[14:42:48]	[Recv]	cond 2 4988603 0 0 15

[14:42:48]	[Recv]	cond 1 2073308 0 0 18

[14:42:48]	[Recv]	cond 1 2073308 0 0 18

[14:42:48]	[Recv]	st 2 5001496 92 0 100 100 91620 183240 91620 183240 0

[14:42:48]	[Send]	ptctl 5442 1 4988592 49 55 4988592 15
[14:42:48]	[Recv]	ct 1 2073308 3 5001779 -1 -1 1114

[14:42:48]	[Recv]	su 1 2073308 3 5001779 1114 7 11 4260 0 0 0 0 60508 0 0 0 9124

[14:42:48]	[Recv]	lev 99 0 99 0 2140719000 5991794 66980872 2 0 90 917705181 0

[14:42:48]	[Recv]	cond 1 2073308 0 0 18

[14:42:48]	[Recv]	bf 1 2073308 0.4254.80 99

[14:42:48]	[Recv]	sayi 1 2073308 20 26 3 4254 0 0 0

[14:42:48]	[Recv]	sayi 1 2073308 20 23 3 4254 0 0 0

[14:42:48]	[Recv]	cond 1 2073308 0 0 18

[14:42:48]	[Recv]	cond 1 2073308 0 0 18

[14:42:49]	[Recv]	cond 2 4988592 0 0 15

[14:42:49]	[Send]	suctl 5442 1 4988603 3 5001779
[14:42:49]	[Recv]	eff 3 5001779 3617

[14:42:49]	[Send]	ptctl 5442 2 4988603 43 57 4988592 43 58 4988603 15
[14:42:49]	[Recv]	cond 1 2073308 0 0 18

[14:42:49]	[Recv]	cond 1 2073308 0 0 18

[14:42:49]	[Send]	ncif 3 5001778
[14:42:49]	[Recv]	sp 417094 1000000 3694 10000

[14:42:49]	[Recv]	sr 0

[14:42:49]	[Recv]	cond 2 4988603 0 0 15

[14:42:49]	[Recv]	cond 2 4988592 0 0 15

[14:42:49]	[Recv]	st 3 5001778 96 0 100 100 9124 2670 9124 2670 0

[14:42:49]	[Send]	ptctl 5442 1 4988592 49 58 4988592 15
[14:42:49]	[Send]	u_s 0 3 5001778
[14:42:50]	[Recv]	cond 2 4988592 0 0 15

[14:42:50]	[Recv]	sr 13

[14:42:50]	[Recv]	ct 1 2073308 3 5001778 -1 -1 1114

[14:42:50]	[Recv]	su 1 2073308 3 5001778 1114 7 11 4260 0 0 0 0 30899 0 0 0 9124

[14:42:50]	[Recv]	lev 99 0 99 0 2140719000 5991794 66980872 2 0 90 917705181 0

[14:42:50]	[Send]	suctl 5442 1 4988603 3 5001778
[14:42:50]	[Recv]	eff 3 5001778 3617

[14:42:50]	[Recv]	st 2 5001496 92 0 100 100 91620 183240 91620 183240 0

[14:42:50]	[Send]	ncif 3 5001776
[14:42:50]	[Recv]	sr 0

[14:42:50]	[Recv]	st 3 5001776 96 0 100 100 9124 2670 9124 2670 0

[14:42:51]	[Send]	u_s 0 3 5001776
[14:42:51]	[Send]	ptctl 5442 1 4988592 46 55 4988592 15
[14:42:51]	[Recv]	ct 1 2073308 3 5001776 -1 -1 1114

[14:42:51]	[Recv]	eff 1 2073308 15

[14:42:51]	[Recv]	su 1 2073308 3 5001776 1114 7 11 4260 0 0 0 0 270615 3 0 0 9124

[14:42:51]	[Recv]	lev 99 0 99 0 2140719000 5991794 66980872 2 0 90 917705181 0

[14:42:51]	[Recv]	cond 2 4988592 0 0 15

[14:42:51]	[Send]	ptctl 5442 2 4988603 44 52 4988592 49 53 4988603 15
[14:42:51]	[Recv]	cond 1 2073308 0 0 18

[14:42:51]	[Recv]	cond 1 2073308 0 0 18

[14:42:51]	[Recv]	cond 2 4988603 0 0 15

[14:42:51]	[Recv]	cond 2 4988592 0 0 15

[14:42:51]	[Send]	ncif 3 5001775
[14:42:51]	[Recv]	st 3 5001775 96 0 100 100 79883 2670 79883 2670 0

[14:42:52]	[Recv]	sr 0

[14:42:52]	[Send]	ptctl 5442 2 4988603 43 54 4988592 45 51 4988603 15
[14:42:52]	[Send]	suctl 5442 1 4988603 3 5001775
[14:42:52]	[Send]	u_s 8 3 5001775
[14:42:52]	[Recv]	cond 2 4988603 0 0 15

[14:42:52]	[Recv]	cond 2 4988592 0 0 15

[14:42:52]	[Recv]	eff 2 4988603 5005

[14:42:52]	[Recv]	cond 1 2073308 0 0 18

[14:42:52]	[Recv]	cond 1 2073308 0 0 18

[14:42:52]	[Recv]	ms_c 0

[14:42:52]	[Recv]	qslot 0 1.1.1 1.1.2 1.1.3 1.1.4 1.1.5 1.1.6 1.1.7 1.1.9 1.1.8 1.1.10 0.1.45 0.2.21 0.1.76 1.1.38 1.3.12 0.1.34 0.1.87 0.-1.-1 0.1.84 0.1.43 1.3.11 1.1.42 1.1.41 1.3.976 0.-1.-1 0.1.70 0.2.143 0.2.25 0.2.27 0.2.26

[14:42:52]	[Recv]	qslot 1 0.-1.-1 0.-1.-1 0.-1.-1 0.-1.-1 0.-1.-1 0.-1.-1 0.-1.-1 0.-1.-1 0.-1.-1 0.-1.-1 0.1.-1 0.1.-1 1.1.41 1.1.42 0.-1.-1 7.7.-1 7.7.-1 7.7.-1 7.7.-1 0.-1.-1 0.-1.-1 0.-1.-1 0.-1.-1 0.-1.-1 0.-1.-1 0.-1.-1 0.-1.-1 0.-1.-1 0.-1.-1 0.-1.-1

[14:42:52]	[Recv]	ct 2 4988603 3 5001775 -1 -1 0

[14:42:52]	[Recv]	su 2 4988603 3 5001775 0 12 11 8360 0 0 1 93 5280 0 0 74603 79883

[14:42:52]	[Recv]	ct 1 2073308 3 5001775 -1 -1 1122

[14:42:52]	[Recv]	eff 1 2073308 15

[14:42:52]	[Recv]	su 1 2073308 3 5001775 1122 150 41 4268 0 0 0 0 211875 3 0 0 79883

[14:42:52]	[Recv]	lev 99 0 99 0 2140719000 5991794 66980872 2 0 90 917705181 0

[14:42:52]	[Recv]	st 2 5001496 92 0 100 100 91620 183240 91620 183240 0

[14:42:52]	[Recv]	eff 2 5001496 7739

[14:42:53]	[Send]	ptctl 5442 1 4988592 43 49 4988592 15
[14:42:53]	[Recv]	cond 2 4988592 0 0 15

[14:42:53]	[Send]	suctl 5442 1 4988603 3 5001775
[14:42:53]	[Send]	ptctl 5442 2 4988603 42 52 4988592 41 54 4988603 15
[14:42:53]	[Recv]	cond 1 2073308 0 0 18

[14:42:53]	[Recv]	cond 1 2073308 0 0 18

[14:42:53]	[Recv]	cond 2 4988603 0 0 15

[14:42:53]	[Recv]	cond 2 4988592 0 0 15

[14:42:54]	[Send]	u_s 5 1 2073308
[14:42:54]	[Recv]	ms_c 0

[14:42:54]	[Recv]	qslot 0 1.1.1 1.1.2 1.1.3 1.1.4 1.1.5 1.1.6 1.1.7 1.1.9 1.1.8 1.1.10 0.1.45 0.2.21 0.1.76 1.1.38 1.3.12 0.1.34 0.1.87 0.-1.-1 0.1.84 0.1.43 1.3.11 1.1.42 1.1.41 1.3.976 0.-1.-1 0.1.70 0.2.143 0.2.25 0.2.27 0.2.26

[14:42:54]	[Recv]	qslot 1 0.-1.-1 0.-1.-1 0.-1.-1 0.-1.-1 0.-1.-1 0.-1.-1 0.-1.-1 0.-1.-1 0.-1.-1 0.-1.-1 0.1.-1 0.1.-1 1.1.41 1.1.42 0.-1.-1 7.7.-1 7.7.-1 7.7.-1 7.7.-1 0.-1.-1 0.-1.-1 0.-1.-1 0.-1.-1 0.-1.-1 0.-1.-1 0.-1.-1 0.-1.-1 0.-1.-1 0.-1.-1 0.-1.-1

[14:42:54]	[Recv]	ct 1 2073308 1 2073308 -1 -1 1119

[14:42:54]	[Recv]	bf 1 2073308 0.561.3000 99

[14:42:54]	[Recv]	bf 1 2073308 0.578.1200 99

[14:42:54]	[Recv]	bf 1 2073308 0.941.0 99

[14:42:54]	[Recv]	bf 1 2073308 0.830.60 99

[14:42:54]	[Recv]	eff 1 2073308 0

[14:42:54]	[Recv]	sayi 1 2073308 20 26 3 830 0 0 0

[14:42:54]	[Recv]	su 1 2073308 1 2073308 1119 600 25 4265 0 0 1 100 0 -1 0 95497 95497

[14:42:54]	[Recv]	sp 417094 1000000 3684 10000

[14:42:54]	[Recv]	st 2 5001496 92 0 100 100 91620 183240 91620 183240 0

[14:42:56]	[Recv]	st 2 5001496 92 0 100 100 91620 183240 91620 183240 0

[14:42:56]	[Recv]	cond 1 2073308 0 0 18

[14:42:56]	[Recv]	sayi 1 2073308 20 22 3 4254 0 0 0

[14:42:56]	[Recv]	bf 1 2073308 0.4254.0 99

[14:42:57]	[Recv]	eff 2 5001496 7739

[14:42:58]	[Recv]	st 2 5001496 92 0 100 100 91620 183240 91620 183240 0

[14:43:00]	[Recv]	sayi 1 2073308 20 22 3 830 0 0 0

[14:43:00]	[Recv]	bf 1 2073308 0.830.0 99

[14:43:00]	[Recv]	bf 1 2073308 0.941.3000 99

[14:43:00]	[Recv]	sayi 1 2073308 20 26 3 941 0 0 0

[14:43:00]	[Recv]	in 3 716 5002079 6 40 0 100 100 0 0 0 -1 0 0 -1 - 0 -1 0 0 0 0 0 0 0 0 0 0 0 0

[14:43:00]	[Recv]	msgi 0 679 0 0 0 0 0

[14:43:00]	[Recv]	in 3 716 5002080 7 40 2 100 100 0 0 0 -1 0 0 -1 - 0 -1 0 0 0 0 0 0 0 0 0 0 0 0

[14:43:00]	[Recv]	msgi 0 679 0 0 0 0 0

[14:43:00]	[Recv]	in 3 706 5002081 38 7 4 100 100 0 0 0 -1 0 0 -1 - 0 -1 0 0 0 0 0 0 0 0 0 0 0 0

[14:43:00]	[Recv]	msgi 0 679 0 0 0 0 0

[14:43:00]	[Recv]	in 3 706 5002082 39 7 1 100 100 0 0 0 -1 0 0 -1 - 0 -1 0 0 0 0 0 0 0 0 0 0 0 0

[14:43:00]	[Recv]	msgi 0 679 0 0 0 0 0

[14:43:00]	[Recv]	in 3 691 5002083 40 6 1 100 100 0 0 0 -1 0 0 -1 - 0 -1 0 0 0 0 0 0 0 0 0 0 0 0

[14:43:00]	[Recv]	msgi 0 679 0 0 0 0 0

[14:43:00]	[Recv]	in 3 706 5002084 41 7 4 100 100 0 0 0 -1 0 0 -1 - 0 -1 0 0 0 0 0 0 0 0 0 0 0 0

[14:43:00]	[Recv]	msgi 0 679 0 0 0 0 0

[14:43:00]	[Recv]	in 3 775 5002085 42 5 5 100 100 0 0 0 -1 0 0 -1 - 0 -1 0 0 0 0 0 0 0 0 0 0 0 0

[14:43:00]	[Recv]	msgi 0 679 0 0 0 0 0

[14:43:00]	[Recv]	in 3 706 5002086 43 7 6 100 100 0 0 0 -1 0 0 -1 - 0 -1 0 0 0 0 0 0 0 0 0 0 0 0

[14:43:00]	[Recv]	msgi 0 679 0 0 0 0 0

[14:43:00]	[Recv]	in 3 706 5002087 45 7 4 100 100 0 0 0 -1 0 0 -1 - 0 -1 0 0 0 0 0 0 0 0 0 0 0 0

[14:43:00]	[Recv]	msgi 0 679 0 0 0 0 0

[14:43:00]	[Recv]	in 3 716 5002088 72 41 3 100 100 0 0 0 -1 0 0 -1 - 0 -1 0 0 0 0 0 0 0 0 0 0 0 0

[14:43:00]	[Recv]	msgi 0 679 0 0 0 0 0

[14:43:00]	[Recv]	in 3 716 5002089 73 41 2 100 100 0 0 0 -1 0 0 -1 - 0 -1 0 0 0 0 0 0 0 0 0 0 0 0

[14:43:00]	[Recv]	msgi 0 679 0 0 0 0 0

[14:43:00]	[Recv]	sp 417094 1000000 3672 10000

[14:43:00]	[Recv]	eff 3 5002089 5000

[14:43:00]	[Recv]	eff 3 5002087 5000

[14:43:00]	[Recv]	eff 3 5002085 5000

[14:43:00]	[Recv]	eff 3 5002083 5000

[14:43:00]	[Recv]	eff 3 5002081 5000

[14:43:00]	[Recv]	eff 3 5002079 5000

[14:43:00]	[Recv]	st 2 5001496 92 0 100 100 91620 183240 91620 183240 0

[14:43:02]	[Recv]	st 2 5001496 92 0 100 100 91620 183240 91620 183240 0

[14:43:02]	[Recv]	eff 2 5001496 7739

[14:43:04]	[Recv]	st 2 5001496 92 0 100 100 91620 183240 91620 183240 0

[14:43:05]	[Recv]	sp 417094 1000000 3662 10000

[14:43:06]	[Recv]	st 2 5001496 92 0 100 100 91620 183240 91620 183240 0

[14:43:07]	[Recv]	msgi2 0 905 14 ÓesncaWaszceÓ 2514 

[14:43:07]	[Recv]	sr 8

[14:43:07]	[Recv]	eff 2 5001496 7739

[14:43:08]	[Send]	u_ts 758 54 55
[14:43:08]	[Send]	ptctl 5442 2 4988603 41 54 4988592 41 52 4988603 15
[14:43:08]	[Recv]	cond 2 4988602 0 0 12

[14:43:08]	[Recv]	c_mode 2 4988602 2343 0 0

[14:43:08]	[Recv]	sc_n 4 2640 4988602 94 1000 473672 991.2.4 996.0.10 317.0.5 321.0.5 0 0 1 4 566 686 820 9 160 10 201 555 264 555 248 3 7 7 110 2 17310 17310 10544 10544 0 291503800 @ 2343 0 4812.100 1318.3 1319.3 1320.7 2138 3 0

[14:43:08]	[Recv]	out 2 4988602

[14:43:08]	[Recv]	in 2 2640 4988602 56 54 2 100 100 0 0 3 2073308 1 0 2343 @ 1 4 0 0 0 0 0 0 0 0 2138 0 3 0

[14:43:08]	[Recv]	pinit 2 2|4988603|0|94|@|-1|3206|1|2723|0|0 2|4988592|1|96|@|-1|1548|0|0|0|60


[14:43:08]	[Recv]	in 2 2640 4988602 56 54 2 100 100 0 0 3 2073308 0 0 2343 @ 1 4 0 0 0 0 0 0 0 0 2138 0 3 0

[14:43:08]	[Recv]	ctl 2 4988602 0 1

[14:43:08]	[Recv]	in 2 822 4988567 55 54 2 100 100 0 0 3 2073308 0 0 -1 @ 1 3 0 0 0 0 0 0 0 0 0 0 4 0

[14:43:08]	[Recv]	ctl 2 4988567 0 1

[14:43:08]	[Recv]	cond 2 4988487 0 0 12

[14:43:08]	[Recv]	c_mode 2 4988487 2323 0 0

[14:43:08]	[Recv]	sc_n 2 319 4988487 99 1000 398653210 990.4.5 997.5.6 -1 -1 0 0 0 5 661 711 543 10 150 6 592 586 461 586 372 2 9 15 9 11 38176 38176 11281 11281 0 428143800 Kliff 2323 0 4809.100 1299.2 1300.4 1301.7 2127 1 0

[14:43:08]	[Recv]	out 2 4988487

[14:43:08]	[Recv]	in 2 319 4988487 55 54 2 100 100 0 0 3 2073308 1 0 2323 Kliff 1 2 0 0 0 0 0 0 0 0 2127 0 1 0

[14:43:08]	[Recv]	pinit 2 2|4988603|0|94|@|-1|3206|1|2723|0|0 2|4988592|1|96|@|-1|1548|0|0|0|60


[14:43:08]	[Recv]	in 2 319 4988487 55 54 2 100 100 0 0 3 2073308 0 0 2323 Kliff 1 2 0 0 0 0 0 0 0 0 2127 0 1 0

[14:43:08]	[Recv]	ctl 2 4988487 0 1

[14:43:08]	[Recv]	cond 2 4988486 0 0 11

[14:43:08]	[Recv]	c_mode 2 4988486 2367 0 0

[14:43:08]	[Recv]	sc_n 0 317 4988486 94 1000 202328 991.2.4 -1 -1 -1 0 0 1 4 558 678 801 9 160 0 88 214 107 214 79 2 1 5 1 1 16921 16921 6757 6757 0 291503800 Bob 2367 0 8239.0 0.0 0.0 0.0 2181 2 0

[14:43:08]	[Recv]	out 2 4988486

[14:43:08]	[Recv]	in 2 317 4988486 53 55 2 100 100 0 0 3 2073308 1 0 2367 Bob 1 0 0 0 0 0 0 0 0 0 2181 0 2 0

[14:43:08]	[Recv]	pinit 2 2|4988603|0|94|@|-1|3206|1|2723|0|0 2|4988592|1|96|@|-1|1548|0|0|0|60


[14:43:08]	[Recv]	in 2 317 4988486 53 55 2 100 100 0 0 3 2073308 0 0 2367 Bob 1 0 0 0 0 0 0 0 0 0 2181 0 2 0

[14:43:08]	[Recv]	ctl 2 4988486 0 1

[14:43:08]	[Recv]	bf 1 2073308 0.1025.200 99

[14:43:08]	[Recv]	sayi 1 2073308 20 26 3 1025 0 0 0

[14:43:08]	[Recv]	team_cool 0 900

[14:43:08]	[Recv]	st 2 5001496 92 0 100 100 91620 183240 91620 183240 0

[14:43:08]	[Recv]	cond 2 4988603 0 0 15

[14:43:08]	[Recv]	cond 2 4988592 0 0 15

[14:43:08]	[Send]	ptctl 5442 2 4988603 41 49 4988592 41 47 4988603 15
[14:43:09]	[Recv]	cond 1 2073308 0 0 18

[14:43:09]	[Recv]	cond 1 2073308 0 0 18

[14:43:09]	[Recv]	cond 2 4988603 0 0 15

[14:43:09]	[Recv]	cond 2 4988592 0 0 15

[14:43:09]	[Send]	ptctl 5442 2 4988603 41 48 4988592 41 45 4988603 15
[14:43:09]	[Recv]	ct 2 4988567 3 5002088 -1 -1 0

[14:43:09]	[Recv]	ct 2 4988602 3 5002089 -1 -1 0

[14:43:09]	[Recv]	su 2 4988602 3 5002089 0 11 11 4085 0 0 0 0 9178 3 0 0 9124

[14:43:09]	[Recv]	lev 99 0 99 0 2140719000 5991794 66980872 2 0 90 917705181 0

[14:43:09]	[Recv]	cond 1 2073308 0 0 18

[14:43:09]	[Recv]	cond 1 2073308 0 0 18

[14:43:09]	[Recv]	su 2 4988567 3 5002088 0 6 11 3601 0 0 1 34 5976 0 0 3148 9124

[14:43:09]	[Recv]	cond 2 4988603 0 0 15

[14:43:09]	[Recv]	cond 2 4988592 0 0 15

[14:43:09]	[Recv]	eff 3 5002089 3617

[14:43:09]	[Send]	ncif 3 5002082
[14:43:09]	[Recv]	st 3 5002082 96 0 100 100 9124 2670 9124 2670 0

[14:43:09]	[Send]	u_s 1 3 5002082
[14:43:09]	[Send]	ptctl 5442 1 4988592 41 41 4988592 15
[14:43:09]	[Recv]	cond 1 2073308 0 0 18

[14:43:09]	[Recv]	cond 1 2073308 0 0 18

[14:43:09]	[Send]	ptctl 5442 1 4988603 41 43 4988603 15
[14:43:10]	[Recv]	ct 2 4988486 3 5002088 -1 -1 0

[14:43:10]	[Recv]	ms_c 0

[14:43:10]	[Recv]	qslot 0 1.1.1 1.1.2 1.1.3 1.1.4 1.1.5 1.1.6 1.1.7 1.1.9 1.1.8 1.1.10 0.1.45 0.2.21 0.1.76 1.1.38 1.3.12 0.1.34 0.1.87 0.-1.-1 0.1.84 0.1.43 1.3.11 1.1.42 1.1.41 1.3.976 0.-1.-1 0.1.70 0.2.143 0.2.25 0.2.27 0.2.26

[14:43:10]	[Recv]	qslot 1 0.-1.-1 0.-1.-1 0.-1.-1 0.-1.-1 0.-1.-1 0.-1.-1 0.-1.-1 0.-1.-1 0.-1.-1 0.-1.-1 0.1.-1 0.1.-1 1.1.41 1.1.42 0.-1.-1 7.7.-1 7.7.-1 7.7.-1 7.7.-1 0.-1.-1 0.-1.-1 0.-1.-1 0.-1.-1 0.-1.-1 0.-1.-1 0.-1.-1 0.-1.-1 0.-1.-1 0.-1.-1 0.-1.-1

[14:43:10]	[Recv]	ct 1 2073308 3 5002082 14 4263 1115

[14:43:10]	[Recv]	cond 2 4988592 0 0 15

[14:43:10]	[Recv]	su 2 4988486 3 5002088 0 6 11 7130 0 0 0 0 5198 0 0 0 9124

[14:43:10]	[Recv]	lev 99 0 99 0 2140719000 5991794 66980872 2 0 90 917705181 0

[14:43:10]	[Recv]	ct 2 4988567 3 5002088 -1 -1 0

[14:43:10]	[Recv]	cond 2 4988603 0 0 15

[14:43:10]	[Recv]	su 2 4988567 2 4988567 0 6 11 3601 0 0 1 100 0 2 0 18613 18613

[14:43:10]	[Recv]	su 1 2073308 3 5002082 1115 70 12 4264 0 0 0 0 37514 0 0 0 9124

[14:43:10]	[Recv]	lev 99 0 99 0 2140719000 5991794 66980872 2 0 90 917705181 0

[14:43:10]	[Recv]	mslot 1127 -1

[14:43:10]	[Recv]	qset 0 0 1.1.13.0

[14:43:10]	[Send]	ptctl 5442 1 4988603 41 44 4988603 15
[14:43:10]	[Send]	suctl 5442 1 4988603 3 5002082
[14:43:10]	[Recv]	sp 417094 1000000 3652 10000

[14:43:10]	[Recv]	eff 3 5002088 3617

[14:43:10]	[Recv]	sayi 1 2073308 20 22 3 3097 0 0 0

[14:43:10]	[Recv]	bf 1 2073308 0.3097.0 99

[14:43:10]	[Recv]	cond 2 4988603 0 0 15

[14:43:10]	[Recv]	bf 1 2073308 0.3097.3000 94

[14:43:10]	[Recv]	sayi 1 2073308 20 26 3 3097 0 0 0

[14:43:10]	[Recv]	eff_t 2 4988603 1 2073308 4766

[14:43:10]	[Send]	ptctl 5442 1 4988592 40 37 4988592 15
[14:43:10]	[Recv]	st 2 5001496 92 0 100 100 91620 183240 91620 183240 0

[14:43:10]	[Send]	ncif 3 5002086
[14:43:10]	[Recv]	cond 2 4988592 0 0 15

[14:43:10]	[Send]	ptctl 5442 1 4988592 41 34 4988592 15
[14:43:10]	[Recv]	st 3 5002086 96 0 100 100 9124 2670 9124 2670 0

[14:43:11]	[Recv]	cond 1 2073308 0 0 18

[14:43:11]	[Recv]	cond 1 2073308 0 0 18

[14:43:11]	[Recv]	cond 2 4988592 0 0 15

[14:43:11]	[Send]	ncif 3 5002084
[14:43:11]	[Recv]	st 3 5002084 96 0 100 100 9124 2670 9124 2670 0

[14:43:11]	[Send]	u_s 13 3 5002084
[14:43:11]	[Recv]	cond 1 2073308 0 0 18

[14:43:11]	[Recv]	cond 1 2073308 0 0 18

[14:43:11]	[Recv]	ms_c 0

[14:43:11]	[Recv]	qslot 0 1.1.1 1.1.2 1.1.3 1.1.4 1.1.5 1.1.6 1.1.7 1.1.9 1.1.8 1.1.10 0.1.45 0.2.21 0.1.76 1.1.38 1.3.12 0.1.34 0.1.87 0.-1.-1 0.1.84 0.1.43 1.3.11 1.1.42 1.1.41 1.3.976 0.-1.-1 0.1.70 0.2.143 0.2.25 0.2.27 0.2.26

[14:43:11]	[Recv]	qslot 1 0.-1.-1 0.-1.-1 0.-1.-1 0.-1.-1 0.-1.-1 0.-1.-1 0.-1.-1 0.-1.-1 0.-1.-1 0.-1.-1 0.1.-1 0.1.-1 1.1.41 1.1.42 0.-1.-1 7.7.-1 7.7.-1 7.7.-1 7.7.-1 0.-1.-1 0.-1.-1 0.-1.-1 0.-1.-1 0.-1.-1 0.-1.-1 0.-1.-1 0.-1.-1 0.-1.-1 0.-1.-1 0.-1.-1

[14:43:11]	[Send]	ptctl 5442 1 4988603 41 39 4988603 15
[14:43:11]	[Recv]	ct 1 2073308 3 5002084 -1 -1 1127

[14:43:11]	[Recv]	su 1 2073308 3 5002084 1127 100 22 4284 0 0 0 0 39233 0 0 0 9124

[14:43:11]	[Recv]	in 3 2371 5002119 37 40 2 100 100 0 0 0 -1 0 0 -1 - 0 -1 0 0 0 0 0 0 0 0 0 0 0 0

[14:43:11]	[Recv]	guri 31 1 2073308 37 40

[14:43:11]	[Recv]	lev 99 0 99 0 2140719000 5991794 66980872 2 0 90 917705181 0

[14:43:11]	[Recv]	su 1 2073308 3 5002086 1127 100 22 4284 0 0 0 0 112818 6 0 0 9124

[14:43:11]	[Recv]	lev 99 0 99 0 2140719000 5991794 66980872 2 0 90 917705181 0

[14:43:11]	[Recv]	eff 1 2073308 15

[14:43:11]	[Recv]	su 1 2073308 3 5002085 1127 100 22 4284 0 0 0 0 209079 6 0 0 79883

[14:43:11]	[Recv]	lev 99 0 99 0 2140719000 5991794 66980872 2 0 90 917705181 0

[14:43:11]	[Recv]	su 1 2073308 3 5002083 1127 100 22 4284 0 0 0 0 89192 6 0 0 86983

[14:43:11]	[Recv]	lev 99 0 99 0 2140719000 5991794 66980872 2 0 90 917705181 0

[14:43:11]	[Recv]	eff 1 2073308 15

[14:43:11]	[Recv]	su 1 2073308 3 5002081 1127 100 22 4284 0 0 0 0 277933 6 0 0 9124

[14:43:11]	[Recv]	lev 99 0 99 0 2140719000 5991794 66980872 2 0 90 917705181 0

[14:43:11]	[Send]	ptctl 5442 1 4988592 41 29 4988592 15
[14:43:11]	[Recv]	cond 2 4988603 0 0 15

[14:43:12]	[Recv]	cond 2 4988592 0 0 15

[14:43:12]	[Send]	u_s 13 3 5002084
[14:43:12]	[Send]	ncif 3 5002083
[14:43:12]	[Recv]	cancel 0 13 -1

[14:43:12]	[Send]	ptctl 5442 1 4988592 41 30 4988592 15
[14:43:12]	[Recv]	cond 2 4988592 0 0 15

[14:43:12]	[Recv]	cond 1 2073308 0 0 18

[14:43:12]	[Recv]	cond 1 2073308 0 0 18

[14:43:12]	[Send]	ptctl 5442 1 4988592 41 35 4988592 15
[14:43:12]	[Recv]	cond 1 2073308 0 0 17

[14:43:12]	[Recv]	sayi 1 2073308 20 22 3 4252 0 0 0

[14:43:12]	[Recv]	bf 1 2073308 0.4252.0 99

[14:43:12]	[Recv]	bf 1 2073308 0.4252.3000 99

[14:43:12]	[Recv]	sayi 1 2073308 20 26 3 4252 0 0 0

[14:43:12]	[Recv]	cond 1 2073308 0 0 18

[14:43:12]	[Recv]	sayi 1 2073308 20 23 3 4252 0 0 0

[14:43:12]	[Recv]	cond 1 2073308 0 0 18

[14:43:12]	[Recv]	cond 1 2073308 0 0 18

[14:43:12]	[Recv]	die 3 5002119 3 5002119

[14:43:12]	[Recv]	st 2 5001496 92 0 100 100 91620 183240 91620 183240 0

[14:43:12]	[Recv]	eff 2 5001496 7739

[14:43:12]	[Recv]	cond 2 4988592 0 0 15

[14:43:12]	[Send]	ptctl 5442 2 4988603 41 41 4988592 41 37 4988603 15
[14:43:13]	[Recv]	cond 1 2073308 0 0 18

[14:43:13]	[Recv]	cond 1 2073308 0 0 18

[14:43:13]	[Recv]	cond 2 4988603 0 0 15

[14:43:13]	[Recv]	cond 2 4988592 0 0 15

[14:43:13]	[Send]	ptctl 5442 2 4988603 41 36 4988592 44 30 4988603 15
[14:43:13]	[Send]	ncif 3 5002087
[14:43:13]	[Recv]	cond 1 2073308 0 0 18

[14:43:13]	[Recv]	cond 1 2073308 0 0 18

[14:43:13]	[Recv]	cond 2 4988603 0 0 15

[14:43:13]	[Recv]	cond 2 4988592 0 0 15

[14:43:13]	[Send]	ptctl 5442 1 4988592 42 32 4988592 15
[14:43:13]	[Send]	u_s 0 3 5002087
[14:43:13]	[Recv]	st 3 5002087 96 0 100 100 9124 2670 9124 2670 0

[14:43:13]	[Send]	ptctl 5442 1 4988603 41 38 4988603 15
[14:43:13]	[Send]	suctl 5442 1 4988603 3 5002087
[14:43:13]	[Recv]	cond 2 4988592 0 0 15

[14:43:13]	[Recv]	cond 1 2073308 0 0 18

[14:43:13]	[Recv]	cond 1 2073308 0 0 18

[14:43:13]	[Send]	suctl 5442 1 4988592 3 5002087
[14:43:13]	[Recv]	ct 3 5002087 2 4988592 -1 -1 0

[14:43:13]	[Recv]	su 3 5002087 2 4988592 0 10 11 0 0 0 1 99 182 0 0 57589 57771

[14:43:13]	[Send]	ptctl 5442 2 4988603 40 43 4988592 42 37 4988603 15
[14:43:13]	[Recv]	ct 1 2073308 3 5002087 -1 -1 1114

[14:43:13]	[Recv]	eff 1 2073308 15

[14:43:13]	[Recv]	su 1 2073308 3 5002087 1114 7 11 4260 0 0 0 0 256411 3 0 0 9124

[14:43:13]	[Recv]	lev 99 0 99 0 2140719000 5991794 66980872 2 0 90 917705181 0

[14:43:13]	[Recv]	cond 2 4988603 0 0 15

[14:43:14]	[Send]	ptctl 5442 2 4988603 39 43 4988592 42 39 4988603 15
[14:43:14]	[Recv]	cond 2 4988603 0 0 15

[14:43:14]	[Recv]	cond 2 4988592 0 0 15

[14:43:14]	[Recv]	cond 1 2073308 0 0 18

[14:43:14]	[Recv]	cond 1 2073308 0 0 18

[14:43:14]	[Send]	ptctl 5442 2 4988603 38 43 4988592 42 40 4988603 15
[14:43:14]	[Recv]	cond 2 4988603 0 0 15

[14:43:14]	[Recv]	cond 2 4988592 0 0 15

[14:43:14]	[Recv]	cond 1 2073308 0 0 18

[14:43:14]	[Recv]	cond 1 2073308 0 0 18

[14:43:14]	[Recv]	sc_p 170 1548 4988592 96 808 23962580 0 0 1889 2049 1289 19 90 9 975 627 958 627 866 3 90 90 110 80 57589 57771 18100 18100 1 84982200 0 @ 0 0 6 60 1831 1798 0 100

[14:43:14]	[Recv]	sr 0

[14:43:14]	[Recv]	cond 2 4988603 0 0 15

[14:43:14]	[Recv]	cond 2 4988592 0 0 15

[14:43:14]	[Recv]	st 2 5001496 92 0 100 100 91620 183240 91620 183240 0

[14:43:14]	[Send]	ptctl 5442 2 4988603 37 47 4988592 40 44 4988603 15
[14:43:14]	[Recv]	cond 1 2073308 0 0 18

[14:43:14]	[Recv]	cond 1 2073308 0 0 18

[14:43:15]	[Recv]	cond 2 4988603 0 0 15

[14:43:15]	[Recv]	cond 2 4988592 0 0 15

[14:43:15]	[Send]	ptctl 5442 2 4988603 35 49 4988592 41 45 4988603 15
[14:43:15]	[Recv]	cond 1 2073308 0 0 18

[14:43:15]	[Recv]	cond 1 2073308 0 0 18

[14:43:15]	[Recv]	cond 2 4988603 0 0 15

[14:43:15]	[Recv]	cond 2 4988592 0 0 15

[14:43:15]	[Send]	ptctl 5442 2 4988603 35 52 4988592 40 47 4988603 15
[14:43:15]	[Recv]	sp 417094 1000000 3642 10000

[14:43:15]	[Recv]	cond 1 2073308 0 0 18

[14:43:15]	[Recv]	cond 1 2073308 0 0 18

[14:43:15]	[Recv]	cond 2 4988603 0 0 15

[14:43:15]	[Recv]	cond 2 4988592 0 0 15

[14:43:15]	[Send]	ptctl 5442 2 4988603 34 52 4988592 39 48 4988603 15
[14:43:15]	[Recv]	cond 1 2073308 0 0 18

[14:43:15]	[Recv]	cond 1 2073308 0 0 18

[14:43:15]	[Recv]	cond 2 4988603 0 0 15

[14:43:15]	[Recv]	cond 2 4988592 0 0 15

[14:43:15]	[Send]	ptctl 5442 2 4988603 34 53 4988592 38 49 4988603 15
[14:43:16]	[Recv]	cond 1 2073308 0 0 18

[14:43:16]	[Recv]	cond 1 2073308 0 0 18

[14:43:16]	[Recv]	cond 2 4988603 0 0 15

[14:43:16]	[Recv]	cond 2 4988592 0 0 15

[14:43:16]	[Recv]	eff 3 5002080 5000

[14:43:16]	[Recv]	st 2 5001496 92 0 100 100 91620 183240 91620 183240 0

[14:43:16]	[Send]	ncif 3 5002080
[14:43:16]	[Send]	ptctl 5442 1 4988603 32 55 4988603 15
[14:43:16]	[Send]	ptctl 5442 1 4988592 34 53 4988592 15
[14:43:16]	[Recv]	st 3 5002080 96 0 100 100 9124 2670 9124 2670 0

[14:43:17]	[Recv]	cond 2 4988603 0 0 15

[14:43:17]	[Send]	suctl 5442 1 4988603 3 5002080
[14:43:17]	[Send]	u_s 0 3 5002080
[14:43:17]	[Send]	ptctl 5442 1 4988592 31 51 4988592 15
[14:43:17]	[Recv]	cond 2 4988592 0 0 15

[14:43:17]	[Recv]	cond 1 2073308 0 0 18

[14:43:17]	[Recv]	cond 1 2073308 0 0 18

[14:43:17]	[Recv]	sr 1

[14:43:17]	[Recv]	eff 2 4988603 5005

[14:43:17]	[Recv]	cond 1 2073308 0 0 18

[14:43:17]	[Recv]	cond 1 2073308 0 0 18

[14:43:17]	[Recv]	ct 1 2073308 3 5002080 -1 -1 1114

[14:43:17]	[Recv]	su 1 2073308 3 5002080 1114 7 11 4260 0 0 1 100 0 4 0 9124 9124

[14:43:17]	[Recv]	cond 2 4988592 0 0 15

[14:43:17]	[Recv]	ct 2 4988603 3 5002080 -1 -1 0

[14:43:17]	[Recv]	su 2 4988603 3 5002080 0 12 11 8360 0 0 1 37 5699 0 0 3425 9124

[14:43:17]	[Recv]	eff 2 5001496 7739

[14:43:17]	[Send]	ptctl 5442 2 4988603 30 58 4988592 33 56 4988603 15
[14:43:17]	[Send]	ncif 3 5002080
[14:43:17]	[Recv]	cond 1 2073308 0 0 18

[14:43:17]	[Recv]	cond 1 2073308 0 0 18

[14:43:18]	[Recv]	cond 2 4988603 0 0 15

[14:43:18]	[Recv]	cond 2 4988592 0 0 15

[14:43:18]	[Recv]	st 3 5002080 96 0 37 100 3425 2670 9124 2670 0

[14:43:18]	[Send]	ptctl 5442 1 4988592 28 54 4988592 15
[14:43:18]	[Send]	u_s 0 3 5002080
[14:43:18]	[Recv]	sr 0

[14:43:18]	[Recv]	cond 2 4988592 0 0 15

[14:43:18]	[Send]	ptctl 5442 1 4988603 32 56 4988603 15
[14:43:18]	[Send]	suctl 5442 1 4988603 3 5002080
[14:43:18]	[Recv]	cond 1 2073308 0 0 18

[14:43:18]	[Recv]	cond 1 2073308 0 0 18

[14:43:18]	[Recv]	ct 1 2073308 3 5002080 -1 -1 1114

[14:43:18]	[Recv]	eff 1 2073308 15

[14:43:18]	[Recv]	su 1 2073308 3 5002080 1114 7 11 4260 0 0 0 0 75449 0 0 0 9124

[14:43:18]	[Recv]	lev 99 0 99 0 2140719000 5991794 66980872 2 0 90 917705181 0

[14:43:18]	[Recv]	cond 2 4988603 0 0 15

[14:43:18]	[Recv]	st 2 5001496 92 0 100 100 91620 183240 91620 183240 0

[14:43:18]	[Send]	ptctl 5442 2 4988603 34 57 4988592 32 58 4988603 15
[14:43:18]	[Recv]	eff 3 5002080 3617

[14:43:19]	[Recv]	cond 1 2073308 0 0 18

[14:43:19]	[Recv]	cond 1 2073308 0 0 18

[14:43:19]	[Send]	ptctl 5442 2 4988603 32 58 4988592 33 57 4988603 15
[14:43:19]	[Recv]	cond 2 4988603 0 0 15

[14:43:19]	[Recv]	cond 2 4988592 0 0 15

[14:43:19]	[Recv]	cond 2 4988603 0 0 15

[14:43:19]	[Recv]	cond 2 4988592 0 0 15

[14:43:19]	[Send]	ptctl 5442 1 4988592 34 58 4988592 15
[14:43:19]	[Recv]	sr 0

[14:43:19]	[Recv]	cond 2 4988592 0 0 15

[14:43:19]	[Send]	ncif 3 5002079
[14:43:19]	[Recv]	st 3 5002079 96 0 100 100 9124 2670 9124 2670 0

[14:43:19]	[Send]	suctl 5442 1 4988603 3 5002079
[14:43:19]	[Send]	ptctl 5442 1 4988592 28 57 4988592 15
[14:43:19]	[Send]	u_s 0 3 5002079
[14:43:19]	[Recv]	eff 2 4988603 5005

[14:43:20]	[Recv]	cond 2 4988592 0 0 15

[14:43:20]	[Send]	ptctl 5442 1 4988592 27 59 4988592 15
[14:43:20]	[Recv]	ct 2 4988603 3 5002079 -1 -1 0

[14:43:20]	[Recv]	eff 2 4988603 15

[14:43:20]	[Recv]	su 2 4988603 3 5002079 0 12 11 8360 0 0 0 0 18556 0 0 0 9124

[14:43:20]	[Recv]	lev 99 0 99 0 2140719000 5991794 66980872 2 0 90 917705181 0

[14:43:20]	[Recv]	ct 1 2073308 3 5002079 -1 -1 1114

[14:43:20]	[Recv]	su 1 2073308 1 2073308 1114 7 11 4260 0 0 1 100 0 2 0 95497 95497

[14:43:20]	[Recv]	cond 2 4988592 0 0 15

[14:43:20]	[Send]	ptctl 5442 2 4988603 36 55 4988592 35 57 4988603 15
[14:43:20]	[Recv]	cond 1 2073308 0 0 18

[14:43:20]	[Recv]	cond 1 2073308 0 0 18

[14:43:20]	[Recv]	sp 417094 1000000 3632 10000

[14:43:20]	[Recv]	eff 3 5002079 3617

[14:43:20]	[Recv]	cond 2 4988603 0 0 15

[14:43:20]	[Recv]	cond 2 4988592 0 0 15

[14:43:20]	[Recv]	st 2 5001496 92 0 100 100 91620 183240 91620 183240 0

[14:43:20]	[Send]	ptctl 5442 2 4988603 35 56 4988592 37 58 4988603 15
[14:43:20]	[Recv]	sr 0

[14:43:20]	[Recv]	cond 1 2073308 0 0 18

[14:43:20]	[Recv]	cond 1 2073308 0 0 18

[14:43:20]	[Recv]	cond 2 4988603 0 0 15

[14:43:20]	[Recv]	cond 2 4988592 0 0 15

[14:43:21]	[Recv]	sr 13

[14:43:22]	[Send]	ptctl 5442 2 4988603 38 54 4988592 39 53 4988603 15
[14:43:22]	[Recv]	cond 1 2073308 0 0 18

[14:43:22]	[Recv]	cond 1 2073308 0 0 18

[14:43:22]	[Recv]	cond 2 4988603 0 0 15

[14:43:22]	[Recv]	cond 2 4988592 0 0 15

[14:43:22]	[Recv]	st 2 5001496 92 0 100 100 91620 183240 91620 183240 0

[14:43:22]	[Recv]	eff 2 5001496 7739

[14:43:23]	[Send]	ptctl 5442 1 4988592 40 52 4988592 15
[14:43:23]	[Recv]	cond 2 4988592 0 0 15

[14:43:24]	[Recv]	sc_p 170 1548 4988592 96 807 23962852 0 0 1889 2049 1289 19 90 9 975 627 958 627 866 3 90 90 110 80 57771 57771 18100 18100 1 84982200 0 @ 0 0 6 60 1831 1798 0 100

[14:43:24]	[Recv]	st 2 5001496 92 0 100 100 91620 183240 91620 183240 0

[14:43:25]	[Recv]	sp 417094 1000000 3622 10000

[14:43:26]	[Recv]	st 2 5001496 92 0 100 100 91620 183240 91620 183240 0

[14:43:27]	[Recv]	eff 2 5001496 7739

[14:43:28]	[Send]	ptctl 5442 2 4988603 34 51 4988592 36 53 4988603 15
[14:43:28]	[Recv]	cond 1 2073308 0 0 18

[14:43:28]	[Recv]	cond 1 2073308 0 0 18

[14:43:28]	[Recv]	cond 2 4988603 0 0 15

[14:43:28]	[Recv]	cond 2 4988592 0 0 15

[14:43:28]	[Recv]	sayi 1 2073308 20 22 3 4080 0 0 0

[14:43:28]	[Recv]	bf 1 2073308 0.4080.0 99

[14:43:28]	[Recv]	bf 1 2073308 0.4080.3000 96

[14:43:28]	[Recv]	sayi 1 2073308 20 26 3 4080 0 0 0

[14:43:28]	[Recv]	eff_t 2 4988592 1 2073308 4766

[14:43:28]	[Recv]	cond 2 4988486 0 0 11

[14:43:28]	[Recv]	c_mode 2 4988486 1100 0 0

[14:43:28]	[Recv]	sc_n 0 317 4988486 94 1000 202328 991.2.4 -1 -1 -1 0 0 1 4 558 678 801 9 160 0 88 214 107 214 79 0 0 0 0 0 16921 16921 6757 6757 0 291503800 Bob 1100 0 8239.0 0.0 0.0 0.0 0 2 0

[14:43:28]	[Recv]	out 2 4988486

[14:43:28]	[Recv]	in 2 317 4988486 62 56 2 100 100 0 0 3 2073308 1 0 1100 Bob 1 0 0 0 0 0 0 0 0 0 0 0 2 0

[14:43:28]	[Recv]	pinit 2 2|4988603|0|94|@|-1|3206|1|2723|0|0 2|4988592|1|96|@|-1|1548|0|0|0|60


[14:43:28]	[Recv]	psd 10

[14:43:28]	[Recv]	out 2 4988486

[14:43:28]	[Recv]	cond 2 4988487 0 0 11

[14:43:28]	[Recv]	c_mode 2 4988487 1102 0 0

[14:43:28]	[Recv]	sc_n 2 319 4988487 99 1000 398653210 990.4.5 997.5.6 -1 -1 0 0 0 5 661 711 543 10 150 6 592 586 461 586 372 0 5 5 5 5 38176 38176 11281 11281 0 428143800 Kliff 1102 0 4809.100 1299.2 1300.4 1301.7 0 1 0

[14:43:28]	[Recv]	out 2 4988487

[14:43:28]	[Recv]	in 2 319 4988487 61 42 2 100 100 0 0 3 2073308 1 0 1102 Kliff 1 2 0 0 0 0 0 0 0 0 0 0 1 0

[14:43:28]	[Recv]	pinit 2 2|4988603|0|94|@|-1|3206|1|2723|0|0 2|4988592|1|96|@|-1|1548|0|0|0|60


[14:43:28]	[Recv]	psd 10

[14:43:28]	[Recv]	out 2 4988487

[14:43:28]	[Recv]	out 2 4988567

[14:43:28]	[Recv]	cond 2 4988602 0 0 11

[14:43:28]	[Recv]	c_mode 2 4988602 -1 0 0

[14:43:28]	[Recv]	sc_n 4 2640 4988602 94 1000 473672 991.2.4 996.0.10 317.0.5 321.0.5 0 0 1 4 566 686 820 9 160 10 201 555 264 555 248 1 0 0 96 0 17310 17310 10544 10544 0 291503800 @ -1 0 4812.100 1318.3 1319.3 1320.7 0 3 0

[14:43:28]	[Recv]	out 2 4988602

[14:43:28]	[Recv]	in 2 2640 4988602 59 68 2 100 100 0 0 3 2073308 1 0 -1 @ 1 4 0 0 0 0 0 0 0 0 0 0 3 0

[14:43:28]	[Recv]	pinit 2 2|4988603|0|94|@|-1|3206|1|2723|0|0 2|4988592|1|96|@|-1|1548|0|0|0|60


[14:43:28]	[Recv]	psd 10

[14:43:28]	[Recv]	out 2 4988602

[14:43:28]	[Recv]	sayi 1 2073308 20 22 3 1025 0 0 0

[14:43:28]	[Recv]	bf 1 2073308 0.1025.0 99

[14:43:28]	[Recv]	st 2 5001496 92 0 100 100 91620 183240 91620 183240 0

[14:43:30]	[Send]	ptctl 5442 2 4988603 29 50 4988592 31 52 4988603 15
[14:43:30]	[Recv]	in 3 718 5002276 6 38 3 100 100 0 0 0 -1 0 0 -1 - 0 -1 0 0 0 0 0 0 0 0 0 0 0 0

[14:43:30]	[Recv]	msgi 0 679 0 0 0 0 0

[14:43:30]	[Recv]	in 3 716 5002277 6 40 5 100 100 0 0 0 -1 0 0 -1 - 0 -1 0 0 0 0 0 0 0 0 0 0 0 0

[14:43:30]	[Recv]	msgi 0 679 0 0 0 0 0

[14:43:30]	[Recv]	in 3 716 5002278 7 40 6 100 100 0 0 0 -1 0 0 -1 - 0 -1 0 0 0 0 0 0 0 0 0 0 0 0

[14:43:30]	[Recv]	msgi 0 679 0 0 0 0 0

[14:43:30]	[Recv]	in 3 706 5002279 36 7 5 100 100 0 0 0 -1 0 0 -1 - 0 -1 0 0 0 0 0 0 0 0 0 0 0 0

[14:43:30]	[Recv]	msgi 0 679 0 0 0 0 0

[14:43:30]	[Recv]	in 3 718 5002280 38 5 3 100 100 0 0 0 -1 0 0 -1 - 0 -1 0 0 0 0 0 0 0 0 0 0 0 0

[14:43:30]	[Recv]	msgi 0 679 0 0 0 0 0

[14:43:30]	[Recv]	in 3 706 5002281 38 7 4 100 100 0 0 0 -1 0 0 -1 - 0 -1 0 0 0 0 0 0 0 0 0 0 0 0

[14:43:30]	[Recv]	msgi 0 679 0 0 0 0 0

[14:43:30]	[Recv]	in 3 706 5002282 39 7 7 100 100 0 0 0 -1 0 0 -1 - 0 -1 0 0 0 0 0 0 0 0 0 0 0 0

[14:43:30]	[Recv]	msgi 0 679 0 0 0 0 0

[14:43:30]	[Recv]	in 3 691 5002283 40 6 7 100 100 0 0 0 -1 0 0 -1 - 0 -1 0 0 0 0 0 0 0 0 0 0 0 0

[14:43:30]	[Recv]	msgi 0 679 0 0 0 0 0

[14:43:30]	[Recv]	in 3 706 5002284 41 7 0 100 100 0 0 0 -1 0 0 -1 - 0 -1 0 0 0 0 0 0 0 0 0 0 0 0

[14:43:30]	[Recv]	msgi 0 679 0 0 0 0 0

[14:43:30]	[Recv]	in 3 775 5002285 42 5 6 100 100 0 0 0 -1 0 0 -1 - 0 -1 0 0 0 0 0 0 0 0 0 0 0 0

[14:43:30]	[Recv]	msgi 0 679 0 0 0 0 0

[14:43:30]	[Recv]	in 3 706 5002286 43 7 6 100 100 0 0 0 -1 0 0 -1 - 0 -1 0 0 0 0 0 0 0 0 0 0 0 0

[14:43:30]	[Recv]	msgi 0 679 0 0 0 0 0

[14:43:30]	[Recv]	in 3 706 5002287 45 7 0 100 100 0 0 0 -1 0 0 -1 - 0 -1 0 0 0 0 0 0 0 0 0 0 0 0

[14:43:30]	[Recv]	msgi 0 679 0 0 0 0 0

[14:43:30]	[Recv]	in 3 706 5002288 47 7 6 100 100 0 0 0 -1 0 0 -1 - 0 -1 0 0 0 0 0 0 0 0 0 0 0 0

[14:43:30]	[Recv]	msgi 0 679 0 0 0 0 0

[14:43:30]	[Recv]	in 3 716 5002289 72 41 2 100 100 0 0 0 -1 0 0 -1 - 0 -1 0 0 0 0 0 0 0 0 0 0 0 0

[14:43:30]	[Recv]	msgi 0 679 0 0 0 0 0

[14:43:30]	[Recv]	in 3 718 5002290 73 39 4 100 100 0 0 0 -1 0 0 -1 - 0 -1 0 0 0 0 0 0 0 0 0 0 0 0

[14:43:30]	[Recv]	msgi 0 679 0 0 0 0 0

[14:43:30]	[Recv]	in 3 716 5002291 73 41 4 100 100 0 0 0 -1 0 0 -1 - 0 -1 0 0 0 0 0 0 0 0 0 0 0 0

[14:43:30]	[Recv]	msgi 0 679 0 0 0 0 0

[14:43:30]	[Recv]	sp 417094 1000000 3612 10000

[14:43:30]	[Recv]	eff 3 5002291 5000

[14:43:30]	[Recv]	eff 3 5002289 5000

[14:43:30]	[Recv]	eff 3 5002287 5000

[14:43:30]	[Recv]	eff 3 5002285 5000

[14:43:30]	[Recv]	eff 3 5002283 5000

[14:43:30]	[Recv]	eff 3 5002281 5000

[14:43:30]	[Recv]	eff 3 5002279 5000

[14:43:30]	[Recv]	eff 3 5002277 5000

[14:43:30]	[Recv]	cond 1 2073308 0 0 18

[14:43:30]	[Recv]	cond 1 2073308 0 0 18

[14:43:30]	[Send]	ptctl 5442 2 4988603 28 52 4988592 31 51 4988603 15
[14:43:30]	[Recv]	cond 2 4988603 0 0 15

[14:43:30]	[Recv]	cond 2 4988592 0 0 15

[14:43:30]	[Recv]	st 2 5001496 92 0 100 100 91620 183240 91620 183240 0

[14:43:30]	[Recv]	cond 1 2073308 0 0 18

[14:43:30]	[Recv]	cond 1 2073308 0 0 18

[14:43:30]	[Send]	ptctl 5442 2 4988603 27 52 4988592 29 52 4988603 15
[14:43:30]	[Recv]	cond 2 4988603 0 0 15

[14:43:30]	[Recv]	cond 2 4988592 0 0 15

[14:43:30]	[Send]	ptctl 5442 2 4988603 26 50 4988592 28 52 4988603 15
[14:43:31]	[Recv]	cond 1 2073308 0 0 18

[14:43:31]	[Recv]	cond 1 2073308 0 0 18

[14:43:31]	[Recv]	cond 2 4988603 0 0 15

[14:43:31]	[Recv]	cond 2 4988592 0 0 15

[14:43:31]	[Send]	ptctl 5442 2 4988603 25 51 4988592 27 53 4988603 15
[14:43:31]	[Recv]	cond 1 2073308 0 0 18

[14:43:31]	[Recv]	cond 1 2073308 0 0 18

[14:43:31]	[Recv]	cond 2 4988603 0 0 15

[14:43:31]	[Recv]	cond 2 4988592 0 0 15

[14:43:31]	[Recv]	cond 1 2073308 0 0 18

[14:43:31]	[Recv]	cond 1 2073308 0 0 18

[14:43:31]	[Send]	ptctl 5442 2 4988603 23 51 4988592 25 53 4988603 15
[14:43:31]	[Recv]	cond 2 4988603 0 0 15

[14:43:31]	[Recv]	cond 2 4988592 0 0 15

[14:43:31]	[Recv]	cond 1 2073308 0 0 18

[14:43:31]	[Recv]	cond 1 2073308 0 0 18

[14:43:31]	[Recv]	cond 2 4988603 0 0 15

[14:43:31]	[Recv]	cond 2 4988592 0 0 15

[14:43:31]	[Send]	ncif 3 5002278
[14:43:32]	[Recv]	st 3 5002278 96 0 100 100 9124 2670 9124 2670 0

[14:43:32]	[Send]	ptctl 5442 2 4988603 18 51 4988592 20 53 4988603 15
[14:43:32]	[Send]	ptctl 5442 1 4988592 18 51 4988592 15
[14:43:32]	[Recv]	cond 2 4988603 0 0 15

[14:43:32]	[Recv]	cond 2 4988592 0 0 15

[14:43:32]	[Send]	u_s 1 3 5002278
[14:43:32]	[Recv]	cond 1 2073308 0 0 18

[14:43:32]	[Recv]	cond 1 2073308 0 0 18

[14:43:32]	[Recv]	cond 2 4988592 0 0 15

[14:43:32]	[Recv]	st 2 5001496 92 0 100 100 91620 183240 91620 183240 0

[14:43:32]	[Recv]	eff 2 5001496 7739

[14:43:32]	[Recv]	cond 1 2073308 0 0 18

[14:43:32]	[Recv]	cond 1 2073308 0 0 18

[14:43:32]	[Send]	ncif 3 5002278
[14:43:32]	[Recv]	ms_c 0

[14:43:32]	[Recv]	qslot 0 1.1.1 1.1.2 1.1.3 1.1.4 1.1.5 1.1.6 1.1.7 1.1.9 1.1.8 1.1.10 0.1.45 0.2.21 0.1.76 1.1.38 1.3.12 0.1.34 0.1.87 0.-1.-1 0.1.84 0.1.43 1.3.11 1.1.42 1.1.41 1.3.976 0.-1.-1 0.1.70 0.2.143 0.2.25 0.2.27 0.2.26

[14:43:32]	[Recv]	qslot 1 0.-1.-1 0.-1.-1 0.-1.-1 0.-1.-1 0.-1.-1 0.-1.-1 0.-1.-1 0.-1.-1 0.-1.-1 0.-1.-1 0.1.-1 0.1.-1 1.1.41 1.1.42 0.-1.-1 7.7.-1 7.7.-1 7.7.-1 7.7.-1 0.-1.-1 0.-1.-1 0.-1.-1 0.-1.-1 0.-1.-1 0.-1.-1 0.-1.-1 0.-1.-1 0.-1.-1 0.-1.-1 0.-1.-1

[14:43:33]	[Recv]	ct 1 2073308 3 5002278 14 4263 1115

[14:43:33]	[Recv]	st 3 5002278 96 0 100 100 9124 2670 9124 2670 0

[14:43:33]	[Send]	ptctl 5442 1 4988603 14 47 4988603 15
[14:43:33]	[Recv]	su 1 2073308 3 5002278 1115 70 12 4264 0 0 0 0 88746 3 0 0 9124

[14:43:33]	[Recv]	lev 99 0 99 0 2140719000 5991794 66980872 2 0 90 917705181 0

[14:43:33]	[Recv]	su 1 2073308 3 5002277 -1 0 -1 7687 -1 -1 1 81 1683 0 0

[14:43:33]	[Recv]	bf 3 5002277 0.1921.100 99

[14:43:33]	[Recv]	eff 3 5002277 0

[14:43:33]	[Recv]	su 1 2073308 3 5002277 1115 70 12 4264 0 0 0 0 177794 6 0 0 9124

[14:43:33]	[Recv]	lev 99 0 99 0 2140719000 5991794 66980872 2 0 90 917705181 0

[14:43:33]	[Recv]	su 1 2073308 3 5002276 1115 70 12 4264 0 0 0 0 27767 5 0 0 23083

[14:43:33]	[Recv]	lev 99 0 99 0 2140719000 5991794 66980872 2 0 90 917705181 0

[14:43:33]	[Recv]	mslot 1127 -1

[14:43:33]	[Recv]	qset 0 0 1.1.13.0

[14:43:33]	[Recv]	cond 2 4988603 0 0 15

[14:43:33]	[Send]	ptctl 5442 1 4988603 16 49 4988603 15
[14:43:33]	[Send]	suctl 5442 1 4988603 3 5002278
[14:43:33]	[Recv]	cond 2 4988603 0 0 15

[14:43:33]	[Send]	pulse 2940 0
[14:43:33]	[Recv]	umi 5060.341 5676.-1 5797.-1 13459.-2

[14:43:33]	[Recv]	eff 3 5002278 3617

[14:43:33]	[Recv]	eff 3 5002277 3617

[14:43:33]	[Send]	ptctl 5442 1 4988592 14 47 4988592 15
[14:43:33]	[Recv]	cond 2 4988592 0 0 15

[14:43:33]	[Send]	ptctl 5442 1 4988592 17 50 4988592 15
[14:43:34]	[Recv]	cond 2 4988592 0 0 15

[14:43:34]	[Send]	ptctl 5442 2 4988603 14 47 4988592 13 49 4988603 15
[14:43:34]	[Recv]	cond 1 2073308 0 0 18

[14:43:34]	[Recv]	cond 1 2073308 0 0 18

[14:43:34]	[Recv]	cond 2 4988603 0 0 15

[14:43:34]	[Recv]	cond 2 4988592 0 0 15

[14:43:34]	[Send]	ptctl 5442 2 4988603 19 47 4988592 20 50 4988603 15
[14:43:34]	[Recv]	cond 1 2073308 0 0 18

[14:43:34]	[Recv]	cond 1 2073308 0 0 18

[14:43:34]	[Recv]	cond 2 4988603 0 0 15

[14:43:34]	[Recv]	cond 2 4988592 0 0 15

[14:43:34]	[Send]	ptctl 5442 2 4988603 20 47 4988592 22 50 4988603 15
[14:43:34]	[Recv]	st 2 5001496 92 0 100 100 91620 183240 91620 183240 0

[14:43:34]	[Recv]	cond 1 2073308 0 0 18

[14:43:34]	[Recv]	cond 1 2073308 0 0 18

[14:43:34]	[Recv]	cond 2 4988603 0 0 15

[14:43:34]	[Recv]	cond 2 4988592 0 0 15

[14:43:35]	[Send]	ptctl 5442 2 4988603 22 47 4988592 24 50 4988603 15
[14:43:35]	[Recv]	cond 2 4988603 0 0 15

[14:43:35]	[Recv]	cond 2 4988592 0 0 15

[14:43:35]	[Send]	ptctl 5442 2 4988603 23 47 4988592 25 50 4988603 15
[14:43:35]	[Recv]	cond 1 2073308 0 0 18

[14:43:35]	[Recv]	cond 1 2073308 0 0 18

[14:43:35]	[Send]	ptctl 5442 2 4988603 24 47 4988592 26 50 4988603 15
[14:43:35]	[Recv]	cond 2 4988603 0 0 15

[14:43:35]	[Recv]	cond 2 4988592 0 0 15

[14:43:35]	[Recv]	cond 1 2073308 0 0 18

[14:43:35]	[Recv]	cond 1 2073308 0 0 18

[14:43:35]	[Recv]	sp 417094 1000000 3602 10000

[14:43:35]	[Recv]	cond 2 4988603 0 0 15

[14:43:35]	[Recv]	cond 2 4988592 0 0 15

[14:43:36]	[Send]	ptctl 5442 2 4988603 29 47 4988592 30 46 4988603 15
[14:43:36]	[Recv]	cond 1 2073308 0 0 18

[14:43:36]	[Recv]	cond 1 2073308 0 0 18

[14:43:36]	[Recv]	cond 2 4988603 0 0 15

[14:43:36]	[Recv]	cond 2 4988592 0 0 15

[14:43:36]	[Send]	ptctl 5442 2 4988603 31 47 4988592 31 47 4988603 15
[14:43:36]	[Recv]	cond 1 2073308 0 0 18

[14:43:36]	[Recv]	cond 1 2073308 0 0 18

[14:43:36]	[Recv]	cond 2 4988603 0 0 15

[14:43:36]	[Recv]	cond 2 4988592 0 0 15

[14:43:36]	[Recv]	st 2 5001496 92 0 100 100 91620 183240 91620 183240 0

[14:43:37]	[Send]	ncif 3 5002283
[14:43:37]	[Send]	ptctl 5442 1 4988592 35 43 4988592 15
[14:43:37]	[Recv]	st 3 5002283 96 0 100 100 86983 2670 86983 2670 0

[14:43:37]	[Send]	ptctl 5442 1 4988603 32 41 4988603 15
[14:43:37]	[Recv]	cond 2 4988592 0 0 15

[14:43:37]	[Send]	ptctl 5442 1 4988592 32 41 4988592 15
[14:43:37]	[Recv]	cond 2 4988603 0 0 15

[14:43:37]	[Recv]	cond 1 2073308 0 0 18

[14:43:37]	[Recv]	cond 1 2073308 0 0 18

[14:43:37]	[Send]	ptctl 5442 1 4988592 32 39 4988592 15
[14:43:37]	[Recv]	eff 2 5001496 7739

[14:43:37]	[Recv]	cond 2 4988592 0 0 15

[14:43:37]	[Recv]	cond 2 4988592 0 0 15

[14:43:38]	[Recv]	ms_c 0

[14:43:38]	[Recv]	qslot 0 1.1.1 1.1.2 1.1.3 1.1.4 1.1.5 1.1.6 1.1.7 1.1.9 1.1.8 1.1.10 0.1.45 0.2.21 0.1.76 1.1.38 1.3.12 0.1.34 0.1.87 0.-1.-1 0.1.84 0.1.43 1.3.11 1.1.42 1.1.41 1.3.976 0.-1.-1 0.1.70 0.2.143 0.2.25 0.2.27 0.2.26

[14:43:38]	[Recv]	qslot 1 0.-1.-1 0.-1.-1 0.-1.-1 0.-1.-1 0.-1.-1 0.-1.-1 0.-1.-1 0.-1.-1 0.-1.-1 0.-1.-1 0.1.-1 0.1.-1 1.1.41 1.1.42 0.-1.-1 7.7.-1 7.7.-1 7.7.-1 7.7.-1 0.-1.-1 0.-1.-1 0.-1.-1 0.-1.-1 0.-1.-1 0.-1.-1 0.-1.-1 0.-1.-1 0.-1.-1 0.-1.-1 0.-1.-1

[14:43:38]	[Send]	ncif 3 5002283
[14:43:38]	[Recv]	st 3 5002283 96 0 100 100 86983 2670 86983 2670 0

[14:43:38]	[Send]	ptctl 5442 1 4988603 32 36 4988603 15
[14:43:38]	[Recv]	cond 1 2073308 0 0 18

[14:43:38]	[Recv]	cond 1 2073308 0 0 18

[14:43:38]	[Send]	u_s 13 3 5002283
[14:43:38]	[Recv]	sayi 1 2073308 11 2065 0 0 0 0 0

[14:43:38]	[Recv]	psd 0

[14:43:38]	[Recv]	sayi 1 2073308 11 2065 0 0 0 0 0

[14:43:38]	[Recv]	psd 0

[14:43:38]	[Recv]	sayi 1 2073308 11 2065 0 0 0 0 0

[14:43:38]	[Recv]	psd 0

[14:43:38]	[Recv]	cond 2 4988603 0 0 15

[14:43:38]	[Send]	ptctl 5442 1 4988592 32 34 4988592 15
[14:43:38]	[Recv]	st 2 5001496 92 0 100 100 91620 183240 91620 183240 0

[14:43:38]	[Recv]	cond 1 2073308 0 0 18

[14:43:38]	[Recv]	cond 1 2073308 0 0 18

[14:43:38]	[Recv]	ms_c 0

[14:43:38]	[Recv]	cancel 0 13 -1

[14:43:39]	[Recv]	cond 2 4988592 0 0 15

[14:43:39]	[Send]	u_s 0 3 5002283
[14:43:39]	[Recv]	cond 1 2073308 0 0 18

[14:43:39]	[Recv]	cond 1 2073308 0 0 18

[14:43:39]	[Send]	ptctl 5442 1 4988592 32 30 4988592 15
[14:43:39]	[Send]	ptctl 5442 2 4988603 37 36 4988592 37 35 4988603 15
[14:43:39]	[Recv]	ct 1 2073308 3 5002283 -1 -1 1114

[14:43:39]	[Recv]	eff 1 2073308 15

[14:43:39]	[Recv]	su 1 2073308 3 5002283 1114 7 11 4260 0 0 1 16 72520 0 0 14463 86983

[14:43:39]	[Send]	ncif 3 5002283
[14:43:39]	[Recv]	cond 2 4988592 0 0 15

[14:43:39]	[Recv]	cond 2 4988603 0 0 15

[14:43:39]	[Recv]	cond 2 4988592 0 0 15

[14:43:39]	[Recv]	st 3 5002283 96 0 16 100 14463 2670 86983 2670 0

[14:43:39]	[Send]	ptctl 5442 2 4988603 38 37 4988592 38 35 4988603 15
[14:43:39]	[Recv]	cond 1 2073308 0 0 18

[14:43:39]	[Recv]	cond 1 2073308 0 0 18

[14:43:39]	[Recv]	cond 2 4988603 0 0 15

[14:43:39]	[Recv]	cond 2 4988592 0 0 15

[14:43:39]	[Send]	ptctl 5442 1 4988603 36 34 4988603 15
[14:43:39]	[Send]	ptctl 5442 1 4988592 36 30 4988592 15
[14:43:39]	[Send]	u_s 0 3 5002283
[14:43:39]	[Recv]	sr 0

[14:43:39]	[Recv]	cond 2 4988603 0 0 15

[14:43:40]	[Recv]	cond 2 4988592 0 0 15

[14:43:40]	[Recv]	cond 1 2073308 0 0 18

[14:43:40]	[Recv]	cond 1 2073308 0 0 18

[14:43:40]	[Recv]	sr 1

[14:43:40]	[Send]	suctl 5442 1 4988603 3 5002283
[14:43:40]	[Send]	ncif 3 5002283
[14:43:40]	[Recv]	ct 3 5002283 2 4988592 -1 -1 763

[14:43:40]	[Recv]	in 3 688 5002302 35 23 2 100 100 0 0 0 -1 0 0 -1 - 0 -1 0 0 0 0 0 0 0 0 0 0 0 0

[14:43:40]	[Recv]	in 3 688 5002303 37 23 2 100 100 0 0 0 -1 0 0 -1 - 0 -1 0 0 0 0 0 0 0 0 0 0 0 0

[14:43:40]	[Recv]	in 3 688 5002304 35 24 2 100 100 0 0 0 -1 0 0 -1 - 0 -1 0 0 0 0 0 0 0 0 0 0 0 0

[14:43:40]	[Recv]	in 3 688 5002305 35 24 2 100 100 0 0 0 -1 0 0 -1 - 0 -1 0 0 0 0 0 0 0 0 0 0 0 0

[14:43:40]	[Recv]	in 3 688 5002306 35 25 2 100 100 0 0 0 -1 0 0 -1 - 0 -1 0 0 0 0 0 0 0 0 0 0 0 0

[14:43:40]	[Recv]	su 3 5002283 3 5002283 763 50 11 7287 0 0 1 16 0 -1 0 14463 86983

[14:43:40]	[Recv]	ct 1 2073308 3 5002283 -1 -1 1114

[14:43:40]	[Recv]	eff 1 2073308 15

[14:43:40]	[Recv]	su 1 2073308 3 5002283 1114 7 11 4260 0 0 0 0 71614 0 0 0 86983

[14:43:40]	[Recv]	lev 99 0 99 0 2140719000 5991794 66980872 2 0 90 917705181 0

[14:43:40]	[Send]	ptctl 5442 2 4988603 39 38 4988592 38 37 4988603 15
[14:43:40]	[Recv]	sp 417094 1000000 3592 10000

[14:43:40]	[Recv]	eff 3 5002306 5000

[14:43:40]	[Recv]	eff 3 5002304 5000

[14:43:40]	[Recv]	eff 3 5002302 5000

[14:43:40]	[Send]	ptctl 5442 1 4988603 38 37 4988603 15
[14:43:40]	[Recv]	cond 1 2073308 0 0 18

[14:43:40]	[Recv]	cond 1 2073308 0 0 18

[14:43:40]	[Send]	ptctl 5442 2 4988603 37 39 4988592 39 37 4988603 15
[14:43:40]	[Recv]	ct 3 5002287 2 4988592 -1 -1 0

[14:43:40]	[Recv]	su 3 5002287 2 4988592 0 10 11 0 0 0 1 100 36 0 0 57735 57771

[14:43:40]	[Recv]	ct 3 5002279 2 4988592 -1 -1 0

[14:43:40]	[Recv]	su 3 5002279 2 4988592 0 10 11 0 0 0 1 99 37 0 0 57698 57771

[14:43:40]	[Recv]	st 2 5001496 92 0 100 100 91620 183240 91620 183240 0

[14:43:40]	[Recv]	cond 2 4988603 0 0 15

[14:43:40]	[Recv]	cond 2 4988592 0 0 15

[14:43:40]	[Recv]	cond 2 4988603 0 0 15

[14:43:40]	[Send]	ptctl 5442 2 4988603 39 38 4988592 39 38 4988603 15
[14:43:40]	[Recv]	cond 2 4988603 0 0 15

[14:43:40]	[Recv]	cond 2 4988592 0 0 15

[14:43:41]	[Recv]	sr 0

[14:43:41]	[Recv]	cond 2 4988603 0 0 15

[14:43:41]	[Recv]	cond 2 4988592 0 0 15

[14:43:41]	[Send]	ptctl 5442 1 4988603 39 37 4988603 15
[14:43:41]	[Send]	ncif 3 5002279
[14:43:41]	[Recv]	cond 2 4988603 0 0 15

[14:43:41]	[Recv]	st 3 5002279 96 0 100 100 9124 2670 9124 2670 0

[14:43:42]	[Send]	ncif 3 5002279
[14:43:42]	[Send]	ptctl 5442 1 4988592 37 34 4988592 15
[14:43:42]	[Send]	suctl 5442 1 4988603 3 5002279
[14:43:42]	[Send]	u_s 1 3 5002279
[14:43:42]	[Recv]	st 3 5002279 96 0 100 100 9124 2670 9124 2670 0

[14:43:42]	[Recv]	cond 2 4988592 0 0 15

[14:43:42]	[Recv]	st 2 5001496 92 0 100 100 91620 183240 91620 183240 0

[14:43:42]	[Recv]	eff 2 5001496 7739

[14:43:42]	[Recv]	eff 2 4988603 5005

[14:43:42]	[Recv]	ms_c 0

[14:43:42]	[Recv]	qslot 0 1.1.1 1.1.2 1.1.3 1.1.4 1.1.5 1.1.6 1.1.7 1.1.9 1.1.8 1.1.10 0.1.45 0.2.21 0.1.76 1.1.38 1.3.12 0.1.34 0.1.87 0.-1.-1 0.1.84 0.1.43 1.3.11 1.1.42 1.1.41 1.3.976 0.-1.-1 0.1.70 0.2.143 0.2.25 0.2.27 0.2.26

[14:43:42]	[Recv]	qslot 1 0.-1.-1 0.-1.-1 0.-1.-1 0.-1.-1 0.-1.-1 0.-1.-1 0.-1.-1 0.-1.-1 0.-1.-1 0.-1.-1 0.1.-1 0.1.-1 1.1.41 1.1.42 0.-1.-1 7.7.-1 7.7.-1 7.7.-1 7.7.-1 0.-1.-1 0.-1.-1 0.-1.-1 0.-1.-1 0.-1.-1 0.-1.-1 0.-1.-1 0.-1.-1 0.-1.-1 0.-1.-1 0.-1.-1

[14:43:43]	[Recv]	ct 1 2073308 3 5002279 14 4263 1115

[14:43:43]	[Recv]	ct 2 4988603 3 5002279 -1 -1 0

[14:43:43]	[Recv]	su 2 4988603 3 5002279 0 12 11 8360 0 0 1 42 5221 0 0 3903 9124

[14:43:43]	[Recv]	su 1 2073308 3 5002279 1115 70 12 4264 0 0 0 0 105828 3 0 0 9124

[14:43:43]	[Recv]	lev 99 0 99 0 2140719000 5991794 66980872 2 0 90 917705181 0

[14:43:43]	[Recv]	eff 1 2073308 15

[14:43:43]	[Recv]	su 1 2073308 3 5002287 1115 70 12 4264 0 0 0 0 261642 6 0 0 9124

[14:43:43]	[Recv]	lev 99 0 99 0 2140719000 5991794 66980872 2 0 90 917705181 0

[14:43:43]	[Recv]	bf 3 5002284 0.4110.80 99

[14:43:43]	[Recv]	eff 3 5002284 0

[14:43:43]	[Recv]	eff 1 2073308 15

[14:43:43]	[Recv]	su 1 2073308 3 5002284 1115 70 12 4264 0 0 0 0 88288 5 0 0 9124

[14:43:43]	[Recv]	lev 99 0 99 0 2140719000 5991794 66980872 2 0 90 917705181 0

[14:43:43]	[Send]	ptctl 5442 1 4988592 36 33 4988592 15
[14:43:43]	[Send]	suctl 5442 1 4988592 3 5002279
[14:43:43]	[Recv]	cond 2 4988592 0 0 15

[14:43:43]	[Send]	ptctl 5442 2 4988603 39 42 4988592 36 38 4988603 15
[14:43:43]	[Recv]	ct 3 5002306 2 4988592 -1 -1 0

[14:43:43]	[Recv]	su 3 5002306 2 4988592 0 5 11 0 0 0 1 99 158 0 0 57540 57771

[14:43:44]	[Recv]	cond 1 2073308 0 0 18

[14:43:44]	[Recv]	cond 1 2073308 0 0 18

[14:43:44]	[Send]	ptctl 5442 2 4988603 39 43 4988592 36 40 4988603 15
[14:43:44]	[Recv]	cond 2 4988603 0 0 15

[14:43:44]	[Recv]	cond 2 4988592 0 0 15

[14:43:44]	[Send]	ncif 3 5002282
[14:43:44]	[Recv]	cond 2 4988603 0 0 15

[14:43:44]	[Recv]	cond 2 4988592 0 0 15

[14:43:44]	[Recv]	ct 3 5002281 2 4988592 -1 -1 0

[14:43:44]	[Recv]	su 3 5002281 2 4988592 0 10 11 0 0 0 1 99 180 0 0 57360 57771

[14:43:44]	[Recv]	st 3 5002282 96 0 100 100 9124 2670 9124 2670 0

[14:43:44]	[Send]	u_s 0 3 5002282
[14:43:44]	[Send]	ptctl 5442 1 4988603 39 41 4988603 15
[14:43:44]	[Send]	suctl 5442 1 4988603 3 5002282
[14:43:44]	[Recv]	sc_p 170 1548 4988592 96 806 23963804 0 0 1889 2049 1289 19 90 9 975 627 958 627 866 3 90 90 110 80 57360 57771 18100 18100 1 84982200 0 @ 0 0 6 60 1831 1798 0 100

[14:43:44]	[Recv]	cond 1 2073308 0 0 18

[14:43:44]	[Recv]	cond 1 2073308 0 0 18

[14:43:44]	[Send]	ptctl 5442 1 4988592 36 35 4988592 15
[14:43:44]	[Recv]	st 2 5001496 92 0 100 100 91620 183240 91620 183240 0

[14:43:44]	[Recv]	ct 1 2073308 3 5002282 -1 -1 1114

[14:43:44]	[Recv]	su 1 2073308 3 5002282 1114 7 11 4260 0 0 0 0 107137 3 0 0 9124

[14:43:44]	[Recv]	lev 99 0 99 0 2140719000 5991794 66980872 2 0 90 917705181 0

[14:43:44]	[Recv]	cond 2 4988603 0 0 15

[14:43:44]	[Send]	ptctl 5442 2 4988603 40 46 4988592 36 42 4988603 15
[14:43:45]	[Recv]	cond 2 4988592 0 0 15

[14:43:45]	[Send]	ptctl 5442 2 4988603 41 46 4988592 38 43 4988603 15
[14:43:45]	[Recv]	cond 1 2073308 0 0 18

[14:43:45]	[Recv]	cond 1 2073308 0 0 18

[14:43:45]	[Recv]	cond 2 4988603 0 0 15

[14:43:45]	[Recv]	cond 2 4988592 0 0 15

[14:43:45]	[Recv]	cond 2 4988603 0 0 15

[14:43:45]	[Recv]	cond 2 4988592 0 0 15

[14:43:45]	[Recv]	ct 3 5002304 2 4988592 -1 -1 0

[14:43:45]	[Recv]	su 3 5002304 2 4988592 0 5 11 0 0 0 1 99 32 3 0 57328 57771

[14:43:45]	[Recv]	sr 0

[14:43:45]	[Recv]	sp 417094 1000000 3582 10000

[14:43:46]	[Send]	ptctl 5442 1 4988592 42 47 4988592 15
[14:43:46]	[Recv]	cond 2 4988592 0 0 15

[14:43:46]	[Send]	u_ts 759 44 42
[14:43:46]	[Send]	ptctl 5442 1 4988603 40 47 4988603 15
[14:43:46]	[Recv]	in 2 2709 4988615 46 41 2 100 100 0 0 3 2073308 0 0 -1 @ 2 -1 0 0 0 0 0 0 7549 0 0 0 8 4

[14:43:46]	[Recv]	ctl 2 4988615 0 1

[14:43:46]	[Recv]	in 2 2708 4988614 44 43 2 100 100 0 0 3 2073308 0 0 -1 Oso^polar^Grunidos 2 -1 0 0 0 0 0 0 0 0 0 0 6 3

[14:43:46]	[Recv]	ctl 2 4988614 0 1

[14:43:46]	[Recv]	in 2 670 4988544 46 42 2 100 100 0 0 3 2073308 0 0 -1 Fibi^Friggus 2 -1 0 0 0 0 0 0 0 0 0 0 5 3

[14:43:46]	[Recv]	ctl 2 4988544 0 1

[14:43:46]	[Recv]	in 2 567 4988523 46 41 2 100 100 0 0 3 2073308 0 0 -1 Hada^oval 2 -1 0 0 0 0 0 0 0 0 0 0 7 3

[14:43:46]	[Recv]	ctl 2 4988523 0 1

[14:43:46]	[Recv]	bf 1 2073308 0.1026.200 99

[14:43:46]	[Recv]	sayi 1 2073308 20 26 3 1026 0 0 0

[14:43:46]	[Recv]	team_cool 1 900

[14:43:46]	[Send]	ptctl 5442 2 4988603 45 49 4988592 44 48 4988603 15
[14:43:46]	[Recv]	eff 3 5002290 5000

[14:43:46]	[Recv]	eff 3 5002288 5000

[14:43:46]	[Recv]	eff 3 5002280 5000

[14:43:46]	[Recv]	cond 2 4988603 0 0 15

[14:43:46]	[Recv]	cond 1 2073308 0 0 18

[14:43:46]	[Recv]	cond 1 2073308 0 0 18

[14:43:46]	[Send]	ptctl 5442 2 4988603 45 50 4988592 43 49 4988603 15
[14:43:46]	[Recv]	st 2 5001496 92 0 100 100 91620 183240 91620 183240 0

[14:43:46]	[Recv]	cond 2 4988603 0 0 15

[14:43:46]	[Recv]	cond 2 4988592 0 0 15

[14:43:46]	[Recv]	cond 1 2073308 0 0 18

[14:43:46]	[Recv]	cond 1 2073308 0 0 18

[14:43:46]	[Recv]	cond 2 4988603 0 0 15

[14:43:46]	[Recv]	cond 2 4988592 0 0 15

[14:43:47]	[Send]	ptctl 5442 2 4988603 48 48 4988592 47 48 4988603 15
[14:43:47]	[Recv]	cond 1 2073308 0 0 18

[14:43:47]	[Recv]	cond 1 2073308 0 0 18

[14:43:47]	[Send]	ncif 3 5002290
[14:43:47]	[Recv]	cond 2 4988603 0 0 15

[14:43:47]	[Recv]	cond 2 4988592 0 0 15

[14:43:47]	[Recv]	st 3 5002290 96 0 100 100 23083 2670 23083 2670 0

[14:43:47]	[Recv]	ct 2 4988615 3 5002302 -1 -1 0

[14:43:47]	[Recv]	su 2 4988615 3 5002302 0 12 11 7548 0 0 1 45 2697 0 0 2266 5000

[14:43:47]	[Recv]	eff 2 5001496 7739

[14:43:47]	[Send]	ptctl 5442 1 4988592 48 53 4988592 15
[14:43:47]	[Send]	ncif 3 5002289
[14:43:47]	[Send]	u_s 0 3 5002289
[14:43:47]	[Recv]	cond 2 4988592 0 0 15

[14:43:47]	[Send]	ptctl 5442 1 4988603 52 51 4988603 15
[14:43:48]	[Recv]	st 3 5002289 96 0 100 100 9124 2670 9124 2670 0

[14:43:48]	[Recv]	cond 1 2073308 0 0 18

[14:43:48]	[Recv]	cond 1 2073308 0 0 18

[14:43:48]	[Recv]	ct 1 2073308 3 5002289 -1 -1 1114

[14:43:48]	[Recv]	eff 1 2073308 15

[14:43:48]	[Recv]	su 1 2073308 3 5002289 1114 7 11 4260 0 0 0 0 424360 3 0 0 9124

[14:43:48]	[Recv]	lev 99 0 99 0 2140719000 5991794 66980872 2 0 90 917705181 0

[14:43:48]	[Recv]	cond 2 4988603 0 0 15

[14:43:48]	[Send]	ptctl 5442 1 4988603 51 50 4988603 15
[14:43:48]	[Send]	suctl 5442 1 4988603 3 5002289
[14:43:48]	[Recv]	cond 2 4988603 0 0 15

[14:43:48]	[Send]	ncif 3 5002291
[14:43:48]	[Recv]	eff 3 5002289 3617

[14:43:48]	[Recv]	st 3 5002291 96 0 100 100 9124 2670 9124 2670 0

[14:43:48]	[Send]	ptctl 5442 1 4988592 52 56 4988592 15
[14:43:48]	[Recv]	eff 2 4988544 3007

[14:43:48]	[Recv]	ct 2 4988614 3 5002303 -1 -1 0

[14:43:48]	[Recv]	su 2 4988614 3 5002303 0 15 11 7538 0 0 0 0 5720 0 0 0 5000

[14:43:48]	[Recv]	lev 99 0 99 0 2140719000 5991794 66980872 2 0 90 917705181 0

[14:43:48]	[Recv]	st 2 5001496 92 0 100 100 91620 183240 91620 183240 0

[14:43:48]	[Recv]	cond 2 4988592 0 0 15

[14:43:49]	[Recv]	sr 0

[14:43:49]	[Send]	u_s 0 3 5002291
[14:43:49]	[Recv]	ct 1 2073308 3 5002291 -1 -1 1114

[14:43:49]	[Recv]	eff 1 2073308 15

[14:43:49]	[Recv]	su 1 2073308 3 5002291 1114 7 11 4260 0 0 0 0 422062 3 0 0 9124

[14:43:49]	[Recv]	lev 99 0 99 0 2140719000 5991794 66980872 2 0 90 917705181 0

[14:43:49]	[Recv]	ct 3 5002302 2 4988615 -1 -1 0

[14:43:49]	[Recv]	su 3 5002302 2 4988615 0 5 11 0 0 0 1 99 93 0 0 28882 28975

[14:43:49]	[Recv]	eff 3 5002291 3617

[14:43:49]	[Send]	ptctl 5442 2 4988603 46 50 4988592 47 55 4988603 15
[14:43:49]	[Recv]	ct 2 4988523 3 5002305 -1 -1 0

[14:43:49]	[Recv]	cond 1 2073308 0 0 18

[14:43:49]	[Recv]	cond 1 2073308 0 0 18

[14:43:49]	[Send]	ptctl 5442 1 4988603 45 52 4988603 15
[14:43:49]	[Recv]	cond 2 4988603 0 0 15

[14:43:49]	[Recv]	cond 2 4988592 0 0 15

[14:43:49]	[Recv]	su 2 4988523 3 5002305 0 11 11 4742 0 0 1 99 0 4 0 4952 5000

[14:43:49]	[Recv]	sr 0

[14:43:49]	[Recv]	cond 2 4988603 0 0 15

[14:43:50]	[Send]	ncif 3 5002290
[14:43:50]	[Recv]	st 3 5002290 96 0 100 100 23083 2670 23083 2670 0

[14:43:50]	[Send]	ptctl 5442 1 4988603 46 51 4988603 15
[14:43:50]	[Send]	suctl 5442 1 4988603 3 5002290
[14:43:50]	[Recv]	sr 1

[14:43:50]	[Send]	u_s 0 3 5002290
[14:43:50]	[Send]	ptctl 5442 1 4988592 49 51 4988592 15
[14:43:50]	[Recv]	ct 2 4988615 3 5002302 -1 -1 0

[14:43:50]	[Recv]	su 2 4988615 3 5002302 0 12 11 7548 0 0 0 0 2668 0 0 0 5000

[14:43:50]	[Recv]	lev 99 0 99 0 2140719000 5991794 66980872 2 0 90 917705181 0

[14:43:50]	[Recv]	cond 2 4988603 0 0 15

[14:43:50]	[Recv]	eff 2 4988603 5005

[14:43:50]	[Recv]	sp 417094 1000000 3572 10000

[14:43:50]	[Recv]	cond 1 2073308 0 0 18

[14:43:50]	[Recv]	cond 1 2073308 0 0 18

[14:43:50]	[Recv]	ct 2 4988603 3 5002290 -1 -1 0

[14:43:50]	[Recv]	su 2 4988603 3 5002290 0 12 11 8360 0 0 1 72 6422 0 0 16661 23083

[14:43:50]	[Recv]	st 2 5001496 92 0 100 100 91620 183240 91620 183240 0

[14:43:50]	[Recv]	ct 1 2073308 3 5002290 -1 -1 1114

[14:43:50]	[Recv]	bf 3 5002290 0.4110.80 99

[14:43:50]	[Recv]	eff 3 5002290 0

[14:43:50]	[Recv]	eff 1 2073308 15

[14:43:50]	[Recv]	su 1 2073308 3 5002290 1114 7 11 4260 0 0 0 0 70877 0 0 0 23083

[14:43:50]	[Recv]	lev 99 0 99 0 2140719000 5991794 66980872 2 0 90 917705181 0

[14:43:50]	[Recv]	cond 2 4988592 0 0 15

[14:43:50]	[Send]	ncif 3 5002286
[14:43:50]	[Recv]	st 3 5002286 96 0 100 100 9124 2670 9124 2670 0

[14:43:50]	[Send]	ptctl 5442 1 4988592 44 49 4988592 15
[14:43:51]	[Recv]	cond 2 4988592 0 0 15

[14:43:51]	[Send]	ptctl 5442 2 4988603 41 51 4988592 44 51 4988603 15
[14:43:51]	[Recv]	cond 1 2073308 0 0 18

[14:43:51]	[Recv]	cond 1 2073308 0 0 18

[14:43:51]	[Recv]	cond 2 4988603 0 0 15

[14:43:51]	[Recv]	cond 2 4988592 0 0 15

[14:43:51]	[Send]	ncif 3 5002285
[14:43:51]	[Send]	ptctl 5442 1 4988592 43 48 4988592 15
[14:43:51]	[Recv]	sr 0

[14:43:51]	[Send]	u_s 8 3 5002285
[14:43:51]	[Recv]	st 3 5002285 96 0 100 100 79883 2670 79883 2670 0

[14:43:51]	[Recv]	finfo 3654050.0.Ambro420 4038466.1.*Boss95* 4032759.1.•Van_Heert•™ 6938689.0.LimitiMioPadre 4371592.0.STa®†a©R 6866129.0.Amnesya92 3393597.1.°Lordone24° 5527355.0.SugmaDeek 3988345.1.IMissYou 613441.1.ADuckOnQuack 6544388.0.SerowyNachoo 4351664.0.»Ja©k™ 1246372.0.!Ice! 3650626.1.DarkAngeeL 4286434.0.Salvanto2 5664515.0.Vixerin 3559057.0.~Frizz 7593876.0.Gang404 4368426.0.~Blackurio 957916.0.lusikill 2935710.0.#Rey1# 3467154.0.[St]Grippato 2939098.0.GorGoJo 3343263.0.Ansatsu 1638277.0.Memed 4357105.0.•Rosengarten 6623637.0.K?ndeer 1213513.0.Anny_ 7147719.0.Mortanciia 6680510.0.‡Ejzi‡ 2460434.0.Jon07 5635569.1.vladzio 2620775.0.·Tenzo 7163132.0.Frigus_One 1189318.0.VelveD 6973700.1.Douv 2360335.0.All730 4338026.0.redelfuoco9 5650090.0.Yoru_Sutoka 4304835.1.~DarkMrrn 7149833.1.Vistrooo 4074353.0.ImExelliuM

[14:43:51]	[Recv]	cond 2 4988592 0 0 15

[14:43:51]	[Send]	ptctl 5442 1 4988603 44 51 4988603 15
[14:43:51]	[Send]	suctl 5442 1 4988603 3 5002285
[14:43:51]	[Recv]	cond 1 2073308 0 0 18

[14:43:51]	[Recv]	cond 1 2073308 0 0 18

[14:43:51]	[Recv]	ms_c 0

[14:43:51]	[Recv]	qslot 0 1.1.1 1.1.2 1.1.3 1.1.4 1.1.5 1.1.6 1.1.7 1.1.9 1.1.8 1.1.10 0.1.45 0.2.21 0.1.76 1.1.38 1.3.12 0.1.34 0.1.87 0.-1.-1 0.1.84 0.1.43 1.3.11 1.1.42 1.1.41 1.3.976 0.-1.-1 0.1.70 0.2.143 0.2.25 0.2.27 0.2.26

[14:43:51]	[Recv]	qslot 1 0.-1.-1 0.-1.-1 0.-1.-1 0.-1.-1 0.-1.-1 0.-1.-1 0.-1.-1 0.-1.-1 0.-1.-1 0.-1.-1 0.1.-1 0.1.-1 1.1.41 1.1.42 0.-1.-1 7.7.-1 7.7.-1 7.7.-1 7.7.-1 0.-1.-1 0.-1.-1 0.-1.-1 0.-1.-1 0.-1.-1 0.-1.-1 0.-1.-1 0.-1.-1 0.-1.-1 0.-1.-1 0.-1.-1

[14:43:51]	[Recv]	ct 3 5002305 2 4988523 -1 -1 0

[14:43:51]	[Recv]	su 3 5002305 2 4988523 0 5 11 0 0 0 1 76 1065 0 0 3303 4368

[14:43:51]	[Recv]	ct 1 2073308 3 5002285 -1 -1 1122

[14:43:51]	[Recv]	cond 2 4988603 0 0 15

[14:43:52]	[Recv]	su 1 2073308 3 5002285 1122 150 41 4268 0 0 1 100 0 4 0 79883 79883

[14:43:52]	[Recv]	eff 2 4988603 5005

[14:43:52]	[Send]	ncif 3 5002285
[14:43:52]	[Send]	suctl 5442 1 4988592 3 5002285
[14:43:52]	[Recv]	ct 3 5002281 2 4988592 -1 -1 0

[14:43:52]	[Recv]	su 3 5002281 2 4988592 0 10 11 0 0 0 1 99 37 0 0 57291 57771

[14:43:52]	[Recv]	ct 2 4988523 3 5002305 -1 -1 0

[14:43:52]	[Recv]	ct 2 4988603 3 5002285 -1 -1 0

[14:43:52]	[Recv]	su 2 4988603 3 5002285 0 12 11 8360 0 0 1 93 5360 0 0 74523 79883

[14:43:52]	[Recv]	st 3 5002285 96 0 93 100 74523 2670 79883 2670 0

[14:43:52]	[Recv]	su 2 4988523 3 5002305 0 11 11 4742 0 0 1 98 0 4 0 4939 5000

[14:43:52]	[Recv]	eff 2 4988592 5005

[14:43:52]	[Send]	ptctl 5442 2 4988603 41 51 4988592 41 52 4988603 15
[14:43:52]	[Recv]	ct 3 5002306 2 4988592 -1 -1 0

[14:43:52]	[Recv]	su 3 5002306 2 4988592 0 5 11 0 0 0 1 99 0 1 0 57291 57771

[14:43:52]	[Recv]	ct 3 5002288 1 2073308 -1 -1 0

[14:43:52]	[Recv]	su 3 5002288 1 2073308 0 10 11 0 0 0 1 99 437 0 0 95060 95497

[14:43:52]	[Recv]	st 2 5001496 92 0 100 100 91620 183240 91620 183240 0

[14:43:52]	[Recv]	eff 2 5001496 7739

[14:43:52]	[Recv]	cond 1 2073308 0 0 18

[14:43:52]	[Recv]	cond 1 2073308 0 0 18

[14:43:52]	[Recv]	cond 2 4988603 0 0 15

[14:43:52]	[Recv]	cond 2 4988592 0 0 15

[14:43:52]	[Recv]	ct 2 4988615 3 5002286 -1 -1 0

[14:43:52]	[Recv]	su 2 4988615 3 5002286 0 12 11 7548 0 0 1 100 0 4 0 9124 9124

[14:43:52]	[Recv]	ct 2 4988592 3 5002285 -1 -1 0

[14:43:52]	[Recv]	su 2 4988592 3 5002285 0 10 11 0 0 0 1 93 0 1 0 74523 79883

[14:43:53]	[Send]	ptctl 5442 1 4988603 43 51 4988603 15
[14:43:53]	[Send]	suctl 5442 1 4988603 3 5002285
[14:43:53]	[Send]	u_s 1 3 5002285
[14:43:53]	[Recv]	ct 3 5002305 2 4988523 -1 -1 0

[14:43:53]	[Recv]	su 3 5002305 2 4988523 0 5 11 0 0 0 1 76 0 1 0 3303 4368

[14:43:53]	[Recv]	cond 2 4988603 0 0 15

[14:43:53]	[Recv]	eff 2 4988603 5005

[14:43:53]	[Send]	ncif 3 5002285
[14:43:53]	[Recv]	cond 1 2073308 0 0 18

[14:43:53]	[Recv]	cond 1 2073308 0 0 18

[14:43:53]	[Recv]	ms_c 0

[14:43:53]	[Recv]	qslot 0 1.1.1 1.1.2 1.1.3 1.1.4 1.1.5 1.1.6 1.1.7 1.1.9 1.1.8 1.1.10 0.1.45 0.2.21 0.1.76 1.1.38 1.3.12 0.1.34 0.1.87 0.-1.-1 0.1.84 0.1.43 1.3.11 1.1.42 1.1.41 1.3.976 0.-1.-1 0.1.70 0.2.143 0.2.25 0.2.27 0.2.26

[14:43:53]	[Recv]	qslot 1 0.-1.-1 0.-1.-1 0.-1.-1 0.-1.-1 0.-1.-1 0.-1.-1 0.-1.-1 0.-1.-1 0.-1.-1 0.-1.-1 0.1.-1 0.1.-1 1.1.41 1.1.42 0.-1.-1 7.7.-1 7.7.-1 7.7.-1 7.7.-1 0.-1.-1 0.-1.-1 0.-1.-1 0.-1.-1 0.-1.-1 0.-1.-1 0.-1.-1 0.-1.-1 0.-1.-1 0.-1.-1 0.-1.-1

[14:43:53]	[Send]	ptctl 5442 1 4988592 42 51 4988592 15
[14:43:53]	[Send]	suctl 5442 1 4988592 3 5002285
[14:43:53]	[Recv]	ct 2 4988614 3 5002288 -1 -1 0

[14:43:53]	[Recv]	su 2 4988614 3 5002288 0 15 11 7538 0 0 1 100 0 1 0 9124 9124

[14:43:53]	[Recv]	ct 1 2073308 3 5002285 14 4263 1115

[14:43:53]	[Recv]	st 3 5002285 96 0 93 100 74523 2670 79883 2670 0

[14:43:53]	[Recv]	cond 2 4988592 0 0 15

[14:43:53]	[Recv]	ct 3 5002280 1 2073308 -1 -1 0

[14:43:53]	[Recv]	su 3 5002280 1 2073308 0 12 11 0 0 0 1 99 434 0 0 94626 95497

[14:43:53]	[Recv]	in 3 804 5002371 43 49 2 100 100 0 0 0 -1 0 0 -1 - 0 -1 0 0 0 0 0 0 0 0 0 0 0 0

[14:43:53]	[Recv]	in 3 804 5002372 43 49 2 100 100 0 0 0 -1 0 0 -1 - 0 -1 0 0 0 0 0 0 0 0 0 0 0 0

[14:43:53]	[Recv]	sc_p 8 567 4988523 1 2994 0 1 0 461 468 254 10 150 0 198 31 197 31 193 2 12 12 12 12 3303 4368 4224 4224 0 15 0 Hada^oval 0 7 3 30 1819 1797 0 1080

[14:43:53]	[Recv]	eff 2 4988544 3007

[14:43:53]	[Recv]	sc_p 6 2708 4988614 94 2994 150447 0 1 908 1116 696 14 90 4 460 550 428 550 375 3 65 65 75 55 38913 38913 5790 5790 0 72875950 0 Oso^polar^Grunidos 0 6 3 20 1797 1818 11 500

[14:43:53]	[Recv]	sc_p 0 2709 4988615 94 1806 11595282 1 0 1086 1264 1063 14 240 0 539 627 565 627 516 0 32 32 32 32 28882 28975 12890 12890 0 72875950 0 @ 0 8 4 28 1818 1825 201 930

[14:43:53]	[Recv]	eff 2 4988592 5005

[14:43:53]	[Recv]	rc 1 2073308 200 0

[14:43:53]	[Recv]	su 1 2073308 3 5002285 1115 70 12 4264 0 0 1 19 58617 3 0 15906 79883

[14:43:53]	[Recv]	eff 1 2073308 15

[14:43:53]	[Recv]	su 1 2073308 3 5002372 1115 70 12 4264 0 0 0 0 209150 6 0 0 5170

[14:43:53]	[Recv]	lev 99 0 99 0 2140719000 5991794 66980872 2 0 90 917705181 0

[14:43:53]	[Recv]	su 1 2073308 3 5002371 1115 70 12 4264 0 0 0 0 84920 6 0 0 5170

[14:43:53]	[Recv]	lev 99 0 99 0 2140719000 5991794 66980872 2 0 90 917705181 0

[14:43:53]	[Recv]	su 1 2073308 3 5002304 1115 70 12 4264 0 0 0 0 29786 5 0 0 5000

[14:43:53]	[Recv]	lev 99 0 99 0 2140719000 5991794 66980872 2 0 90 917705181 0

[14:43:53]	[Recv]	eff 1 2073308 15

[14:43:53]	[Recv]	su 1 2073308 3 5002288 1115 70 12 4264 0 0 0 0 199809 6 0 0 9124

[14:43:53]	[Recv]	lev 99 0 99 0 2140719000 5991794 66980872 2 0 90 917705181 0

[14:43:53]	[Recv]	eff 1 2073308 15

[14:43:53]	[Recv]	su 1 2073308 3 5002286 1115 70 12 4264 0 0 0 0 264444 6 0 0 9124

[14:43:53]	[Recv]	lev 99 0 99 0 2140719000 5991794 66980872 2 0 90 917705181 0

[14:43:53]	[Recv]	bf 3 5002281 0.4110.80 99

[14:43:53]	[Recv]	eff 3 5002281 0

[14:43:53]	[Recv]	su 1 2073308 3 5002281 1115 70 12 4264 0 0 0 0 31915 5 0 0 9124

[14:43:53]	[Recv]	lev 99 0 99 0 2140719000 5991794 66980872 2 0 90 917705181 0

[14:43:53]	[Recv]	mslot 1127 -1

[14:43:53]	[Recv]	qset 0 0 1.1.13.0

[14:43:54]	[Send]	u_s 13 3 5002285
[14:43:54]	[Recv]	ms_c 0

[14:43:54]	[Recv]	qslot 0 1.1.1 1.1.2 1.1.3 1.1.4 1.1.5 1.1.6 1.1.7 1.1.9 1.1.8 1.1.10 0.1.45 0.2.21 0.1.76 1.1.38 1.3.12 0.1.34 0.1.87 0.-1.-1 0.1.84 0.1.43 1.3.11 1.1.42 1.1.41 1.3.976 0.-1.-1 0.1.70 0.2.143 0.2.25 0.2.27 0.2.26

[14:43:54]	[Recv]	qslot 1 0.-1.-1 0.-1.-1 0.-1.-1 0.-1.-1 0.-1.-1 0.-1.-1 0.-1.-1 0.-1.-1 0.-1.-1 0.-1.-1 0.1.-1 0.1.-1 1.1.41 1.1.42 0.-1.-1 7.7.-1 7.7.-1 7.7.-1 7.7.-1 0.-1.-1 0.-1.-1 0.-1.-1 0.-1.-1 0.-1.-1 0.-1.-1 0.-1.-1 0.-1.-1 0.-1.-1 0.-1.-1 0.-1.-1

[14:43:54]	[Recv]	eff 3 5002372 3617

[14:43:54]	[Recv]	eff 3 5002371 3617

[14:43:54]	[Recv]	ct 2 4988592 3 5002285 -1 -1 0

[14:43:54]	[Recv]	su 2 4988592 3 5002285 0 4 11 0 0 0 1 14 4555 0 0 11351 79883

[14:43:54]	[Recv]	ct 1 2073308 3 5002285 -1 -1 1127

[14:43:54]	[Recv]	eff 1 2073308 15

[14:43:54]	[Recv]	rc 1 2073308 200 0

[14:43:54]	[Recv]	su 1 2073308 3 5002285 1127 100 22 4284 0 0 0 0 214671 3 0 0 79883

[14:43:54]	[Recv]	lev 99 0 99 0 2140719000 5991794 66980872 2 0 90 917705181 0

[14:43:54]	[Recv]	ct 3 5002305 2 4988523 -1 -1 0

[14:43:54]	[Recv]	su 3 5002305 2 4988523 0 5 11 0 0 0 1 51 1076 3 0 2227 4368

[14:43:54]	[Recv]	sr 5

[14:43:54]	[Send]	suctl 5442 1 4988603 3 5002285
[14:43:54]	[Send]	u_s 0 3 5002285
[14:43:54]	[Recv]	ct 3 5002306 1 2073308 -1 -1 0

[14:43:54]	[Recv]	su 3 5002306 1 2073308 0 5 11 0 0 0 1 99 0 1 0 95026 95497

[14:43:54]	[Recv]	sc_p 170 1548 4988592 96 805 23964897 0 0 1889 2049 1289 19 90 9 975 627 958 627 866 3 90 90 110 80 57291 57771 18100 18100 1 84982200 0 @ 0 0 6 60 1831 1798 0 100

[14:43:54]	[Recv]	cancel 0 0 -1

[14:43:54]	[Send]	ptctl 5442 1 4988592 42 52 4988592 15
[14:43:54]	[Recv]	cond 2 4988592 0 0 15

[14:43:54]	[Send]	ptctl 5442 2 4988603 38 50 4988592 38 50 4988603 15
[14:43:54]	[Recv]	st 2 5001496 92 0 100 100 91620 183240 91620 183240 0

[14:43:54]	[Recv]	cond 1 2073308 0 0 18

[14:43:54]	[Recv]	cond 1 2073308 0 0 18

[14:43:54]	[Send]	ptctl 5442 1 4988603 37 49 4988603 15
[14:43:54]	[Recv]	cond 2 4988603 0 0 15

[14:43:54]	[Recv]	cond 2 4988592 0 0 15

[14:43:54]	[Recv]	ct 2 4988523 3 5002305 -1 -1 0

[14:43:54]	[Recv]	cond 1 2073308 0 0 18

[14:43:54]	[Recv]	cond 1 2073308 0 0 18

[14:43:54]	[Send]	ptctl 5442 2 4988603 37 48 4988592 37 51 4988603 15
[14:43:55]	[Recv]	cond 2 4988603 0 0 15

[14:43:55]	[Recv]	su 2 4988523 3 5002305 0 11 11 4742 0 0 1 98 1 0 0 4925 5000

[14:43:55]	[Recv]	cond 2 4988603 0 0 15

[14:43:55]	[Recv]	cond 2 4988592 0 0 15

[14:43:55]	[Send]	ncif 3 5002280
[14:43:55]	[Recv]	st 3 5002280 96 0 100 100 23083 2670 23083 2670 0

[14:43:55]	[Recv]	sp 417094 1000000 3562 10000

[14:43:55]	[Recv]	ct 3 5002305 2 4988523 -1 -1 0

[14:43:55]	[Recv]	su 3 5002305 2 4988523 0 5 11 0 0 0 1 28 1023 0 0 1204 4368

[14:43:55]	[Recv]	ct 2 4988615 3 5002280 -1 -1 0

[14:43:55]	[Recv]	su 2 4988615 3 5002280 0 12 11 7548 0 0 1 89 2584 0 0 20499 23083

[14:43:55]	[Send]	ptctl 5442 1 4988592 40 49 4988592 15
[14:43:55]	[Recv]	cond 2 4988592 0 0 15

[14:43:55]	[Send]	u_s 0 3 5002280
[14:43:55]	[Send]	suctl 5442 1 4988603 3 5002280
[14:43:55]	[Recv]	cond 1 2073308 0 0 18

[14:43:55]	[Recv]	cond 1 2073308 0 0 18

[14:43:55]	[Recv]	ct 1 2073308 3 5002280 -1 -1 1114

[14:43:55]	[Recv]	eff 1 2073308 15

[14:43:55]	[Recv]	rc 1 2073308 200 0

[14:43:55]	[Recv]	su 1 2073308 3 5002280 1114 7 11 4260 0 0 0 0 68713 0 0 0 23083

[14:43:56]	[Recv]	lev 99 0 99 0 2140719000 5991794 66980872 2 0 90 917705181 0

[14:43:56]	[Send]	ptctl 5442 2 4988603 37 51 4988592 37 49 4988603 15
[14:43:56]	[Recv]	ct 3 5002306 2 4988592 -1 -1 0

[14:43:56]	[Recv]	su 3 5002306 2 4988592 0 5 11 0 0 0 1 99 159 0 0 57132 57771

[14:43:56]	[Recv]	cond 2 4988603 0 0 15

[14:43:56]	[Recv]	cond 2 4988592 0 0 15

[14:43:56]	[Send]	ncif 3 5002280
[14:43:56]	[Recv]	sr 0

[14:43:56]	[Recv]	ct 3 5002305 2 4988523 -1 -1 0

[14:43:56]	[Recv]	su 3 5002305 2 4988523 0 5 11 0 0 0 1 28 0 1 0 1204 4368

[14:43:56]	[Recv]	ct 2 4988614 3 5002306 -1 -1 0

[14:43:56]	[Recv]	su 2 4988614 3 5002306 0 15 11 7538 0 0 0 0 5558 0 0 0 5000

[14:43:56]	[Recv]	lev 99 0 99 0 2140719000 5991794 66980872 2 0 90 917705181 0

[14:43:56]	[Recv]	st 2 5001496 92 0 100 100 91620 183240 91620 183240 0

[14:43:57]	[Send]	ncif 3 5002306
[14:43:57]	[Send]	u_s 0 3 5002306
[14:43:57]	[Send]	ptctl 5442 1 4988592 41 49 4988592 15
[14:43:57]	[Send]	suctl 5442 1 4988603 3 5002306
[14:43:57]	[Recv]	cancel 0 0 -1

[14:43:57]	[Recv]	cond 2 4988592 0 0 15

[14:43:57]	[Recv]	ct 2 4988523 3 5002305 -1 -1 0

[14:43:57]	[Send]	ptctl 5442 1 4988592 40 49 4988592 15
[14:43:57]	[Recv]	su 2 4988523 3 5002305 0 11 11 4742 0 0 1 98 0 4 0 4912 5000

[14:43:57]	[Recv]	eff 2 5001496 7739

[14:43:57]	[Recv]	cond 2 4988592 0 0 15

[14:43:57]	[Send]	ptctl 5442 2 4988603 39 50 4988592 38 52 4988603 15
[14:43:57]	[Recv]	ct 3 5002305 2 4988523 -1 -1 0

[14:43:57]	[Recv]	su 3 5002305 2 4988523 0 5 11 0 0 0 1 3 1054 0 0 150 4368

[14:43:57]	[Recv]	cond 1 2073308 0 0 18

[14:43:57]	[Recv]	cond 1 2073308 0 0 18

[14:43:58]	[Send]	ncif 3 5002305
[14:43:58]	[Recv]	cond 2 4988603 0 0 15

[14:43:58]	[Recv]	cond 2 4988592 0 0 15

[14:43:58]	[Recv]	ct 2 4988615 3 5002305 -1 -1 0

[14:43:58]	[Recv]	su 2 4988615 3 5002305 0 12 11 7548 0 0 1 45 2624 0 0 2286 5000

[14:43:58]	[Recv]	st 3 5002305 90 0 45 100 2286 2369 5000 2369 0

[14:43:58]	[Send]	u_s 0 3 5002305
[14:43:58]	[Send]	ptctl 5442 1 4988592 38 47 4988592 15
[14:43:58]	[Recv]	ct 1 2073308 3 5002305 -1 -1 1114

[14:43:58]	[Recv]	eff 1 2073308 15

[14:43:58]	[Recv]	rc 1 2073308 200 0

[14:43:58]	[Recv]	su 1 2073308 3 5002305 1114 7 11 4260 0 0 0 0 217159 3 0 0 5000

[14:43:58]	[Recv]	lev 99 0 99 0 2140719000 5991794 66980872 2 0 90 917705181 0

[14:43:58]	[Recv]	cond 2 4988592 0 0 15

[14:43:58]	[Send]	suctl 5442 1 4988603 3 5002305
[14:43:58]	[Send]	ptctl 5442 2 4988603 41 50 4988592 42 51 4988603 15
[14:43:58]	[Recv]	eff 2 4988544 3007

[14:43:58]	[Recv]	st 2 5001496 92 0 100 100 91620 183240 91620 183240 0

[14:43:58]	[Recv]	cond 1 2073308 0 0 18

[14:43:58]	[Recv]	cond 1 2073308 0 0 18

[14:43:59]	[Recv]	cond 2 4988603 0 0 15

[14:43:59]	[Recv]	cond 2 4988592 0 0 15

[14:43:59]	[Recv]	sr 0

[14:43:59]	[Send]	u_s 5 1 2073308
[14:43:59]	[Recv]	cond 1 2073308 0 0 18

[14:43:59]	[Recv]	cond 1 2073308 0 0 18

[14:43:59]	[Recv]	ms_c 0

[14:43:59]	[Recv]	qslot 0 1.1.1 1.1.2 1.1.3 1.1.4 1.1.5 1.1.6 1.1.7 1.1.9 1.1.8 1.1.10 0.1.45 0.2.21 0.1.76 1.1.38 1.3.12 0.1.34 0.1.87 0.-1.-1 0.1.84 0.1.43 1.3.11 1.1.42 1.1.41 1.3.976 0.-1.-1 0.1.70 0.2.143 0.2.25 0.2.27 0.2.26

[14:43:59]	[Recv]	qslot 1 0.-1.-1 0.-1.-1 0.-1.-1 0.-1.-1 0.-1.-1 0.-1.-1 0.-1.-1 0.-1.-1 0.-1.-1 0.-1.-1 0.1.-1 0.1.-1 1.1.41 1.1.42 0.-1.-1 7.7.-1 7.7.-1 7.7.-1 7.7.-1 0.-1.-1 0.-1.-1 0.-1.-1 0.-1.-1 0.-1.-1 0.-1.-1 0.-1.-1 0.-1.-1 0.-1.-1 0.-1.-1 0.-1.-1

[14:43:59]	[Recv]	ct 1 2073308 1 2073308 -1 -1 1119

[14:43:59]	[Recv]	bf 1 2073308 0.561.3000 99

[14:43:59]	[Recv]	bf 1 2073308 0.578.1200 99

[14:43:59]	[Recv]	bf 1 2073308 0.941.0 99

[14:43:59]	[Recv]	bf 1 2073308 0.830.60 99

[14:43:59]	[Recv]	eff 1 2073308 0

[14:43:59]	[Recv]	sayi 1 2073308 20 26 3 830 0 0 0

[14:43:59]	[Recv]	su 1 2073308 1 2073308 1119 600 25 4265 0 0 1 100 0 -1 0 95426 95497

[14:44:00]	[Recv]	in 3 718 5002394 6 38 2 100 100 0 0 0 -1 0 0 -1 - 0 -1 0 0 0 0 0 0 0 0 0 0 0 0

[14:44:00]	[Recv]	msgi 0 679 0 0 0 0 0

[14:44:00]	[Recv]	in 3 716 5002395 6 40 7 100 100 0 0 0 -1 0 0 -1 - 0 -1 0 0 0 0 0 0 0 0 0 0 0 0

[14:44:00]	[Recv]	msgi 0 679 0 0 0 0 0

[14:44:00]	[Recv]	in 3 716 5002396 7 40 2 100 100 0 0 0 -1 0 0 -1 - 0 -1 0 0 0 0 0 0 0 0 0 0 0 0

[14:44:00]	[Recv]	msgi 0 679 0 0 0 0 0

[14:44:00]	[Recv]	in 3 706 5002397 36 7 5 100 100 0 0 0 -1 0 0 -1 - 0 -1 0 0 0 0 0 0 0 0 0 0 0 0

[14:44:00]	[Recv]	msgi 0 679 0 0 0 0 0

[14:44:00]	[Recv]	in 3 718 5002398 38 5 6 100 100 0 0 0 -1 0 0 -1 - 0 -1 0 0 0 0 0 0 0 0 0 0 0 0

[14:44:00]	[Recv]	msgi 0 679 0 0 0 0 0

[14:44:00]	[Recv]	in 3 706 5002399 38 7 3 100 100 0 0 0 -1 0 0 -1 - 0 -1 0 0 0 0 0 0 0 0 0 0 0 0

[14:44:00]	[Recv]	msgi 0 679 0 0 0 0 0

[14:44:00]	[Recv]	in 3 706 5002400 39 7 3 100 100 0 0 0 -1 0 0 -1 - 0 -1 0 0 0 0 0 0 0 0 0 0 0 0

[14:44:00]	[Recv]	msgi 0 679 0 0 0 0 0

[14:44:00]	[Recv]	in 3 691 5002401 40 6 0 100 100 0 0 0 -1 0 0 -1 - 0 -1 0 0 0 0 0 0 0 0 0 0 0 0

[14:44:00]	[Recv]	msgi 0 679 0 0 0 0 0

[14:44:00]	[Recv]	in 3 706 5002402 41 7 3 100 100 0 0 0 -1 0 0 -1 - 0 -1 0 0 0 0 0 0 0 0 0 0 0 0

[14:44:00]	[Recv]	msgi 0 679 0 0 0 0 0

[14:44:00]	[Recv]	in 3 775 5002403 42 5 5 100 100 0 0 0 -1 0 0 -1 - 0 -1 0 0 0 0 0 0 0 0 0 0 0 0

[14:44:00]	[Recv]	msgi 0 679 0 0 0 0 0

[14:44:00]	[Recv]	in 3 706 5002404 43 7 1 100 100 0 0 0 -1 0 0 -1 - 0 -1 0 0 0 0 0 0 0 0 0 0 0 0

[14:44:00]	[Recv]	msgi 0 679 0 0 0 0 0

[14:44:00]	[Recv]	in 3 706 5002405 45 7 6 100 100 0 0 0 -1 0 0 -1 - 0 -1 0 0 0 0 0 0 0 0 0 0 0 0

[14:44:00]	[Recv]	msgi 0 679 0 0 0 0 0

[14:44:00]	[Recv]	in 3 706 5002406 47 7 3 100 100 0 0 0 -1 0 0 -1 - 0 -1 0 0 0 0 0 0 0 0 0 0 0 0

[14:44:00]	[Recv]	msgi 0 679 0 0 0 0 0

[14:44:00]	[Recv]	in 3 716 5002407 72 41 3 100 100 0 0 0 -1 0 0 -1 - 0 -1 0 0 0 0 0 0 0 0 0 0 0 0

[14:44:00]	[Recv]	msgi 0 679 0 0 0 0 0

[14:44:00]	[Recv]	in 3 718 5002408 73 39 4 100 100 0 0 0 -1 0 0 -1 - 0 -1 0 0 0 0 0 0 0 0 0 0 0 0

[14:44:00]	[Recv]	msgi 0 679 0 0 0 0 0

[14:44:00]	[Recv]	in 3 716 5002409 73 41 3 100 100 0 0 0 -1 0 0 -1 - 0 -1 0 0 0 0 0 0 0 0 0 0 0 0

[14:44:00]	[Recv]	msgi 0 679 0 0 0 0 0

[14:44:00]	[Recv]	eff 3 5002409 5000

[14:44:00]	[Recv]	eff 3 5002408 5000

[14:44:00]	[Recv]	eff 3 5002406 5000

[14:44:00]	[Recv]	eff 3 5002404 5000

[14:44:00]	[Recv]	eff 3 5002402 5000

[14:44:00]	[Recv]	eff 3 5002400 5000

[14:44:00]	[Recv]	eff 3 5002398 5000

[14:44:00]	[Recv]	eff 3 5002396 5000

[14:44:00]	[Recv]	eff 3 5002394 5000

[14:44:00]	[Recv]	st 2 5001496 92 0 100 100 91620 183240 91620 183240 0

[14:44:00]	[Recv]	sr 1

[14:44:01]	[Recv]	sp 417094 1000000 3550 10000

[14:44:02]	[Send]	ptctl 5442 2 4988603 36 50 4988592 37 51 4988603 15
[14:44:02]	[Recv]	cond 1 2073308 0 0 18

[14:44:02]	[Recv]	cond 1 2073308 0 0 18

[14:44:02]	[Send]	ptctl 5442 2 4988603 34 51 4988592 35 51 4988603 15
[14:44:02]	[Recv]	cond 2 4988603 0 0 15

[14:44:02]	[Recv]	cond 2 4988592 0 0 15

[14:44:02]	[Recv]	cond 1 2073308 0 0 18

[14:44:02]	[Recv]	cond 1 2073308 0 0 18

[14:44:02]	[Send]	ptctl 5442 2 4988603 33 50 4988592 34 51 4988603 15
[14:44:02]	[Recv]	cond 2 4988603 0 0 15

[14:44:02]	[Recv]	cond 2 4988592 0 0 15

[14:44:02]	[Recv]	st 2 5001496 92 0 100 100 91620 183240 91620 183240 0

[14:44:02]	[Recv]	eff 2 5001496 7739

[14:44:02]	[Recv]	cond 1 2073308 0 0 18

[14:44:02]	[Recv]	cond 1 2073308 0 0 18

[14:44:02]	[Recv]	cond 2 4988603 0 0 15

[14:44:02]	[Recv]	cond 2 4988592 0 0 15

[14:44:03]	[Recv]	cond 1 2073308 0 0 18

[14:44:03]	[Recv]	cond 1 2073308 0 0 18

[14:44:03]	[Send]	ptctl 5442 2 4988603 29 52 4988592 31 52 4988603 15
[14:44:03]	[Recv]	cond 2 4988603 0 0 15

[14:44:03]	[Recv]	cond 2 4988592 0 0 15

[14:44:03]	[Send]	u_ts 778 41 34
[14:44:03]	[Send]	ptctl 5442 2 4988603 30 53 4988592 30 51 4988603 15
[14:44:03]	[Recv]	eff 2 4988544 3007

[14:44:03]	[Send]	ptctl 5442 2 4988603 27 51 4988592 27 49 4988603 15
[14:44:03]	[Recv]	in 2 669 4988543 39 35 2 100 100 0 0 3 2073308 0 0 -1 @ 2 -1 0 0 0 0 0 0 0 0 0 0 19 4

[14:44:03]	[Recv]	ctl 2 4988543 0 1

[14:44:03]	[Recv]	in 2 643 4988539 41 34 2 100 100 0 0 3 2073308 0 0 -1 @ 2 -1 0 0 0 0 0 0 0 0 0 0 20 4

[14:44:03]	[Recv]	ctl 2 4988539 0 1

[14:44:03]	[Recv]	in 2 639 4988535 43 35 2 100 100 0 0 3 2073308 0 0 -1 @ 2 -1 0 0 0 0 0 0 0 0 0 0 18 4

[14:44:03]	[Recv]	ctl 2 4988535 0 1

[14:44:03]	[Recv]	in 2 638 4988534 42 35 2 100 100 0 0 3 2073308 0 0 -1 @ 2 -1 0 0 0 0 0 0 0 0 0 0 17 4

[14:44:03]	[Recv]	ctl 2 4988534 0 1

[14:44:03]	[Recv]	bf 1 2073308 0.1029.200 99

[14:44:03]	[Recv]	sayi 1 2073308 20 26 3 1029 0 0 0

[14:44:03]	[Recv]	team_cool 4 900

[14:44:03]	[Send]	ptctl 5442 2 4988603 26 50 4988592 26 50 4988603 15
[14:44:03]	[Recv]	cond 2 4988603 0 0 15

[14:44:03]	[Recv]	cond 2 4988592 0 0 15

[14:44:04]	[Recv]	cond 1 2073308 0 0 18

[14:44:04]	[Recv]	cond 1 2073308 0 0 18

[14:44:04]	[Send]	ptctl 5442 2 4988603 26 49 4988592 26 49 4988603 15
[14:44:04]	[Recv]	sr 13

[14:44:04]	[Recv]	cond 2 4988603 0 0 15

[14:44:04]	[Recv]	cond 2 4988592 0 0 15

[14:44:04]	[Send]	ptctl 5442 2 4988603 25 49 4988592 25 49 4988603 15
[14:44:04]	[Recv]	cond 1 2073308 0 0 18

[14:44:04]	[Recv]	cond 1 2073308 0 0 18

[14:44:04]	[Recv]	cond 2 4988603 0 0 15

[14:44:04]	[Recv]	cond 2 4988592 0 0 15

[14:44:04]	[Send]	ptctl 5442 2 4988603 24 49 4988592 24 49 4988603 15
[14:44:04]	[Recv]	cond 1 2073308 0 0 18

[14:44:04]	[Recv]	cond 1 2073308 0 0 18

[14:44:04]	[Recv]	sc_p 170 1548 4988592 96 804 23965035 0 0 1889 2049 1289 19 90 9 975 627 958 627 866 3 90 90 110 80 57558 57771 18100 18100 1 84982200 0 @ 0 0 6 60 1831 1798 0 100

[14:44:04]	[Recv]	cond 2 4988603 0 0 15

[14:44:04]	[Recv]	cond 2 4988592 0 0 15

[14:44:04]	[Recv]	cond 1 2073308 0 0 18

[14:44:04]	[Recv]	cond 1 2073308 0 0 18

[14:44:04]	[Recv]	st 2 5001496 92 0 100 100 91620 183240 91620 183240 0

[14:44:04]	[Recv]	cond 2 4988603 0 0 15

[14:44:04]	[Recv]	cond 2 4988592 0 0 15

[14:44:04]	[Send]	ptctl 5442 2 4988603 21 49 4988592 23 47 4988603 15
[14:44:04]	[Recv]	cond 1 2073308 0 0 18

[14:44:04]	[Recv]	cond 1 2073308 0 0 18

[14:44:04]	[Send]	ncif 3 5002394
[14:44:04]	[Send]	ptctl 5442 1 4988592 21 49 4988592 15
[14:44:04]	[Send]	u_s 1 3 5002394
[14:44:05]	[Recv]	cond 2 4988603 0 0 15

[14:44:05]	[Recv]	cond 2 4988592 0 0 15

[14:44:05]	[Recv]	cond 1 2073308 0 0 18

[14:44:05]	[Recv]	cond 1 2073308 0 0 18

[14:44:05]	[Recv]	cond 2 4988603 0 0 15

[14:44:05]	[Recv]	cond 2 4988592 0 0 15

[14:44:05]	[Recv]	st 3 5002394 96 0 100 100 23083 2670 23083 2670 0

[14:44:05]	[Recv]	cond 2 4988592 0 0 15

[14:44:05]	[Recv]	sayi 1 2073308 20 22 3 830 0 0 0

[14:44:05]	[Recv]	bf 1 2073308 0.830.0 99

[14:44:05]	[Recv]	bf 1 2073308 0.941.3000 99

[14:44:05]	[Recv]	sayi 1 2073308 20 26 3 941 0 0 0

[14:44:05]	[Recv]	cond 1 2073308 0 0 18

[14:44:05]	[Recv]	cond 1 2073308 0 0 18

[14:44:05]	[Recv]	ms_c 0

[14:44:05]	[Recv]	qslot 0 1.1.1 1.1.2 1.1.3 1.1.4 1.1.5 1.1.6 1.1.7 1.1.9 1.1.8 1.1.10 0.1.45 0.2.21 0.1.76 1.1.38 1.3.12 0.1.34 0.1.87 0.-1.-1 0.1.84 0.1.43 1.3.11 1.1.42 1.1.41 1.3.976 0.-1.-1 0.1.70 0.2.143 0.2.25 0.2.27 0.2.26

[14:44:05]	[Recv]	qslot 1 0.-1.-1 0.-1.-1 0.-1.-1 0.-1.-1 0.-1.-1 0.-1.-1 0.-1.-1 0.-1.-1 0.-1.-1 0.-1.-1 0.1.-1 0.1.-1 1.1.41 1.1.42 0.-1.-1 7.7.-1 7.7.-1 7.7.-1 7.7.-1 0.-1.-1 0.-1.-1 0.-1.-1 0.-1.-1 0.-1.-1 0.-1.-1 0.-1.-1 0.-1.-1 0.-1.-1 0.-1.-1 0.-1.-1

[14:44:05]	[Send]	suctl 5442 1 4988603 3 5002394
[14:44:05]	[Recv]	ct 1 2073308 3 5002394 14 4263 1115

[14:44:05]	[Recv]	eff 2 4988603 5005

[14:44:05]	[Send]	ncif 3 5002394
[14:44:05]	[Recv]	su 1 2073308 3 5002394 1115 70 12 4264 0 0 0 0 85699 3 0 0 23083

[14:44:05]	[Recv]	lev 99 0 99 0 2140719000 5991794 66980872 2 0 90 917705181 0

[14:44:05]	[Recv]	mslot 1127 -1

[14:44:05]	[Recv]	qset 0 0 1.1.13.0

[14:44:06]	[Send]	ptctl 5442 1 4988592 17 45 4988592 15
[14:44:06]	[Recv]	cond 2 4988592 0 0 15

[14:44:06]	[Recv]	ct 2 4988603 3 5002394 -1 -1 0

[14:44:06]	[Recv]	su 2 4988603 2 4988603 0 12 11 8360 0 0 1 100 0 2 0 19451 19451

[14:44:06]	[Send]	ptctl 5442 1 4988592 18 46 4988592 15
[14:44:06]	[Recv]	out 2 4988523

[14:44:06]	[Recv]	out 2 4988544

[14:44:06]	[Recv]	out 2 4988614

[14:44:06]	[Recv]	out 2 4988615

[14:44:06]	[Recv]	sayi 1 2073308 20 22 3 1026 0 0 0

[14:44:06]	[Recv]	bf 1 2073308 0.1026.0 99

[14:44:06]	[Recv]	sp 417094 1000000 3540 10000

[14:44:06]	[Recv]	cond 2 4988592 0 0 15

[14:44:06]	[Send]	ptctl 5442 2 4988603 26 49 4988592 23 46 4988603 15
[14:44:06]	[Recv]	cond 1 2073308 0 0 18

[14:44:06]	[Recv]	cond 1 2073308 0 0 18

[14:44:06]	[Recv]	st 2 5001496 92 0 100 100 91620 183240 91620 183240 0

[14:44:06]	[Recv]	cond 2 4988603 0 0 15

[14:44:06]	[Recv]	cond 2 4988592 0 0 15

[14:44:07]	[Recv]	sc_p 80 638 4988534 1 2997 0 2 0 144 201 70 4 70 0 27 35 29 35 25 3 60 50 80 50 501 501 220 220 0 15 0 @ 0 17 4 1 0 0 0 90

[14:44:07]	[Recv]	sc_p 86 643 4988539 1 2997 0 2 0 144 201 70 4 70 0 27 35 29 35 25 3 60 50 80 50 501 501 220 220 0 15 0 @ 0 20 4 1 0 0 0 90

[14:44:07]	[Recv]	sr 8

[14:44:07]	[Send]	ptctl 5442 2 4988603 20 48 4988592 20 48 4988603 15
[14:44:07]	[Recv]	cond 1 2073308 0 0 18

[14:44:07]	[Recv]	cond 1 2073308 0 0 18

[14:44:07]	[Recv]	cond 2 4988603 0 0 15

[14:44:07]	[Recv]	cond 2 4988592 0 0 15

[14:44:07]	[Send]	ptctl 5442 1 4988603 20 47 4988603 15
[14:44:07]	[Recv]	eff 2 5001496 7739

[14:44:07]	[Recv]	cond 2 4988603 0 0 15

[14:44:07]	[Recv]	ct 2 4988539 3 5002399 -1 -1 0

[14:44:07]	[Recv]	eff 3 5002399 6003

[14:44:07]	[Recv]	su 2 4988539 3 5002399 0 11 11 4948 0 0 1 100 1 0 0 9123 9124

[14:44:08]	[Send]	u_ts 776 33 45
[14:44:08]	[Send]	ptctl 5442 2 4988603 20 48 4988592 20 48 4988603 15
[14:44:08]	[Recv]	in 2 754 4988552 34 44 2 100 100 0 0 3 2073308 0 0 -1 @ 2 -1 0 0 0 0 0 0 0 0 0 0 10 2

[14:44:08]	[Recv]	ctl 2 4988552 0 1

[14:44:08]	[Recv]	in 2 668 4988542 31 47 2 100 100 0 0 3 2073308 0 0 -1 @ 2 -1 0 0 0 0 0 0 0 0 0 0 9 3

[14:44:08]	[Recv]	ctl 2 4988542 0 1

[14:44:08]	[Recv]	in 2 478 4988518 35 43 2 100 100 0 0 3 2073308 0 0 -1 @ 2 -1 0 0 0 0 0 0 0 0 0 0 11 2

[14:44:08]	[Recv]	ctl 2 4988518 0 1

[14:44:08]	[Recv]	in 2 181 4988472 32 44 2 100 100 0 0 3 2073308 0 0 -1 @ 2 -1 0 0 0 0 0 0 0 0 0 0 12 2

[14:44:08]	[Recv]	ctl 2 4988472 0 1

[14:44:08]	[Recv]	bf 1 2073308 0.1027.200 99

[14:44:08]	[Recv]	sayi 1 2073308 20 26 3 1027 0 0 0

[14:44:08]	[Recv]	team_cool 2 900

[14:44:08]	[Recv]	cond 2 4988603 0 0 15

[14:44:08]	[Recv]	cond 2 4988592 0 0 15

[14:44:08]	[Recv]	ct 2 4988534 3 5002404 -1 -1 0

[14:44:08]	[Recv]	su 2 4988534 3 5002404 0 11 11 4948 0 0 1 100 1 0 0 9123 9124

[14:44:08]	[Send]	ptctl 5442 2 4988603 21 50 4988592 23 48 4988603 15
[14:44:08]	[Recv]	cond 1 2073308 0 0 18

[14:44:08]	[Recv]	cond 1 2073308 0 0 18

[14:44:08]	[Send]	ncif 3 5002396
[14:44:08]	[Recv]	cond 2 4988603 0 0 15

[14:44:08]	[Recv]	cond 2 4988592 0 0 15

[14:44:08]	[Recv]	st 3 5002396 96 0 100 100 9124 2670 9124 2670 0

[14:44:08]	[Send]	u_s 0 3 5002396
[14:44:08]	[Send]	ptctl 5442 1 4988592 17 48 4988592 15
[14:44:08]	[Recv]	st 2 5001496 92 0 100 100 91620 183240 91620 183240 0

[14:44:08]	[Send]	suctl 5442 1 4988603 3 5002396
[14:44:08]	[Recv]	ct 1 2073308 3 5002396 -1 -1 1114

[14:44:08]	[Recv]	su 1 2073308 3 5002396 1114 7 11 4260 0 0 0 0 30151 0 0 0 9124

[14:44:08]	[Recv]	lev 99 0 99 0 2140719000 5991794 66980872 2 0 90 917705181 0

[14:44:08]	[Recv]	cond 2 4988592 0 0 15

[14:44:08]	[Recv]	ct 2 4988535 3 5002399 -1 -1 0

[14:44:08]	[Recv]	su 2 4988535 3 5002399 0 11 11 4948 0 0 1 100 1 0 0 9122 9124

[14:44:08]	[Recv]	ct 2 4988543 3 5002397 -1 -1 0

[14:44:08]	[Recv]	su 2 4988543 3 5002397 0 11 11 4948 0 0 1 100 1 0 0 9123 9124

[14:44:09]	[Recv]	eff 3 5002396 3617

[14:44:09]	[Send]	ptctl 5442 2 4988603 17 51 4988592 19 53 4988603 15
[14:44:09]	[Recv]	cond 1 2073308 0 0 18

[14:44:09]	[Recv]	cond 1 2073308 0 0 18

[14:44:09]	[Recv]	cond 2 4988603 0 0 15

[14:44:09]	[Recv]	cond 2 4988592 0 0 15

[14:44:09]	[Recv]	sr 0

[14:44:09]	[Send]	ncif 3 5002395
[14:44:09]	[Recv]	st 3 5002395 96 0 100 100 9124 2670 9124 2670 0

[14:44:09]	[Send]	u_s 0 3 5002395
[14:44:09]	[Send]	ptctl 5442 1 4988592 16 50 4988592 15
[14:44:09]	[Recv]	cond 1 2073308 0 0 18

[14:44:09]	[Recv]	cond 1 2073308 0 0 18

[14:44:10]	[Send]	suctl 5442 1 4988603 3 5002395
[14:44:10]	[Recv]	ct 3 5002404 2 4988534 -1 -1 0

[14:44:10]	[Recv]	su 3 5002404 2 4988534 0 10 11 0 0 0 0 0 1579 0 0 0 501

[14:44:10]	[Recv]	ct 1 2073308 3 5002395 -1 -1 1114

[14:44:10]	[Recv]	su 1 2073308 3 5002395 1114 7 11 4260 0 0 0 0 29480 0 0 0 9124

[14:44:10]	[Recv]	lev 99 0 99 0 2140719000 5991794 66980872 2 0 90 917705181 0

[14:44:10]	[Recv]	cond 2 4988592 0 0 15

[14:44:10]	[Send]	ptctl 5442 2 4988603 22 51 4988592 23 52 4988603 15
[14:44:10]	[Recv]	ct 2 4988539 3 5002399 -1 -1 0

[14:44:10]	[Recv]	su 2 4988539 3 5002399 0 11 11 4948 0 0 1 100 1 0 0 9121 9124

[14:44:10]	[Recv]	cond 2 4988603 0 0 15

[14:44:10]	[Recv]	cond 2 4988592 0 0 15

[14:44:10]	[Send]	ptctl 5442 1 4988603 23 51 4988603 15
[14:44:10]	[Recv]	cond 1 2073308 0 0 18

[14:44:10]	[Recv]	cond 1 2073308 0 0 18

[14:44:10]	[Send]	ptctl 5442 2 4988603 24 51 4988592 24 52 4988603 15
[14:44:10]	[Recv]	eff 3 5002395 3617

[14:44:10]	[Recv]	cond 2 4988603 0 0 15

[14:44:10]	[Recv]	cond 1 2073308 0 0 18

[14:44:10]	[Recv]	cond 1 2073308 0 0 18

[14:44:10]	[Send]	ptctl 5442 2 4988603 26 51 4988592 26 52 4988603 15
[14:44:10]	[Recv]	st 2 5001496 92 0 100 100 91620 183240 91620 183240 0

[14:44:10]	[Recv]	cond 2 4988603 0 0 15

[14:44:10]	[Recv]	cond 2 4988592 0 0 15

[14:44:10]	[Recv]	sr 0

[14:44:10]	[Recv]	cond 2 4988603 0 0 15

[14:44:10]	[Recv]	cond 2 4988592 0 0 15

[14:44:11]	[Recv]	ms_c 0

[14:44:11]	[Recv]	qslot 0 1.1.1 1.1.2 1.1.3 1.1.4 1.1.5 1.1.6 1.1.7 1.1.9 1.1.8 1.1.10 0.1.45 0.2.21 0.1.76 1.1.38 1.3.12 0.1.34 0.1.87 0.-1.-1 0.1.84 0.1.43 1.3.11 1.1.42 1.1.41 1.3.976 0.-1.-1 0.1.70 0.2.143 0.2.25 0.2.27 0.2.26

[14:44:11]	[Recv]	qslot 1 0.-1.-1 0.-1.-1 0.-1.-1 0.-1.-1 0.-1.-1 0.-1.-1 0.-1.-1 0.-1.-1 0.-1.-1 0.-1.-1 0.1.-1 0.1.-1 1.1.41 1.1.42 0.-1.-1 7.7.-1 7.7.-1 7.7.-1 7.7.-1 0.-1.-1 0.-1.-1 0.-1.-1 0.-1.-1 0.-1.-1 0.-1.-1 0.-1.-1 0.-1.-1 0.-1.-1 0.-1.-1 0.-1.-1

[14:44:11]	[Recv]	ct 2 4988535 3 5002399 -1 -1 0

[14:44:11]	[Recv]	su 2 4988535 3 5002399 0 11 11 4948 0 0 1 100 1 0 0 9120 9124

[14:44:11]	[Recv]	ct 2 4988543 3 5002397 -1 -1 0

[14:44:11]	[Recv]	su 2 4988543 3 5002397 0 11 11 4948 0 0 1 100 1 0 0 9122 9124

[14:44:11]	[Recv]	sp 417094 1000000 3530 10000

[14:44:11]	[Send]	u_ts 777 38 43
[14:44:11]	[Send]	ptctl 5442 2 4988603 24 52 4988592 26 50 4988603 15
[14:44:11]	[Recv]	ct 3 5002397 2 4988543 -1 -1 0

[14:44:11]	[Recv]	su 3 5002397 2 4988543 0 10 11 0 0 0 0 0 1557 0 0 0 501

[14:44:11]	[Recv]	out 2 4988534

[14:44:11]	[Recv]	cond 1 2073308 0 0 18

[14:44:11]	[Recv]	cond 1 2073308 0 0 18

[14:44:11]	[Send]	ptctl 5442 2 4988603 30 51 4988592 31 51 4988603 15
[14:44:11]	[Recv]	in 2 2731 4988617 36 41 2 100 100 0 0 3 2073308 0 0 -1 @ 2 -1 0 0 0 0 0 0 0 0 0 0 15 5

[14:44:11]	[Recv]	ctl 2 4988617 0 1

[14:44:11]	[Recv]	in 2 1538 4988590 38 44 2 100 100 0 0 3 2073308 0 0 -1 @ 2 -1 0 0 0 0 0 0 0 0 0 0 16 6

[14:44:11]	[Recv]	ctl 2 4988590 0 1

[14:44:11]	[Recv]	in 2 840 4988573 37 41 2 100 100 0 0 3 2073308 0 0 -1 @ 2 -1 0 0 0 0 0 0 0 0 0 0 14 4

[14:44:11]	[Recv]	ctl 2 4988573 0 1

[14:44:11]	[Recv]	in 2 64 4988460 39 42 2 100 100 0 0 3 2073308 0 0 -1 @ 2 -1 0 0 0 0 0 0 0 0 0 0 13 3

[14:44:11]	[Recv]	ctl 2 4988460 0 1

[14:44:11]	[Recv]	bf 1 2073308 0.1028.200 99

[14:44:11]	[Recv]	sayi 1 2073308 20 26 3 1028 0 0 0

[14:44:11]	[Recv]	team_cool 3 900

[14:44:12]	[Recv]	cond 2 4988603 0 0 15

[14:44:12]	[Recv]	cond 2 4988592 0 0 15

[14:44:12]	[Send]	ptctl 5442 2 4988603 31 51 4988592 32 51 4988603 15
[14:44:12]	[Recv]	cond 1 2073308 0 0 18

[14:44:12]	[Recv]	cond 1 2073308 0 0 18

[14:44:12]	[Send]	ptctl 5442 2 4988603 32 51 4988592 33 51 4988603 15
[14:44:12]	[Recv]	cond 2 4988603 0 0 15

[14:44:12]	[Recv]	cond 2 4988592 0 0 15

[14:44:12]	[Recv]	cond 1 2073308 0 0 18

[14:44:12]	[Recv]	cond 1 2073308 0 0 18

[14:44:12]	[Send]	ptctl 5442 2 4988603 33 51 4988592 34 51 4988603 15
[14:44:12]	[Recv]	cond 2 4988603 0 0 15

[14:44:12]	[Recv]	cond 2 4988592 0 0 15

[14:44:12]	[Recv]	cond 1 2073308 0 0 18

[14:44:12]	[Recv]	cond 1 2073308 0 0 18

[14:44:12]	[Recv]	cond 2 4988603 0 0 15

[14:44:12]	[Recv]	cond 2 4988592 0 0 15

[14:44:12]	[Recv]	cond 1 2073308 0 0 18

[14:44:12]	[Recv]	cond 1 2073308 0 0 18

[14:44:12]	[Send]	ptctl 5442 2 4988603 35 51 4988592 36 51 4988603 15
[14:44:12]	[Recv]	sc_p 78 840 4988573 1 2995 0 0 0 423 456 224 5 70 0 203 35 215 35 188 2 6 10 8 7 4021 4021 3740 3740 0 15 0 @ 0 14 4 23 1811 1797 629 630

[14:44:12]	[Recv]	sc_p 74 1538 4988590 1 2995 0 0 0 1330 1388 730 18 150 0 622 74 624 74 619 2 90 110 100 100 15441 15441 15070 15070 0 15 0 @ 0 16 6 60 1819 1831 0 100

[14:44:12]	[Recv]	sc_p 77 2731 4988617 1 2995 0 0 0 820 850 450 15 80 0 345 38 350 38 360 4 83 93 73 108 7621 7621 7260 7260 0 15 0 @ 0 15 5 40 1805 1820 3 2130

[14:44:12]	[Recv]	ct 2 4988539 3 5002399 -1 -1 0

[14:44:12]	[Recv]	su 2 4988539 3 5002399 0 11 11 4948 0 0 1 100 1 0 0 9119 9124

[14:44:12]	[Recv]	st 2 5001496 92 0 100 100 91620 183240 91620 183240 0

[14:44:12]	[Recv]	eff 2 5001496 7739

[14:44:12]	[Recv]	cond 2 4988603 0 0 15

[14:44:12]	[Recv]	cond 2 4988592 0 0 15

[14:44:12]	[Recv]	cond 1 2073308 0 0 18

[14:44:12]	[Recv]	cond 1 2073308 0 0 18

[14:44:12]	[Recv]	sr 1

[14:44:12]	[Recv]	cond 2 4988603 0 0 15

[14:44:12]	[Recv]	cond 2 4988592 0 0 15

[14:44:13]	[Send]	ncif 3 5002408
[14:44:13]	[Recv]	st 3 5002408 96 0 100 100 23083 2670 23083 2670 0

[14:44:13]	[Send]	ptctl 5442 1 4988592 41 50 4988592 15
[14:44:13]	[Recv]	out 2 4988543

[14:44:13]	[Send]	u_s 0 3 5002408
[14:44:13]	[Recv]	cond 2 4988592 0 0 15

[14:44:13]	[Send]	ptctl 5442 1 4988603 40 50 4988603 15
[14:44:13]	[Recv]	ct 1 2073308 3 5002408 -1 -1 1114

[14:44:13]	[Recv]	su 1 2073308 3 5002408 1114 7 11 4260 0 0 0 0 83118 3 0 0 23083

[14:44:13]	[Recv]	lev 99 0 99 0 2140719000 5991794 66980872 2 0 90 917705181 0

[14:44:13]	[Recv]	cond 2 4988603 0 0 15

[14:44:13]	[Recv]	ct 2 4988590 3 5002408 -1 -1 0

[14:44:13]	[Recv]	su 2 4988590 2 4988590 0 10 11 4841 0 0 1 100 0 2 0 15441 15441

[14:44:13]	[Recv]	ct 2 4988617 3 5002406 -1 -1 0

[14:44:13]	[Recv]	su 2 4988617 3 5002406 0 10 11 8146 0 0 1 100 0 1 0 9124 9124

[14:44:13]	[Recv]	ct 2 4988535 3 5002399 -1 -1 0

[14:44:13]	[Recv]	su 2 4988535 3 5002399 0 11 11 4948 0 0 1 100 1 0 0 9118 9124

[14:44:14]	[Send]	ptctl 5442 2 4988603 44 51 4988592 45 51 4988603 15
[14:44:14]	[Recv]	cond 2 4988534 0 0 9

[14:44:14]	[Recv]	petski 334 1831 1798

[14:44:14]	[Recv]	pet_cool2  0 0 0

[14:44:14]	[Recv]	pinit 2 2|4988603|0|94|@|-1|3206|1|2723|0|0 2|4988592|1|96|@|-1|1548|0|0|0|60

[14:44:14]	[Recv]	ct 3 5002406 2 4988617 -1 -1 0

[14:44:14]	[Recv]	su 3 5002406 2 4988617 0 10 11 0 0 0 1 99 67 0 0 7554 7621

[14:44:14]	[Recv]	ct 2 4988518 3 5002405 -1 -1 0

[14:44:14]	[Recv]	su 2 4988518 3 5002405 0 9 11 4720 0 0 1 77 2093 0 0 7031 9124

[14:44:14]	[Recv]	cond 1 2073308 0 0 18

[14:44:14]	[Recv]	cond 1 2073308 0 0 18

[14:44:14]	[Recv]	cond 2 4988603 0 0 15

[14:44:14]	[Recv]	cond 2 4988592 0 0 15

[14:44:14]	[Send]	ptctl 5442 2 4988603 45 51 4988592 46 51 4988603 15
[14:44:14]	[Recv]	sr 0

[14:44:14]	[Recv]	cond 1 2073308 0 0 18

[14:44:14]	[Recv]	cond 1 2073308 0 0 18

[14:44:14]	[Send]	ptctl 5442 2 4988603 46 51 4988592 48 51 4988603 15
[14:44:14]	[Recv]	cond 2 4988603 0 0 15

[14:44:14]	[Recv]	cond 2 4988592 0 0 15

[14:44:14]	[Recv]	cond 1 2073308 0 0 18

[14:44:14]	[Recv]	cond 1 2073308 0 0 18

[14:44:14]	[Recv]	st 2 5001496 92 0 100 100 91620 183240 91620 183240 0

[14:44:14]	[Recv]	cond 2 4988603 0 0 15

[14:44:14]	[Recv]	cond 2 4988592 0 0 15

[14:44:14]	[Send]	ptctl 5442 2 4988603 48 51 4988592 49 53 4988603 15
[14:44:15]	[Recv]	ct 3 5002405 2 4988518 -1 -1 0

[14:44:15]	[Recv]	su 3 5002405 2 4988518 0 10 11 0 0 0 1 96 855 3 0 20533 21388

[14:44:15]	[Recv]	cond 1 2073308 0 0 18

[14:44:15]	[Recv]	cond 1 2073308 0 0 18

[14:44:15]	[Recv]	cond 2 4988603 0 0 15

[14:44:15]	[Recv]	cond 2 4988592 0 0 15

[14:44:15]	[Recv]	ct 2 4988460 3 5002405 -1 -1 0

[14:44:15]	[Recv]	ct 2 4988472 3 5002402 -1 -1 0

[14:44:15]	[Recv]	su 2 4988472 3 5002402 0 9 11 1006 0 0 1 100 0 1 0 9124 9124

[14:44:15]	[Recv]	ct 2 4988539 3 5002399 -1 -1 0

[14:44:15]	[Recv]	su 2 4988539 3 5002399 0 11 11 4948 0 0 1 100 1 0 0 9117 9124

[14:44:15]	[Send]	ncif 3 5002407
[14:44:15]	[Recv]	st 3 5002407 96 0 100 100 9124 2670 9124 2670 0

[14:44:15]	[Recv]	su 2 4988460 3 5002405 0 12 11 1007 0 0 1 77 0 1 0 7031 9124

[14:44:15]	[Send]	ptctl 5442 1 4988592 53 52 4988592 15
[14:44:15]	[Send]	u_s 0 3 5002407
[14:44:15]	[Recv]	cond 2 4988592 0 0 15

[14:44:15]	[Recv]	ct 3 5002402 2 4988472 -1 -1 0

[14:44:15]	[Recv]	su 3 5002402 2 4988472 0 10 11 0 0 0 1 83 1974 3 0 10039 12013

[14:44:15]	[Recv]	ct 2 4988552 3 5002405 -1 -1 0

[14:44:15]	[Recv]	su 2 4988552 3 5002405 0 11 11 1047 0 0 1 77 0 1 0 7031 9124

[14:44:15]	[Recv]	cond 1 2073308 0 0 18

[14:44:15]	[Recv]	cond 1 2073308 0 0 18

[14:44:15]	[Send]	ptctl 5442 1 4988603 49 51 4988603 15
[14:44:15]	[Send]	suctl 5442 1 4988603 3 5002407
[14:44:15]	[Recv]	cond 2 4988543 0 0 9

[14:44:15]	[Recv]	petski 334 1831 1798

[14:44:15]	[Recv]	pet_cool2  0 0 0

[14:44:15]	[Recv]	pinit 2 2|4988603|0|94|@|-1|3206|1|2723|0|0 2|4988592|1|96|@|-1|1548|0|0|0|60

[14:44:15]	[Recv]	ct 1 2073308 3 5002407 -1 -1 1114

[14:44:15]	[Recv]	eff 1 2073308 15

[14:44:15]	[Recv]	su 1 2073308 3 5002407 1114 7 11 4260 0 0 0 0 434232 3 0 0 9124

[14:44:15]	[Recv]	lev 99 0 99 0 2140719000 5991794 66980872 2 0 90 917705181 0

[14:44:15]	[Recv]	cond 2 4988603 0 0 15

[14:44:15]	[Send]	ptctl 5442 1 4988592 55 56 4988592 15
[14:44:15]	[Recv]	ct 2 4988590 3 5002401 -1 -1 0

[14:44:15]	[Recv]	su 2 4988590 3 5002401 0 10 11 4841 0 0 1 100 0 1 0 86983 86983

[14:44:15]	[Recv]	ct 2 4988617 3 5002406 -1 -1 0

[14:44:15]	[Recv]	su 2 4988617 3 5002406 0 10 11 8146 0 0 1 100 0 1 0 9124 9124

[14:44:15]	[Send]	ptctl 5442 2 4988603 49 56 4988592 52 57 4988603 15
[14:44:16]	[Recv]	cond 2 4988592 0 0 15

[14:44:16]	[Send]	ptctl 5442 2 4988603 52 56 4988592 51 57 4988603 15
[14:44:16]	[Recv]	eff 3 5002407 3617

[14:44:16]	[Recv]	ct 2 4988518 3 5002405 -1 -1 0

[14:44:16]	[Recv]	su 2 4988518 3 5002405 0 9 11 4720 0 0 1 55 1999 0 0 5032 9124

[14:44:16]	[Recv]	ct 2 4988535 3 5002399 -1 -1 0

[14:44:16]	[Recv]	su 2 4988535 3 5002399 0 11 11 4948 0 0 1 100 1 0 0 9116 9124

[14:44:16]	[Recv]	cond 1 2073308 0 0 18

[14:44:16]	[Recv]	cond 1 2073308 0 0 18

[14:44:16]	[Recv]	cond 2 4988603 0 0 15

[14:44:16]	[Recv]	cond 2 4988592 0 0 15

[14:44:16]	[Recv]	ct 3 5002406 2 4988617 -1 -1 0

[14:44:16]	[Recv]	su 3 5002406 2 4988617 0 10 11 0 0 0 1 99 0 1 0 7554 7621

[14:44:16]	[Recv]	ct 3 5002401 2 4988590 -1 -1 763

[14:44:16]	[Recv]	in 3 688 5002622 40 36 2 100 100 0 0 0 -1 0 0 -1 - 0 -1 0 0 0 0 0 0 0 0 0 0 0 0

[14:44:16]	[Recv]	in 3 688 5002623 40 37 2 100 100 0 0 0 -1 0 0 -1 - 0 -1 0 0 0 0 0 0 0 0 0 0 0 0

[14:44:16]	[Recv]	in 3 688 5002624 39 36 2 100 100 0 0 0 -1 0 0 -1 - 0 -1 0 0 0 0 0 0 0 0 0 0 0 0

[14:44:16]	[Recv]	in 3 688 5002625 39 35 2 100 100 0 0 0 -1 0 0 -1 - 0 -1 0 0 0 0 0 0 0 0 0 0 0 0

[14:44:16]	[Recv]	in 3 688 5002626 40 37 2 100 100 0 0 0 -1 0 0 -1 - 0 -1 0 0 0 0 0 0 0 0 0 0 0 0

[14:44:16]	[Recv]	su 3 5002401 3 5002401 763 50 11 7287 0 0 1 100 0 -1 0 86983 86983

[14:44:16]	[Recv]	cond 1 2073308 0 0 18

[14:44:16]	[Recv]	cond 1 2073308 0 0 18

[14:44:16]	[Send]	ncif 3 5002407
[14:44:16]	[Recv]	sr 0

[14:44:16]	[Recv]	cond 2 4988603 0 0 15

[14:44:16]	[Recv]	cond 2 4988592 0 0 15

[14:44:16]	[Recv]	sp 417094 1000000 3520 10000

[14:44:16]	[Recv]	eff 3 5002626 5000

[14:44:16]	[Recv]	eff 3 5002624 5000

[14:44:16]	[Recv]	eff 3 5002622 5000

[14:44:16]	[Recv]	eff 3 5002398 5000

[14:44:16]	[Recv]	sc_p 81 639 4988535 1 2995 0 2 0 144 201 70 4 70 0 27 35 29 35 25 3 60 50 80 50 501 501 220 220 0 15 0 @ 0 18 4 1 0 0 0 90

[14:44:16]	[Recv]	st 2 5001496 92 0 100 100 91620 183240 91620 183240 0

[14:44:16]	[Send]	ncif 3 5002409
[14:44:16]	[Send]	ptctl 5442 1 4988592 55 58 4988592 15
[14:44:17]	[Recv]	ct 3 5002626 2 4988573 -1 -1 0

[14:44:17]	[Recv]	su 3 5002626 2 4988573 0 5 11 0 0 0 1 87 539 3 0 3482 4021

[14:44:17]	[Recv]	ct 3 5002625 2 4988590 -1 -1 0

[14:44:17]	[Recv]	su 3 5002625 2 4988590 0 5 11 0 0 0 1 100 0 1 0 15441 15441

[14:44:17]	[Recv]	ct 3 5002400 2 4988552 -1 -1 0

[14:44:17]	[Recv]	su 3 5002400 2 4988552 0 10 11 0 0 0 1 98 767 0 0 41121 41888

[14:44:17]	[Recv]	sc_p 86 643 4988539 1 2996 0 2 0 144 201 70 4 70 0 27 35 29 35 25 3 60 50 80 50 501 501 220 220 0 15 0 @ 0 20 4 1 0 0 0 90

[14:44:17]	[Send]	ptctl 5442 1 4988603 53 57 4988603 15
[14:44:17]	[Send]	suctl 5442 1 4988603 3 5002409
[14:44:17]	[Recv]	st 3 5002409 96 0 100 100 9124 2670 9124 2670 0

[14:44:17]	[Send]	u_s 0 3 5002409
[14:44:17]	[Recv]	ct 3 5002405 2 4988460 -1 -1 0

[14:44:17]	[Recv]	su 3 5002405 2 4988460 0 10 11 0 0 0 1 74 1137 0 0 3219 4356

[14:44:17]	[Recv]	ct 2 4988472 3 5002402 -1 -1 0

[14:44:17]	[Recv]	su 2 4988472 3 5002402 0 9 11 1006 0 0 1 69 2836 0 0 6288 9124

[14:44:17]	[Recv]	cond 2 4988592 0 0 15

[14:44:17]	[Recv]	cond 2 4988603 0 0 15

[14:44:17]	[Recv]	ct 2 4988573 3 5002626 -1 -1 0

[14:44:17]	[Recv]	su 2 4988573 3 5002626 0 10 11 200 0 0 1 99 0 1 0 4995 5000

[14:44:17]	[Recv]	eff 2 4988603 5005

[14:44:17]	[Recv]	cond 1 2073308 0 0 18

[14:44:17]	[Recv]	cond 1 2073308 0 0 18

[14:44:17]	[Send]	ptctl 5442 2 4988603 49 54 4988592 51 54 4988603 15
[14:44:17]	[Recv]	ct 2 4988539 3 5002399 -1 -1 0

[14:44:17]	[Recv]	su 2 4988539 3 5002399 0 11 11 4948 0 0 1 100 1 0 0 9115 9124

[14:44:17]	[Recv]	ct 1 2073308 3 5002409 -1 -1 1114

[14:44:17]	[Recv]	eff 1 2073308 15

[14:44:17]	[Recv]	su 1 2073308 3 5002409 1114 7 11 4260 0 0 0 0 73713 0 0 0 9124

[14:44:17]	[Recv]	lev 99 0 99 0 2140719000 5991794 66980872 2 0 90 917705181 0

[14:44:17]	[Recv]	cond 2 4988603 0 0 15

[14:44:17]	[Recv]	cond 2 4988592 0 0 15

[14:44:17]	[Send]	ptctl 5442 2 4988603 50 53 4988592 50 53 4988603 15
[14:44:17]	[Recv]	ct 3 5002402 2 4988472 -1 -1 0

[14:44:17]	[Recv]	su 3 5002402 2 4988472 0 10 11 0 0 0 1 83 0 1 0 10039 12013

[14:44:17]	[Recv]	ct 2 4988603 3 5002409 -1 -1 0

[14:44:17]	[Recv]	su 2 4988603 2 4988603 0 12 11 8360 0 0 1 100 0 2 0 19451 19451

[14:44:17]	[Recv]	eff 2 5001496 7739

[14:44:17]	[Recv]	cond 1 2073308 0 0 18

[14:44:17]	[Recv]	cond 1 2073308 0 0 18

[14:44:17]	[Recv]	cond 2 4988603 0 0 15

[14:44:17]	[Recv]	cond 2 4988592 0 0 15

[14:44:17]	[Recv]	eff 3 5002409 3617

[14:44:17]	[Recv]	ct 2 4988460 3 5002405 -1 -1 0

[14:44:17]	[Recv]	ct 2 4988552 3 5002400 -1 -1 0

[14:44:17]	[Recv]	su 2 4988552 3 5002400 0 11 11 1047 0 0 1 83 1556 0 0 7568 9124

[14:44:17]	[Send]	ptctl 5442 2 4988603 49 52 4988592 49 52 4988603 15
[14:44:18]	[Recv]	cond 1 2073308 0 0 18

[14:44:18]	[Recv]	cond 1 2073308 0 0 18

[14:44:18]	[Send]	ptctl 5442 2 4988603 50 52 4988592 48 53 4988603 15
[14:44:18]	[Recv]	ct 3 5002626 2 4988573 -1 -1 0

[14:44:18]	[Recv]	su 3 5002626 2 4988573 0 5 11 0 0 0 1 60 1081 0 0 2401 4021

[14:44:18]	[Recv]	ct 3 5002623 2 4988617 -1 -1 0

[14:44:18]	[Recv]	su 3 5002623 2 4988617 0 5 11 0 0 0 1 99 0 1 0 7554 7621

[14:44:18]	[Recv]	su 2 4988460 3 5002405 0 12 11 1007 0 0 1 55 1 0 0 5031 9124

[14:44:18]	[Recv]	ct 2 4988590 3 5002401 -1 -1 0

[14:44:18]	[Recv]	su 2 4988590 3 5002401 0 10 11 4841 0 0 1 100 0 1 0 86983 86983

[14:44:18]	[Recv]	ct 2 4988617 3 5002406 -1 -1 0

[14:44:18]	[Recv]	su 2 4988617 3 5002406 0 10 11 8146 0 0 1 100 1 0 0 9123 9124

[14:44:18]	[Recv]	ct 2 4988518 3 5002405 -1 -1 0

[14:44:18]	[Recv]	su 2 4988518 3 5002405 0 9 11 4720 0 0 1 33 2014 0 0 3017 9124

[14:44:18]	[Recv]	cond 2 4988603 0 0 15

[14:44:18]	[Recv]	cond 2 4988592 0 0 15

[14:44:18]	[Send]	ptctl 5442 2 4988603 48 53 4988592 48 51 4988603 15
[14:44:18]	[Recv]	cond 2 4988603 0 0 15

[14:44:18]	[Recv]	cond 2 4988592 0 0 15

[14:44:18]	[Recv]	sr 0

[14:44:18]	[Recv]	cond 2 4988603 0 0 15

[14:44:18]	[Recv]	cond 2 4988592 0 0 15

[14:44:18]	[Send]	ptctl 5442 2 4988603 50 51 4988592 47 51 4988603 15
[14:44:18]	[Recv]	ct 3 5002406 2 4988617 -1 -1 0

[14:44:18]	[Recv]	su 3 5002406 2 4988617 0 10 11 0 0 0 1 98 67 0 0 7487 7621

[14:44:18]	[Recv]	ct 3 5002401 2 4988590 -1 -1 0

[14:44:18]	[Recv]	su 3 5002401 2 4988590 0 10 11 4648 0 0 1 100 34 0 0 15407 15441

[14:44:18]	[Recv]	ct 2 4988535 3 5002399 -1 -1 0

[14:44:18]	[Recv]	su 2 4988535 3 5002399 0 11 11 4948 0 0 1 100 1 0 0 9114 9124

[14:44:18]	[Recv]	cond 1 2073308 0 0 18

[14:44:18]	[Recv]	cond 1 2073308 0 0 18

[14:44:18]	[Recv]	cond 2 4988603 0 0 15

[14:44:18]	[Recv]	cond 2 4988592 0 0 15

[14:44:18]	[Recv]	st 2 5001496 92 0 100 100 91620 183240 91620 183240 0

[14:44:18]	[Send]	ncif 3 5002403
[14:44:18]	[Recv]	ct 3 5002625 2 4988590 -1 -1 0

[14:44:18]	[Recv]	su 3 5002625 2 4988590 0 5 11 0 0 0 1 100 0 1 0 15407 15441

[14:44:18]	[Recv]	st 3 5002403 96 0 100 100 79883 2670 79883 2670 0

[14:44:19]	[Send]	u_s 1 3 5002403
[14:44:19]	[Recv]	ct 3 5002400 2 4988552 -1 -1 0

[14:44:19]	[Recv]	su 3 5002400 2 4988552 0 10 11 0 0 0 1 96 743 0 0 40378 41888

[14:44:19]	[Recv]	ct 2 4988472 3 5002402 -1 -1 0

[14:44:19]	[Recv]	su 2 4988472 3 5002402 0 9 11 1006 0 0 1 37 2877 0 0 3411 9124

[14:44:19]	[Recv]	cond 1 2073308 0 0 18

[14:44:19]	[Recv]	cond 1 2073308 0 0 18

[14:44:19]	[Send]	ptctl 5442 1 4988592 46 46 4988592 15
[14:44:19]	[Recv]	ms_c 0

[14:44:19]	[Recv]	qslot 0 1.1.1 1.1.2 1.1.3 1.1.4 1.1.5 1.1.6 1.1.7 1.1.9 1.1.8 1.1.10 0.1.45 0.2.21 0.1.76 1.1.38 1.3.12 0.1.34 0.1.87 0.-1.-1 0.1.84 0.1.43 1.3.11 1.1.42 1.1.41 1.3.976 0.-1.-1 0.1.70 0.2.143 0.2.25 0.2.27 0.2.26

[14:44:19]	[Recv]	qslot 1 0.-1.-1 0.-1.-1 0.-1.-1 0.-1.-1 0.-1.-1 0.-1.-1 0.-1.-1 0.-1.-1 0.-1.-1 0.-1.-1 0.1.-1 0.1.-1 1.1.41 1.1.42 0.-1.-1 7.7.-1 7.7.-1 7.7.-1 7.7.-1 0.-1.-1 0.-1.-1 0.-1.-1 0.-1.-1 0.-1.-1 0.-1.-1 0.-1.-1 0.-1.-1 0.-1.-1 0.-1.-1 0.-1.-1

[14:44:19]	[Recv]	ct 3 5002626 2 4988573 -1 -1 0

[14:44:19]	[Recv]	su 3 5002626 2 4988573 0 5 11 0 0 0 1 60 0 1 0 2401 4021

[14:44:19]	[Recv]	ct 3 5002623 2 4988617 -1 -1 0

[14:44:19]	[Recv]	su 3 5002623 2 4988617 0 5 11 0 0 0 1 97 63 0 0 7424 7621

[14:44:19]	[Recv]	ct 3 5002405 2 4988460 -1 -1 0

[14:44:19]	[Recv]	su 3 5002405 2 4988460 0 10 11 0 0 0 1 47 1165 3 0 2054 4356

[14:44:19]	[Recv]	ct 1 2073308 3 5002403 14 4263 1115

[14:44:19]	[Recv]	cond 2 4988592 0 0 15

[14:44:19]	[Recv]	ct 2 4988573 3 5002626 -1 -1 0

[14:44:19]	[Recv]	su 2 4988573 3 5002626 0 10 11 200 0 0 1 99 1 0 0 4983 5000

[14:44:19]	[Send]	ptctl 5442 1 4988603 46 47 4988603 15
[14:44:19]	[Recv]	eff 1 2073308 15

[14:44:19]	[Recv]	su 1 2073308 3 5002403 1115 70 12 4264 0 0 0 0 203410 3 0 0 79883

[14:44:19]	[Recv]	lev 99 0 99 0 2140719000 5991794 66980872 2 0 90 917705181 0

[14:44:19]	[Recv]	su 1 2073308 3 5002624 1115 70 12 4264 0 0 1 99 0 4 0 4984 5000

[14:44:19]	[Recv]	bf 3 5002622 0.4110.80 99

[14:44:19]	[Recv]	eff 3 5002622 0

[14:44:19]	[Recv]	eff 1 2073308 15

[14:44:19]	[Recv]	su 1 2073308 3 5002622 1115 70 12 4264 0 0 0 0 80433 5 0 0 5000

[14:44:19]	[Recv]	lev 99 0 99 0 2140719000 5991794 66980872 2 0 90 917705181 0

[14:44:19]	[Recv]	eff 1 2073308 15

[14:44:19]	[Recv]	su 1 2073308 3 5002404 1115 70 12 4264 0 0 0 0 267412 6 0 0 9124

[14:44:19]	[Recv]	lev 99 0 99 0 2140719000 5991794 66980872 2 0 90 917705181 0

[14:44:19]	[Recv]	mslot 1127 -1

[14:44:19]	[Recv]	qset 0 0 1.1.13.0

[14:44:19]	[Recv]	cond 2 4988603 0 0 15

[14:44:19]	[Send]	ptctl 5442 1 4988603 48 49 4988603 15
[14:44:19]	[Send]	suctl 5442 1 4988603 3 5002403
[14:44:20]	[Recv]	ct 3 5002402 2 4988472 -1 -1 0

[14:44:20]	[Recv]	su 3 5002402 2 4988472 0 10 11 0 0 0 1 68 1877 0 0 8162 12013

[14:44:20]	[Recv]	sc_p 62 181 4988472 55 2994 0 0 0 578 754 422 6 160 0 257 301 261 301 250 3 19 14 34 -6 8162 12013 3369 3369 0 850664 0 @ 0 12 2 20 1811 1825 0 500

[14:44:20]	[Recv]	sc_p 63 478 4988518 60 2995 0 0 0 639 803 452 17 150 0 295 341 336 341 287 2 24 36 49 27 20533 21388 3531 3531 0 1371320 0 @ 0 11 2 20 1811 1818 0 500

[14:44:20]	[Recv]	sc_p 69 754 4988552 53 2994 0 0 0 542 634 617 9 165 0 263 301 280 301 250 2 38 38 38 38 40378 41888 3307 3307 0 733605 0 @ 0 10 2 20 1825 1797 0 500

[14:44:20]	[Recv]	ct 2 4988539 3 5002399 -1 -1 0

[14:44:20]	[Recv]	eff 3 5002399 6003

[14:44:20]	[Recv]	su 2 4988539 3 5002399 0 11 11 4948 0 0 1 100 1 0 0 9113 9124

[14:44:20]	[Recv]	cond 2 4988603 0 0 15

[14:44:20]	[Recv]	ct 3 5002625 2 4988590 -1 -1 0

[14:44:20]	[Recv]	su 3 5002625 2 4988590 0 5 11 0 0 0 1 99 32 0 0 15375 15441

[14:44:20]	[Recv]	ct 2 4988518 3 5002405 -1 -1 0

[14:44:20]	[Recv]	su 2 4988518 3 5002405 0 9 11 4720 0 0 1 11 2013 0 0 1004 9124

[14:44:20]	[Recv]	ct 2 4988590 3 5002401 -1 -1 0

[14:44:20]	[Recv]	su 2 4988590 3 5002401 0 10 11 4841 0 0 1 100 0 1 0 86983 86983

[14:44:20]	[Recv]	ct 2 4988617 3 5002406 -1 -1 0

[14:44:20]	[Recv]	su 2 4988617 3 5002406 0 10 11 8146 0 0 1 100 0 1 0 9123 9124

[14:44:20]	[Recv]	ct 2 4988552 3 5002400 -1 -1 0

[14:44:20]	[Recv]	su 2 4988552 3 5002400 0 11 11 1047 0 0 1 66 1545 0 0 6023 9124

[14:44:20]	[Recv]	ct 3 5002626 2 4988573 -1 -1 0

[14:44:20]	[Recv]	su 3 5002626 2 4988573 0 5 11 0 0 0 1 33 1044 0 0 1357 4021

[14:44:20]	[Recv]	ct 3 5002623 2 4988617 -1 -1 0

[14:44:20]	[Recv]	su 3 5002623 2 4988617 0 5 11 0 0 0 1 93 310 0 0 7114 7621

[14:44:20]	[Send]	ptctl 5442 2 4988603 43 49 4988592 41 48 4988603 15
[14:44:20]	[Recv]	ct 3 5002406 2 4988617 -1 -1 0

[14:44:20]	[Recv]	su 3 5002406 2 4988617 0 10 11 0 0 0 1 92 68 0 0 7046 7621

[14:44:20]	[Recv]	ct 3 5002401 2 4988590 -1 -1 0

[14:44:20]	[Recv]	su 3 5002401 2 4988590 0 10 11 4648 0 0 1 97 336 0 0 15039 15441

[14:44:20]	[Recv]	ct 2 4988460 3 5002405 -1 -1 0

[14:44:20]	[Recv]	st 2 5001496 92 0 100 100 91620 183240 91620 183240 0

[14:44:20]	[Recv]	cond 1 2073308 0 0 18

[14:44:20]	[Recv]	cond 1 2073308 0 0 18

[14:44:20]	[Recv]	cond 2 4988603 0 0 15

[14:44:20]	[Recv]	cond 2 4988592 0 0 15

[14:44:20]	[Recv]	su 2 4988460 3 5002405 0 12 11 1007 0 0 1 11 1 0 0 1003 9124

[14:44:20]	[Recv]	ct 2 4988535 3 5002399 -1 -1 0

[14:44:20]	[Recv]	su 2 4988535 3 5002399 0 11 11 4948 0 0 1 100 1 0 0 9112 9124

[14:44:21]	[Send]	ncif 3 5002624
[14:44:21]	[Send]	ptctl 5442 1 4988592 43 45 4988592 15
[14:44:21]	[Recv]	st 3 5002624 90 0 99 100 4977 2369 5000 2369 0

[14:44:21]	[Send]	u_s 13 3 5002624
[14:44:21]	[Recv]	ct 2 4988472 3 5002402 -1 -1 0

[14:44:21]	[Recv]	su 2 4988472 3 5002402 0 9 11 1006 0 0 1 37 0 1 0 3411 9124

[14:44:21]	[Recv]	cond 2 4988592 0 0 15

[14:44:21]	[Send]	suctl 5442 1 4988592 3 5002624
[14:44:21]	[Send]	ptctl 5442 1 4988603 44 49 4988603 15
[14:44:21]	[Recv]	cond 1 2073308 0 0 18

[14:44:21]	[Recv]	cond 1 2073308 0 0 18

[14:44:21]	[Send]	suctl 5442 1 4988603 3 5002624
[14:44:21]	[Recv]	ct 3 5002625 2 4988590 -1 -1 0

[14:44:21]	[Recv]	su 3 5002625 2 4988590 0 5 11 0 0 0 1 95 313 0 0 14726 15441

[14:44:21]	[Recv]	ct 3 5002400 2 4988552 -1 -1 0

[14:44:21]	[Recv]	su 3 5002400 2 4988552 0 10 11 0 0 0 1 94 766 0 0 39612 41888

[14:44:21]	[Recv]	ms_c 0

[14:44:21]	[Recv]	qslot 0 1.1.1 1.1.2 1.1.3 1.1.4 1.1.5 1.1.6 1.1.7 1.1.9 1.1.8 1.1.10 0.1.45 0.2.21 0.1.76 1.1.38 1.3.12 0.1.34 0.1.87 0.-1.-1 0.1.84 0.1.43 1.3.11 1.1.42 1.1.41 1.3.976 0.-1.-1 0.1.70 0.2.143 0.2.25 0.2.27 0.2.26

[14:44:21]	[Recv]	qslot 1 0.-1.-1 0.-1.-1 0.-1.-1 0.-1.-1 0.-1.-1 0.-1.-1 0.-1.-1 0.-1.-1 0.-1.-1 0.-1.-1 0.1.-1 0.1.-1 1.1.41 1.1.42 0.-1.-1 7.7.-1 7.7.-1 7.7.-1 7.7.-1 0.-1.-1 0.-1.-1 0.-1.-1 0.-1.-1 0.-1.-1 0.-1.-1 0.-1.-1 0.-1.-1 0.-1.-1 0.-1.-1 0.-1.-1

[14:44:21]	[Recv]	ct 1 2073308 3 5002624 -1 -1 1127

[14:44:21]	[Recv]	eff 1 2073308 15

[14:44:21]	[Recv]	su 1 2073308 3 5002624 1127 100 22 4284 0 0 0 0 230752 3 0 0 5000

[14:44:21]	[Recv]	lev 99 0 99 0 2140719000 5991794 66980872 2 0 90 917705181 0

[14:44:21]	[Recv]	su 1 2073308 3 5002398 1127 100 22 4284 0 0 0 0 30552 5 0 0 23083

[14:44:21]	[Recv]	lev 99 0 99 0 2140719000 5991794 66980872 2 0 90 917705181 0

[14:44:21]	[Send]	ptctl 5442 2 4988603 40 52 4988592 43 50 4988603 15
[14:44:21]	[Recv]	sp 417094 1000000 3510 10000

[14:44:21]	[Recv]	ct 3 5002405 2 4988460 -1 -1 0

[14:44:21]	[Recv]	su 3 5002405 2 4988460 0 10 11 0 0 0 1 21 1135 0 0 919 4356

[14:44:21]	[Recv]	cond 2 4988603 0 0 15

[14:44:21]	[Send]	ptctl 5442 2 4988603 42 53 4988592 43 51 4988603 15
[14:44:21]	[Recv]	ct 3 5002626 2 4988573 -1 -1 0

[14:44:21]	[Recv]	su 3 5002626 2 4988573 0 5 11 0 0 0 1 7 1075 0 0 282 4021

[14:44:21]	[Recv]	ct 3 5002623 2 4988617 -1 -1 0

[14:44:21]	[Recv]	su 3 5002623 2 4988617 0 5 11 0 0 0 1 88 313 0 0 6733 7621

[14:44:21]	[Recv]	ct 2 4988573 3 5002626 -1 -1 0

[14:44:21]	[Recv]	su 2 4988573 3 5002626 0 10 11 200 0 0 1 99 1 0 0 4971 5000

[14:44:21]	[Recv]	cond 1 2073308 0 0 18

[14:44:21]	[Recv]	cond 1 2073308 0 0 18

[14:44:21]	[Send]	ptctl 5442 2 4988603 40 53 4988592 43 52 4988603 15
[14:44:21]	[Recv]	cond 2 4988603 0 0 15

[14:44:21]	[Recv]	cond 2 4988592 0 0 15

[14:44:21]	[Recv]	cond 2 4988603 0 0 15

[14:44:21]	[Recv]	cond 2 4988592 0 0 15

[14:44:22]	[Recv]	cond 2 4988603 0 0 15

[14:44:22]	[Recv]	cond 2 4988592 0 0 15

[14:44:22]	[Send]	ncif 3 5002397
[14:44:22]	[Recv]	ct 3 5002402 2 4988472 -1 -1 0

[14:44:22]	[Recv]	su 3 5002402 2 4988472 0 10 11 0 0 0 1 51 1978 0 0 6184 12013

[14:44:22]	[Recv]	ct 2 4988518 3 5002405 -1 -1 0

[14:44:22]	[Recv]	su 2 4988518 3 5002405 0 9 11 4720 0 0 1 11 0 1 0 1003 9124

[14:44:22]	[Recv]	st 3 5002397 96 0 100 100 9122 2670 9124 2670 0

[14:44:22]	[Send]	u_s 0 3 5002397
[14:44:22]	[Recv]	ct 2 4988539 3 5002399 -1 -1 0

[14:44:22]	[Recv]	su 2 4988539 3 5002399 0 11 11 4948 0 0 1 100 1 0 0 9111 9124

[14:44:22]	[Send]	ptctl 5442 1 4988592 39 49 4988592 15
[14:44:22]	[Recv]	ct 3 5002625 2 4988590 -1 -1 0

[14:44:22]	[Recv]	su 3 5002625 2 4988590 0 5 11 0 0 0 1 95 32 3 0 14694 15441

[14:44:22]	[Recv]	ct 2 4988590 3 5002401 -1 -1 0

[14:44:22]	[Recv]	su 2 4988590 3 5002401 0 10 11 4841 0 0 1 100 0 1 0 86983 86983

[14:44:22]	[Recv]	ct 2 4988617 3 5002406 -1 -1 0

[14:44:22]	[Recv]	su 2 4988617 3 5002406 0 10 11 8146 0 0 1 100 0 1 0 9123 9124

[14:44:22]	[Recv]	ct 1 2073308 3 5002397 -1 -1 1114

[14:44:22]	[Recv]	su 1 2073308 3 5002397 1114 7 11 4260 0 0 0 0 35140 0 0 0 9124

[14:44:22]	[Recv]	lev 99 0 99 0 2140719000 5991794 66980872 2 0 90 917705181 0

[14:44:22]	[Recv]	cond 1 2073308 0 0 18

[14:44:22]	[Recv]	bf 1 2073308 0.4254.80 99

[14:44:22]	[Recv]	sayi 1 2073308 20 26 3 4254 0 0 0

[14:44:22]	[Recv]	sayi 1 2073308 20 23 3 4254 0 0 0

[14:44:22]	[Recv]	cond 2 4988592 0 0 15

[14:44:22]	[Send]	suctl 5442 1 4988603 3 5002397
[14:44:22]	[Recv]	sc_p 72 64 4988460 1 2996 0 0 0 442 475 237 4 100 0 205 31 194 31 193 0 -3 12 12 14 919 4356 4210 4210 0 15 0 @ 0 13 3 30 1804 1798 0 1080

[14:44:22]	[Recv]	sc_p 78 840 4988573 1 2994 0 0 0 423 456 224 5 70 0 203 35 215 35 188 2 6 10 8 7 282 4021 3740 3740 0 15 0 @ 0 14 4 23 1811 1797 629 630

[14:44:22]	[Recv]	sc_p 74 1538 4988590 1 2994 0 0 0 1330 1388 730 18 150 0 622 74 624 74 619 2 90 110 100 100 14694 15441 15070 15070 0 15 0 @ 0 16 6 60 1819 1831 0 100

[14:44:22]	[Recv]	sc_p 77 2731 4988617 1 2994 0 0 0 820 850 450 15 80 0 345 38 350 38 360 4 83 93 73 108 6733 7621 7260 7260 0 15 0 @ 0 15 5 40 1805 1820 3 2130

[14:44:22]	[Recv]	ct 2 4988552 3 5002400 10 -1 960

[14:44:22]	[Recv]	st 2 5001496 92 0 100 100 91620 183240 91620 183240 0

[14:44:22]	[Recv]	eff 2 5001496 7739

[14:44:22]	[Send]	ptctl 5442 2 4988603 40 48 4988592 41 45 4988603 15
[14:44:22]	[Recv]	ct 3 5002626 2 4988573 -1 -1 0

[14:44:22]	[Recv]	su 3 5002626 2 4988573 0 5 11 0 0 0 0 0 1047 0 0 0 4021

[14:44:22]	[Recv]	ct 3 5002623 2 4988617 -1 -1 0

[14:44:22]	[Recv]	su 3 5002623 2 4988617 0 5 11 0 0 0 1 84 314 0 0 6419 7621

[14:44:22]	[Recv]	ct 3 5002406 2 4988617 -1 -1 0

[14:44:22]	[Recv]	su 3 5002406 2 4988617 0 10 11 0 0 0 1 80 336 0 0 6083 7621

[14:44:22]	[Recv]	ct 3 5002401 2 4988590 -1 -1 0

[14:44:22]	[Recv]	su 3 5002401 2 4988590 0 10 11 4648 0 0 1 95 34 0 0 14660 15441

[14:44:23]	[Recv]	cond 1 2073308 0 0 18

[14:44:23]	[Recv]	cond 1 2073308 0 0 18

[14:44:23]	[Send]	ptctl 5442 2 4988603 40 47 4988592 40 45 4988603 15
[14:44:23]	[Recv]	ct 2 4988472 3 5002402 -1 -1 0

[14:44:23]	[Recv]	su 2 4988472 3 5002402 0 9 11 1006 0 0 1 37 0 1 0 3411 9124

[14:44:23]	[Recv]	cond 2 4988603 0 0 15

[14:44:23]	[Recv]	cond 2 4988592 0 0 15

[14:44:23]	[Recv]	sr 0

[14:44:23]	[Recv]	cond 1 2073308 0 0 18

[14:44:23]	[Recv]	cond 1 2073308 0 0 18

[14:44:23]	[Send]	ptctl 5442 2 4988603 40 45 4988592 40 43 4988603 15
[14:44:23]	[Recv]	su 2 4988552 3 5002400 960 12 11 1047 0 0 1 17 4466 3 0 1557 9124

[14:44:23]	[Recv]	su 2 4988552 3 5002402 960 12 11 1047 0 0 1 18 1705 5 0 1706 9124

[14:44:23]	[Recv]	ct 2 4988535 3 5002399 -1 -1 0

[14:44:23]	[Recv]	su 2 4988535 3 5002399 0 11 11 4948 0 0 1 100 1 0 0 9110 9124

[14:44:23]	[Recv]	cond 2 4988603 0 0 15

[14:44:23]	[Recv]	cond 2 4988592 0 0 15

[14:44:23]	[Recv]	cond 1 2073308 0 0 18

[14:44:23]	[Recv]	cond 1 2073308 0 0 18

[14:44:23]	[Recv]	ct 3 5002400 2 4988552 -1 -1 0

[14:44:23]	[Recv]	su 3 5002400 2 4988552 0 10 11 0 0 0 1 92 781 0 0 38831 41888

[14:44:23]	[Recv]	ct 2 4988460 3 5002405 -1 -1 0

[14:44:23]	[Recv]	cond 2 4988603 0 0 15

[14:44:23]	[Recv]	cond 2 4988592 0 0 15

[14:44:23]	[Recv]	ct 3 5002625 2 4988590 -1 -1 0

[14:44:23]	[Recv]	su 3 5002625 2 4988590 0 5 11 0 0 0 1 94 31 0 0 14629 15441

[14:44:23]	[Recv]	ct 3 5002405 2 4988460 -1 -1 0

[14:44:23]	[Recv]	su 3 5002405 2 4988460 0 10 11 0 0 0 0 0 1145 0 0 0 4356

[14:44:23]	[Send]	ptctl 5442 2 4988603 40 42 4988592 42 40 4988603 15
[14:44:23]	[Recv]	out 2 4988535

[14:44:23]	[Recv]	out 2 4988539

[14:44:23]	[Recv]	sayi 1 2073308 20 22 3 1029 0 0 0

[14:44:23]	[Recv]	bf 1 2073308 0.1029.0 99

[14:44:23]	[Recv]	cond 1 2073308 0 0 18

[14:44:23]	[Recv]	cond 1 2073308 0 0 18

[14:44:24]	[Recv]	cond 2 4988603 0 0 15

[14:44:24]	[Recv]	cond 2 4988592 0 0 15

[14:44:24]	[Recv]	ct 3 5002623 2 4988617 -1 -1 0

[14:44:24]	[Recv]	su 3 5002623 2 4988617 0 5 11 0 0 0 1 75 320 3 0 5763 7621

[14:44:24]	[Recv]	ct 2 4988518 3 5002405 10 -1 509

[14:44:24]	[Send]	ncif 3 5002626
[14:44:24]	[Recv]	ct 3 5002402 2 4988472 -1 -1 0

[14:44:24]	[Recv]	su 3 5002402 2 4988472 0 10 11 0 0 0 1 34 2043 3 0 4141 12013

[14:44:24]	[Recv]	su 2 4988518 3 5002405 509 10 12 4721 0 0 0 0 1677 0 0 0 9124

[14:44:24]	[Recv]	lev 99 0 99 0 2140719000 5991794 66980872 2 0 90 917705181 0

[14:44:24]	[Recv]	su 2 4988518 3 5002626 509 10 12 4721 0 0 1 61 1896 5 0 3062 5000

[14:44:24]	[Recv]	su 2 4988518 3 5002623 509 10 12 4721 0 0 1 61 1896 5 0 3064 5000

[14:44:24]	[Recv]	su 2 4988518 3 5002402 509 10 12 4721 0 0 1 1 1677 5 0 29 9124

[14:44:24]	[Recv]	su 2 4988518 3 5002400 509 10 12 4721 0 0 0 0 1677 5 0 0 9124

[14:44:24]	[Recv]	lev 99 0 99 0 2140719000 5991794 66980872 2 0 90 917705181 0

[14:44:24]	[Recv]	st 3 5002626 90 0 61 100 3062 2369 5000 2369 0

[14:44:24]	[Recv]	out 2 4988573

[14:44:24]	[Recv]	gexp 7040771|1196538

[14:44:24]	[Recv]	ct 3 5002626 2 4988518 -1 -1 0

[14:44:24]	[Recv]	su 3 5002626 2 4988518 0 5 11 0 0 0 1 93 677 0 0 19856 21388

[14:44:24]	[Recv]	ct 2 4988590 3 5002401 -1 -1 0

[14:44:24]	[Recv]	su 2 4988590 3 5002401 0 10 11 4841 0 0 1 100 0 1 0 86983 86983

[14:44:24]	[Recv]	ct 2 4988617 3 5002406 -1 -1 0

[14:44:24]	[Recv]	su 2 4988617 3 5002406 0 10 11 8146 0 0 1 100 0 1 0 9123 9124

[14:44:24]	[Recv]	st 2 5001496 92 0 100 100 91620 183240 91620 183240 0

[14:44:24]	[Send]	ptctl 5442 1 4988603 42 38 4988603 15
[14:44:24]	[Send]	ptctl 5442 1 4988592 39 38 4988592 15
[14:44:24]	[Send]	ptctl 5442 1 4988603 40 40 4988603 15
[14:44:24]	[Send]	suctl 5442 1 4988603 3 5002626
[14:44:25]	[Recv]	ct 3 5002625 2 4988590 -1 -1 0

[14:44:25]	[Recv]	su 3 5002625 2 4988590 0 5 11 0 0 0 1 92 313 3 0 14316 15441

[14:44:25]	[Recv]	cond 2 4988603 0 0 15

[14:44:25]	[Send]	u_s 8 3 5002626
[14:44:25]	[Recv]	cond 1 2073308 0 0 18

[14:44:25]	[Recv]	cond 1 2073308 0 0 18

[14:44:25]	[Recv]	ct 3 5002406 2 4988617 -1 -1 0

[14:44:25]	[Recv]	su 3 5002406 2 4988617 0 10 11 0 0 0 1 71 334 0 0 5429 7621

[14:44:25]	[Recv]	ct 3 5002401 2 4988590 -1 -1 0

[14:44:25]	[Recv]	su 3 5002401 2 4988590 0 10 11 4648 0 0 1 90 336 0 0 13980 15441

[14:44:25]	[Recv]	ct 2 4988472 3 5002402 -1 -1 0

[14:44:25]	[Recv]	su 2 4988472 3 5002402 0 9 11 1006 0 0 0 0 2918 0 0 0 9124

[14:44:25]	[Recv]	lev 99 0 99 0 2140719000 5991794 66980872 2 0 90 917705181 0

[14:44:25]	[Recv]	cond 2 4988592 0 0 15

[14:44:25]	[Send]	ncif 3 5002626
[14:44:25]	[Recv]	cond 2 4988603 0 0 15

[14:44:25]	[Recv]	ct 3 5002623 2 4988617 -1 -1 0

[14:44:25]	[Recv]	su 3 5002623 2 4988617 0 5 11 0 0 0 1 67 313 0 0 5116 7621

[14:44:25]	[Recv]	out 2 4988460

[14:44:25]	[Recv]	eff 2 4988603 5005

[14:44:25]	[Recv]	ms_c 0

[14:44:25]	[Recv]	qslot 0 1.1.1 1.1.2 1.1.3 1.1.4 1.1.5 1.1.6 1.1.7 1.1.9 1.1.8 1.1.10 0.1.45 0.2.21 0.1.76 1.1.38 1.3.12 0.1.34 0.1.87 0.-1.-1 0.1.84 0.1.43 1.3.11 1.1.42 1.1.41 1.3.976 0.-1.-1 0.1.70 0.2.143 0.2.25 0.2.27 0.2.26

[14:44:25]	[Recv]	qslot 1 0.-1.-1 0.-1.-1 0.-1.-1 0.-1.-1 0.-1.-1 0.-1.-1 0.-1.-1 0.-1.-1 0.-1.-1 0.-1.-1 0.1.-1 0.1.-1 1.1.41 1.1.42 0.-1.-1 7.7.-1 7.7.-1 7.7.-1 7.7.-1 0.-1.-1 0.-1.-1 0.-1.-1 0.-1.-1 0.-1.-1 0.-1.-1 0.-1.-1 0.-1.-1 0.-1.-1 0.-1.-1 0.-1.-1

[14:44:25]	[Send]	suctl 5442 1 4988592 3 5002626
[14:44:25]	[Recv]	ct 1 2073308 3 5002626 -1 -1 1122

[14:44:25]	[Recv]	st 3 5002626 90 0 61 100 3056 2369 5000 2369 0

[14:44:25]	[Recv]	su 1 2073308 3 5002626 1122 150 41 4268 0 0 0 0 93253 3 0 0 5000

[14:44:25]	[Recv]	lev 99 0 99 0 2140719000 5991794 66980872 2 0 90 917705181 0

[14:44:25]	[Recv]	mslot 1125 -1

[14:44:25]	[Recv]	qset 0 8 1.1.11.0

[14:44:25]	[Recv]	ct 2 4988552 3 5002626 -1 -1 0

[14:44:25]	[Recv]	su 2 4988552 2 4988552 0 11 11 1047 0 0 1 92 0 2 0 38831 41888

[14:44:25]	[Recv]	ct 2 4988603 3 5002626 -1 -1 0

[14:44:25]	[Recv]	su 2 4988603 2 4988603 0 12 11 8360 0 0 1 100 0 2 0 19451 19451

[14:44:26]	[Send]	ptctl 5442 2 4988603 42 44 4988592 42 42 4988603 15
[14:44:26]	[Recv]	ct 3 5002625 2 4988590 -1 -1 0

[14:44:26]	[Recv]	su 3 5002625 2 4988590 0 5 11 0 0 0 1 90 31 0 0 13949 15441

[14:44:26]	[Recv]	cond 1 2073308 0 0 18

[14:44:26]	[Recv]	cond 1 2073308 0 0 18

[14:44:26]	[Send]	ptctl 5442 2 4988603 43 44 4988592 41 43 4988603 15
[14:44:26]	[Recv]	cond 2 4988603 0 0 15

[14:44:26]	[Recv]	cond 2 4988592 0 0 15

[14:44:26]	[Send]	ptctl 5442 2 4988603 43 45 4988592 41 44 4988603 15
[14:44:26]	[Recv]	cond 2 4988603 0 0 15

[14:44:26]	[Recv]	cond 2 4988592 0 0 15

[14:44:26]	[Recv]	sp 417094 1000000 3500 10000

[14:44:26]	[Recv]	ct 3 5002623 2 4988617 -1 -1 0

[14:44:26]	[Recv]	su 3 5002623 2 4988617 0 5 11 0 0 0 1 66 62 0 0 5054 7621

[14:44:26]	[Recv]	cond 1 2073308 0 0 18

[14:44:26]	[Recv]	cond 1 2073308 0 0 18

[14:44:26]	[Recv]	sr 1

[14:44:26]	[Recv]	cond 2 4988603 0 0 15

[14:44:26]	[Recv]	cond 2 4988592 0 0 15

[14:44:26]	[Send]	ncif 3 5002401
[14:44:26]	[Recv]	ct 2 4988518 3 5002623 -1 -1 0

[14:44:26]	[Recv]	su 2 4988518 3 5002623 0 9 11 4720 0 0 1 61 0 1 0 3052 5000

[14:44:26]	[Recv]	st 2 5001496 92 0 100 100 91620 183240 91620 183240 0

[14:44:26]	[Send]	ptctl 5442 1 4988592 40 38 4988592 15
[14:44:26]	[Send]	mtlist 5 3 5002406 3 5002623 3 5002625 2 4988472 2 4988617 
[14:44:26]	[Send]	u_s 11 3 5002401
[14:44:26]	[Recv]	st 3 5002401 96 0 100 100 86983 2670 86983 2670 0

[14:44:26]	[Send]	ptctl 5442 1 4988603 41 43 4988603 15
[14:44:26]	[Send]	suctl 5442 1 4988603 3 5002401
[14:44:26]	[Recv]	cond 2 4988573 0 0 10

[14:44:26]	[Recv]	petski 334 1831 1798

[14:44:26]	[Recv]	pet_cool2  0 0 0

[14:44:26]	[Recv]	pinit 2 2|4988603|0|94|@|-1|3206|1|2723|0|0 2|4988592|1|96|@|-1|1548|0|0|0|60

[14:44:26]	[Recv]	ct 2 4988590 3 5002401 -1 -1 0

[14:44:26]	[Recv]	su 2 4988590 3 5002401 0 10 11 4841 0 0 1 100 0 1 0 86983 86983

[14:44:26]	[Recv]	ct 2 4988617 3 5002406 -1 -1 0

[14:44:26]	[Recv]	su 2 4988617 3 5002406 0 10 11 8146 0 0 1 100 0 1 0 9123 9124

[14:44:26]	[Recv]	cond 2 4988592 0 0 15

[14:44:27]	[Recv]	cond 1 2073308 0 0 18

[14:44:27]	[Recv]	cond 1 2073308 0 0 18

[14:44:27]	[Recv]	ct 2 4988472 3 5002625 -1 -1 0

[14:44:27]	[Recv]	su 2 4988472 3 5002625 0 9 11 1006 0 0 1 98 0 1 0 4946 5000

[14:44:27]	[Recv]	ms_c 0

[14:44:27]	[Recv]	qslot 0 1.1.1 1.1.2 1.1.3 1.1.4 1.1.5 1.1.6 1.1.7 1.1.9 1.1.8 1.1.10 0.1.45 0.2.21 0.1.76 1.1.38 1.3.12 0.1.34 0.1.87 0.-1.-1 0.1.84 0.1.43 1.3.11 1.1.42 1.1.41 1.3.976 0.-1.-1 0.1.70 0.2.143 0.2.25 0.2.27 0.2.26

[14:44:27]	[Recv]	qslot 1 0.-1.-1 0.-1.-1 0.-1.-1 0.-1.-1 0.-1.-1 0.-1.-1 0.-1.-1 0.-1.-1 0.-1.-1 0.-1.-1 0.1.-1 0.1.-1 1.1.41 1.1.42 0.-1.-1 7.7.-1 7.7.-1 7.7.-1 7.7.-1 0.-1.-1 0.-1.-1 0.-1.-1 0.-1.-1 0.-1.-1 0.-1.-1 0.-1.-1 0.-1.-1 0.-1.-1 0.-1.-1 0.-1.-1

[14:44:27]	[Recv]	ct 3 5002625 2 4988590 -1 -1 0

[14:44:27]	[Recv]	su 3 5002625 2 4988590 0 5 11 0 0 0 1 90 31 0 0 13918 15441

[14:44:27]	[Recv]	ct 3 5002406 2 4988617 -1 -1 0

[14:44:27]	[Recv]	su 3 5002406 2 4988617 0 10 11 0 0 0 1 65 68 0 0 4986 7621

[14:44:27]	[Recv]	ct 3 5002401 2 4988590 -1 -1 763

[14:44:27]	[Recv]	in 3 688 5002636 39 37 2 100 100 0 0 0 -1 0 0 -1 - 0 -1 0 0 0 0 0 0 0 0 0 0 0 0

[14:44:27]	[Recv]	in 3 688 5002637 39 37 2 100 100 0 0 0 -1 0 0 -1 - 0 -1 0 0 0 0 0 0 0 0 0 0 0 0

[14:44:27]	[Recv]	in 3 688 5002638 41 37 2 100 100 0 0 0 -1 0 0 -1 - 0 -1 0 0 0 0 0 0 0 0 0 0 0 0

[14:44:27]	[Recv]	in 3 688 5002639 40 36 2 100 100 0 0 0 -1 0 0 -1 - 0 -1 0 0 0 0 0 0 0 0 0 0 0 0

[14:44:27]	[Recv]	in 3 688 5002640 40 37 2 100 100 0 0 0 -1 0 0 -1 - 0 -1 0 0 0 0 0 0 0 0 0 0 0 0

[14:44:27]	[Recv]	su 3 5002401 3 5002401 763 50 11 7287 0 0 1 100 0 -1 0 86983 86983

[14:44:27]	[Recv]	ct 1 2073308 3 5002401 -1 -1 1125

[14:44:27]	[Recv]	cond 1 2073308 0 0 21

[14:44:27]	[Recv]	bf 1 2073308 0.576.20 99

[14:44:27]	[Recv]	sayi 1 2073308 20 26 3 576 0 0 0

[14:44:27]	[Recv]	su 1 2073308 3 5002401 1125 3 22 4272 0 0 1 65 30412 0 0 56571 86983

[14:44:27]	[Recv]	bf 3 5002625 0.4110.80 99

[14:44:27]	[Recv]	eff 3 5002625 0

[14:44:27]	[Recv]	eff 1 2073308 15

[14:44:27]	[Recv]	su 1 2073308 3 5002625 1125 3 22 4272 0 0 0 0 223949 6 0 0 5000

[14:44:27]	[Recv]	lev 99 0 99 0 2140719000 5991794 66980872 2 0 90 917705181 0

[14:44:27]	[Recv]	su 1 2073308 3 5002623 1125 3 22 4272 0 0 0 0 89186 6 0 0 5000

[14:44:27]	[Recv]	lev 99 0 99 0 2140719000 5991794 66980872 2 0 90 917705181 0

[14:44:27]	[Recv]	eff 1 2073308 15

[14:44:27]	[Recv]	su 1 2073308 3 5002406 1125 3 22 4272 0 0 0 0 265079 6 0 0 9124

[14:44:27]	[Recv]	lev 99 0 99 0 2140719000 5991794 66980872 2 0 90 917705181 0

[14:44:27]	[Recv]	mslot 1126 -1

[14:44:27]	[Recv]	qset 0 8 1.1.12.0

[14:44:27]	[Recv]	bf 1 2073308 0.4126.100 99

[14:44:27]	[Recv]	sayi 1 2073308 20 26 3 4126 0 0 0

[14:44:27]	[Recv]	cond 2 4988603 0 0 15

[14:44:27]	[Recv]	eff 2 4988603 5005

[14:44:27]	[Recv]	eff 3 5002640 5000

[14:44:27]	[Recv]	eff 3 5002639 5000

[14:44:27]	[Recv]	eff 3 5002637 5000

[14:44:27]	[Send]	mtlist 8 3 5002406 3 5002623 3 5002625 3 5002638 3 5002639 3 5002640 2 4988472 2 4988552 
[14:44:27]	[Send]	u_s 12 3 5002401
[14:44:27]	[Recv]	sr 11

[14:44:27]	[Recv]	ct 2 4988603 3 5002401 -1 -1 0

[14:44:27]	[Recv]	eff 2 4988603 15

[14:44:27]	[Recv]	su 2 4988603 3 5002401 0 12 11 8360 0 0 1 54 8841 0 0 47730 86983

[14:44:27]	[Recv]	eff 2 5001496 7739

[14:44:27]	[Send]	ncif 3 5002401
[14:44:27]	[Send]	ptctl 5442 1 4988592 40 37 4988592 15
[14:44:27]	[Recv]	ms_c 0

[14:44:27]	[Recv]	qslot 0 1.1.1 1.1.2 1.1.3 1.1.4 1.1.5 1.1.6 1.1.7 1.1.9 1.1.8 1.1.10 0.1.45 0.2.21 0.1.76 1.1.38 1.3.12 0.1.34 0.1.87 0.-1.-1 0.1.84 0.1.43 1.3.11 1.1.42 1.1.41 1.3.976 0.-1.-1 0.1.70 0.2.143 0.2.25 0.2.27 0.2.26

[14:44:27]	[Recv]	qslot 1 0.-1.-1 0.-1.-1 0.-1.-1 0.-1.-1 0.-1.-1 0.-1.-1 0.-1.-1 0.-1.-1 0.-1.-1 0.-1.-1 0.1.-1 0.1.-1 1.1.41 1.1.42 0.-1.-1 7.7.-1 7.7.-1 7.7.-1 7.7.-1 0.-1.-1 0.-1.-1 0.-1.-1 0.-1.-1 0.-1.-1 0.-1.-1 0.-1.-1 0.-1.-1 0.-1.-1 0.-1.-1 0.-1.-1

[14:44:27]	[Recv]	ct 3 5002639 2 4988592 -1 -1 0

[14:44:27]	[Recv]	su 3 5002639 2 4988592 0 5 11 0 0 0 1 99 158 0 0 57613 57771

[14:44:27]	[Recv]	ct 3 5002638 2 4988590 -1 -1 0

[14:44:27]	[Recv]	su 3 5002638 2 4988590 0 5 11 0 0 0 1 88 314 0 0 13604 15441

[14:44:27]	[Recv]	ct 3 5002637 2 4988592 -1 -1 0

[14:44:27]	[Recv]	su 3 5002637 2 4988592 0 5 11 0 0 0 1 99 0 1 0 57613 57771

[14:44:27]	[Recv]	ct 1 2073308 3 5002401 -1 -1 1126

[14:44:27]	[Recv]	eff 1 2073308 15

[14:44:27]	[Recv]	su 1 2073308 3 5002401 1126 3 26 4273 0 0 0 0 70552 0 0 0 86983

[14:44:27]	[Recv]	in 3 2371 5002643 38 37 2 100 100 0 0 0 -1 0 0 -1 - 0 -1 0 0 0 0 0 0 0 0 0 0 0 0

[14:44:27]	[Recv]	guri 31 1 2073308 38 37

[14:44:27]	[Recv]	lev 99 0 99 0 2140719000 5991794 66980872 2 0 90 917705181 0

[14:44:27]	[Recv]	cond 1 2073308 0 0 22

[14:44:27]	[Recv]	bf 1 2073308 0.567.400 99

[14:44:27]	[Recv]	eff 1 2073308 0

[14:44:27]	[Recv]	sayi 1 2073308 20 26 3 567 0 0 0

[14:44:27]	[Recv]	eff 1 2073308 15

[14:44:27]	[Recv]	su 1 2073308 3 5002640 1126 3 26 4273 0 0 0 0 78450 5 0 0 5000

[14:44:27]	[Recv]	lev 99 0 99 0 2140719000 5991794 66980872 2 0 90 917705181 0

[14:44:27]	[Recv]	eff 1 2073308 15

[14:44:27]	[Recv]	su 1 2073308 3 5002639 1126 3 26 4273 0 0 0 0 76782 5 0 0 5000

[14:44:27]	[Recv]	lev 99 0 99 0 2140719000 5991794 66980872 2 0 90 917705181 0

[14:44:27]	[Recv]	su 1 2073308 3 5002638 1126 3 26 4273 0 0 0 0 87261 6 0 0 5000

[14:44:27]	[Recv]	lev 99 0 99 0 2140719000 5991794 66980872 2 0 90 917705181 0

[14:44:27]	[Recv]	mslot 1125 -1

[14:44:27]	[Recv]	qset 0 8 1.1.11.0

[14:44:27]	[Recv]	bf 1 2073308 0.4254.80 99

[14:44:28]	[Send]	suctl 5442 1 4988592 3 5002401
[14:44:28]	[Recv]	cond 2 4988592 0 0 15

[14:44:28]	[Send]	mtlist 7 3 5002638 3 5002639 3 5002640 2 4988472 2 4988552 2 4988592 2 4988617 
[14:44:28]	[Send]	u_s 11 3 5002401
[14:44:28]	[Recv]	out 2 4988472

[14:44:28]	[Recv]	out 2 4988518

[14:44:28]	[Recv]	out 2 4988542

[14:44:28]	[Recv]	out 2 4988552

[14:44:28]	[Recv]	sayi 1 2073308 20 22 3 1027 0 0 0

[14:44:28]	[Recv]	bf 1 2073308 0.1027.0 99

[14:44:28]	[Send]	suctl 5442 1 4988603 3 5002401
[14:44:28]	[Recv]	sr 12

[14:44:28]	[Recv]	cancel 0 11 -1

[14:44:28]	[Send]	mtlist 6 3 5002638 3 5002639 3 5002640 2 4988590 2 4988592 2 4988617 
[14:44:28]	[Send]	u_s 11 3 5002401
[14:44:28]	[Recv]	cancel 0 11 -1

[14:44:28]	[Send]	ptctl 5442 2 4988603 40 47 4988592 40 42 4988603 15
[14:44:28]	[Recv]	die 3 5002643 3 5002643

[14:44:28]	[Recv]	st 2 5001496 92 0 100 100 91620 183240 91620 183240 0

[14:44:28]	[Recv]	cond 1 2073308 0 0 22

[14:44:28]	[Recv]	cond 1 2073308 0 0 22

[14:44:28]	[Recv]	cond 2 4988603 0 0 15

[14:44:28]	[Recv]	cond 2 4988592 0 0 15

[14:44:28]	[Send]	ptctl 5442 2 4988603 42 47 4988592 40 44 4988603 15
[14:44:29]	[Recv]	cond 2 4988603 0 0 15

[14:44:29]	[Recv]	cond 2 4988592 0 0 15

[14:44:29]	[Send]	ncif 3 5002636
[14:44:29]	[Recv]	ct 3 5002637 2 4988592 -1 -1 0

[14:44:29]	[Recv]	su 3 5002637 2 4988592 0 5 11 0 0 0 1 99 158 0 0 57455 57771

[14:44:29]	[Send]	mtlist 0 
[14:44:29]	[Send]	u_s 11 3 5002636
[14:44:29]	[Send]	ptctl 5442 1 4988592 40 41 4988592 15
[14:44:29]	[Recv]	cond 1 2073308 0 0 19

[14:44:29]	[Recv]	sayi 1 2073308 20 22 3 576 0 0 0

[14:44:29]	[Recv]	bf 1 2073308 0.576.0 99

[14:44:29]	[Recv]	st 3 5002636 90 0 99 100 4991 2369 5000 2369 0

[14:44:29]	[Send]	suctl 5442 1 4988592 3 5002636
[14:44:29]	[Recv]	ms_c 0

[14:44:29]	[Recv]	qslot 0 1.1.1 1.1.2 1.1.3 1.1.4 1.1.5 1.1.6 1.1.7 1.1.9 1.1.8 1.1.10 0.1.45 0.2.21 0.1.76 1.1.38 1.3.12 0.1.34 0.1.87 0.-1.-1 0.1.84 0.1.43 1.3.11 1.1.42 1.1.41 1.3.976 0.-1.-1 0.1.70 0.2.143 0.2.25 0.2.27 0.2.26

[14:44:29]	[Recv]	qslot 1 0.-1.-1 0.-1.-1 0.-1.-1 0.-1.-1 0.-1.-1 0.-1.-1 0.-1.-1 0.-1.-1 0.-1.-1 0.-1.-1 0.1.-1 0.1.-1 1.1.41 1.1.42 0.-1.-1 7.7.-1 7.7.-1 7.7.-1 7.7.-1 0.-1.-1 0.-1.-1 0.-1.-1 0.-1.-1 0.-1.-1 0.-1.-1 0.-1.-1 0.-1.-1 0.-1.-1 0.-1.-1 0.-1.-1

[14:44:29]	[Send]	suctl 5442 1 4988603 3 5002636
[14:44:29]	[Recv]	ct 1 2073308 3 5002636 -1 -1 1125

[14:44:29]	[Recv]	cond 1 2073308 0 0 22

[14:44:29]	[Recv]	bf 1 2073308 0.576.20 99

[14:44:29]	[Recv]	sayi 1 2073308 20 26 3 576 0 0 0

[14:44:29]	[Recv]	eff 1 2073308 15

[14:44:29]	[Recv]	su 1 2073308 3 5002636 1125 3 22 4272 0 0 0 0 227037 3 0 0 5000

[14:44:29]	[Recv]	in 3 2371 5002648 45 48 2 100 100 0 0 0 -1 0 0 -1 - 0 -1 0 0 0 0 0 0 0 0 0 0 0 0

[14:44:29]	[Recv]	guri 31 1 2073308 45 48

[14:44:29]	[Recv]	lev 99 0 99 0 2140719000 5991794 66980872 2 0 90 917705181 0

[14:44:29]	[Recv]	mslot 1126 -1

[14:44:29]	[Recv]	qset 0 8 1.1.12.0

[14:44:29]	[Recv]	cond 2 4988592 0 0 15

[14:44:29]	[Send]	ptctl 5442 2 4988603 40 49 4988592 40 46 4988603 15
[14:44:29]	[Recv]	die 3 5002648 3 5002648

[14:44:29]	[Recv]	sr 11

[14:44:29]	[Recv]	cond 1 2073308 0 0 22

[14:44:29]	[Recv]	cond 1 2073308 0 0 22

[14:44:29]	[Send]	ptctl 5442 2 4988603 41 51 4988592 40 47 4988603 15
[14:44:30]	[Recv]	cond 2 4988603 0 0 15

[14:44:30]	[Recv]	cond 2 4988592 0 0 15

[14:44:30]	[Recv]	cond 2 4988603 0 0 15

[14:44:30]	[Recv]	cond 2 4988592 0 0 15

[14:44:30]	[Send]	ptctl 5442 2 4988603 41 50 4988592 40 48 4988603 15
[14:44:30]	[Recv]	cond 1 2073308 0 0 22

[14:44:30]	[Recv]	cond 1 2073308 0 0 22

[14:44:30]	[Recv]	cond 2 4988603 0 0 15

[14:44:30]	[Recv]	cond 2 4988592 0 0 15

[14:44:30]	[Recv]	in 3 718 5002650 6 38 4 100 100 0 0 0 -1 0 0 -1 - 0 -1 0 0 0 0 0 0 0 0 0 0 0 0

[14:44:30]	[Recv]	msgi 0 679 0 0 0 0 0

[14:44:30]	[Recv]	in 3 716 5002651 6 40 4 100 100 0 0 0 -1 0 0 -1 - 0 -1 0 0 0 0 0 0 0 0 0 0 0 0

[14:44:30]	[Recv]	msgi 0 679 0 0 0 0 0

[14:44:30]	[Recv]	in 3 716 5002652 7 40 2 100 100 0 0 0 -1 0 0 -1 - 0 -1 0 0 0 0 0 0 0 0 0 0 0 0

[14:44:30]	[Recv]	msgi 0 679 0 0 0 0 0

[14:44:30]	[Recv]	in 3 706 5002653 36 7 2 100 100 0 0 0 -1 0 0 -1 - 0 -1 0 0 0 0 0 0 0 0 0 0 0 0

[14:44:30]	[Recv]	msgi 0 679 0 0 0 0 0

[14:44:30]	[Recv]	in 3 718 5002654 38 5 4 100 100 0 0 0 -1 0 0 -1 - 0 -1 0 0 0 0 0 0 0 0 0 0 0 0

[14:44:30]	[Recv]	msgi 0 679 0 0 0 0 0

[14:44:30]	[Recv]	in 3 706 5002655 38 7 4 100 100 0 0 0 -1 0 0 -1 - 0 -1 0 0 0 0 0 0 0 0 0 0 0 0

[14:44:30]	[Recv]	msgi 0 679 0 0 0 0 0

[14:44:30]	[Recv]	in 3 706 5002656 39 7 3 100 100 0 0 0 -1 0 0 -1 - 0 -1 0 0 0 0 0 0 0 0 0 0 0 0

[14:44:30]	[Recv]	msgi 0 679 0 0 0 0 0

[14:44:30]	[Recv]	in 3 691 5002657 40 6 6 100 100 0 0 0 -1 0 0 -1 - 0 -1 0 0 0 0 0 0 0 0 0 0 0 0

[14:44:30]	[Recv]	msgi 0 679 0 0 0 0 0

[14:44:30]	[Recv]	in 3 706 5002658 41 7 2 100 100 0 0 0 -1 0 0 -1 - 0 -1 0 0 0 0 0 0 0 0 0 0 0 0

[14:44:30]	[Recv]	msgi 0 679 0 0 0 0 0

[14:44:30]	[Recv]	in 3 775 5002659 42 5 1 100 100 0 0 0 -1 0 0 -1 - 0 -1 0 0 0 0 0 0 0 0 0 0 0 0

[14:44:30]	[Recv]	msgi 0 679 0 0 0 0 0

[14:44:30]	[Recv]	in 3 706 5002660 43 7 3 100 100 0 0 0 -1 0 0 -1 - 0 -1 0 0 0 0 0 0 0 0 0 0 0 0

[14:44:30]	[Recv]	msgi 0 679 0 0 0 0 0

[14:44:30]	[Recv]	in 3 706 5002661 45 7 1 100 100 0 0 0 -1 0 0 -1 - 0 -1 0 0 0 0 0 0 0 0 0 0 0 0

[14:44:30]	[Recv]	msgi 0 679 0 0 0 0 0

[14:44:30]	[Recv]	in 3 706 5002662 47 7 4 100 100 0 0 0 -1 0 0 -1 - 0 -1 0 0 0 0 0 0 0 0 0 0 0 0

[14:44:30]	[Recv]	msgi 0 679 0 0 0 0 0

[14:44:30]	[Recv]	in 3 716 5002663 72 41 5 100 100 0 0 0 -1 0 0 -1 - 0 -1 0 0 0 0 0 0 0 0 0 0 0 0

[14:44:30]	[Recv]	msgi 0 679 0 0 0 0 0

[14:44:30]	[Recv]	in 3 718 5002664 73 39 2 100 100 0 0 0 -1 0 0 -1 - 0 -1 0 0 0 0 0 0 0 0 0 0 0 0

[14:44:30]	[Recv]	msgi 0 679 0 0 0 0 0

[14:44:30]	[Recv]	in 3 716 5002665 73 41 7 100 100 0 0 0 -1 0 0 -1 - 0 -1 0 0 0 0 0 0 0 0 0 0 0 0

[14:44:30]	[Recv]	msgi 0 679 0 0 0 0 0

[14:44:30]	[Recv]	eff 3 5002665 5000

[14:44:30]	[Recv]	eff 3 5002663 5000

[14:44:30]	[Recv]	eff 3 5002661 5000

[14:44:30]	[Recv]	eff 3 5002659 5000

[14:44:30]	[Recv]	eff 3 5002657 5000

[14:44:30]	[Recv]	eff 3 5002655 5000

[14:44:30]	[Recv]	eff 3 5002653 5000

[14:44:30]	[Recv]	eff 3 5002651 5000

[14:44:30]	[Recv]	st 2 5001496 92 0 100 100 91620 183240 91620 183240 0

[14:44:30]	[Send]	ptctl 5442 2 4988603 41 45 4988592 40 42 4988603 15
[14:44:31]	[Recv]	ct 3 5002637 2 4988590 -1 -1 0

[14:44:31]	[Recv]	su 3 5002637 2 4988590 0 5 11 0 0 0 1 86 310 0 0 13294 15441

[14:44:31]	[Recv]	cond 1 2073308 0 0 22

[14:44:31]	[Recv]	cond 1 2073308 0 0 22

[14:44:31]	[Recv]	cond 2 4988603 0 0 15

[14:44:31]	[Recv]	cond 2 4988592 0 0 15

[14:44:31]	[Send]	ncif 3 5002399
[14:44:31]	[Recv]	ct 2 4988590 3 5002637 -1 -1 0

[14:44:31]	[Recv]	su 2 4988590 3 5002637 0 10 11 4841 0 0 1 99 0 1 0 4981 5000

[14:44:31]	[Recv]	ct 2 4988617 3 5002399 -1 -1 0

[14:44:31]	[Recv]	su 2 4988617 3 5002399 0 10 11 8146 0 0 1 100 0 1 0 9110 9124

[14:44:31]	[Send]	ptctl 5442 1 4988603 41 47 4988603 15
[14:44:31]	[Send]	suctl 5442 1 4988603 3 5002399
[14:44:31]	[Send]	mtlist 1 2 4988592 
[14:44:31]	[Send]	u_s 12 3 5002399
[14:44:31]	[Send]	ptctl 5442 1 4988592 40 40 4988592 15
[14:44:31]	[Recv]	st 3 5002399 96 0 100 100 9110 2670 9124 2670 0

[14:44:31]	[Recv]	cond 2 4988603 0 0 15

[14:44:31]	[Recv]	sr 13

[14:44:31]	[Recv]	cond 1 2073308 0 0 19

[14:44:31]	[Recv]	sayi 1 2073308 20 22 3 576 0 0 0

[14:44:31]	[Recv]	bf 1 2073308 0.576.0 99

[14:44:31]	[Recv]	eff 2 4988603 5005

[14:44:31]	[Recv]	sp 417094 1000000 3490 10000

[14:44:31]	[Recv]	ct 3 5002399 2 4988617 -1 -1 0

[14:44:31]	[Recv]	su 3 5002399 2 4988617 0 10 11 0 0 0 1 61 338 3 0 4648 7621

[14:44:31]	[Recv]	cond 1 2073308 0 0 19

[14:44:31]	[Recv]	cond 1 2073308 0 0 19

[14:44:31]	[Recv]	ct 2 4988603 3 5002399 -1 -1 0

[14:44:31]	[Recv]	su 2 4988603 3 5002399 0 12 11 8360 0 0 1 43 5163 0 0 3947 9124

[14:44:31]	[Recv]	ms_c 0

[14:44:31]	[Recv]	qslot 0 1.1.1 1.1.2 1.1.3 1.1.4 1.1.5 1.1.6 1.1.7 1.1.9 1.1.8 1.1.10 0.1.45 0.2.21 0.1.76 1.1.38 1.3.12 0.1.34 0.1.87 0.-1.-1 0.1.84 0.1.43 1.3.11 1.1.42 1.1.41 1.3.976 0.-1.-1 0.1.70 0.2.143 0.2.25 0.2.27 0.2.26

[14:44:31]	[Recv]	qslot 1 0.-1.-1 0.-1.-1 0.-1.-1 0.-1.-1 0.-1.-1 0.-1.-1 0.-1.-1 0.-1.-1 0.-1.-1 0.-1.-1 0.1.-1 0.1.-1 1.1.41 1.1.42 0.-1.-1 7.7.-1 7.7.-1 7.7.-1 7.7.-1 0.-1.-1 0.-1.-1 0.-1.-1 0.-1.-1 0.-1.-1 0.-1.-1 0.-1.-1 0.-1.-1 0.-1.-1 0.-1.-1 0.-1.-1

[14:44:31]	[Recv]	ct 1 2073308 3 5002399 -1 -1 1126

[14:44:31]	[Recv]	su 1 2073308 3 5002399 1126 3 26 4273 0 0 0 0 105483 3 0 0 9124

[14:44:31]	[Recv]	lev 99 0 99 0 2140719000 5991794 66980872 2 0 90 917705181 0

[14:44:31]	[Recv]	cond 1 2073308 0 0 18

[14:44:31]	[Recv]	bf 1 2073308 0.567.0 99

[14:44:31]	[Recv]	cond 1 2073308 0 0 20

[14:44:31]	[Recv]	bf 1 2073308 0.568.400 99

[14:44:31]	[Recv]	eff 1 2073308 0

[14:44:31]	[Recv]	sayi 1 2073308 20 26 3 568 0 0 0

[14:44:31]	[Recv]	mslot 1125 -1

[14:44:31]	[Recv]	qset 0 8 1.1.11.0

[14:44:31]	[Recv]	out 2 4988590

[14:44:31]	[Recv]	out 2 4988617

[14:44:31]	[Recv]	sayi 1 2073308 20 22 3 1028 0 0 0

[14:44:31]	[Recv]	bf 1 2073308 0.1028.0 99

[14:44:31]	[Recv]	cond 2 4988592 0 0 15

[14:44:31]	[Send]	ptctl 5442 2 4988603 37 51 4988592 40 45 4988603 15
[14:44:32]	[Recv]	cond 1 2073308 0 0 20

[14:44:32]	[Recv]	cond 1 2073308 0 0 20

[14:44:32]	[Send]	ptctl 5442 2 4988603 36 51 4988592 40 46 4988603 15
[14:44:32]	[Recv]	ct 3 5002637 2 4988592 -1 -1 0

[14:44:32]	[Recv]	su 3 5002637 2 4988592 0 5 11 0 0 0 1 99 161 0 0 57294 57771

[14:44:32]	[Recv]	sr 12

[14:44:32]	[Recv]	cond 2 4988603 0 0 15

[14:44:32]	[Recv]	cond 2 4988592 0 0 15

[14:44:32]	[Recv]	cond 1 2073308 0 0 20

[14:44:32]	[Recv]	cond 1 2073308 0 0 20

[14:44:32]	[Send]	ptctl 5442 2 4988603 36 50 4988592 40 47 4988603 15
[14:44:32]	[Recv]	cond 2 4988603 0 0 15

[14:44:32]	[Recv]	cond 2 4988592 0 0 15

[14:44:32]	[Send]	ptctl 5442 1 4988592 40 48 4988592 15
[14:44:32]	[Recv]	cond 2 4988603 0 0 15

[14:44:32]	[Recv]	cond 2 4988592 0 0 15

[14:44:32]	[Recv]	cond 1 2073308 0 0 20

[14:44:32]	[Recv]	cond 1 2073308 0 0 20

[14:44:32]	[Send]	ptctl 5442 2 4988603 35 48 4988592 38 49 4988603 15
[14:44:32]	[Recv]	cond 2 4988592 0 0 15

[14:44:32]	[Recv]	st 2 5001496 92 0 100 100 91620 183240 91620 183240 0

[14:44:32]	[Recv]	eff 2 5001496 7739

[14:44:32]	[Recv]	cond 1 2073308 0 0 20

[14:44:32]	[Recv]	cond 1 2073308 0 0 20

[14:44:32]	[Send]	ptctl 5442 2 4988603 34 48 4988592 35 46 4988603 15
[14:44:32]	[Recv]	cond 2 4988603 0 0 15

[14:44:32]	[Recv]	cond 2 4988592 0 0 15

[14:44:33]	[Recv]	cond 1 2073308 0 0 20

[14:44:33]	[Recv]	cond 1 2073308 0 0 20

[14:44:33]	[Recv]	cond 2 4988603 0 0 15

[14:44:33]	[Recv]	cond 2 4988592 0 0 15

[14:44:33]	[Send]	ptctl 5442 2 4988603 32 48 4988592 32 45 4988603 15
[14:44:33]	[Recv]	cond 1 2073308 0 0 20

[14:44:33]	[Recv]	cond 1 2073308 0 0 20

[14:44:33]	[Send]	ptctl 5442 2 4988603 31 48 4988592 31 45 4988603 15
[14:44:33]	[Recv]	cond 2 4988603 0 0 15

[14:44:33]	[Recv]	cond 2 4988592 0 0 15

[14:44:33]	[Send]	pulse 3000 0
[14:44:33]	[Recv]	umi 5060.341 5676.-1 5797.-1 13459.-2

[14:44:33]	[Recv]	cond 1 2073308 0 0 20

[14:44:33]	[Recv]	cond 1 2073308 0 0 20

[14:44:33]	[Send]	ptctl 5442 2 4988603 29 48 4988592 30 45 4988603 15
[14:44:33]	[Recv]	cond 2 4988603 0 0 15

[14:44:33]	[Recv]	cond 2 4988592 0 0 15

[14:44:33]	[Send]	ptctl 5442 2 4988603 28 48 4988592 29 45 4988603 15
[14:44:33]	[Recv]	cond 1 2073308 0 0 20

[14:44:33]	[Recv]	cond 1 2073308 0 0 20

[14:44:33]	[Recv]	cond 2 4988603 0 0 15

[14:44:33]	[Recv]	cond 2 4988592 0 0 15

[14:44:34]	[Recv]	cond 1 2073308 0 0 20

[14:44:34]	[Recv]	cond 1 2073308 0 0 20

[14:44:34]	[Send]	ptctl 5442 2 4988603 27 48 4988592 27 45 4988603 15
[14:44:34]	[Recv]	cond 2 4988603 0 0 15

[14:44:34]	[Recv]	cond 2 4988592 0 0 15

[14:44:34]	[Recv]	cond 1 2073308 0 0 20

[14:44:34]	[Recv]	cond 1 2073308 0 0 20

[14:44:34]	[Recv]	cond 2 4988603 0 0 15

[14:44:34]	[Recv]	cond 2 4988592 0 0 15

[14:44:34]	[Send]	ncif 3 5002652
[14:44:34]	[Recv]	sc_p 170 1548 4988592 96 803 23967220 0 0 1889 2049 1289 19 90 9 975 627 958 627 866 3 90 90 110 80 57294 57771 18100 18100 1 84982200 0 @ 0 0 6 60 1831 1798 0 100

[14:44:34]	[Recv]	st 3 5002652 96 0 100 100 9124 2670 9124 2670 0

[14:44:34]	[Recv]	st 2 5001496 92 0 100 100 91620 183240 91620 183240 0

[14:44:34]	[Send]	ptctl 5442 1 4988592 22 45 4988592 15
[14:44:34]	[Send]	ncif 3 5002650
[14:44:34]	[Recv]	cond 2 4988592 0 0 15

[14:44:34]	[Send]	mtlist 0 
[14:44:34]	[Send]	u_s 11 3 5002650
[14:44:34]	[Send]	ptctl 5442 1 4988603 22 48 4988603 15
[14:44:35]	[Recv]	st 3 5002650 96 0 100 100 23083 2670 23083 2670 0

[14:44:35]	[Recv]	ms_c 0

[14:44:35]	[Recv]	qslot 0 1.1.1 1.1.2 1.1.3 1.1.4 1.1.5 1.1.6 1.1.7 1.1.9 1.1.8 1.1.10 0.1.45 0.2.21 0.1.76 1.1.38 1.3.12 0.1.34 0.1.87 0.-1.-1 0.1.84 0.1.43 1.3.11 1.1.42 1.1.41 1.3.976 0.-1.-1 0.1.70 0.2.143 0.2.25 0.2.27 0.2.26

[14:44:35]	[Recv]	qslot 1 0.-1.-1 0.-1.-1 0.-1.-1 0.-1.-1 0.-1.-1 0.-1.-1 0.-1.-1 0.-1.-1 0.-1.-1 0.-1.-1 0.1.-1 0.1.-1 1.1.41 1.1.42 0.-1.-1 7.7.-1 7.7.-1 7.7.-1 7.7.-1 0.-1.-1 0.-1.-1 0.-1.-1 0.-1.-1 0.-1.-1 0.-1.-1 0.-1.-1 0.-1.-1 0.-1.-1 0.-1.-1 0.-1.-1

[14:44:35]	[Recv]	ct 1 2073308 3 5002650 -1 -1 1125

[14:44:35]	[Recv]	cond 1 2073308 0 0 23

[14:44:35]	[Recv]	bf 1 2073308 0.576.20 99

[14:44:35]	[Recv]	sayi 1 2073308 20 26 3 576 0 0 0

[14:44:35]	[Recv]	bf 3 5002650 0.4110.80 99

[14:44:35]	[Recv]	eff 3 5002650 0

[14:44:35]	[Recv]	su 1 2073308 3 5002650 1125 3 22 4272 0 0 0 0 86155 3 0 0 23083

[14:44:35]	[Recv]	lev 99 0 99 0 2140719000 5991794 66980872 2 0 90 917705181 0

[14:44:35]	[Recv]	bf 1 2073308 0.4254.80 99

[14:44:35]	[Recv]	cond 2 4988603 0 0 15

[14:44:35]	[Send]	ptctl 5442 2 4988603 29 48 4988592 28 48 4988603 15
[14:44:35]	[Recv]	cond 1 2073308 0 0 23

[14:44:35]	[Recv]	cond 1 2073308 0 0 23

[14:44:35]	[Send]	ptctl 5442 2 4988603 29 49 4988592 29 47 4988603 15
[14:44:35]	[Recv]	cond 2 4988603 0 0 15

[14:44:35]	[Recv]	cond 2 4988592 0 0 15

[14:44:35]	[Recv]	sr 11

[14:44:35]	[Recv]	cond 1 2073308 0 0 23

[14:44:35]	[Recv]	cond 1 2073308 0 0 23

[14:44:35]	[Send]	ptctl 5442 2 4988603 30 48 4988592 30 48 4988603 15
[14:44:35]	[Recv]	cond 2 4988603 0 0 15

[14:44:35]	[Recv]	cond 2 4988592 0 0 15

[14:44:35]	[Recv]	cond 2 4988603 0 0 15

[14:44:35]	[Recv]	cond 2 4988592 0 0 15

[14:44:36]	[Send]	ptctl 5442 2 4988603 30 43 4988592 31 43 4988603 15
[14:44:36]	[Recv]	cond 1 2073308 0 0 23

[14:44:36]	[Recv]	cond 1 2073308 0 0 23

[14:44:36]	[Recv]	cond 2 4988603 0 0 15

[14:44:36]	[Recv]	cond 2 4988592 0 0 15

[14:44:36]	[Send]	ncif 3 5002637
[14:44:36]	[Recv]	st 3 5002637 90 0 99 100 4955 2369 5000 2369 0

[14:44:36]	[Send]	ptctl 5442 1 4988592 32 44 4988592 15
[14:44:36]	[Recv]	sp 417094 1000000 3480 10000

[14:44:36]	[Send]	u_s 0 3 5002637
[14:44:36]	[Send]	ptctl 5442 1 4988603 29 44 4988603 15
[14:44:36]	[Send]	suctl 5442 1 4988603 3 5002637
[14:44:36]	[Recv]	cond 2 4988592 0 0 15

[14:44:36]	[Recv]	st 2 5001496 92 0 100 100 91620 183240 91620 183240 0

[14:44:36]	[Recv]	cond 1 2073308 0 0 23

[14:44:36]	[Recv]	cond 1 2073308 0 0 23

[14:44:36]	[Recv]	ct 3 5002637 2 4988592 -1 -1 0

[14:44:36]	[Recv]	su 3 5002637 2 4988592 0 5 11 0 0 0 1 99 159 0 0 57135 57771

[14:44:36]	[Recv]	ct 1 2073308 3 5002637 -1 -1 1114

[14:44:36]	[Recv]	eff 1 2073308 15

[14:44:36]	[Recv]	su 1 2073308 3 5002637 1114 7 11 4260 0 0 0 0 78405 0 0 0 5000

[14:44:36]	[Recv]	lev 99 0 99 0 2140719000 5991794 66980872 2 0 90 917705181 0

[14:44:36]	[Recv]	cond 2 4988603 0 0 15

[14:44:37]	[Send]	suctl 5442 1 4988592 3 5002637
[14:44:37]	[Send]	ptctl 5442 2 4988603 27 48 4988592 30 49 4988603 15
[14:44:37]	[Recv]	cond 1 2073308 0 0 20

[14:44:37]	[Recv]	sayi 1 2073308 20 22 3 576 0 0 0

[14:44:37]	[Recv]	bf 1 2073308 0.576.0 99

[14:44:37]	[Recv]	sayi 1 2073308 20 22 3 4126 0 0 0

[14:44:37]	[Recv]	bf 1 2073308 0.4126.0 99

[14:44:37]	[Recv]	cond 1 2073308 0 0 20

[14:44:37]	[Recv]	cond 1 2073308 0 0 20

[14:44:37]	[Send]	ptctl 5442 2 4988603 25 48 4988592 28 47 4988603 15
[14:44:37]	[Recv]	cond 2 4988603 0 0 15

[14:44:37]	[Recv]	cond 2 4988592 0 0 15

[14:44:37]	[Recv]	cond 1 2073308 0 0 20

[14:44:37]	[Recv]	cond 1 2073308 0 0 20

[14:44:37]	[Recv]	cond 2 4988603 0 0 15

[14:44:37]	[Recv]	cond 2 4988592 0 0 15

[14:44:37]	[Recv]	sayi2 1 -1  10 1992 17 ZielonyGroszek 918 

[14:44:37]	[Recv]	gcon 5601686|1|0

[14:44:37]	[Recv]	sr 0

[14:44:37]	[Send]	ncif 3 5002652
[14:44:37]	[Recv]	eff 2 5001496 7739

[14:44:37]	[Recv]	st 3 5002652 96 0 100 100 9124 2670 9124 2670 0

[14:44:37]	[Send]	ptctl 5442 2 4988603 31 47 4988592 33 47 4988603 15
[14:44:38]	[Send]	ptctl 5442 1 4988603 32 47 4988603 15
[14:44:38]	[Recv]	cond 1 2073308 0 0 20

[14:44:38]	[Recv]	cond 1 2073308 0 0 20

[14:44:38]	[Recv]	cond 2 4988603 0 0 15

[14:44:38]	[Recv]	cond 2 4988592 0 0 15

[14:44:38]	[Recv]	cond 1 2073308 0 0 20

[14:44:38]	[Recv]	cond 1 2073308 0 0 20

[14:44:38]	[Recv]	cond 2 4988603 0 0 15

[14:44:38]	[Recv]	sayi2 1 -1  10 1992 17 MuodySarmata 918 

[14:44:38]	[Recv]	gcon 7809214|1|0

[14:44:38]	[Recv]	team_cool 0 0

[14:44:38]	[Send]	ncif 3 5002657
[14:44:38]	[Recv]	st 2 5001496 92 0 100 100 91620 183240 91620 183240 0

[14:44:38]	[Recv]	st 3 5002657 96 0 100 100 86983 2670 86983 2670 0

[14:44:39]	[Send]	ptctl 5442 2 4988603 36 45 4988592 38 45 4988603 15
[14:44:39]	[Recv]	cond 2 4988603 0 0 15

[14:44:39]	[Recv]	cond 2 4988592 0 0 15

[14:44:39]	[Recv]	cond 1 2073308 0 0 20

[14:44:39]	[Recv]	cond 1 2073308 0 0 20

[14:44:39]	[Send]	ptctl 5442 2 4988603 34 42 4988592 35 42 4988603 15
[14:44:39]	[Recv]	cond 2 4988603 0 0 15

[14:44:39]	[Recv]	cond 2 4988592 0 0 15

[14:44:39]	[Recv]	cond 1 2073308 0 0 20

[14:44:39]	[Recv]	cond 1 2073308 0 0 20

[14:44:39]	[Send]	ncif 3 5002657
[14:44:39]	[Send]	u_s 1 3 5002657
[14:44:39]	[Recv]	st 3 5002657 96 0 100 100 86983 2670 86983 2670 0

[14:44:40]	[Recv]	ms_c 0

[14:44:40]	[Recv]	qslot 0 1.1.1 1.1.2 1.1.3 1.1.4 1.1.5 1.1.6 1.1.7 1.1.9 1.1.8 1.1.10 0.1.45 0.2.21 0.1.76 1.1.38 1.3.12 0.1.34 0.1.87 0.-1.-1 0.1.84 0.1.43 1.3.11 1.1.42 1.1.41 1.3.976 0.-1.-1 0.1.70 0.2.143 0.2.25 0.2.27 0.2.26

[14:44:40]	[Recv]	qslot 1 0.-1.-1 0.-1.-1 0.-1.-1 0.-1.-1 0.-1.-1 0.-1.-1 0.-1.-1 0.-1.-1 0.-1.-1 0.-1.-1 0.1.-1 0.1.-1 1.1.41 1.1.42 0.-1.-1 7.7.-1 7.7.-1 7.7.-1 7.7.-1 0.-1.-1 0.-1.-1 0.-1.-1 0.-1.-1 0.-1.-1 0.-1.-1 0.-1.-1 0.-1.-1 0.-1.-1 0.-1.-1 0.-1.-1

[14:44:40]	[Recv]	ct 1 2073308 3 5002657 14 4263 1115

[14:44:40]	[Send]	ptctl 5442 2 4988603 34 37 4988592 35 37 4988603 15
[14:44:40]	[Recv]	eff 1 2073308 15

[14:44:40]	[Recv]	su 1 2073308 3 5002657 1115 70 12 4264 0 0 1 13 75463 0 0 11520 86983

[14:44:40]	[Recv]	in 3 2371 5002711 39 39 2 100 100 0 0 0 -1 0 0 -1 - 0 -1 0 0 0 0 0 0 0 0 0 0 0 0

[14:44:40]	[Recv]	guri 31 1 2073308 39 39

[14:44:40]	[Recv]	bf 3 5002656 0.4110.80 99

[14:44:40]	[Recv]	eff 3 5002656 0

[14:44:40]	[Recv]	su 1 2073308 3 5002656 1115 70 12 4264 0 0 0 0 109952 6 0 0 9124

[14:44:40]	[Recv]	lev 99 0 99 0 2140719000 5991794 66980872 2 0 90 917705181 0

[14:44:40]	[Recv]	su 1 2073308 3 5002655 1115 70 12 4264 0 0 0 0 108614 6 0 0 9124

[14:44:40]	[Recv]	lev 99 0 99 0 2140719000 5991794 66980872 2 0 90 917705181 0

[14:44:40]	[Recv]	eff 1 2073308 15

[14:44:40]	[Recv]	su 1 2073308 3 5002653 1115 70 12 4264 0 0 0 0 273106 6 0 0 9124

[14:44:40]	[Recv]	lev 99 0 99 0 2140719000 5991794 66980872 2 0 90 917705181 0

[14:44:40]	[Recv]	mslot 1127 -1

[14:44:40]	[Recv]	qset 0 0 1.1.13.0

[14:44:40]	[Recv]	bf 1 2073308 0.4254.80 99

[14:44:40]	[Recv]	cond 2 4988603 0 0 15

[14:44:40]	[Recv]	cond 2 4988592 0 0 15

[14:44:40]	[Send]	u_s 13 3 5002657
[14:44:40]	[Send]	ptctl 5442 2 4988603 34 39 4988592 35 34 4988603 15
[14:44:40]	[Send]	suctl 5442 1 4988603 3 5002657
[14:44:40]	[Recv]	ms_c 0

[14:44:40]	[Recv]	qslot 0 1.1.1 1.1.2 1.1.3 1.1.4 1.1.5 1.1.6 1.1.7 1.1.9 1.1.8 1.1.10 0.1.45 0.2.21 0.1.76 1.1.38 1.3.12 0.1.34 0.1.87 0.-1.-1 0.1.84 0.1.43 1.3.11 1.1.42 1.1.41 1.3.976 0.-1.-1 0.1.70 0.2.143 0.2.25 0.2.27 0.2.26

[14:44:40]	[Recv]	qslot 1 0.-1.-1 0.-1.-1 0.-1.-1 0.-1.-1 0.-1.-1 0.-1.-1 0.-1.-1 0.-1.-1 0.-1.-1 0.-1.-1 0.1.-1 0.1.-1 1.1.41 1.1.42 0.-1.-1 7.7.-1 7.7.-1 7.7.-1 7.7.-1 0.-1.-1 0.-1.-1 0.-1.-1 0.-1.-1 0.-1.-1 0.-1.-1 0.-1.-1 0.-1.-1 0.-1.-1 0.-1.-1 0.-1.-1

[14:44:40]	[Recv]	sr 8

[14:44:40]	[Recv]	guri 31 1 2073308 39 39

[14:44:40]	[Recv]	su 3 5002711 3 5002657 -1 0 -1 4264 -1 -1 1 1 37731 0 0

[14:44:40]	[Recv]	ct 1 2073308 3 5002657 -1 -1 1127

[14:44:40]	[Recv]	su 1 2073308 3 5002657 1127 100 22 4284 0 0 0 0 90402 3 0 0 86983

[14:44:40]	[Recv]	lev 99 0 99 0 2140719000 5991794 66980872 2 0 90 917705181 0

[14:44:40]	[Recv]	cond 2 4988603 0 0 15

[14:44:40]	[Recv]	cond 2 4988592 0 0 15

[14:44:40]	[Recv]	die 3 5002711 3 5002711

[14:44:40]	[Recv]	st 2 5001496 92 0 100 100 91620 183240 91620 183240 0

[14:44:40]	[Send]	u_s 0 3 5002657
[14:44:41]	[Send]	ptctl 5442 2 4988603 39 39 4988592 39 41 4988603 15
[14:44:41]	[Recv]	cancel 0 0 -1

[14:44:41]	[Send]	ptctl 5442 2 4988603 39 43 4988592 40 40 4988603 15
[14:44:41]	[Recv]	cond 2 4988603 0 0 15

[14:44:41]	[Recv]	cond 2 4988592 0 0 15

[14:44:41]	[Recv]	cond 1 2073308 0 0 20

[14:44:41]	[Recv]	cond 1 2073308 0 0 20

[14:44:41]	[Send]	ptctl 5442 2 4988603 40 43 4988592 41 40 4988603 15
[14:44:41]	[Recv]	cond 2 4988603 0 0 15

[14:44:41]	[Recv]	cond 2 4988592 0 0 15

[14:44:41]	[Recv]	cond 1 2073308 0 0 20

[14:44:41]	[Recv]	cond 1 2073308 0 0 20

[14:44:41]	[Recv]	sp 417094 1000000 3470 10000

[14:44:41]	[Recv]	cond 2 4988603 0 0 15

[14:44:41]	[Recv]	cond 2 4988592 0 0 15

[14:44:41]	[Send]	ptctl 5442 2 4988603 43 41 4988592 45 39 4988603 15
[14:44:41]	[Send]	ptctl 5442 1 4988603 44 41 4988603 15
[14:44:41]	[Recv]	cond 1 2073308 0 0 20

[14:44:41]	[Recv]	cond 1 2073308 0 0 20

[14:44:42]	[Recv]	cond 2 4988603 0 0 15

[14:44:42]	[Recv]	cond 2 4988592 0 0 15

[14:44:42]	[Send]	ncif 3 5002664
[14:44:42]	[Recv]	cond 1 2073308 0 0 20

[14:44:42]	[Recv]	cond 1 2073308 0 0 20

[14:44:42]	[Recv]	ct 3 5002664 1 2073308 -1 -1 0

[14:44:42]	[Recv]	su 3 5002664 1 2073308 0 12 11 0 0 0 1 100 0 1 0 95497 95497

[14:44:42]	[Recv]	cond 2 4988603 0 0 15

[14:44:42]	[Send]	u_s 0 3 5002664
[14:44:42]	[Recv]	st 3 5002664 96 0 100 100 23083 2670 23083 2670 0

[14:44:42]	[Send]	ptctl 5442 1 4988603 42 41 4988603 15
[14:44:42]	[Send]	suctl 5442 1 4988603 3 5002664
[14:44:42]	[Recv]	cond 1 2073308 0 0 20

[14:44:42]	[Recv]	cond 1 2073308 0 0 20

[14:44:42]	[Recv]	ct 1 2073308 3 5002664 -1 -1 1114

[14:44:42]	[Recv]	eff 1 2073308 15

[14:44:42]	[Recv]	su 1 2073308 3 5002664 1114 7 11 4260 0 0 0 0 215699 3 0 0 23083

[14:44:42]	[Recv]	lev 99 0 99 0 2140719000 5991794 66980872 2 0 90 917705181 0

[14:44:42]	[Recv]	cond 2 4988603 0 0 15

[14:44:42]	[Send]	ptctl 5442 2 4988603 42 46 4988592 45 44 4988603 15
[14:44:42]	[Recv]	st 2 5001496 92 0 100 100 91620 183240 91620 183240 0

[14:44:42]	[Recv]	eff 2 5001496 7739

[14:44:42]	[Send]	ptctl 5442 2 4988603 45 46 4988592 45 45 4988603 15
[14:44:42]	[Recv]	cond 1 2073308 0 0 20

[14:44:42]	[Recv]	cond 1 2073308 0 0 20

[14:44:43]	[Recv]	cond 2 4988603 0 0 15

[14:44:43]	[Recv]	cond 2 4988592 0 0 15

[14:44:43]	[Send]	ptctl 5442 2 4988603 44 48 4988592 45 46 4988603 15
[14:44:43]	[Recv]	cond 1 2073308 0 0 20

[14:44:43]	[Recv]	cond 1 2073308 0 0 20

[14:44:43]	[Recv]	cond 2 4988603 0 0 15

[14:44:43]	[Recv]	cond 2 4988592 0 0 15

[14:44:43]	[Recv]	sr 0

[14:44:43]	[Recv]	cond 2 4988603 0 0 15

[14:44:43]	[Recv]	cond 2 4988592 0 0 15

[14:44:43]	[Send]	ptctl 5442 2 4988603 47 45 4988592 49 44 4988603 15
[14:44:43]	[Recv]	cond 1 2073308 0 0 20

[14:44:43]	[Recv]	cond 1 2073308 0 0 20

[14:44:43]	[Recv]	cond 2 4988603 0 0 15

[14:44:43]	[Recv]	cond 2 4988592 0 0 15

[14:44:43]	[Send]	ncif 3 5002663
[14:44:43]	[Recv]	st 3 5002663 96 0 100 100 9124 2670 9124 2670 0

[14:44:43]	[Send]	ptctl 5442 1 4988592 53 48 4988592 15
[14:44:43]	[Send]	u_s 0 3 5002663
[14:44:43]	[Recv]	cond 2 4988592 0 0 15

[14:44:44]	[Recv]	cond 1 2073308 0 0 20

[14:44:44]	[Recv]	cond 1 2073308 0 0 20

[14:44:44]	[Send]	ptctl 5442 1 4988603 51 48 4988603 15
[14:44:44]	[Recv]	ct 1 2073308 3 5002663 -1 -1 1114

[14:44:44]	[Recv]	su 1 2073308 3 5002663 1114 7 11 4260 0 0 0 0 182408 3 0 0 9124

[14:44:44]	[Recv]	lev 99 0 99 0 2140719000 5991794 66980872 2 0 90 917705181 0

[14:44:44]	[Recv]	bf 1 2073308 0.4254.80 99

[14:44:44]	[Recv]	cond 2 4988603 0 0 15

[14:44:44]	[Send]	ptctl 5442 1 4988592 53 50 4988592 15
[14:44:44]	[Recv]	cond 2 4988592 0 0 15

[14:44:44]	[Recv]	eff 3 5002663 3617

[14:44:44]	[Recv]	sc_p 170 1548 4988592 96 802 23968173 0 0 1889 2049 1289 19 90 9 975 627 958 627 866 3 90 90 110 80 57135 57771 18100 18100 1 84982200 0 @ 0 0 6 60 1831 1798 0 100

[14:44:44]	[Send]	ptctl 5442 2 4988603 49 51 4988592 51 51 4988603 15
[14:44:44]	[Recv]	st 2 5001496 92 0 100 100 91620 183240 91620 183240 0

[14:44:44]	[Recv]	cond 1 2073308 0 0 20

[14:44:44]	[Recv]	cond 1 2073308 0 0 20

[14:44:44]	[Recv]	cond 2 4988603 0 0 15

[14:44:44]	[Recv]	cond 2 4988592 0 0 15

[14:44:44]	[Recv]	sr 0

[14:44:45]	[Send]	ncif 3 5002665
[14:44:45]	[Recv]	st 3 5002665 96 0 100 100 9124 2670 9124 2670 0

[14:44:45]	[Send]	ptctl 5442 1 4988592 56 54 4988592 15
[14:44:45]	[Send]	ptctl 5442 1 4988603 50 52 4988603 15
[14:44:45]	[Send]	suctl 5442 1 4988603 3 5002665
[14:44:45]	[Send]	u_s 0 3 5002665
[14:44:45]	[Recv]	cond 2 4988592 0 0 15

[14:44:45]	[Recv]	cond 2 4988603 0 0 15

[14:44:45]	[Recv]	eff 2 4988603 5005

[14:44:45]	[Recv]	cond 1 2073308 0 0 20

[14:44:45]	[Recv]	cond 1 2073308 0 0 20

[14:44:46]	[Send]	ptctl 5442 2 4988603 45 54 4988592 49 52 4988603 15
[14:44:46]	[Recv]	ct 1 2073308 3 5002665 -1 -1 1114

[14:44:46]	[Recv]	eff 1 2073308 15

[14:44:46]	[Recv]	su 1 2073308 3 5002665 1114 7 11 4260 0 0 0 0 145228 0 0 0 9124

[14:44:46]	[Recv]	in 3 2371 5002724 53 49 2 100 100 0 0 0 -1 0 0 -1 - 0 -1 0 0 0 0 0 0 0 0 0 0 0 0

[14:44:46]	[Recv]	guri 31 1 2073308 53 49

[14:44:46]	[Recv]	lev 99 0 99 0 2140719000 5991794 66980872 2 0 90 917705181 0

[14:44:46]	[Recv]	ct 2 4988603 3 5002665 -1 -1 0

[14:44:46]	[Recv]	su 2 4988603 2 4988603 0 12 11 8360 0 0 1 100 0 2 0 19451 19451

[14:44:46]	[Recv]	cond 2 4988603 0 0 15

[14:44:46]	[Recv]	cond 2 4988592 0 0 15

[14:44:46]	[Send]	ptctl 5442 2 4988603 44 53 4988592 48 52 4988603 15
[14:44:46]	[Recv]	cond 1 2073308 0 0 20

[14:44:46]	[Recv]	cond 1 2073308 0 0 20

[14:44:46]	[Send]	ptctl 5442 1 4988592 47 52 4988592 15
[14:44:46]	[Recv]	eff 3 5002665 3617

[14:44:46]	[Recv]	cond 2 4988603 0 0 15

[14:44:46]	[Recv]	cond 2 4988592 0 0 15

[14:44:46]	[Recv]	cond 1 2073308 0 0 20

[14:44:46]	[Recv]	cond 1 2073308 0 0 20

[14:44:46]	[Send]	ptctl 5442 1 4988603 45 54 4988603 15
[14:44:46]	[Recv]	sp 417094 1000000 3460 10000

[14:44:46]	[Recv]	eff 3 5002662 5000

[14:44:46]	[Recv]	eff 3 5002661 5000

[14:44:46]	[Recv]	eff 3 5002660 5000

[14:44:46]	[Recv]	eff 3 5002659 5000

[14:44:46]	[Recv]	eff 3 5002658 5000

[14:44:46]	[Recv]	cond 2 4988592 0 0 15

[14:44:46]	[Send]	ptctl 5442 2 4988603 44 54 4988592 45 53 4988603 15
[14:44:46]	[Recv]	cond 2 4988603 0 0 15

[14:44:46]	[Recv]	die 3 5002724 3 5002724

[14:44:46]	[Recv]	st 2 5001496 92 0 100 100 91620 183240 91620 183240 0

[14:44:46]	[Recv]	sr 0

[14:44:46]	[Recv]	cond 2 4988603 0 0 15

[14:44:46]	[Recv]	cond 2 4988592 0 0 15

[14:44:47]	[Send]	ncif 3 5002660
[14:44:47]	[Recv]	sr 1

[14:44:47]	[Recv]	st 3 5002660 96 0 100 100 9124 2670 9124 2670 0

[14:44:47]	[Send]	ptctl 5442 1 4988603 45 49 4988603 15
[14:44:47]	[Send]	u_s 1 3 5002660
[14:44:47]	[Recv]	cond 2 4988603 0 0 15

[14:44:47]	[Send]	ptctl 5442 1 4988592 44 49 4988592 15
[14:44:47]	[Recv]	eff 2 5001496 7739

[14:44:47]	[Recv]	ms_c 0

[14:44:47]	[Recv]	qslot 0 1.1.1 1.1.2 1.1.3 1.1.4 1.1.5 1.1.6 1.1.7 1.1.9 1.1.8 1.1.10 0.1.45 0.2.21 0.1.76 1.1.38 1.3.12 0.1.34 0.1.87 0.-1.-1 0.1.84 0.1.43 1.3.11 1.1.42 1.1.41 1.3.976 0.-1.-1 0.1.70 0.2.143 0.2.25 0.2.27 0.2.26

[14:44:47]	[Recv]	qslot 1 0.-1.-1 0.-1.-1 0.-1.-1 0.-1.-1 0.-1.-1 0.-1.-1 0.-1.-1 0.-1.-1 0.-1.-1 0.-1.-1 0.1.-1 0.1.-1 1.1.41 1.1.42 0.-1.-1 7.7.-1 7.7.-1 7.7.-1 7.7.-1 0.-1.-1 0.-1.-1 0.-1.-1 0.-1.-1 0.-1.-1 0.-1.-1 0.-1.-1 0.-1.-1 0.-1.-1 0.-1.-1 0.-1.-1

[14:44:47]	[Recv]	ct 1 2073308 3 5002660 14 4263 1115

[14:44:47]	[Recv]	cond 2 4988592 0 0 15

[14:44:48]	[Recv]	su 1 2073308 3 5002660 1115 70 12 4264 0 0 0 0 109899 3 0 0 9124

[14:44:48]	[Recv]	in 3 2371 5002728 41 57 2 100 100 0 0 0 -1 0 0 -1 - 0 -1 0 0 0 0 0 0 0 0 0 0 0 0

[14:44:48]	[Recv]	guri 31 1 2073308 41 57

[14:44:48]	[Recv]	lev 99 0 99 0 2140719000 5991794 66980872 2 0 90 917705181 0

[14:44:48]	[Recv]	su 1 2073308 3 5002661 1115 70 12 4264 0 0 0 0 108856 6 0 0 9124

[14:44:48]	[Recv]	lev 99 0 99 0 2140719000 5991794 66980872 2 0 90 917705181 0

[14:44:48]	[Recv]	su 1 2073308 3 5002659 1115 70 12 4264 0 0 1 2 77514 6 0 2369 79883

[14:44:48]	[Recv]	su 1 2073308 3 5002658 1115 70 12 4264 0 0 0 0 108870 6 0 0 9124

[14:44:48]	[Recv]	lev 99 0 99 0 2140719000 5991794 66980872 2 0 90 917705181 0

[14:44:48]	[Recv]	eff 1 2073308 15

[14:44:48]	[Recv]	su 1 2073308 3 5002654 1115 70 12 4264 0 0 0 0 221751 6 0 0 23083

[14:44:48]	[Recv]	lev 99 0 99 0 2140719000 5991794 66980872 2 0 90 917705181 0

[14:44:48]	[Recv]	mslot 1127 -1

[14:44:48]	[Recv]	qset 0 0 1.1.13.0

[14:44:48]	[Send]	suctl 5442 1 4988603 3 5002660
[14:44:48]	[Send]	ptctl 5442 2 4988603 41 51 4988592 40 53 4988603 15
[14:44:48]	[Recv]	die 3 5002728 3 5002728

[14:44:48]	[Recv]	st 2 5001496 92 0 100 100 91620 183240 91620 183240 0

[14:44:48]	[Send]	ptctl 5442 2 4988603 39 51 4988592 40 54 4988603 15
[14:44:48]	[Recv]	cond 1 2073308 0 0 20

[14:44:48]	[Recv]	cond 1 2073308 0 0 20

[14:44:49]	[Recv]	cond 2 4988603 0 0 15

[14:44:49]	[Recv]	cond 2 4988592 0 0 15

[14:44:49]	[Send]	ptctl 5442 1 4988592 39 55 4988592 15
[14:44:49]	[Recv]	cond 2 4988603 0 0 15

[14:44:49]	[Recv]	cond 2 4988592 0 0 15

[14:44:49]	[Recv]	cond 2 4988592 0 0 15

[14:44:49]	[Send]	ptctl 5442 2 4988603 36 52 4988592 36 53 4988603 15
[14:44:49]	[Recv]	cond 1 2073308 0 0 20

[14:44:49]	[Recv]	cond 1 2073308 0 0 20

[14:44:49]	[Recv]	cond 2 4988603 0 0 15

[14:44:49]	[Recv]	cond 2 4988592 0 0 15

[14:44:49]	[Send]	ncif 3 5002651
[14:44:49]	[Send]	u_s 0 3 5002651
[14:44:49]	[Recv]	st 3 5002651 96 0 100 100 9124 2670 9124 2670 0

[14:44:49]	[Send]	ptctl 5442 1 4988592 33 53 4988592 15
[14:44:50]	[Recv]	cond 1 2073308 0 0 20

[14:44:50]	[Recv]	cond 1 2073308 0 0 20

[14:44:50]	[Recv]	ct 1 2073308 3 5002651 -1 -1 1114

[14:44:50]	[Recv]	eff 1 2073308 15

[14:44:50]	[Recv]	su 1 2073308 3 5002651 1114 7 11 4260 0 0 0 0 437658 3 0 0 9124

[14:44:50]	[Recv]	lev 99 0 99 0 2140719000 5991794 66980872 2 0 90 917705181 0

[14:44:50]	[Recv]	cond 2 4988592 0 0 15

[14:44:50]	[Send]	ptctl 5442 1 4988603 32 56 4988603 15
[14:44:50]	[Send]	ptctl 5442 2 4988603 37 57 4988592 38 56 4988603 15
[14:44:50]	[Recv]	eff 3 5002651 3617

[14:44:50]	[Recv]	cond 2 4988603 0 0 15

[14:44:50]	[Recv]	sr 13

[14:44:50]	[Recv]	cond 1 2073308 0 0 20

[14:44:50]	[Recv]	cond 1 2073308 0 0 20

[14:44:50]	[Send]	ptctl 5442 2 4988603 37 56 4988592 39 58 4988603 15
[14:44:50]	[Recv]	st 2 5001496 92 0 100 100 91620 183240 91620 183240 0

[14:44:50]	[Recv]	cond 2 4988603 0 0 15

[14:44:50]	[Recv]	cond 2 4988592 0 0 15

[14:44:50]	[Recv]	cond 2 4988603 0 0 15

[14:44:50]	[Recv]	cond 2 4988592 0 0 15

[14:44:50]	[Recv]	sr 0

[14:44:51]	[Send]	ptctl 5442 2 4988603 32 58 4988592 33 57 4988603 15
[14:44:51]	[Recv]	cond 1 2073308 0 0 20

[14:44:51]	[Recv]	cond 1 2073308 0 0 20

[14:44:51]	[Recv]	sp 417094 1000000 3450 10000

[14:44:51]	[Recv]	cond 2 4988603 0 0 15

[14:44:51]	[Recv]	cond 2 4988592 0 0 15

[14:44:51]	[Send]	ptctl 5442 2 4988603 30 56 4988592 32 57 4988603 15
[14:44:51]	[Send]	ncif 3 5002652
[14:44:51]	[Recv]	cond 1 2073308 0 0 20

[14:44:51]	[Recv]	cond 1 2073308 0 0 20

[14:44:51]	[Send]	ptctl 5442 1 4988592 30 59 4988592 15
[14:44:51]	[Recv]	cond 2 4988603 0 0 15

[14:44:51]	[Recv]	cond 2 4988592 0 0 15

[14:44:51]	[Send]	u_s 0 3 5002652
[14:44:51]	[Send]	ptctl 5442 1 4988603 33 56 4988603 15
[14:44:51]	[Send]	suctl 5442 1 4988603 3 5002652
[14:44:51]	[Recv]	st 3 5002652 96 0 100 100 9124 2670 9124 2670 0

[14:44:52]	[Recv]	cond 2 4988592 0 0 15

[14:44:52]	[Recv]	cond 1 2073308 0 0 20

[14:44:52]	[Recv]	sayi 1 2073308 20 22 3 4254 0 0 0

[14:44:52]	[Recv]	bf 1 2073308 0.4254.0 99

[14:44:52]	[Recv]	cond 1 2073308 0 0 20

[14:44:52]	[Recv]	cond 1 2073308 0 0 20

[14:44:52]	[Send]	ptctl 5442 2 4988603 38 56 4988592 38 57 4988603 15
[14:44:52]	[Recv]	ct 1 2073308 3 5002652 -1 -1 1114

[14:44:52]	[Recv]	eff 1 2073308 15

[14:44:52]	[Recv]	su 1 2073308 3 5002652 1114 7 11 4260 0 0 0 0 428194 3 0 0 9124

[14:44:52]	[Recv]	lev 99 0 99 0 2140719000 5991794 66980872 2 0 90 917705181 0

[14:44:52]	[Recv]	cond 2 4988603 0 0 15

[14:44:52]	[Send]	ptctl 5442 2 4988603 39 56 4988592 39 57 4988603 15
[14:44:52]	[Send]	ptctl 5442 2 4988603 40 56 4988592 40 57 4988603 15
[14:44:52]	[Recv]	cond 2 4988603 0 0 15

[14:44:52]	[Recv]	cond 2 4988592 0 0 15

[14:44:52]	[Recv]	cond 1 2073308 0 0 20

[14:44:52]	[Recv]	cond 1 2073308 0 0 20

[14:44:52]	[Recv]	eff 3 5002652 3617

[14:44:52]	[Recv]	st 2 5001496 92 0 100 100 91620 183240 91620 183240 0

[14:44:52]	[Recv]	eff 2 5001496 7739

[14:44:52]	[Recv]	cond 2 4988603 0 0 15

[14:44:52]	[Recv]	cond 2 4988592 0 0 15

[14:44:52]	[Send]	ncif 3 5002659
[14:44:52]	[Recv]	cond 1 2073308 0 0 20

[14:44:52]	[Recv]	cond 1 2073308 0 0 20

[14:44:52]	[Send]	u_s 13 3 5002659
[14:44:53]	[Recv]	cond 2 4988603 0 0 15

[14:44:53]	[Recv]	cond 2 4988592 0 0 15

[14:44:53]	[Send]	ptctl 5442 1 4988592 40 52 4988592 15
[14:44:53]	[Recv]	sr 0

[14:44:53]	[Recv]	st 3 5002659 96 0 2 100 2369 2670 79883 2670 0

[14:44:53]	[Recv]	ms_c 0

[14:44:53]	[Recv]	qslot 0 1.1.1 1.1.2 1.1.3 1.1.4 1.1.5 1.1.6 1.1.7 1.1.9 1.1.8 1.1.10 0.1.45 0.2.21 0.1.76 1.1.38 1.3.12 0.1.34 0.1.87 0.-1.-1 0.1.84 0.1.43 1.3.11 1.1.42 1.1.41 1.3.976 0.-1.-1 0.1.70 0.2.143 0.2.25 0.2.27 0.2.26

[14:44:53]	[Recv]	qslot 1 0.-1.-1 0.-1.-1 0.-1.-1 0.-1.-1 0.-1.-1 0.-1.-1 0.-1.-1 0.-1.-1 0.-1.-1 0.-1.-1 0.1.-1 0.1.-1 1.1.41 1.1.42 0.-1.-1 7.7.-1 7.7.-1 7.7.-1 7.7.-1 0.-1.-1 0.-1.-1 0.-1.-1 0.-1.-1 0.-1.-1 0.-1.-1 0.-1.-1 0.-1.-1 0.-1.-1 0.-1.-1 0.-1.-1

[14:44:53]	[Recv]	cond 1 2073308 0 0 20

[14:44:53]	[Recv]	cond 1 2073308 0 0 20

[14:44:53]	[Send]	ptctl 5442 1 4988603 39 56 4988603 15
[14:44:53]	[Send]	suctl 5442 1 4988603 3 5002659
[14:44:53]	[Recv]	ms_c 0

[14:44:53]	[Recv]	cancel 0 13 -1

[14:44:53]	[Send]	u_s 13 3 5002659
[14:44:53]	[Recv]	cond 2 4988592 0 0 15

[14:44:53]	[Send]	ptctl 5442 2 4988603 42 55 4988592 42 53 4988603 15
[14:44:53]	[Recv]	cond 2 4988603 0 0 15

[14:44:53]	[Recv]	eff 2 4988603 5005

[14:44:53]	[Send]	ptctl 5442 2 4988603 42 53 4988592 43 54 4988603 15
[14:44:53]	[Recv]	ms_c 0

[14:44:53]	[Recv]	cancel 0 13 -1

[14:44:53]	[Send]	ptctl 5442 2 4988603 42 54 4988592 43 55 4988603 15
[14:44:53]	[Recv]	cond 2 4988603 0 0 15

[14:44:53]	[Recv]	cond 2 4988592 0 0 15

[14:44:53]	[Send]	ncif 3 5002659
[14:44:53]	[Recv]	gcon 7809214|0|25070114

[14:44:53]	[Recv]	ginfo Sanguinarius Dante† 0 24 31073000 32210200 116 150 3 1 0 1 1 2 1 1 5kk^skladka/fees-^more^info^on^dc->^skladki/fees

[14:44:53]	[Recv]	cond 2 4988603 0 0 15

[14:44:53]	[Recv]	cond 2 4988592 0 0 15

[14:44:53]	[Recv]	ct 2 4988603 3 5002659 -1 -1 0

[14:44:53]	[Recv]	eff 2 4988603 15

[14:44:53]	[Recv]	su 2 4988603 3 5002659 0 12 11 8360 0 0 0 0 9351 0 0 0 79883

[14:44:53]	[Recv]	lev 99 0 99 0 2140719000 5991794 66980872 2 0 90 917705181 0

[14:44:53]	[Recv]	cond 1 2073308 0 0 20

[14:44:53]	[Recv]	cond 1 2073308 0 0 20

[14:44:54]	[Recv]	cond 2 4988603 0 0 15

[14:44:54]	[Recv]	cond 2 4988592 0 0 15

[14:44:54]	[Recv]	ct 3 5002662 2 4988603 -1 -1 0

[14:44:54]	[Recv]	su 3 5002662 2 4988603 0 10 11 0 0 0 1 99 109 0 0 19342 19451

[14:44:54]	[Send]	ncif 3 5002659
[14:44:54]	[Recv]	st 2 5001496 92 0 100 100 91620 183240 91620 183240 0

[14:44:54]	[Send]	u_s 0 3 5002662
[14:44:54]	[Send]	ptctl 5442 1 4988592 42 53 4988592 15
[14:44:54]	[Send]	ncif 3 5002662
[14:44:55]	[Send]	suctl 5442 1 4988603 3 5002662
[14:44:55]	[Recv]	ct 1 2073308 3 5002662 -1 -1 1114

[14:44:55]	[Recv]	su 1 2073308 3 5002662 1114 7 11 4260 0 0 0 0 35994 0 0 0 9124

[14:44:55]	[Recv]	lev 99 0 99 0 2140719000 5991794 66980872 2 0 90 917705181 0

[14:44:55]	[Recv]	cond 2 4988592 0 0 15

[14:44:55]	[Recv]	sr 1

[14:44:55]	[Send]	suctl 5442 1 4988592 3 5002662
[14:44:55]	[Send]	ncif 3 5002662
[14:44:55]	[Send]	ptctl 5442 2 4988603 40 50 4988592 41 51 4988603 15
[14:44:55]	[Recv]	sr 0

[14:44:55]	[Recv]	cond 1 2073308 0 0 20

[14:44:55]	[Recv]	cond 1 2073308 0 0 20

[14:44:55]	[Recv]	cond 2 4988603 0 0 15

[14:44:55]	[Recv]	cond 2 4988592 0 0 15

[14:44:56]	[Recv]	minfo 2 0 -1.0/0 -1.0/0 -1/0 -1.0/0 1 1 0

[14:44:56]	[Recv]	msgi 0 2483 0 0 0 0 0

[14:44:56]	[Recv]	sayi 1 2073308 12 696 4 740 0 0 0

[14:44:56]	[Recv]	fd 66981612 27 100 1

[14:44:56]	[Recv]	gold 18943231 0

[14:44:56]	[Recv]	sayi 1 2073308 10 677 4 48000 0 0 0

[14:44:56]	[Recv]	evnt 10 0 -1 -1

[14:44:56]	[Recv]	score  5 12 0 0 48000 5 216 8 207 101 0 0

[14:44:56]	[Recv]	rsfi 9 1 10 10 10 10

[14:44:56]	[Recv]	bf 1 2073308 0.61.10 99

[14:44:56]	[Recv]	rsfm 812 1 7 6 12

[14:44:56]	[Recv]	sp 417094 1000000 3440 10000

[14:44:56]	[Recv]	st 2 5001496 92 0 100 100 91620 183240 91620 183240 0

[14:44:57]	[Recv]	bf 1 2073308 0.61.0 99

[14:44:57]	[Recv]	eff 2 5001496 7739

[14:44:58]	[Recv]	st 2 5001496 92 0 100 100 91620 183240 91620 183240 0

[14:44:59]	[Send]	rsel
[14:44:59]	[Recv]	ivn 1 21.1286.1.0

[14:44:59]	[Recv]	ivn 2 0.2479.433.0

[14:44:59]	[Recv]	repay  -1.0.0 -1.0.0 -1.0.0 1286.0.1 -1.0.0 2479.0.1
[14:44:59]	[Recv]	msgi2 0 905 14 Spajder1330 3028 

[14:44:59]	[Recv]	sr 5

[14:45:00]	[Recv]	st 2 5001496 92 0 100 100 91620 183240 91620 183240 0

[14:45:02]	[Recv]	sp 417094 1000000 3428 10000

[14:45:02]	[Recv]	st 2 5001496 92 0 100 100 91620 183240 91620 183240 0

[14:45:02]	[Recv]	eff 2 5001496 7739

