[15:40:29]	[Recv]	in 2 2105 4967523 59 75 2 52 100 0 0 3 2910742 1 0 -1 @ 2 -1 0 0 0 0 0 0 0 0 0 0 0 5

[15:40:29]	[Recv]	in 1 ~LegendStar~ - 2910742 59 76 2 0 0 2 111 2 8015.4478.4450.4466.227.8007.4577.4579.-1.-1.-1 100 71 0 -1 4 3 0 7 0 0 66 44 -1 - 23 0 0 0 0 86 0 0|0|0 0 0 100 10 0

[15:40:29]	[Send]	ncif 2 4988603
[15:40:29]	[Recv]	st 2 4988603 94 0 100 100 19451 22260 19451 22260 0

[15:40:30]	[Send]	ncif 2 18016
[15:40:30]	[Send]	npc_req 2 18016
[15:40:30]	[Send]	suctl 2628 2 4988603 2 18016 4988592 2 18016
[15:40:30]	[Recv]	st 2 18016 99 0 100 100 323240 3270 323240 3270 0

[15:40:30]	[Recv]	in 1 Iwasuzu - 5599098 76 76 2 0 0 2 58 2 8017.4921.32.4912.8026.8004.4268.4260.8255.-1.-1 100 100 0 -1 4 3 0 4 0 13 0 77 3064.918 Ohayo 24 0 3 0 0 93 10 0|0|0 0 0 100 10 0

[15:40:30]	[Recv]	npc_req 2 18016 11028

[15:40:30]	[Recv]	msgi 6 2238 0 0 0 0 0

[15:40:31]	[Send]	ncif 2 18016
[15:40:31]	[Recv]	st 2 18016 99 0 100 100 323240 3270 323240 3270 0

[15:40:31]	[Send]	suctl 2628 1 4988592 2 18016
[15:40:31]	[Send]	suctl 2628 1 4988603 2 18016
[15:40:31]	[Recv]	msgi2 0 905 14 #Devil_Boy# 2049 

[15:40:32]	[Send]	ncif 2 18016
[15:40:32]	[Recv]	st 2 18016 99 0 100 100 323240 3270 323240 3270 0

[15:40:32]	[Send]	suctl 2628 1 4988592 2 18016
[15:40:32]	[Send]	n_run 338 0 2 18016
[15:40:32]	[Recv]	rbr2 825.5.0 1 15 84.99 1 2479.1 2479.5 2484.1 2481.5 9762.1 9761.2 2481.5 -1.0 -1.0 -1.0 24317.- 0 0 776.99 718.99 702.99 701.99 713.99

[15:40:32]	[Send]	suctl 2628 1 4988603 2 18016
[15:40:33]	[Send]	ncif 2 18016
[15:40:33]	[Recv]	st 2 18016 99 0 100 100 323240 3270 323240 3270 0

[15:40:33]	[Send]	pulse 6360 0
[15:40:33]	[Send]	suctl 2628 1 4988592 2 18016
[15:40:33]	[Recv]	umi 5060.340 5676.-1 5797.-1 13459.-2

[15:40:34]	[Send]	suctl 2628 1 4988603 2 18016
[15:40:34]	[Send]	sreq 825
[15:40:34]	[Send]	ncif 2 18016
[15:40:34]	[Recv]	guri 4 0 0

[15:40:34]	[Recv]	c_map 0 2628 0

[15:40:34]	[Recv]	mapout

[15:40:34]	[Send]	c_close 1
[15:40:34]	[Send]	c_close 0
[15:40:34]	[Send]	f_stash_end 
[15:40:34]	[Send]	c_close 1
[15:40:34]	[Recv]	c_info #Rey# - -1 3739.918 Sanguinarius 2073308 0 0 0 53 2 27 0 21 0 20 40 0 8394 6

[15:40:34]	[Send]	mall 50
[15:40:34]	[Send]	c_close 1
[15:40:34]	[Recv]	c_mode 1 2073308 21 20 40 0 100 8394

[15:40:34]	[Recv]	equip 95 87 0.8630.5.9.0.11.84 1.8646.7.8.0.8.82 2.8689.0.0.0.0.0 3.8654.0.5.0.0.0 4.8656.0.5.0.0.0 5.8638.2.0.0.0.83 6.4657.0.0.0.0.0 7.4653.0.0.0.0.0 8.4647.0.0.0.0.0 9.8687.0.0.0.0.0 10.4710.8.0.0.0.0 12.4498.0.20.100.0.0 13.8757.0.0.0.0.0 14.8785.0.0.0.0.0 15.8701.0.0.0.0.0 16.8787.0.0.0.0.0 17.8720.0.0.0.0.0

[15:40:34]	[Recv]	lev 99 0 99 0 2140719000 5991794 66992052 2 0 90 917705181 0

[15:40:34]	[Recv]	at 2073308 5443 36 38 2 0 119 2 -1

[15:40:34]	[Recv]	cond 1 2073308 0 0 18

[15:40:34]	[Recv]	cond 1 2073308 0 0 18

[15:40:34]	[Recv]	titinfo 1 2073308 13016 9416

[15:40:34]	[Recv]	eq 2073308 0 0 0 53 2 8689.8646.8630.8638.8687.4710.8757.8785.8701.8787.8720 95 87 100

[15:40:34]	[Recv]	c_map 0 5443 1

[15:40:34]	[Recv]	sc 1 9 3872 4144 2315 36 415 0 0 3602 3762 2177 40 577 9 2346 2003 2339 2003 2197 195 189 180 176

[15:40:34]	[Recv]	char_sc 1 2073308 100

[15:40:34]	[Recv]	gidx 1 2073308 3739.918 Sanguinarius 24 0|0|1

[15:40:34]	[Recv]	rsfp 6 4

[15:40:34]	[Recv]	rnsc 0

[15:40:34]	[Recv]	evnt 1 0 12000 12000

[15:40:34]	[Recv]	in 2 2673 4988603 36 40 2 100 100 0 0 3 2073308 1 0 3206 @ 1 6 1 1880 1881 1882 4237 4238 4239 0 2723 0 0 0

[15:40:34]	[Recv]	cond 2 4988603 0 0 11

[15:40:34]	[Recv]	in 2 1548 4988592 38 38 2 100 100 0 0 3 2073308 1 0 -1 @ 2 -1 0 0 0 0 0 0 0 0 0 0 0 6

[15:40:34]	[Recv]	cond 2 4988592 0 0 15

[15:40:34]	[Recv]	pinit 2 2|4988603|0|94|@|-1|3206|1|2723|0|0 2|4988592|1|96|@|-1|1548|0|0|0|60


[15:40:34]	[Recv]	pairy 1 2073308 4 2 97 50

[15:40:34]	[Recv]	minipet 1 2073308 8720

[15:40:34]	[Recv]	act6 

[15:40:34]	[Recv]	food 0

[15:40:34]	[Recv]	rsfm 825 0 7 6 25

[15:40:34]	[Recv]	ivn 2 0.2479.436.0

[15:40:34]	[Recv]	sayi 1 2073308 10 1885 2 2479 0 0 0

[15:40:34]	[Recv]	guri 41 1

[15:40:34]	[Recv]	minfo 1 0 -1.0/0 -1.0/0 -1/0 -1.0/0 1 1 0

[15:40:34]	[Recv]	msgi 0 2470 0 0 0 0 0

[15:40:34]	[Recv]	sayt 1 7836794 13 Xoaisisi99 SELL 200KK 20€ OR 500KK 40€, DISCORD fresty02 LAST 900KK  VENDO/SELL KK 0.10 € 1KK, DISCORD fresty02 LAST 900KK

[15:40:34]	[Recv]	in 2 1457 5020852 54 66 5 100 100 0 0 0 -1 1 0 -1 - 0 -1 0 0 0 0 0 0 0 0 0 0 0 0

[15:40:34]	[Recv]	ctl 2 5020852 0 99

[15:40:34]	[Recv]	in 2 1457 5020851 39 70 1 100 100 0 0 0 -1 1 0 -1 - 0 -1 0 0 0 0 0 0 0 0 0 0 0 0

[15:40:34]	[Recv]	ctl 2 5020851 0 99

[15:40:34]	[Recv]	in 2 1457 5020850 23 66 4 100 100 0 0 0 -1 1 0 -1 - 0 -1 0 0 0 0 0 0 0 0 0 0 0 0

[15:40:34]	[Recv]	ctl 2 5020850 0 99

[15:40:34]	[Recv]	in 2 1548 4988592 38 38 2 100 100 0 0 3 2073308 1 0 -1 @ 2 -1 0 0 0 0 0 0 0 0 0 0 0 6

[15:40:34]	[Recv]	in 2 2673 4988603 36 40 2 100 100 0 0 3 2073308 1 0 3206 @ 1 6 1 1880 1881 1882 4237 4238 4239 0 2723 0 0 0

[15:40:34]	[Recv]	in 9 1000 10664124 39 39 1 0 0 0

[15:40:35]	[Recv]	st 2 5020850 94 0 100 100 92062 184124 92062 184124 0

[15:40:35]	[Recv]	cond 1 2073308 0 0 18

[15:40:35]	[Recv]	cond 1 2073308 0 0 18

[15:40:35]	[Send]	get 1 2073308 10664124
[15:40:36]	[Recv]	st 2 5020851 94 0 100 100 92062 184124 92062 184124 0

[15:40:36]	[Recv]	delay 2000 1 #git^10664124

[15:40:36]	[Send]	guri 2
[15:40:36]	[Send]	guri 5 1 2073308 0 1
[15:40:36]	[Recv]	guri 2 1 2073308 0

[15:40:36]	[Recv]	st 2 5020852 94 0 100 100 92062 184124 92062 184124 0

[15:40:37]	[Send]	guri 5 1 2073308 50 1
[15:40:37]	[Recv]	st 2 5020850 94 0 100 100 92062 184124 92062 184124 0

[15:40:38]	[Send]	guri 5 1 2073308 100 1
[15:40:38]	[Send]	#git^10664124
[15:40:38]	[Recv]	st 2 5020851 94 0 100 100 92062 184124 92062 184124 0

[15:40:38]	[Recv]	st 2 5020852 94 0 100 100 92062 184124 92062 184124 0

[15:40:38]	[Recv]	out 9 10664124

[15:40:38]	[Recv]	out 9 10664124

[15:40:38]	[Recv]	msgi 0 408 0 0 0 0 0

[15:40:38]	[Recv]	eff 2 5020850 7739

[15:40:38]	[Recv]	bf_d 0 1

[15:40:38]	[Recv]	sayi 1 2073308 20 22 3 578 0 0 0

[15:40:38]	[Recv]	bf 1 2073308 0.578.0 99

[15:40:38]	[Recv]	mapclear

[15:40:38]	[Recv]	in 2 1457 5020852 54 66 5 100 100 0 0 0 -1 1 0 -1 - 0 -1 0 0 0 0 0 0 0 0 0 0 0 0

[15:40:38]	[Recv]	ctl 2 5020852 0 99

[15:40:38]	[Recv]	in 2 1457 5020851 39 70 1 100 100 0 0 0 -1 1 0 -1 - 0 -1 0 0 0 0 0 0 0 0 0 0 0 0

[15:40:38]	[Recv]	ctl 2 5020851 0 99

[15:40:38]	[Recv]	in 2 1457 5020850 23 66 4 100 100 0 0 0 -1 1 0 -1 - 0 -1 0 0 0 0 0 0 0 0 0 0 0 0

[15:40:38]	[Recv]	ctl 2 5020850 0 99

[15:40:38]	[Recv]	in 2 1548 4988592 38 38 2 100 100 0 0 3 2073308 1 0 -1 @ 2 -1 0 0 0 0 0 0 0 0 0 0 0 6

[15:40:38]	[Recv]	in 2 2673 4988603 36 40 2 100 100 0 0 3 2073308 1 0 3206 @ 1 6 1 1880 1881 1882 4237 4238 4239 0 2723 0 0 0

[15:40:38]	[Recv]	rnsc 0

[15:40:38]	[Recv]	sinfo 

[15:40:38]	[Recv]	rsfm 825 2 0 0 25

[15:40:38]	[Recv]	evnt 3 0 6000 6000

[15:40:38]	[Recv]	evnt 1 0 11950 12000

[15:40:38]	[Recv]	in 3 701 5020856 37 8 1 100 100 0 0 0 -1 0 0 -1 - 0 -1 0 0 0 0 0 0 0 0 0 0 0 0

[15:40:38]	[Recv]	msgi 0 679 0 0 0 0 0

[15:40:38]	[Recv]	in 3 713 5020857 38 6 1 100 100 0 0 0 -1 0 0 -1 - 0 -1 0 0 0 0 0 0 0 0 0 0 0 0

[15:40:38]	[Recv]	msgi 0 679 0 0 0 0 0

[15:40:38]	[Recv]	in 3 702 5020858 40 7 6 100 100 0 0 0 -1 0 0 -1 - 0 -1 0 0 0 0 0 0 0 0 0 0 0 0

[15:40:38]	[Recv]	msgi 0 679 0 0 0 0 0

[15:40:38]	[Recv]	in 3 701 5020859 40 9 0 100 100 0 0 0 -1 0 0 -1 - 0 -1 0 0 0 0 0 0 0 0 0 0 0 0

[15:40:38]	[Recv]	msgi 0 679 0 0 0 0 0

[15:40:38]	[Recv]	in 3 713 5020860 42 6 4 100 100 0 0 0 -1 0 0 -1 - 0 -1 0 0 0 0 0 0 0 0 0 0 0 0

[15:40:38]	[Recv]	msgi 0 679 0 0 0 0 0

[15:40:38]	[Recv]	in 3 701 5020861 42 8 6 100 100 0 0 0 -1 0 0 -1 - 0 -1 0 0 0 0 0 0 0 0 0 0 0 0

[15:40:38]	[Recv]	msgi 0 679 0 0 0 0 0

[15:40:38]	[Recv]	eff 3 5020861 5000

[15:40:38]	[Recv]	eff 3 5020857 5000

[15:40:38]	[Send]	u_i 1 2073308 1 43 0 0 
[15:40:38]	[Recv]	bf 1 2073308 0.117.6000 99

[15:40:38]	[Recv]	eff 1 2073308 203

[15:40:38]	[Recv]	ivn 1 43.9021.141.0

[15:40:39]	[Recv]	eff 2 5020851 7739

[15:40:39]	[Recv]	eff 2 5020852 7739

[15:40:39]	[Send]	u_i 1 2073308 1 84 0 0 
[15:40:39]	[Recv]	st 2 5020850 94 0 100 100 92062 184124 92062 184124 0

[15:40:39]	[Recv]	bf 1 2073308 0.116.6000 99

[15:40:39]	[Recv]	eff 1 2073308 203

[15:40:39]	[Recv]	ivn 1 84.1246.84.0

[15:40:39]	[Send]	u_s 5 1 2073308
[15:40:39]	[Recv]	ms_c 0

[15:40:39]	[Recv]	qslot 0 1.1.1 1.1.2 1.1.3 1.1.4 1.1.5 1.1.6 1.1.7 1.1.9 1.1.8 1.1.10 0.1.45 0.2.21 0.1.76 1.1.38 1.3.12 0.1.34 0.1.87 0.-1.-1 0.1.84 0.1.43 1.3.11 1.1.42 1.1.41 1.3.976 0.-1.-1 0.1.70 0.2.143 0.2.25 0.2.27 0.2.26

[15:40:39]	[Recv]	qslot 1 0.-1.-1 0.-1.-1 0.-1.-1 0.-1.-1 0.-1.-1 0.-1.-1 0.-1.-1 0.-1.-1 0.-1.-1 0.-1.-1 0.1.-1 0.1.-1 1.1.41 1.1.42 0.-1.-1 7.7.-1 7.7.-1 7.7.-1 7.7.-1 0.-1.-1 0.-1.-1 0.-1.-1 0.-1.-1 0.-1.-1 0.-1.-1 0.-1.-1 0.-1.-1 0.-1.-1 0.-1.-1 0.-1.-1

[15:40:39]	[Recv]	ct 1 2073308 1 2073308 -1 -1 1119

[15:40:39]	[Recv]	bf 1 2073308 0.561.3000 99

[15:40:39]	[Recv]	bf_d 4 1

[15:40:39]	[Recv]	bf 1 2073308 0.578.1200 99

[15:40:39]	[Recv]	sayi 1 2073308 20 26 3 578 0 0 0

[15:40:39]	[Recv]	bf 1 2073308 0.941.0 99

[15:40:39]	[Recv]	bf 1 2073308 0.830.60 99

[15:40:39]	[Recv]	eff 1 2073308 0

[15:40:39]	[Recv]	sayi 1 2073308 20 26 3 830 0 0 0

[15:40:39]	[Recv]	su 1 2073308 1 2073308 1119 600 25 4265 0 0 1 100 0 -1 0 95497 95497

[15:40:40]	[Recv]	st 2 5020851 94 0 100 100 92062 184124 92062 184124 0

[15:40:40]	[Recv]	st 2 5020852 94 0 100 100 92062 184124 92062 184124 0

[15:40:40]	[Recv]	scp 1
[15:40:40]	[Send]	ptctl 5443 2 4988603 36 36 4988592 38 33 4988592 15
[15:40:40]	[Recv]	cond 1 2073308 0 0 18

[15:40:40]	[Recv]	cond 1 2073308 0 0 18

[15:40:40]	[Send]	ptctl 5443 2 4988603 36 35 4988592 38 32 4988592 15
[15:40:40]	[Recv]	cond 2 4988603 0 0 15

[15:40:40]	[Recv]	cond 2 4988592 0 0 15

[15:40:40]	[Recv]	cond 1 2073308 0 0 18

[15:40:40]	[Recv]	cond 1 2073308 0 0 18

[15:40:40]	[Send]	ptctl 5443 2 4988603 36 33 4988592 38 31 4988603 15
[15:40:41]	[Recv]	cond 2 4988603 0 0 15

[15:40:41]	[Recv]	cond 2 4988592 0 0 15

[15:40:41]	[Send]	ptctl 5443 2 4988603 36 32 4988592 38 30 4988603 15
[15:40:41]	[Recv]	cond 2 4988603 0 0 15

[15:40:41]	[Recv]	cond 2 4988592 0 0 15

[15:40:41]	[Recv]	cond 2 4988603 0 0 15

[15:40:41]	[Recv]	cond 2 4988592 0 0 15

[15:40:41]	[Recv]	st 2 5020850 94 0 100 100 92062 184124 92062 184124 0

[15:40:41]	[Send]	ncif 3 5020859
[15:40:41]	[Recv]	st 3 5020859 99 0 100 100 90871 2828 90871 2828 0

[15:40:42]	[Send]	ptctl 5443 1 4988592 38 24 4988592 15
[15:40:42]	[Recv]	st 2 5020851 94 0 100 100 92062 184124 92062 184124 0

[15:40:42]	[Send]	ptctl 5443 1 4988603 37 27 4988603 15
[15:40:42]	[Send]	u_s 1 3 5020859
[15:40:42]	[Recv]	cond 2 4988592 0 0 15

[15:40:42]	[Recv]	st 2 5020852 94 0 100 100 92062 184124 92062 184124 0

[15:40:42]	[Recv]	cond 2 4988603 0 0 15

[15:40:42]	[Recv]	cond 1 2073308 0 0 18

[15:40:42]	[Recv]	cond 1 2073308 0 0 18

[15:40:42]	[Recv]	sayi 1 2073308 20 22 3 1647 0 0 0

[15:40:42]	[Recv]	bf 1 2073308 0.1647.0 99

[15:40:42]	[Recv]	ms_c 0

[15:40:42]	[Recv]	qslot 0 1.1.1 1.1.2 1.1.3 1.1.4 1.1.5 1.1.6 1.1.7 1.1.9 1.1.8 1.1.10 0.1.45 0.2.21 0.1.76 1.1.38 1.3.12 0.1.34 0.1.87 0.-1.-1 0.1.84 0.1.43 1.3.11 1.1.42 1.1.41 1.3.976 0.-1.-1 0.1.70 0.2.143 0.2.25 0.2.27 0.2.26

[15:40:42]	[Recv]	qslot 1 0.-1.-1 0.-1.-1 0.-1.-1 0.-1.-1 0.-1.-1 0.-1.-1 0.-1.-1 0.-1.-1 0.-1.-1 0.-1.-1 0.1.-1 0.1.-1 1.1.41 1.1.42 0.-1.-1 7.7.-1 7.7.-1 7.7.-1 7.7.-1 0.-1.-1 0.-1.-1 0.-1.-1 0.-1.-1 0.-1.-1 0.-1.-1 0.-1.-1 0.-1.-1 0.-1.-1 0.-1.-1 0.-1.-1

[15:40:42]	[Recv]	ct 1 2073308 3 5020859 14 4263 1115

[15:40:42]	[Recv]	cond 1 2073308 0 0 18

[15:40:42]	[Recv]	cond 1 2073308 0 0 18

[15:40:42]	[Send]	ncif 3 5020859
[15:40:42]	[Recv]	ct 3 5020857 2 4988592 -1 -1 771

[15:40:42]	[Recv]	su 3 5020857 2 4988592 771 10 11 7722 0 0 1 100 30 0 0 57741 57771

[15:40:42]	[Recv]	su 3 5020857 1 2073308 771 10 11 7722 0 0 1 100 0 4 0 95497 95497

[15:40:42]	[Recv]	su 3 5020857 2 4988603 771 10 11 7722 0 0 1 100 0 4 0 19451 19451

[15:40:42]	[Recv]	eff 1 2073308 15

[15:40:42]	[Recv]	su 1 2073308 3 5020859 1115 70 12 4264 0 0 0 0 96185 0 0 0 90871

[15:40:42]	[Recv]	in 3 2371 5020977 41 32 2 100 100 0 0 0 -1 0 0 -1 - 0 -1 0 0 0 0 0 0 0 0 0 0 0 0

[15:40:42]	[Recv]	guri 31 1 2073308 41 32

[15:40:42]	[Recv]	lev 99 0 99 0 2140719000 5991794 66992052 2 0 90 917705181 0

[15:40:42]	[Recv]	su 1 2073308 3 5020858 1115 70 12 4264 0 0 0 0 135049 6 0 0 120121

[15:40:42]	[Recv]	lev 99 0 99 0 2140719000 5991794 66992052 2 0 90 917705181 0

[15:40:42]	[Recv]	su 1 2073308 3 5020857 1115 70 12 4264 0 0 0 0 54103 5 0 0 13203

[15:40:42]	[Recv]	lev 99 0 99 0 2140719000 5991794 66992052 2 0 90 917705181 0

[15:40:42]	[Recv]	sayi 1 2073308 20 22 3 1676 0 0 0

[15:40:42]	[Recv]	bf 1 2073308 0.1676.0 99

[15:40:42]	[Send]	ptctl 5443 1 4988603 38 26 4988603 15
[15:40:42]	[Send]	suctl 5443 1 4988603 3 5020859
[15:40:43]	[Send]	ptctl 5443 1 4988592 38 19 4988592 15
[15:40:43]	[Recv]	finfo 3654050.0.Ambro420 4038466.1.*Boss95* 4032759.1.•Van_Heert•™ 6938689.0.LimitiMioPadre 4371592.0.STa®†a©R 6866129.0.Amnesya92 3393597.1.°Lordone24° 5527355.0.SugmaDeek 3988345.1.IMissYou 613441.0.ADuckOnQuack 6544388.0.SerowyNachoo 4351664.0.»Ja©k™ 1246372.0.!Ice! 3650626.0.DarkAngeeL 4286434.0.Salvanto2 5664515.0.Vixerin 3559057.0.~Frizz 7593876.0.Gang404 4368426.1.~Blackurio 957916.0.lusikill 2935710.0.#Rey1# 3467154.0.[St]Grippato 2939098.0.GorGoJo 3343263.0.Ansatsu 1638277.0.Memed 4357105.0.•Rosengarten 6623637.0.K?ndeer 1213513.0.Anny_ 7147719.0.Mortanciia 6680510.1.‡Ejzi‡ 2460434.0.Jon07 5635569.0.vladzio 2620775.0.·Tenzo 7163132.0.Frigus_One 1189318.0.VelveD 6973700.1.Douv 2360335.0.All730 4338026.0.redelfuoco9 5650090.0.Yoru_Sutoka 4304835.1.~DarkMrrn 7149833.1.Vistrooo 4074353.0.ImExelliuM

[15:40:43]	[Recv]	cond 2 4988603 0 0 15

[15:40:43]	[Recv]	cond 2 4988592 0 0 15

[15:40:43]	[Send]	ptctl 5443 1 4988592 38 21 4988592 15
[15:40:43]	[Recv]	st 2 5020850 94 0 100 100 92062 184124 92062 184124 0

[15:40:43]	[Recv]	eff 2 5020850 7739

[15:40:43]	[Recv]	cond 2 4988592 0 0 15

[15:40:43]	[Send]	ptctl 5443 2 4988603 42 28 4988592 42 24 4988603 15
[15:40:43]	[Recv]	ct 3 5020861 2 4988592 -1 -1 0

[15:40:43]	[Recv]	su 3 5020861 2 4988592 0 10 11 4806 0 0 1 100 23 0 0 57718 57771

[15:40:43]	[Recv]	cond 1 2073308 0 0 18

[15:40:43]	[Recv]	cond 1 2073308 0 0 18

[15:40:43]	[Send]	ncif 3 5020977
[15:40:43]	[Recv]	cond 2 4988603 0 0 15

[15:40:43]	[Recv]	cond 2 4988592 0 0 15

[15:40:43]	[Recv]	die 3 5020977 3 5020977

[15:40:44]	[Recv]	st 2 5020851 94 0 100 100 92062 184124 92062 184124 0

[15:40:44]	[Recv]	eff 2 5020851 7739

[15:40:44]	[Recv]	dm 2 4988592 594 1

[15:40:44]	[Recv]	st 2 5020852 94 0 100 100 92062 184124 92062 184124 0

[15:40:44]	[Recv]	eff 2 5020852 7739

[15:40:44]	[Send]	ptctl 5443 1 4988592 44 26 4988592 15
[15:40:44]	[Send]	ncif 3 5020856
[15:40:44]	[Recv]	cond 2 4988592 0 0 15

[15:40:44]	[Send]	ptctl 5443 2 4988603 42 23 4988592 44 21 4988603 15
[15:40:44]	[Recv]	st 3 5020856 99 0 100 100 90871 2828 90871 2828 0

[15:40:44]	[Recv]	cond 1 2073308 0 0 18

[15:40:44]	[Recv]	cond 1 2073308 0 0 18

[15:40:44]	[Send]	ptctl 5443 1 4988603 42 26 4988603 15
[15:40:44]	[Send]	suctl 5443 1 4988603 3 5020856
[15:40:44]	[Recv]	cond 2 4988603 0 0 15

[15:40:44]	[Recv]	cond 2 4988592 0 0 15

[15:40:44]	[Send]	ptctl 5443 1 4988592 40 23 4988592 15
[15:40:44]	[Recv]	cond 2 4988603 0 0 15

[15:40:45]	[Recv]	eff 2 4988603 5005

[15:40:45]	[Recv]	cond 2 4988592 0 0 15

[15:40:45]	[Send]	u_s 0 3 5020856
[15:40:45]	[Recv]	cond 1 2073308 0 0 18

[15:40:45]	[Recv]	cond 1 2073308 0 0 18

[15:40:45]	[Recv]	ct 2 4988603 3 5020856 -1 -1 0

[15:40:45]	[Recv]	su 2 4988603 3 5020856 0 12 11 8360 0 0 1 88 10573 0 0 80298 90871

[15:40:45]	[Recv]	st 2 5020850 94 0 100 100 92062 184124 92062 184124 0

[15:40:45]	[Send]	ncif 3 5020856
[15:40:45]	[Recv]	ct 1 2073308 3 5020856 -1 -1 1114

[15:40:45]	[Recv]	eff 1 2073308 15

[15:40:45]	[Recv]	su 1 2073308 3 5020856 1114 7 11 4260 0 0 0 0 93486 0 0 0 90871

[15:40:45]	[Recv]	lev 99 0 99 0 2140719000 5991794 66992052 2 0 90 917705181 0

[15:40:45]	[Send]	ptctl 5443 2 4988603 42 30 4988592 40 28 4988603 15
[15:40:45]	[Recv]	sp 415002 1000000 0 10000

[15:40:45]	[Recv]	cond 1 2073308 0 0 18

[15:40:45]	[Recv]	cond 1 2073308 0 0 18

[15:40:45]	[Send]	ptctl 5443 1 4988603 40 30 4988603 15
[15:40:45]	[Recv]	sayi 1 2073308 20 22 3 830 0 0 0

[15:40:45]	[Recv]	bf 1 2073308 0.830.0 99

[15:40:45]	[Recv]	bf 1 2073308 0.941.3000 99

[15:40:45]	[Recv]	sayi 1 2073308 20 26 3 941 0 0 0

[15:40:45]	[Recv]	cond 2 4988603 0 0 15

[15:40:45]	[Recv]	cond 2 4988592 0 0 15

[15:40:45]	[Recv]	cond 2 4988603 0 0 15

[15:40:46]	[Recv]	st 2 5020851 94 0 100 100 92062 184124 92062 184124 0

[15:40:46]	[Send]	ncif 3 5020861
[15:40:46]	[Recv]	sc_p 170 1548 4988592 96 597 24113943 0 0 1889 2049 1289 19 90 9 975 627 958 627 866 3 90 90 110 80 57124 57771 18100 18100 1 84982200 0 @ 0 0 6 60 1831 1798 0 100

[15:40:46]	[Recv]	dm 2 4988592 594 1

[15:40:46]	[Recv]	st 2 5020852 94 0 100 100 92062 184124 92062 184124 0

[15:40:46]	[Recv]	sr 0

[15:40:46]	[Recv]	st 3 5020861 99 0 100 100 90871 2828 90871 2828 0

[15:40:46]	[Send]	ptctl 5443 1 4988603 42 28 4988603 15
[15:40:46]	[Send]	suctl 5443 1 4988603 3 5020861
[15:40:46]	[Send]	ptctl 5443 1 4988592 40 23 4988592 15
[15:40:46]	[Send]	u_s 4 3 5020861
[15:40:46]	[Recv]	cond 2 4988603 0 0 15

[15:40:46]	[Recv]	eff 2 4988603 5005

[15:40:46]	[Recv]	cond 2 4988592 0 0 15

[15:40:46]	[Recv]	cond 1 2073308 0 0 18

[15:40:46]	[Recv]	cond 1 2073308 0 0 18

[15:40:46]	[Recv]	ms_c 0

[15:40:46]	[Recv]	qslot 0 1.1.1 1.1.2 1.1.3 1.1.4 1.1.5 1.1.6 1.1.7 1.1.9 1.1.8 1.1.10 0.1.45 0.2.21 0.1.76 1.1.38 1.3.12 0.1.34 0.1.87 0.-1.-1 0.1.84 0.1.43 1.3.11 1.1.42 1.1.41 1.3.976 0.-1.-1 0.1.70 0.2.143 0.2.25 0.2.27 0.2.26

[15:40:46]	[Recv]	qslot 1 0.-1.-1 0.-1.-1 0.-1.-1 0.-1.-1 0.-1.-1 0.-1.-1 0.-1.-1 0.-1.-1 0.-1.-1 0.-1.-1 0.1.-1 0.1.-1 1.1.41 1.1.42 0.-1.-1 7.7.-1 7.7.-1 7.7.-1 7.7.-1 0.-1.-1 0.-1.-1 0.-1.-1 0.-1.-1 0.-1.-1 0.-1.-1 0.-1.-1 0.-1.-1 0.-1.-1 0.-1.-1 0.-1.-1

[15:40:47]	[Send]	ptctl 5443 2 4988603 42 33 4988592 40 30 4988603 15
[15:40:47]	[Recv]	ct 2 4988603 3 5020861 -1 -1 0

[15:40:47]	[Recv]	su 2 4988603 3 5020861 0 12 11 8360 0 0 1 88 10667 0 0 80204 90871

[15:40:47]	[Recv]	ct 1 2073308 3 5020861 30 -1 1118

[15:40:47]	[Recv]	eff 1 2073308 212

[15:40:47]	[Recv]	eff 1 2073308 15

[15:40:47]	[Recv]	su 1 2073308 3 5020861 1118 150 44 4268 0 0 0 0 106058 0 0 0 90871

[15:40:47]	[Recv]	in 3 2371 5020981 40 22 2 100 100 0 0 0 -1 0 0 -1 - 0 -1 0 0 0 0 0 0 0 0 0 0 0 0

[15:40:47]	[Recv]	guri 31 1 2073308 40 22

[15:40:47]	[Recv]	lev 99 0 99 0 2140719000 5991794 66992052 2 0 90 917705181 0

[15:40:47]	[Recv]	bf 1 2073308 0.4126.100 99

[15:40:47]	[Recv]	sayi 1 2073308 20 26 3 4126 0 0 0

[15:40:47]	[Recv]	cond 2 4988603 0 0 15

[15:40:47]	[Recv]	cond 2 4988592 0 0 15

[15:40:47]	[Recv]	guri 3 1 2073308 45 32 3 2 2 -1 0

[15:40:47]	[Recv]	st 2 5020850 94 0 100 100 92062 184124 92062 184124 0

[15:40:47]	[Send]	ptctl 5443 2 4988603 42 34 4988592 40 34 4988603 15
[15:40:47]	[Recv]	cond 1 2073308 0 0 18

[15:40:47]	[Recv]	cond 1 2073308 0 0 18

[15:40:47]	[Recv]	die 3 5020981 3 5020981

[15:40:47]	[Recv]	cond 2 4988603 0 0 15

[15:40:47]	[Recv]	cond 2 4988592 0 0 15

[15:40:48]	[Send]	ptctl 5443 2 4988603 42 35 4988592 40 36 4988603 15
[15:40:48]	[Recv]	st 2 5020851 94 0 100 100 92062 184124 92062 184124 0

[15:40:48]	[Recv]	cond 1 2073308 0 0 18

[15:40:48]	[Recv]	cond 1 2073308 0 0 18

[15:40:48]	[Recv]	dm 2 4988592 594 1

[15:40:48]	[Recv]	st 2 5020852 94 0 100 100 92062 184124 92062 184124 0

[15:40:48]	[Recv]	cond 2 4988603 0 0 15

[15:40:48]	[Recv]	cond 2 4988592 0 0 15

[15:40:48]	[Send]	ptctl 5443 2 4988603 42 36 4988592 40 38 4988603 15
[15:40:48]	[Recv]	eff 2 5020850 7739

[15:40:48]	[Recv]	cond 2 4988603 0 0 15

[15:40:48]	[Recv]	cond 2 4988592 0 0 15

[15:40:49]	[Recv]	eff 2 5020851 7739

[15:40:49]	[Send]	ptctl 5443 1 4988603 42 39 4988603 15
[15:40:49]	[Recv]	eff 2 5020852 7739

[15:40:49]	[Recv]	cond 2 4988603 0 0 15

[15:40:49]	[Send]	ptctl 5443 1 4988592 41 41 4988592 15
[15:40:49]	[Recv]	cond 2 4988592 0 0 15

[15:40:49]	[Recv]	st 2 5020850 94 0 100 100 92062 184124 92062 184124 0

[15:40:49]	[Recv]	sr 1

[15:40:50]	[Recv]	st 2 5020851 94 0 100 100 92062 184124 92062 184124 0

[15:40:50]	[Recv]	dm 2 4988592 594 1

[15:40:50]	[Recv]	st 2 5020852 94 0 100 100 92062 184124 92062 184124 0

[15:40:50]	[Send]	ptctl 5443 2 4988603 42 34 4988592 41 36 4988603 15
[15:40:50]	[Recv]	sp 414992 1000000 0 10000

[15:40:50]	[Recv]	cond 1 2073308 0 0 18

[15:40:50]	[Recv]	cond 1 2073308 0 0 18

[15:40:50]	[Recv]	cond 2 4988603 0 0 15

[15:40:50]	[Recv]	cond 2 4988592 0 0 15

[15:40:50]	[Send]	ncif 3 5020860
[15:40:50]	[Recv]	st 3 5020860 99 0 100 100 13203 2828 13203 2828 0

[15:40:51]	[Send]	u_s 0 3 5020860
[15:40:51]	[Send]	ptctl 5443 2 4988603 42 35 4988592 41 32 4988603 15
[15:40:51]	[Send]	suctl 5443 1 4988603 3 5020860
[15:40:51]	[Recv]	cond 1 2073308 0 0 18

[15:40:51]	[Recv]	cond 1 2073308 0 0 18

[15:40:51]	[Recv]	ct 1 2073308 3 5020860 -1 -1 1114

[15:40:51]	[Recv]	su 1 2073308 3 5020860 1114 7 11 4260 0 0 0 0 49931 0 0 0 13203

[15:40:51]	[Recv]	lev 99 0 99 0 2140719000 5991794 66992052 2 0 90 917705181 0

[15:40:51]	[Recv]	cond 2 4988603 0 0 15

[15:40:51]	[Recv]	cond 2 4988592 0 0 15

[15:40:51]	[Recv]	st 2 5020850 94 0 100 100 92062 184124 92062 184124 0

[15:40:51]	[Send]	ptctl 5443 2 4988603 42 40 4988592 40 40 4988603 15
[15:40:51]	[Recv]	cond 1 2073308 0 0 18

[15:40:51]	[Recv]	cond 1 2073308 0 0 18

[15:40:51]	[Send]	ptctl 5443 2 4988603 40 41 4988592 42 39 4988603 15
[15:40:51]	[Recv]	cond 2 4988603 0 0 15

[15:40:51]	[Recv]	cond 2 4988592 0 0 15

[15:40:51]	[Recv]	cond 2 4988603 0 0 15

[15:40:51]	[Recv]	cond 2 4988592 0 0 15

[15:40:52]	[Recv]	st 2 5020851 94 0 100 100 92062 184124 92062 184124 0

[15:40:52]	[Recv]	sr 0

[15:40:52]	[Recv]	dm 2 4988592 594 1

[15:40:52]	[Recv]	st 2 5020852 94 0 100 100 92062 184124 92062 184124 0

[15:40:53]	[Recv]	st 2 5020850 94 0 100 100 92062 184124 92062 184124 0

[15:40:53]	[Recv]	eff 2 5020850 7739

[15:40:54]	[Recv]	st 2 5020851 94 0 100 100 92062 184124 92062 184124 0

[15:40:54]	[Recv]	eff 2 5020851 7739

[15:40:54]	[Recv]	dm 2 4988592 594 1

[15:40:54]	[Recv]	st 2 5020852 94 0 100 100 92062 184124 92062 184124 0

[15:40:54]	[Recv]	eff 2 5020852 7739

[15:40:55]	[Recv]	st 2 5020850 94 0 100 100 92062 184124 92062 184124 0

[15:40:55]	[Recv]	sp 414982 1000000 0 10000

[15:40:56]	[Recv]	st 2 5020851 94 0 100 100 92062 184124 92062 184124 0

[15:40:56]	[Recv]	sc_p 170 1548 4988592 96 596 24114223 0 0 1889 2049 1289 19 90 9 975 627 958 627 866 3 90 90 110 80 54367 57771 18100 18100 1 84982200 0 @ 0 0 6 60 1831 1798 0 100

[15:40:56]	[Recv]	dm 2 4988592 594 1

[15:40:56]	[Recv]	st 2 5020852 94 0 100 100 92062 184124 92062 184124 0

[15:40:57]	[Recv]	sayi 1 2073308 20 22 3 4126 0 0 0

[15:40:57]	[Recv]	bf 1 2073308 0.4126.0 99

[15:40:57]	[Recv]	st 2 5020850 94 0 100 100 92062 184124 92062 184124 0

[15:40:58]	[Recv]	st 2 5020851 94 0 100 100 92062 184124 92062 184124 0

[15:40:58]	[Recv]	dm 2 4988592 594 1

[15:40:58]	[Recv]	st 2 5020852 94 0 100 100 92062 184124 92062 184124 0

[15:40:58]	[Recv]	eff 2 5020850 7739

[15:40:59]	[Recv]	eff 2 5020851 7739

[15:40:59]	[Recv]	eff 2 5020852 7739

[15:40:59]	[Recv]	st 2 5020850 94 0 100 100 92062 184124 92062 184124 0

[15:41:00]	[Recv]	st 2 5020851 94 0 100 100 92062 184124 92062 184124 0

[15:41:00]	[Recv]	dm 2 4988592 594 1

[15:41:00]	[Recv]	st 2 5020852 94 0 100 100 92062 184124 92062 184124 0

[15:41:00]	[Recv]	sp 414972 1000000 0 10000

[15:41:00]	[Send]	ptctl 5443 2 4988603 37 39 4988592 39 41 4988603 15
[15:41:01]	[Recv]	cond 1 2073308 0 0 18

[15:41:01]	[Recv]	cond 1 2073308 0 0 18

[15:41:01]	[Recv]	cond 2 4988603 0 0 15

[15:41:01]	[Recv]	cond 2 4988592 0 0 15

[15:41:01]	[Recv]	st 2 5020850 94 0 100 100 92062 184124 92062 184124 0

[15:41:02]	[Recv]	st 2 5020851 94 0 100 100 92062 184124 92062 184124 0

[15:41:02]	[Recv]	sr 4

[15:41:02]	[Recv]	dm 2 4988592 594 1

[15:41:02]	[Recv]	st 2 5020852 94 0 100 100 92062 184124 92062 184124 0

[15:41:02]	[Send]	glist 0 2
[15:41:02]	[Recv]	ginfo Sanguinarius Dante† 0 24 31085000 32210200 116 150 3 1 0 1 1 2 1 1 5kk^skladka/fees-^more^info^on^dc->^skladki/fees

[15:41:03]	[Recv]	st 2 5020850 94 0 100 100 92062 184124 92062 184124 0

[15:41:03]	[Recv]	eff 2 5020850 7739

[15:41:04]	[Recv]	st 2 5020851 94 0 100 100 92062 184124 92062 184124 0

[15:41:04]	[Recv]	eff 2 5020851 7739

[15:41:04]	[Send]	fhis_cts
[15:41:04]	[Recv]	dm 2 4988592 594 1

[15:41:04]	[Recv]	st 2 5020852 94 0 100 100 92062 184124 92062 184124 0

[15:41:04]	[Recv]	eff 2 5020852 7739

[15:41:04]	[Recv]	ghis 0 4|Linphea‹33|1200000|0 12|9094|0 7|Linphea‹33|8713|14|0 7|Linphea‹33|8713|13|0 12|9081|0 12|9092|2 12|9078|2 12|9017|2 12|9113|2 12|9114|2 12|9083|3 4|*Boss95*|1000|3 12|9080|3 12|9002|9 10|Ajna1|12 10|Sahasrara1|12 6|Sahasrara1|85|13 6|Ajna1|85|13 7|*Saito|8632|8|13 7|*Saito|8632|7|13 7|*Saito|8632|6|13 12|9086|14 7|*Saito|8632|5|14 4|Vistroo|200000|15 12|9099|15 6|Baduraa|88|15 12|9089|16 6|Sahasrara1|84|16 6|Ajna1|84|16 4|iCyberTwitch|2600000|18 12|9106|18 12|9101|18 4|Difsy*|13900000|18 4|ZielonyGroszek|17800000|19 12|9078|19 12|9104|19 4|Mortanciia|2000000|19 6|Sahasrara1|83|19 4|vladzio|38200000|19 4|Danioooo|52600000|20 12|9102|20 1|Kamzzyy|sskkrrtt|20 12|9105|20 12|9103|22 4|Xenover†ed|1700000|23 1|Gang404†||23 4|Zoro1|7800000|24 12|9113|24 12|9114|24 7|ADuckOnQuack|8523|15|24

[15:41:04]	[Recv]	ghis 7|ADuckOnQuack|8523|14|24 12|9083|24 7|ADuckOnQuack|8523|13|24 7|ADuckOnQuack|8523|12|24 7|ADuckOnQuack|8523|11|24 7|ADuckOnQuack|8523|10|24 7|ADuckOnQuack|8523|9|24 12|9084|24 7|ADuckOnQuack|8523|8|24 12|9075|24 12|9006|24 2|2|24 12|9087|24 12|9014|24 12|9080|24 12|9090|24 1|BIOTRICKM|Ayquerico|24 1|$@M@Nt@|HOLASOYSAMMYSAN|24 1|~DonNxTSimon|Czaswbicc80|24 11|SugmaDeek|$@M@Nt@|24 2|3|24 14|Baduraa|30|24 6|Baduraa|87|24 12|9017|24 11|SugmaDeek|*Boss95*|24 12|9109|24 4|SugmaDeek|3300000|24 14|SugmaDeek|90|24 12|9146|24 2|1|24 12|9004|24 12|9075|24 2|1|24 12|9095|24 12|9091|24 12|9111|24 4|Joey|13200000|24 12|9110|24 4|Danioooo|52500000|24 12|9099|24 4|BomboKoko|50000|24 1|Holy_Diver|***VoooDo***nup|24 1|Wild_Deeper|***VoooDo***nup|24 11|SugmaDeek|Wild_Deeper|24 11|SugmaDeek|Holy_Diver|24 4|Geff|1300000|24 1|Kamzzyy|tatadfd|24 12|9083|24 12|9097|48 6|Ajna1|83|48

[15:41:04]	[Recv]	ghis 12|9108|48 1|#Rey#|7|48 12|9107|48 6|Sahasrara1|82|48 6|Ajna1|82|48 1|Vejn||48 12|9085|48 4|ZielonyGroszek|17700000|48 1|Gang404†||48 12|9080|48 12|9093|48 12|9105|48 12|9078|48 4|vladzio|38100000|48 12|9106|48 12|9114|48 12|9076|48 12|9006|48 2|2|48 12|9089|48 4|boss95Ban|12100000|48 4|Elixy~|900000|48 4|Luzia*|2000000|48 12|9113|48 6|Sahasrara1|81|48 6|Ajna1|81|48 6|Sahasrara1|80|48 4|Shvindell|1000|48 12|9083|48 12|9090|48 2|4|48 12|9080|48 4|Zoro1|7700000|48 4|‡Ejzi‡|2100000|48 12|9146|48 2|2|48 4|Danioooo|52400000|48 2|2|48 12|9098|48 4|Xenover†ed|1600000|48 12|9106|48 4|Querro|7000000|48 12|9105|48 6|Ajna1|80|48 4|Zoro1|7600000|48 12|9100|48 12|9078|48 12|9094|48 12|9089|72 12|9076|72

[15:41:04]	[Recv]	ghis 12|9075|72 12|9006|72 2|2|72 12|9017|72 12|9114|72 12|9113|72 12|9089|72 7|Mortanciia|905|8|72 12|9087|72 4|Danioooo|52300000|72 12|9099|72 4|Freszh3|3700000|72 12|9104|72 4|SugmaDeek|3200000|72 12|9106|72 12|9105|72 4|Mortanciia|1900000|72 12|9090|72 4|Kamzzyy|1000|72 12|9080|72 1|Kamzzyy|senkrol|72 12|9081|96 12|9092|96 12|9086|96 12|9013|96 12|9083|96 4|BomboKoko|10000|96 4|Vistrooo|1200000|96 12|9008|96 4|vladzio|38000000|96 12|9114|96 12|9113|96 10|HexenBiest_dd|96 10|chiquitititito|96 7|ADuckOnQuack|8647|7|96 7|ADuckOnQuack|8647|6|96 7|ADuckOnQuack|8647|5|96 14|Todoroki™|90|96 4|Sahasrara1|1000|96 6|Sahasrara1|70|96 4|Ajna1|1000|96 6|Ajna1|70|96 12|9087|96 12|9080|96 10|>LiGhTSwOrD<|96 1|OlafMaltanczyk|PiesFresza|96 11|‡Ejzi‡|OlafMaltanczyk|96 12|9103|96 4|xFreshy00|9500000|96 11|‡Ejzi‡|Freszh1|96

[15:41:05]	[Recv]	st 2 5020850 94 0 100 100 92062 184124 92062 184124 0

[15:41:05]	[Recv]	sp 414962 1000000 0 10000

[15:41:06]	[Recv]	st 2 5020851 94 0 100 100 92062 184124 92062 184124 0

[15:41:06]	[Recv]	dm 2 4988592 594 1

[15:41:06]	[Recv]	st 2 5020852 94 0 100 100 92062 184124 92062 184124 0

[15:41:06]	[Send]	glist 0 0
[15:41:06]	[Recv]	gmbr 0 6291774|24033018|Dante†|99|2|0|9|0|90|24 6623637|24030120|•Asbestos•|99|2|1|0|0|90|6 5527355|24111119|SugmaDeek|99|3|1|0|0|90|0 6535970|24101614|·Meriggiare·|99|2|2|0|0|90|96 7627166|24102222|SquaDuck|1|0|2|0|0|0|1104 7034868|25030421|Gaslighting|99|3|2|0|0|80|0 6511840|25052618|Brechacz|99|3|2|0|0|90|0 6680510|25052618|‡Ejzi‡|99|2|2|0|1|90|0 6829335|24071618|Difsy*|99|2|2|0|0|90|4 6313441|21022210|Danioooo|99|1|2|0|0|90|4 5664515|24010519|Vixerin|99|2|2|0|0|90|5 6831671|24060116|•SiymiYaya•|99|1|2|0|0|90|24 6916428|24101818|#MissGreen|80|3|3|0|0|0|576 6690923|25042212|DonNup4|85|3|3|0|0|10|0 2883024|25042920|BIOTRICKM|99|3|3|0|1|90|0 5601686|24053018|ZielonyGroszek|99|3|3|0|1|90|5 7174237|25021512|JanTataDwayna|92|2|3|0|0|32|24 6602303|24063015|DonDibolo|99|1|3|0|0|90|0 6546734|25061213|chodzi|85|2|3|0|0|10|0 6792036|24122023|fick112|81|4|3|0|0|0|576 6470399|24090922|Joey|99|2|3|0|0|90|0 5255948|24082317|Zoro1|99|1|3|0|0|90|0 6552036|24063021|Laevateinn|99|4|3|0|0|86|0 6431564|24033018|LuLoski|99|3|3|0|0|80|24 7185809|24052821|†Madkus†|99|2|3|0|0|80|120 3881143|24072115|boss95Ban|99|2|3|0|1|90|0 7743304|25052015|Bluelaa|65|3|3|0|0|0|336 7585246|24100517|MyPapaja|99|1|3|0|0|90|120 7832760|25062917|Holy_Diver|67|3|3|0|0|0|24 4553465|25042821|Siusiu-Majtek|99|3|3|0|0|90|0 7173785|24120320|DwayneSynJana|99|1|3|0|0|65|24 7023267|24110722|xFreshy00|99|3|3|0|0|90|12 6959399|24121121|*Albedo*|95|1|3|0|0|57|2 6916621|24072116|kakashuicd|81|4|3|0|0|0|576 7149018|24072915|-Hëllboy-|99|1|3|0|0|83|240 6730315|25052619|Cineek|92|2|3|0|0|28|48 6751264|24092917|-Jutuber99_|99|3|3|0|0|80|168 6691442|24090920|Shinti|99|2|3|0|0|80|1848 3122760|25052619|Geff|99|3|3|0|0|90|0 6571268|24101622|ZielonyJunior|80|2|3|0|0|0|576 7100804|25040820|Quesa†|99|2|3|0|0|86|168 7118192|25040820|Schlawg|99|2|3|0|0|86|168 613441|24101621|ADuckOnQuack|99|3|3|0|0|90|0 7741972|25052015|MagnaVixen|82|3|3|0|0|0|3 2073308|25050420|#Rey#|99|2|3|0|1|90|0 6989210|25041421|Goldberg~|99|1|3|0|0|90|432 6411149|24110918|Querro|99|1|3|0|0|81|24 4463131|24100422|•Nives•|99|1|3|0|1|90|3 6210849|24111422|Skeejt|99|2|3|0|0|90|0 7741968|25052015|Morticoon|65|1|3|0|0|0|192 6542041|24111120|Kodzirro531|99|2|3|0|0|89|14 7698367|25060119|oOJcxX|99|3|3|0|0|83|72 6916933|24102117|#MisterGreen|80|1|3|0|0|0|576 6979832|25021319|†Savage†|99|2|3|0|0|90|3 6991685|25051816|T0bi_|99|3|3|0|0|74|24 5653221|24111818|Aleida|99|3|3|0|1|90|1 2903185|25050509|_*Lyon*_|99|1|3|0|1|86|0 1607199|25051416|†Kuroyami†|99|1|3|0|0|90|48 6814214|25021622|-Sharkoon|99|3|3|0|0|80|1344 6981254|25060119|C7-Mike|99|1|3|0|0|83|8 7076740|25041812|Vejn|99|2|3|0|1|85|0 7652060|25030111|iCyberTwitch|99|2|3|0|0|90|4 6888242|25050120|~Alexy~|99|3|3|0|0|85|552 6831142|24122420|LaskaWanilii|92|2|3|0|0|37|24 4359700|25060320|Xenover†ed|99|2|3|0|0|90|0 1702927|25032612|Ariteus|90|1|3|0|0|34|72 7147719|25042020|Mortanciia|99|3|3|0|0|90|0 6867698|25021117|Luzia*|99|1|3|0|0|88|4 7148449|25042916|Elixy~|99|3|3|0|0|80|4 7699888|25061914|YuraczWoj|65|1|3|0|0|0|240 7040771|25031919|Linphea‹33|99|2|3|0|0|90|0 7044453|25061408|Freszh12|77|1|3|0|0|0|96 7744807|25052622|Frogson|56|2|3|0|0|0|624 5637237|25030121|AntoniBanderas|93|1|3|0|0|35|1560 7742210|25052015|Zyral|81|3|3|0|0|0|3 7832758|25062917|Wild_Deeper|67|2|3|0|0|0|24 7750227|25060617|Jolasiaa|65|1|3|0|0|0|216 7374429|25042916|Opcar1|96|1|3|0|0|60|6 7768432|25062518|*Saito|99|3|3|0|0|90|0 7732837|25051120|Otzii|88|2|3|0|0|10|24 6801494|25052619|M4ch0ny~|99|3|3|0|0|81|0 7742198|25052015|MaliceBorn|65|3|3|0|0|0|192 6973700|25041519|Douv|99|1|3|0|1|90|0 7149833|25061418|Vistrooo|99|2|3|0|1|90|0 1666189|25040820|Punita|99|1|3|0|0|86|168 7118193|25040820|Mongche|99|1|3|0|0|85|168 7750225|25060617|Baduraa|88|2|3|0|0|30|0 5587436|25061722|Olvido|99|3|3|0|0|90|0 6659718|24120519|OneLastOra|98|4|3|0|0|60|24 5635569|20020708|vladzio|99|2|3|1|0|90|0 7699916|25061914|YuraczMagik|65|3|3|0|0|0|240 7032842|24120716|Freszh3|99|1|3|0|0|88|12 7716244|25052015|Mort-01|81|1|3|0|0|0|3 7075973|25061912|~•ToXi•~|99|1|3|0|0|80|96 6625610|25050116|-Umi-|99|2|3|0|0|60|48 5650090|24081320|Yoru_Sutoka|99|4|3|0|0|90|0 6697986|25051220|Danio|91|2|3|0|0|32|7 7776242|25062417|Vistroo|99|1|3|0|1|90|0 7798973|25062417|***VoooDo***|99|2|3|0|0|80|12 7822356|25062417|TwisT®|99|2|3|0|0|80|0

[15:41:07]	[Recv]	gmbr 7806742|25062417|Shieldynskeee|99|2|3|0|0|80|72 7782734|25062418|Todoroki™|99|2|3|0|0|90|10 7809214|25062420|MuodySarmata|99|2|3|0|0|80|0 7761691|25062421|Shvindell|99|3|3|0|0|83|0 7761498|25062421|Gang404†|99|2|3|0|1|90|0 7798613|25062423|Kamzzyy|99|1|3|0|0|80|0 7778313|25062500|~DonNxTSimon|99|1|3|0|0|78|0 7780419|25062520|†Makus†|99|2|3|0|0|80|120 7821359|25062621|BomboKoko|99|2|3|0|1|80|2 7770142|25062522|Daikenji|99|1|3|0|0|89|48 7759765|25062613|SlotkaMiotk@|99|3|3|0|0|80|0 4038466|25062921|*Boss95*|99|3|3|0|1|82|0 7672072|25062621|Fresz16|85|3|3|0|0|10|96 7032833|25062622|Freszh1|95|3|3|0|0|58|12 7344010|25062623|OlafMaltanczyk|93|2|3|0|0|60|96 2373342|25063000|$@M@Nt@|99|1|3|0|0|84|0

[15:41:07]	[Recv]	gmsg 6291774|CelnyDzban 6623637|japierdole 5527355| 6535970|SIUUUUUUUUUUUUUUUUUUUUUUUU 7627166|Skladki/Fees 7034868|ez 6511840|HiHi... 6680510|SkunMarichunadobredzinsy 6829335|dailykirocarnohc^^ 6313441| 5664515|. 6831671|Kindernup 6916428| 6690923| 2883024|Ayquerico 5601686| 7174237|DanteAlt 6602303|Aznaszlegendeoniemymmichalku? 6546734|DonDiboloNup 6792036| 6470399| 5255948| 6552036| 6431564|DanteAlt 7185809|ifelllikearockstar 3881143|C: 7743304|mortnup 7585246| 7832760|***VoooDo***nup 4553465|NupZoro1 7173785|Dante 7023267|s 6959399|aleidag 6916621|NupSiusiu-Majtek 7149018| 6730315|EjziNupGoldziarz 6751264| 6691442| 3122760| 6571268|NUPZoro1 7100804| 7118192| 613441|canwechangetoangelside? 7741972|mortnup 2073308|7 6989210|CocoJamboo 6411149|Dantealt 4463131| 6210849|:DDD 7741968|MortNup 6542041| 7698367|LFClol80daily-1person 6916933| 6979832|<--Jony 6991685|TustySzpek;D 5653221|obudzilemsiewpenthousie 2903185| 1607199| 6814214|AchctephotosdepieddeZénas!Mpmoi 6981254|231 7076740| 7652060|HakunaMatata 6888242| 6831142|KindDeeralt 4359700| 1702927|Difsy*alt 7147719| 6867698|dailykirocarnohc^^ 7148449|dailykirocarnohc^^ 7699888|exposutek 7040771| 7044453| 7744807|Kinderalt 5637237| 7742210|MortNup 7832758|***VoooDo***nup 7750227|aleidnup 7374429|altdifsy 7768432|ALTSKEJTA 7732837|top1c10 6801494| 7742198|mortnup 6973700|PSGC'ESTLALDC 7149833|https://www.twitch.tv/vistroooprimedlawidzaaok 1666189|quesaalt 7118193|schlawgalt 7750225|aleidnup 5587436| 6659718|Dante 5635569|idoprzodu 7699916|exposutek 7032842|BratFresza 7716244|Mortnup 7075973|C80+LOLACTIVE 6625610| 5650090| 6697986| 7776242|BratVistro 7798973| 7822356|

[15:41:07]	[Recv]	gmsg 7806742| 7782734| 7809214| 7761691| 7761498| 7798613|sskkrrtt 7778313|Czaswbicc80 7780419| 7821359| 7770142| 7759765| 4038466| 7672072| 7032833| 7344010|PiesFresza 2373342|HOLASOYSAMMYSAN

[15:41:07]	[Recv]	gexp 6291774|23868032 6623637|38913656 5527355|3343425 6535970|7669680 7627166|0 7034868|1419027 6511840|1064903 6680510|2101429 6829335|13968490 6313441|52686527 5664515|29760924 6831671|17434495 6916428|44400 6690923|800 2883024|1373306 5601686|17813292 7174237|85200 6602303|1868301 6546734|200 6792036|5800 6470399|13265200 5255948|7820160 6552036|3577590 6431564|5357200 7185809|796119 3881143|12101453 7743304|1600 7585246|1420730 7832760|0 4553465|26633 7173785|2030600 7023267|9568000 6959399|53800 6916621|20600 7149018|4761055 6730315|200 6751264|2585472 6691442|104800 3122760|1327845 6571268|43800 7100804|200 7118192|200 613441|2999091 7741972|3200 2073308|2143849 6989210|787200 6411149|7016800 4463131|3757646 6210849|6788200 7741968|1600 6542041|1674600 7698367|660503 6916933|44200 6979832|7157180 6991685|1127071 5653221|9086394 2903185|34400 1607199|416700 6814214|4944252 6981254|893500 7076740|147600 7652060|2609655 6888242|39000 6831142|356200 4359700|1766558 1702927|1000 7147719|2025373 6867698|2092200 7148449|940200 7699888|1400 7040771|1209538 7044453|0 7744807|1200 5637237|400 7742210|3400 7832758|0 7750227|3200 7374429|114000 7768432|12000 7732837|7239 6801494|9030 7742198|3800 6973700|832292 7149833|1295275 1666189|0 7118193|200 7750225|3200 5587436|359000 6659718|788400 5635569|38257810 7699916|1400 7032842|3709000 7716244|3600 7075973|0 6625610|134271 5650090|10741251 6697986|488800 7776242|207503 7798973|300 7822356|139800 7806742|0 7782734|23000 7809214|398 7761691|2000 7761498|329 7798613|3600 7778313|200 7780419|0 7821359|90400 7770142|41200 7759765|6000 4038466|1200 7672072|0 7032833|600 7344010|0 2373342|200

[15:41:07]	[Recv]	st 2 5020850 94 0 100 100 92062 184124 92062 184124 0

[15:41:07]	[Recv]	scp 0
[15:41:07]	[Recv]	sp 414960 1000000 0 10000

[15:41:08]	[Recv]	st 2 5020851 94 0 100 100 92062 184124 92062 184124 0

[15:41:08]	[Recv]	dm 2 4988592 594 1

[15:41:08]	[Recv]	st 2 5020852 94 0 100 100 92062 184124 92062 184124 0

[15:41:08]	[Recv]	eff 2 5020850 7739

[15:41:08]	[Recv]	in 3 701 5021036 37 8 3 100 100 0 0 0 -1 0 0 -1 - 0 -1 0 0 0 0 0 0 0 0 0 0 0 0

[15:41:08]	[Recv]	msgi 0 679 0 0 0 0 0

[15:41:08]	[Recv]	in 3 713 5021037 38 6 4 100 100 0 0 0 -1 0 0 -1 - 0 -1 0 0 0 0 0 0 0 0 0 0 0 0

[15:41:08]	[Recv]	msgi 0 679 0 0 0 0 0

[15:41:08]	[Recv]	in 3 702 5021038 40 7 2 100 100 0 0 0 -1 0 0 -1 - 0 -1 0 0 0 0 0 0 0 0 0 0 0 0

[15:41:08]	[Recv]	msgi 0 679 0 0 0 0 0

[15:41:08]	[Recv]	in 3 701 5021039 40 9 2 100 100 0 0 0 -1 0 0 -1 - 0 -1 0 0 0 0 0 0 0 0 0 0 0 0

[15:41:08]	[Recv]	msgi 0 679 0 0 0 0 0

[15:41:08]	[Recv]	in 3 713 5021040 42 6 4 100 100 0 0 0 -1 0 0 -1 - 0 -1 0 0 0 0 0 0 0 0 0 0 0 0

[15:41:08]	[Recv]	msgi 0 679 0 0 0 0 0

[15:41:08]	[Recv]	in 3 701 5021041 42 8 1 100 100 0 0 0 -1 0 0 -1 - 0 -1 0 0 0 0 0 0 0 0 0 0 0 0

[15:41:08]	[Recv]	msgi 0 679 0 0 0 0 0

[15:41:08]	[Recv]	eff 3 5021041 5000

[15:41:08]	[Recv]	eff 3 5021037 5000

[15:41:09]	[Recv]	eff 2 5020851 7739

[15:41:09]	[Recv]	eff 2 5020852 7739

[15:41:09]	[Recv]	st 2 5020850 94 0 100 100 92062 184124 92062 184124 0

[15:41:10]	[Recv]	st 2 5020851 94 0 100 100 92062 184124 92062 184124 0

[15:41:10]	[Recv]	dm 2 4988592 594 1

[15:41:10]	[Recv]	st 2 5020852 94 0 100 100 92062 184124 92062 184124 0

[15:41:11]	[Recv]	st 2 5020850 94 0 100 100 92062 184124 92062 184124 0

[15:41:12]	[Recv]	st 2 5020851 94 0 100 100 92062 184124 92062 184124 0

[15:41:12]	[Recv]	dm 2 4988592 594 1

[15:41:12]	[Recv]	st 2 5020852 94 0 100 100 92062 184124 92062 184124 0

[15:41:13]	[Recv]	st 2 5020850 94 0 100 100 92062 184124 92062 184124 0

[15:41:13]	[Recv]	eff 2 5020850 7739

[15:41:14]	[Recv]	st 2 5020851 94 0 100 100 92062 184124 92062 184124 0

[15:41:14]	[Recv]	eff 2 5020851 7739

[15:41:14]	[Recv]	st 2 5020852 94 0 100 100 92062 184124 92062 184124 0

[15:41:14]	[Recv]	eff 2 5020852 7739

[15:41:15]	[Recv]	st 2 5020850 94 0 100 100 92062 184124 92062 184124 0

[15:41:16]	[Recv]	st 2 5020851 94 0 100 100 92062 184124 92062 184124 0

[15:41:16]	[Recv]	st 2 5020852 94 0 100 100 92062 184124 92062 184124 0

[15:41:17]	[Recv]	st 2 5020850 94 0 100 100 92062 184124 92062 184124 0

[15:41:18]	[Recv]	st 2 5020851 94 0 100 100 92062 184124 92062 184124 0

[15:41:18]	[Recv]	st 2 5020852 94 0 100 100 92062 184124 92062 184124 0

[15:41:18]	[Recv]	eff 2 5020850 7739

[15:41:19]	[Recv]	eff 2 5020851 7739

[15:41:19]	[Recv]	eff 2 5020852 7739

[15:41:19]	[Recv]	st 2 5020850 94 0 100 100 92062 184124 92062 184124 0

[15:41:20]	[Recv]	st 2 5020851 94 0 100 100 92062 184124 92062 184124 0

[15:41:20]	[Recv]	st 2 5020852 94 0 100 100 92062 184124 92062 184124 0

[15:41:21]	[Recv]	st 2 5020850 94 0 100 100 92062 184124 92062 184124 0

[15:41:21]	[Recv]	ct 3 5021037 2 4988603 -1 -1 771

[15:41:21]	[Recv]	su 3 5021037 2 4988603 771 10 11 7722 0 0 1 99 142 0 0 19309 19451

[15:41:21]	[Recv]	bf 1 2073308 0.373.300 99

[15:41:21]	[Recv]	sayi 1 2073308 20 26 3 373 0 0 0

[15:41:21]	[Recv]	su 3 5021037 1 2073308 771 10 11 7722 0 0 1 99 449 5 0 95048 95497

[15:41:21]	[Recv]	su 3 5021037 2 4988592 771 10 11 7722 0 0 1 89 0 4 0 51790 57771

[15:41:21]	[Send]	ptctl 5443 1 4988592 39 36 4988592 15
[15:41:21]	[Send]	suctl 5443 1 4988603 3 5021037
[15:41:22]	[Recv]	st 2 5020851 94 0 100 100 92062 184124 92062 184124 0

[15:41:22]	[Recv]	cond 2 4988592 0 0 15

[15:41:22]	[Recv]	eff 2 4988603 5005

[15:41:22]	[Recv]	st 2 5020852 94 0 100 100 92062 184124 92062 184124 0

[15:41:22]	[Recv]	ct 3 5021041 2 4988592 -1 -1 0

[15:41:22]	[Recv]	su 3 5021041 2 4988592 0 10 11 4806 0 0 1 89 113 3 0 51677 57771

[15:41:22]	[Recv]	ct 2 4988603 3 5021037 -1 -1 0

[15:41:22]	[Recv]	su 2 4988603 3 5021037 0 12 11 8360 0 0 1 35 8476 0 0 4727 13203

[15:41:22]	[Send]	ptctl 5443 1 4988592 39 33 4988592 15
[15:41:22]	[Recv]	cond 2 4988592 0 0 15

[15:41:23]	[Send]	suctl 5443 1 4988603 3 5021037
[15:41:23]	[Recv]	eff 2 4988603 5005

[15:41:23]	[Send]	suctl 5443 1 4988592 3 5021037
[15:41:23]	[Recv]	st 2 5020850 94 0 100 100 92062 184124 92062 184124 0

[15:41:23]	[Recv]	eff 2 5020850 7739

[15:41:23]	[Recv]	eff 2 4988592 5005

[15:41:23]	[Recv]	dm 2 4988603 594 1

[15:41:23]	[Recv]	dm 1 2073308 594 1

[15:41:23]	[Recv]	ct 2 4988592 3 5021037 -1 -1 0

[15:41:23]	[Recv]	su 2 4988592 3 5021037 0 10 11 0 0 0 0 0 10857 0 0 0 13203

[15:41:23]	[Recv]	lev 99 0 99 0 2140719000 5991794 66992052 2 0 90 917705181 0

[15:41:24]	[Send]	ncif 3 5021039
[15:41:24]	[Recv]	st 2 5020851 94 0 100 100 92062 184124 92062 184124 0

[15:41:24]	[Recv]	eff 2 5020851 7739

[15:41:24]	[Recv]	st 3 5021039 99 0 100 100 90871 2828 90871 2828 0

[15:41:24]	[Send]	u_s 0 3 5021039
[15:41:24]	[Recv]	st 2 5020852 94 0 100 100 92062 184124 92062 184124 0

[15:41:24]	[Recv]	eff 2 5020852 7739

[15:41:24]	[Send]	ptctl 5443 1 4988592 39 38 4988592 15
[15:41:24]	[Recv]	ct 1 2073308 3 5021039 -1 -1 1114

[15:41:24]	[Recv]	eff 1 2073308 15

[15:41:24]	[Recv]	rc 1 2073308 200 0

[15:41:24]	[Recv]	su 1 2073308 3 5021039 1114 7 11 4260 0 0 0 0 91765 0 0 0 90871

[15:41:24]	[Recv]	lev 99 0 99 0 2140719000 5991794 66992052 2 0 90 917705181 0

[15:41:24]	[Recv]	cond 1 2073308 0 0 18

[15:41:24]	[Recv]	bf 1 2073308 0.4254.80 99

[15:41:24]	[Recv]	sayi 1 2073308 20 26 3 4254 0 0 0

[15:41:24]	[Recv]	sayi 1 2073308 20 23 3 4254 0 0 0

[15:41:24]	[Recv]	cond 2 4988592 0 0 15

[15:41:24]	[Send]	suctl 5443 1 4988603 3 5021039
[15:41:24]	[Recv]	scp 1
[15:41:24]	[Recv]	ct 3 5021041 2 4988592 -1 -1 0

[15:41:24]	[Recv]	su 3 5021041 2 4988592 0 10 11 4806 0 0 1 89 113 3 0 51564 57771

[15:41:24]	[Recv]	eff 3 5021040 5000

[15:41:24]	[Send]	ptctl 5443 2 4988603 38 44 4988592 39 40 4988603 15
[15:41:24]	[Recv]	cond 1 2073308 0 0 18

[15:41:24]	[Recv]	cond 1 2073308 0 0 18

[15:41:25]	[Recv]	ct 3 5021040 2 4988592 -1 -1 771

[15:41:25]	[Recv]	su 3 5021040 2 4988592 771 10 11 7722 0 0 1 89 0 4 0 51564 57771

[15:41:25]	[Recv]	su 3 5021040 2 4988603 771 10 11 7722 0 0 1 96 0 4 0 18715 19451

[15:41:25]	[Recv]	ct 3 5021038 2 4988603 -1 -1 0

[15:41:25]	[Recv]	su 3 5021038 2 4988603 0 10 11 0 0 0 1 96 0 1 0 18715 19451

[15:41:25]	[Recv]	cond 2 4988603 0 0 15

[15:41:25]	[Recv]	cond 2 4988592 0 0 15

[15:41:25]	[Recv]	sr 0

[15:41:25]	[Send]	ncif 3 5021038
[15:41:25]	[Recv]	st 3 5021038 99 0 100 100 120121 2828 120121 2828 0

[15:41:25]	[Send]	ptctl 5443 1 4988592 39 39 4988592 15
[15:41:25]	[Send]	suctl 5443 1 4988592 3 5021038
[15:41:25]	[Recv]	st 2 5020850 94 0 100 100 92062 184124 92062 184124 0

[15:41:25]	[Send]	u_s 0 3 5021038
[15:41:25]	[Recv]	cond 2 4988592 0 0 15

[15:41:25]	[Recv]	sp 414956 1000000 0 10000

[15:41:25]	[Recv]	dm 2 4988603 594 1

[15:41:25]	[Recv]	eff 2 4988592 5005

[15:41:25]	[Recv]	dm 1 2073308 594 1

[15:41:25]	[Recv]	cond 1 2073308 0 0 18

[15:41:25]	[Recv]	cond 1 2073308 0 0 18

[15:41:25]	[Send]	ptctl 5443 1 4988603 41 47 4988603 15
[15:41:25]	[Send]	ptctl 5443 1 4988603 39 45 4988603 15
[15:41:25]	[Send]	suctl 5443 1 4988603 3 5021038
[15:41:25]	[Recv]	ct 1 2073308 3 5021038 -1 -1 1114

[15:41:25]	[Recv]	su 1 2073308 3 5021038 1114 7 11 4260 0 0 1 100 0 4 0 120121 120121

[15:41:25]	[Recv]	cond 2 4988603 0 0 15

[15:41:26]	[Recv]	ct 2 4988592 3 5021038 -1 -1 0

[15:41:26]	[Recv]	su 2 4988592 3 5021038 0 10 11 0 0 0 1 86 16485 3 0 103636 120121

[15:41:26]	[Recv]	st 2 5020851 94 0 100 100 92062 184124 92062 184124 0

[15:41:26]	[Recv]	cond 2 4988603 0 0 15

[15:41:26]	[Recv]	eff 2 4988603 5005

[15:41:26]	[Send]	ncif 3 5021038
[15:41:26]	[Recv]	sc_p 170 1548 4988592 96 595 24114503 0 0 1889 2049 1289 19 90 9 975 627 958 627 866 3 90 90 110 80 51564 57771 18100 18100 1 84982200 0 @ 0 0 6 60 1831 1798 0 100

[15:41:26]	[Recv]	st 2 5020852 94 0 100 100 92062 184124 92062 184124 0

[15:41:26]	[Recv]	st 3 5021038 99 0 86 100 103636 2828 120121 2828 0

[15:41:26]	[Recv]	ct 2 4988603 3 5021038 -1 -1 0

[15:41:26]	[Recv]	eff 2 4988603 15

[15:41:26]	[Recv]	su 2 4988603 3 5021038 0 12 11 8360 0 0 1 73 15815 0 0 87821 120121

[15:41:26]	[Send]	ptctl 5443 1 4988592 39 40 4988592 15
[15:41:26]	[Recv]	sr 0

[15:41:26]	[Recv]	cond 2 4988592 0 0 15

[15:41:26]	[Send]	u_s 0 3 5021038
[15:41:26]	[Recv]	ct 3 5021041 2 4988592 -1 -1 0

[15:41:26]	[Recv]	su 3 5021041 2 4988592 0 10 11 4806 0 0 1 89 113 3 0 51451 57771

[15:41:26]	[Send]	suctl 5443 1 4988592 3 5021038
[15:41:27]	[Send]	ptctl 5443 2 4988603 39 49 4988592 39 45 4988603 15
[15:41:27]	[Recv]	ct 1 2073308 3 5021038 -1 -1 1114

[15:41:27]	[Recv]	rc 1 2073308 200 0

[15:41:27]	[Recv]	su 1 2073308 3 5021038 1114 7 11 4260 0 0 0 0 116878 3 0 0 120121

[15:41:27]	[Recv]	lev 99 0 99 0 2140719000 5991794 66992052 2 0 90 917705181 0

[15:41:27]	[Recv]	cond 2 4988603 0 0 15

[15:41:27]	[Recv]	cond 2 4988592 0 0 15

[15:41:27]	[Send]	ptctl 5443 2 4988603 39 50 4988592 39 46 4988603 15
[15:41:27]	[Recv]	ct 3 5021040 2 4988592 -1 -1 771

[15:41:27]	[Recv]	su 3 5021040 2 4988592 771 10 11 7722 0 0 1 89 0 4 0 51451 57771

[15:41:27]	[Recv]	su 3 5021040 1 2073308 771 10 11 7722 0 0 1 98 0 4 0 94260 95497

[15:41:27]	[Recv]	su 3 5021040 2 4988603 771 10 11 7722 0 0 1 91 325 5 0 17796 19451

[15:41:27]	[Recv]	cond 1 2073308 0 0 18

[15:41:27]	[Recv]	cond 1 2073308 0 0 18

[15:41:27]	[Recv]	cond 2 4988603 0 0 15

[15:41:27]	[Recv]	cond 2 4988592 0 0 15

[15:41:27]	[Recv]	st 2 5020850 94 0 100 100 92062 184124 92062 184124 0

[15:41:27]	[Recv]	dm 2 4988603 594 1

[15:41:27]	[Send]	ncif 3 5021038
[15:41:27]	[Recv]	sr 0

[15:41:27]	[Recv]	dm 1 2073308 594 1

[15:41:27]	[Recv]	cond 1 2073308 0 0 18

[15:41:27]	[Recv]	cond 1 2073308 0 0 18

[15:41:28]	[Send]	ptctl 5443 1 4988592 41 48 4988592 15
[15:41:28]	[Recv]	st 2 5020851 94 0 100 100 92062 184124 92062 184124 0

[15:41:28]	[Send]	ptctl 5443 1 4988592 40 47 4988592 15
[15:41:28]	[Send]	u_s 1 3 5021036
[15:41:28]	[Send]	suctl 5443 1 4988603 3 5021036
[15:41:28]	[Recv]	cond 2 4988592 0 0 15

[15:41:28]	[Send]	ncif 3 5021036
[15:41:28]	[Recv]	st 2 5020852 94 0 100 100 92062 184124 92062 184124 0

[15:41:28]	[Recv]	cond 2 4988592 0 0 15

[15:41:28]	[Send]	ptctl 5443 1 4988592 35 47 4988592 15
[15:41:28]	[Recv]	ms_c 0

[15:41:28]	[Recv]	qslot 0 1.1.1 1.1.2 1.1.3 1.1.4 1.1.5 1.1.6 1.1.7 1.1.9 1.1.8 1.1.10 0.1.45 0.2.21 0.1.76 1.1.38 1.3.12 0.1.34 0.1.87 0.-1.-1 0.1.84 0.1.43 1.3.11 1.1.42 1.1.41 1.3.976 0.-1.-1 0.1.70 0.2.143 0.2.25 0.2.27 0.2.26

[15:41:28]	[Recv]	qslot 1 0.-1.-1 0.-1.-1 0.-1.-1 0.-1.-1 0.-1.-1 0.-1.-1 0.-1.-1 0.-1.-1 0.-1.-1 0.-1.-1 0.1.-1 0.1.-1 1.1.41 1.1.42 0.-1.-1 7.7.-1 7.7.-1 7.7.-1 7.7.-1 0.-1.-1 0.-1.-1 0.-1.-1 0.-1.-1 0.-1.-1 0.-1.-1 0.-1.-1 0.-1.-1 0.-1.-1 0.-1.-1 0.-1.-1

[15:41:28]	[Recv]	eff 2 5020850 7739

[15:41:28]	[Recv]	ct 1 2073308 3 5021036 14 4263 1115

[15:41:28]	[Recv]	eff 2 4988603 5005

[15:41:28]	[Send]	ptctl 5443 1 4988592 33 47 4988592 15
[15:41:28]	[Recv]	st 3 5021036 99 0 100 100 90871 2828 90871 2828 0

[15:41:28]	[Recv]	cond 2 4988592 0 0 15

[15:41:28]	[Recv]	eff 1 2073308 15

[15:41:28]	[Recv]	rc 1 2073308 200 0

[15:41:28]	[Recv]	su 1 2073308 3 5021036 1115 70 12 4264 0 0 0 0 248215 3 0 0 90871

[15:41:28]	[Recv]	in 3 2371 5021169 35 47 2 100 100 0 0 0 -1 0 0 -1 - 0 -1 0 0 0 0 0 0 0 0 0 0 0 0

[15:41:28]	[Recv]	guri 31 1 2073308 35 47

[15:41:28]	[Recv]	lev 99 0 99 0 2140719000 5991794 66992052 2 0 90 917705181 0

[15:41:28]	[Recv]	cond 2 4988592 0 0 15

[15:41:28]	[Recv]	ct 2 4988603 3 5021036 -1 -1 0

[15:41:28]	[Recv]	su 2 4988603 2 4988603 0 12 11 8360 0 0 1 88 0 2 0 17202 19451

[15:41:29]	[Recv]	eff 2 5020851 7739

[15:41:29]	[Send]	ncif 3 5021040
[15:41:29]	[Recv]	eff 2 5020852 7739

[15:41:29]	[Recv]	st 3 5021040 99 0 100 100 13203 2828 13203 2828 0

[15:41:29]	[Send]	ptctl 5443 1 4988603 39 49 4988603 15
[15:41:29]	[Recv]	st 2 5020850 94 0 100 100 92062 184124 92062 184124 0

[15:41:29]	[Send]	ptctl 5443 1 4988592 37 44 4988592 15
[15:41:29]	[Send]	u_s 0 3 5021040
[15:41:29]	[Recv]	cond 2 4988603 0 0 15

[15:41:29]	[Send]	suctl 5443 1 4988603 3 5021040
[15:41:29]	[Recv]	dm 2 4988603 594 1

[15:41:29]	[Recv]	cond 2 4988592 0 0 15

[15:41:29]	[Recv]	dm 1 2073308 594 1

[15:41:29]	[Recv]	die 3 5021169 3 5021169

[15:41:29]	[Recv]	ct 1 2073308 3 5021040 -1 -1 1114

[15:41:29]	[Recv]	rc 1 2073308 200 0

[15:41:29]	[Recv]	su 1 2073308 3 5021040 1114 7 11 4260 0 0 0 0 52676 0 0 0 13203

[15:41:29]	[Recv]	lev 99 0 99 0 2140719000 5991794 66992052 2 0 90 917705181 0

[15:41:29]	[Send]	ptctl 5443 2 4988603 41 45 4988592 41 45 4988603 15
[15:41:30]	[Recv]	st 2 5020851 94 0 100 100 92062 184124 92062 184124 0

[15:41:30]	[Recv]	cond 1 2073308 0 0 18

[15:41:30]	[Recv]	cond 1 2073308 0 0 18

[15:41:30]	[Recv]	cond 2 4988603 0 0 15

[15:41:30]	[Recv]	cond 2 4988592 0 0 15

[15:41:30]	[Send]	ncif 3 5021041
[15:41:30]	[Recv]	st 2 5020852 94 0 100 100 92062 184124 92062 184124 0

[15:41:30]	[Recv]	st 3 5021041 99 0 100 100 90871 2828 90871 2828 0

[15:41:30]	[Send]	u_s 0 3 5021041
[15:41:30]	[Send]	ptctl 5443 1 4988592 40 42 4988592 15
[15:41:30]	[Recv]	sr 0

[15:41:30]	[Recv]	sp 414946 1000000 0 10000

[15:41:30]	[Recv]	ct 3 5021041 1 2073308 -1 -1 0

[15:41:30]	[Recv]	su 3 5021041 1 2073308 0 10 11 4806 0 0 1 97 0 1 0 93472 95497

[15:41:30]	[Recv]	cond 1 2073308 0 0 18

[15:41:30]	[Recv]	cond 1 2073308 0 0 18

[15:41:30]	[Send]	ptctl 5443 1 4988603 43 43 4988603 15
[15:41:30]	[Recv]	ct 1 2073308 3 5021041 -1 -1 1114

[15:41:30]	[Recv]	eff 1 2073308 15

[15:41:30]	[Recv]	rc 1 2073308 200 0

[15:41:30]	[Recv]	su 1 2073308 3 5021041 1114 7 11 4260 0 0 1 1 90704 0 0 167 90871

[15:41:30]	[Recv]	su 1 2073308 3 5021041 -1 0 -1 7922 -1 -1 1 1 63492 0 1

[15:41:30]	[Recv]	bf 1 2073308 0.948.80 99

[15:41:30]	[Recv]	sayi 1 2073308 20 26 3 948 0 0 0

[15:41:30]	[Recv]	bf 1 2073308 0.4254.80 99

[15:41:30]	[Recv]	cond 2 4988592 0 0 15

[15:41:30]	[Send]	ptctl 5443 1 4988603 42 44 4988603 15
[15:41:30]	[Send]	suctl 5443 1 4988603 3 5021041
[15:41:30]	[Recv]	cond 2 4988603 0 0 15

[15:41:31]	[Recv]	cond 2 4988603 0 0 15

[15:41:31]	[Recv]	eff 2 4988603 5005

[15:41:31]	[Send]	ptctl 5443 2 4988603 43 41 4988592 45 43 4988603 15
[15:41:31]	[Recv]	cond 1 2073308 0 0 18

[15:41:31]	[Recv]	cond 1 2073308 0 0 18

[15:41:31]	[Send]	ncif 3 5021041
[15:41:31]	[Send]	ptctl 5443 1 4988592 42 42 4988592 15
[15:41:31]	[Send]	suctl 5443 1 4988592 3 5021041
[15:41:31]	[Recv]	cond 2 4988603 0 0 15

[15:41:31]	[Recv]	cond 2 4988592 0 0 15

[15:41:31]	[Recv]	ct 2 4988603 3 5021041 -1 -1 0

[15:41:31]	[Recv]	su 2 4988603 3 5021041 0 12 11 8360 0 0 0 0 10649 0 0 0 90871

[15:41:31]	[Recv]	lev 99 0 99 0 2140719000 5991794 66992052 2 0 90 917705181 0

[15:41:31]	[Recv]	st 2 5020850 94 0 100 100 92062 184124 92062 184124 0

[15:41:31]	[Send]	u_s 0 3 5021041
[15:41:31]	[Recv]	sr 0

[15:41:31]	[Recv]	cond 2 4988592 0 0 15

[15:41:31]	[Recv]	dm 2 4988603 594 1

[15:41:31]	[Recv]	dm 1 2073308 594 1

[15:41:31]	[Recv]	cond 1 2073308 0 0 18

[15:41:31]	[Recv]	cond 1 2073308 0 0 18

[15:41:31]	[Recv]	cancel 0 0 -1

[15:41:32]	[Recv]	st 2 5020851 94 0 100 100 92062 184124 92062 184124 0

[15:41:32]	[Send]	ptctl 5443 1 4988603 42 42 4988603 15
[15:41:32]	[Recv]	st 2 5020852 94 0 100 100 92062 184124 92062 184124 0

[15:41:32]	[Recv]	cond 2 4988603 0 0 15

[15:41:33]	[Recv]	st 2 5020850 94 0 100 100 92062 184124 92062 184124 0

[15:41:33]	[Recv]	eff 2 5020850 7739

[15:41:33]	[Send]	pulse 6420 0
[15:41:33]	[Recv]	umi 5060.340 5676.-1 5797.-1 13459.-2

[15:41:33]	[Recv]	dm 2 4988603 594 1

[15:41:33]	[Recv]	dm 1 2073308 594 1

[15:41:34]	[Recv]	st 2 5020851 94 0 100 100 92062 184124 92062 184124 0

[15:41:34]	[Recv]	eff 2 5020851 7739

[15:41:34]	[Recv]	st 2 5020852 94 0 100 100 92062 184124 92062 184124 0

[15:41:34]	[Recv]	eff 2 5020852 7739

[15:41:35]	[Recv]	st 2 5020850 94 0 100 100 92062 184124 92062 184124 0

[15:41:35]	[Recv]	sp 414936 1000000 0 10000

[15:41:35]	[Recv]	dm 2 4988603 594 1

[15:41:35]	[Recv]	sr 1

[15:41:35]	[Recv]	dm 1 2073308 594 1

[15:41:36]	[Recv]	st 2 5020851 94 0 100 100 92062 184124 92062 184124 0

[15:41:36]	[Recv]	sc_p 170 1548 4988592 96 594 24115063 0 0 1889 2049 1289 19 90 9 975 627 958 627 866 3 90 90 110 80 51664 57771 18100 18100 1 84982200 0 @ 0 0 6 60 1831 1798 0 100

[15:41:36]	[Recv]	st 2 5020852 94 0 100 100 92062 184124 92062 184124 0

[15:41:37]	[Recv]	st 2 5020850 94 0 100 100 92062 184124 92062 184124 0

[15:41:37]	[Recv]	dm 2 4988603 594 1

[15:41:37]	[Recv]	dm 1 2073308 594 1

[15:41:38]	[Recv]	st 2 5020851 94 0 100 100 92062 184124 92062 184124 0

[15:41:38]	[Recv]	st 2 5020852 94 0 100 100 92062 184124 92062 184124 0

[15:41:38]	[Recv]	eff 2 5020850 7739

[15:41:38]	[Recv]	in 3 776 5021187 6 38 1 100 100 0 0 0 -1 0 0 -1 - 0 -1 0 0 0 0 0 0 0 0 0 0 0 0

[15:41:38]	[Recv]	msgi 0 679 0 0 0 0 0

[15:41:38]	[Recv]	in 3 718 5021188 6 40 5 100 100 0 0 0 -1 0 0 -1 - 0 -1 0 0 0 0 0 0 0 0 0 0 0 0

[15:41:38]	[Recv]	msgi 0 679 0 0 0 0 0

[15:41:38]	[Recv]	in 3 701 5021189 37 8 4 100 100 0 0 0 -1 0 0 -1 - 0 -1 0 0 0 0 0 0 0 0 0 0 0 0

[15:41:38]	[Recv]	msgi 0 679 0 0 0 0 0

[15:41:38]	[Recv]	in 3 713 5021190 38 6 5 100 100 0 0 0 -1 0 0 -1 - 0 -1 0 0 0 0 0 0 0 0 0 0 0 0

[15:41:38]	[Recv]	msgi 0 679 0 0 0 0 0

[15:41:38]	[Recv]	in 3 776 5021191 40 6 5 100 100 0 0 0 -1 0 0 -1 - 0 -1 0 0 0 0 0 0 0 0 0 0 0 0

[15:41:38]	[Recv]	msgi 0 679 0 0 0 0 0

[15:41:38]	[Recv]	in 3 702 5021192 40 7 7 100 100 0 0 0 -1 0 0 -1 - 0 -1 0 0 0 0 0 0 0 0 0 0 0 0

[15:41:38]	[Recv]	msgi 0 679 0 0 0 0 0

[15:41:38]	[Recv]	in 3 701 5021193 40 9 3 100 100 0 0 0 -1 0 0 -1 - 0 -1 0 0 0 0 0 0 0 0 0 0 0 0

[15:41:38]	[Recv]	msgi 0 679 0 0 0 0 0

[15:41:38]	[Recv]	in 3 713 5021194 42 6 6 100 100 0 0 0 -1 0 0 -1 - 0 -1 0 0 0 0 0 0 0 0 0 0 0 0

[15:41:38]	[Recv]	msgi 0 679 0 0 0 0 0

[15:41:38]	[Recv]	in 3 701 5021195 42 8 0 100 100 0 0 0 -1 0 0 -1 - 0 -1 0 0 0 0 0 0 0 0 0 0 0 0

[15:41:38]	[Recv]	msgi 0 679 0 0 0 0 0

[15:41:38]	[Recv]	in 3 776 5021196 72 37 6 100 100 0 0 0 -1 0 0 -1 - 0 -1 0 0 0 0 0 0 0 0 0 0 0 0

[15:41:38]	[Recv]	msgi 0 679 0 0 0 0 0

[15:41:38]	[Recv]	in 3 718 5021197 72 40 1 100 100 0 0 0 -1 0 0 -1 - 0 -1 0 0 0 0 0 0 0 0 0 0 0 0

[15:41:38]	[Recv]	msgi 0 679 0 0 0 0 0

[15:41:38]	[Recv]	eff 3 5021197 5000

[15:41:38]	[Recv]	eff 3 5021193 5000

[15:41:38]	[Recv]	eff 3 5021191 5000

[15:41:38]	[Recv]	eff 3 5021188 5000

[15:41:38]	[Recv]	sayi 1 2073308 20 22 3 948 0 0 0

[15:41:38]	[Recv]	bf 1 2073308 0.948.0 99

[15:41:38]	[Recv]	cond 1 2073308 0 0 18

[15:41:38]	[Recv]	sayi 1 2073308 20 22 3 4254 0 0 0

[15:41:38]	[Recv]	bf 1 2073308 0.4254.0 99

[15:41:39]	[Recv]	eff 2 5020851 7739

[15:41:39]	[Recv]	eff 2 5020852 7739

[15:41:39]	[Recv]	st 2 5020850 94 0 100 100 92062 184124 92062 184124 0

[15:41:39]	[Send]	ptctl 5443 2 4988603 42 37 4988592 42 37 4988603 15
[15:41:39]	[Recv]	dm 2 4988603 594 1

[15:41:39]	[Recv]	cond 1 2073308 0 0 18

[15:41:39]	[Recv]	cond 1 2073308 0 0 18

[15:41:39]	[Recv]	dm 1 2073308 594 1

[15:41:39]	[Recv]	cond 2 4988603 0 0 15

[15:41:39]	[Recv]	cond 2 4988592 0 0 15

[15:41:39]	[Recv]	sr 5

[15:41:40]	[Send]	ptctl 5443 2 4988603 47 40 4988592 46 42 4988603 15
[15:41:40]	[Recv]	st 2 5020851 94 0 100 100 92062 184124 92062 184124 0

[15:41:40]	[Send]	ptctl 5443 2 4988603 46 42 4988592 46 40 4988603 15
[15:41:40]	[Recv]	cond 1 2073308 0 0 18

[15:41:40]	[Recv]	cond 1 2073308 0 0 18

[15:41:40]	[Recv]	st 2 5020852 94 0 100 100 92062 184124 92062 184124 0

[15:41:40]	[Recv]	cond 2 4988603 0 0 15

[15:41:40]	[Recv]	cond 2 4988592 0 0 15

[15:41:40]	[Send]	ptctl 5443 2 4988603 47 41 4988592 47 41 4988603 15
[15:41:40]	[Recv]	cond 2 4988603 0 0 15

[15:41:40]	[Recv]	cond 2 4988592 0 0 15

[15:41:40]	[Recv]	cond 1 2073308 0 0 18

[15:41:40]	[Recv]	cond 1 2073308 0 0 18

[15:41:40]	[Send]	ptctl 5443 2 4988603 48 43 4988592 49 40 4988603 15
[15:41:40]	[Recv]	cond 2 4988603 0 0 15

[15:41:40]	[Recv]	cond 2 4988592 0 0 15

[15:41:40]	[Recv]	sp 414926 1000000 0 10000

[15:41:40]	[Recv]	cond 1 2073308 0 0 18

[15:41:40]	[Recv]	cond 1 2073308 0 0 18

[15:41:40]	[Send]	ptctl 5443 2 4988603 49 42 4988592 49 42 4988603 15
[15:41:40]	[Recv]	cond 1 2073308 0 0 18

[15:41:40]	[Recv]	cond 1 2073308 0 0 18

[15:41:40]	[Send]	ptctl 5443 2 4988603 47 45 4988592 48 44 4988603 15
[15:41:40]	[Recv]	cond 2 4988603 0 0 15

[15:41:40]	[Recv]	cond 2 4988592 0 0 15

[15:41:40]	[Recv]	cond 1 2073308 0 0 18

[15:41:40]	[Recv]	cond 1 2073308 0 0 18

[15:41:41]	[Recv]	cond 2 4988603 0 0 15

[15:41:41]	[Recv]	cond 2 4988592 0 0 15

[15:41:41]	[Recv]	cond 1 2073308 0 0 18

[15:41:41]	[Recv]	cond 1 2073308 0 0 18

[15:41:41]	[Recv]	cond 2 4988603 0 0 15

[15:41:41]	[Recv]	cond 2 4988592 0 0 15

[15:41:41]	[Recv]	st 2 5020850 94 0 100 100 92062 184124 92062 184124 0

[15:41:41]	[Send]	ncif 3 5021196
[15:41:41]	[Recv]	dm 2 4988603 594 1

[15:41:41]	[Recv]	st 3 5021196 99 0 100 100 266371 2828 266371 2828 0

[15:41:41]	[Recv]	dm 1 2073308 594 1

[15:41:41]	[Send]	ptctl 5443 1 4988603 53 46 4988603 15
[15:41:41]	[Recv]	cond 1 2073308 0 0 18

[15:41:41]	[Recv]	cond 1 2073308 0 0 18

[15:41:41]	[Send]	ptctl 5443 1 4988592 54 45 4988592 15
[15:41:41]	[Recv]	cond 2 4988603 0 0 15

[15:41:42]	[Recv]	st 2 5020851 94 0 100 100 92062 184124 92062 184124 0

[15:41:42]	[Recv]	cond 2 4988592 0 0 15

[15:41:42]	[Send]	ptctl 5443 1 4988592 55 45 4988592 15
[15:41:42]	[Recv]	st 2 5020852 94 0 100 100 92062 184124 92062 184124 0

[15:41:42]	[Recv]	cond 2 4988592 0 0 15

[15:41:42]	[Send]	u_s 1 3 5021196
[15:41:42]	[Recv]	ms_c 0

[15:41:42]	[Recv]	qslot 0 1.1.1 1.1.2 1.1.3 1.1.4 1.1.5 1.1.6 1.1.7 1.1.9 1.1.8 1.1.10 0.1.45 0.2.21 0.1.76 1.1.38 1.3.12 0.1.34 0.1.87 0.-1.-1 0.1.84 0.1.43 1.3.11 1.1.42 1.1.41 1.3.976 0.-1.-1 0.1.70 0.2.143 0.2.25 0.2.27 0.2.26

[15:41:42]	[Recv]	qslot 1 0.-1.-1 0.-1.-1 0.-1.-1 0.-1.-1 0.-1.-1 0.-1.-1 0.-1.-1 0.-1.-1 0.-1.-1 0.-1.-1 0.1.-1 0.1.-1 1.1.41 1.1.42 0.-1.-1 7.7.-1 7.7.-1 7.7.-1 7.7.-1 0.-1.-1 0.-1.-1 0.-1.-1 0.-1.-1 0.-1.-1 0.-1.-1 0.-1.-1 0.-1.-1 0.-1.-1 0.-1.-1 0.-1.-1

[15:41:42]	[Send]	ptctl 5443 1 4988592 57 45 4988592 15
[15:41:42]	[Send]	ncif 3 5021196
[15:41:42]	[Recv]	ct 1 2073308 3 5021196 14 4263 1115

[15:41:42]	[Recv]	cond 2 4988592 0 0 15

[15:41:42]	[Recv]	st 3 5021196 99 0 100 100 266371 2828 266371 2828 0

[15:41:42]	[Send]	ptctl 5443 1 4988592 59 45 4988592 15
[15:41:42]	[Recv]	eff 1 2073308 15

[15:41:42]	[Recv]	rc 1 2073308 200 0

[15:41:42]	[Recv]	su 1 2073308 3 5021196 1115 70 12 4264 0 0 1 19 214805 3 0 51566 266371

[15:41:42]	[Send]	ptctl 5443 1 4988603 56 46 4988603 15
[15:41:42]	[Recv]	cond 2 4988592 0 0 15

[15:41:43]	[Recv]	cond 2 4988603 0 0 15

[15:41:43]	[Send]	ptctl 5443 1 4988603 55 46 4988603 15
[15:41:43]	[Send]	suctl 5443 1 4988603 3 5021196
[15:41:43]	[Send]	ptctl 5443 1 4988592 61 47 4988592 15
[15:41:43]	[Recv]	cond 2 4988603 0 0 15

[15:41:43]	[Send]	ptctl 5443 2 4988603 50 46 4988592 51 45 4988603 15
[15:41:43]	[Recv]	eff 2 4988603 5005

[15:41:43]	[Send]	ptctl 5443 2 4988603 49 46 4988592 50 45 4988603 15
[15:41:43]	[Recv]	cond 2 4988592 0 0 15

[15:41:43]	[Recv]	st 2 5020850 94 0 100 100 92062 184124 92062 184124 0

[15:41:43]	[Recv]	eff 2 5020850 7739

[15:41:43]	[Recv]	cond 1 2073308 0 0 18

[15:41:43]	[Recv]	cond 1 2073308 0 0 18

[15:41:43]	[Send]	ncif 3 5021196
[15:41:43]	[Recv]	cond 2 4988603 0 0 15

[15:41:43]	[Recv]	cond 2 4988592 0 0 15

[15:41:43]	[Recv]	ct 2 4988603 3 5021196 -1 -1 0

[15:41:43]	[Recv]	su 2 4988603 3 5021196 0 12 11 8360 0 0 1 16 6861 0 0 44705 266371

[15:41:43]	[Recv]	dm 2 4988603 594 1

[15:41:43]	[Recv]	cond 1 2073308 0 0 18

[15:41:43]	[Recv]	cond 1 2073308 0 0 18

[15:41:43]	[Recv]	dm 1 2073308 594 1

[15:41:43]	[Recv]	cond 2 4988603 0 0 15

[15:41:43]	[Recv]	cond 2 4988592 0 0 15

[15:41:43]	[Recv]	st 3 5021196 99 0 16 100 44705 2828 266371 2828 0

[15:41:44]	[Recv]	st 2 5020851 94 0 100 100 92062 184124 92062 184124 0

[15:41:44]	[Recv]	eff 2 5020851 7739

[15:41:44]	[Recv]	st 2 5020852 94 0 100 100 92062 184124 92062 184124 0

[15:41:44]	[Recv]	eff 2 5020852 7739

[15:41:44]	[Send]	ptctl 5443 1 4988592 45 45 4988592 15
[15:41:44]	[Recv]	cond 2 4988592 0 0 15

[15:41:44]	[Send]	u_ts 758 34 56
[15:41:44]	[Send]	ptctl 5443 2 4988603 48 49 4988592 48 50 4988603 15
[15:41:44]	[Send]	ncif 3 5021196
[15:41:44]	[Recv]	cond 1 2073308 0 0 18

[15:41:44]	[Recv]	cond 1 2073308 0 0 18

[15:41:44]	[Recv]	cond 2 4988602 0 0 12

[15:41:44]	[Recv]	c_mode 2 4988602 2343 0 0

[15:41:44]	[Recv]	sc_n 4 2640 4988602 94 1000 473672 991.2.4 996.0.10 317.0.5 321.0.5 0 0 1 4 566 686 820 9 160 10 201 555 264 555 248 3 7 7 110 2 17310 17310 10544 10544 0 291503800 @ 2343 0 4812.100 1318.3 1319.3 1320.7 2138 3 0

[15:41:44]	[Recv]	out 2 4988602

[15:41:44]	[Recv]	in 2 2640 4988602 34 54 2 100 100 0 0 3 2073308 1 0 2343 @ 1 4 0 0 0 0 0 0 0 0 2138 0 3 0

[15:41:44]	[Recv]	pinit 2 2|4988603|0|94|@|-1|3206|1|2723|0|0 2|4988592|1|96|@|-1|1548|0|0|0|60


[15:41:44]	[Recv]	in 2 2640 4988602 34 54 2 100 100 0 0 3 2073308 0 0 2343 @ 1 4 0 0 0 0 0 0 0 0 2138 0 3 0

[15:41:44]	[Recv]	ctl 2 4988602 0 1

[15:41:44]	[Recv]	in 2 822 4988567 35 54 2 100 100 0 0 3 2073308 0 0 -1 @ 1 3 0 0 0 0 0 0 0 0 0 0 4 0

[15:41:44]	[Recv]	ctl 2 4988567 0 1

[15:41:44]	[Recv]	cond 2 4988487 0 0 12

[15:41:44]	[Recv]	c_mode 2 4988487 2323 0 0

[15:41:44]	[Recv]	sc_n 2 319 4988487 99 1000 398653210 990.4.5 997.5.6 -1 -1 0 0 0 5 661 711 543 10 150 6 592 586 461 586 372 2 9 15 9 11 38176 38176 11281 11281 0 428143800 Kliff 2323 0 4809.100 1299.2 1300.4 1301.7 2127 1 0

[15:41:44]	[Recv]	out 2 4988487

[15:41:44]	[Recv]	in 2 319 4988487 35 54 2 100 100 0 0 3 2073308 1 0 2323 Kliff 1 2 0 0 0 0 0 0 0 0 2127 0 1 0

[15:41:44]	[Recv]	pinit 2 2|4988603|0|94|@|-1|3206|1|2723|0|0 2|4988592|1|96|@|-1|1548|0|0|0|60


[15:41:44]	[Recv]	in 2 319 4988487 35 54 2 100 100 0 0 3 2073308 0 0 2323 Kliff 1 2 0 0 0 0 0 0 0 0 2127 0 1 0

[15:41:44]	[Recv]	ctl 2 4988487 0 1

[15:41:44]	[Recv]	cond 2 4988486 0 0 11

[15:41:44]	[Recv]	c_mode 2 4988486 2367 0 0

[15:41:44]	[Recv]	sc_n 0 317 4988486 94 1000 202328 991.2.4 -1 -1 -1 0 0 1 4 558 678 801 9 160 0 88 214 107 214 79 2 1 5 1 1 16921 16921 6757 6757 0 291503800 Bob 2367 0 8239.0 0.0 0.0 0.0 2181 2 0

[15:41:44]	[Recv]	out 2 4988486

[15:41:44]	[Recv]	in 2 317 4988486 35 57 2 100 100 0 0 3 2073308 1 0 2367 Bob 1 0 0 0 0 0 0 0 0 0 2181 0 2 0

[15:41:44]	[Recv]	pinit 2 2|4988603|0|94|@|-1|3206|1|2723|0|0 2|4988592|1|96|@|-1|1548|0|0|0|60


[15:41:44]	[Recv]	in 2 317 4988486 35 57 2 100 100 0 0 3 2073308 0 0 2367 Bob 1 0 0 0 0 0 0 0 0 0 2181 0 2 0

[15:41:44]	[Recv]	ctl 2 4988486 0 1

[15:41:44]	[Recv]	bf 1 2073308 0.1025.200 99

[15:41:44]	[Recv]	sayi 1 2073308 20 26 3 1025 0 0 0

[15:41:44]	[Recv]	team_cool 0 900

[15:41:44]	[Send]	ptctl 5443 1 4988592 53 48 4988592 15
[15:41:44]	[Recv]	cond 2 4988603 0 0 15

[15:41:44]	[Recv]	cond 2 4988592 0 0 15

[15:41:44]	[Send]	ptctl 5443 1 4988603 52 48 4988603 15
[15:41:44]	[Recv]	st 3 5021196 99 0 16 100 44705 2828 266371 2828 0

[15:41:45]	[Recv]	cond 1 2073308 0 0 18

[15:41:45]	[Recv]	cond 1 2073308 0 0 18

[15:41:45]	[Send]	u_s 0 3 5021196
[15:41:45]	[Send]	ptctl 5443 2 4988603 53 49 4988592 54 50 4988603 15
[15:41:45]	[Recv]	cond 2 4988592 0 0 15

[15:41:45]	[Recv]	cond 2 4988603 0 0 15

[15:41:45]	[Send]	ptctl 5443 1 4988592 54 51 4988592 15
[15:41:45]	[Recv]	st 2 5020850 94 0 100 100 92062 184124 92062 184124 0

[15:41:45]	[Recv]	ct 1 2073308 3 5021196 -1 -1 1114

[15:41:45]	[Recv]	rc 1 2073308 200 0

[15:41:45]	[Recv]	su 1 2073308 3 5021196 1114 7 11 4260 0 0 0 0 81317 3 0 0 266371

[15:41:45]	[Recv]	lev 99 0 99 0 2140719000 5991794 66992052 2 0 90 917705181 0

[15:41:45]	[Recv]	cond 2 4988603 0 0 15

[15:41:45]	[Recv]	cond 2 4988592 0 0 15

[15:41:45]	[Recv]	cond 2 4988592 0 0 15

[15:41:45]	[Send]	ptctl 5443 2 4988603 52 53 4988592 53 52 4988603 15
[15:41:45]	[Recv]	dm 2 4988603 594 1

[15:41:45]	[Recv]	dm 1 2073308 594 1

[15:41:45]	[Recv]	cond 1 2073308 0 0 18

[15:41:45]	[Recv]	cond 1 2073308 0 0 18

[15:41:45]	[Send]	ptctl 5443 2 4988603 51 54 4988592 51 52 4988603 15
[15:41:45]	[Recv]	cond 2 4988603 0 0 15

[15:41:45]	[Recv]	cond 2 4988592 0 0 15

[15:41:45]	[Send]	ptctl 5443 2 4988603 52 52 4988592 51 54 4988603 15
[15:41:45]	[Recv]	cond 1 2073308 0 0 18

[15:41:45]	[Recv]	cond 1 2073308 0 0 18

[15:41:46]	[Recv]	st 2 5020851 94 0 100 100 92062 184124 92062 184124 0

[15:41:46]	[Recv]	cond 2 4988603 0 0 15

[15:41:46]	[Recv]	cond 2 4988592 0 0 15

[15:41:46]	[Recv]	sr 0

[15:41:46]	[Recv]	cond 2 4988603 0 0 15

[15:41:46]	[Recv]	cond 2 4988592 0 0 15

[15:41:46]	[Recv]	st 2 5020852 94 0 100 100 92062 184124 92062 184124 0

[15:41:46]	[Send]	ptctl 5443 2 4988603 47 51 4988592 46 52 4988603 15
[15:41:46]	[Send]	ptctl 5443 2 4988603 48 48 4988592 47 50 4988603 15
[15:41:46]	[Recv]	cond 1 2073308 0 0 18

[15:41:46]	[Recv]	cond 1 2073308 0 0 18

[15:41:46]	[Recv]	cond 2 4988603 0 0 15

[15:41:46]	[Recv]	cond 2 4988592 0 0 15

[15:41:46]	[Send]	ncif 3 5021191
[15:41:46]	[Recv]	cond 2 4988603 0 0 15

[15:41:46]	[Recv]	cond 2 4988592 0 0 15

[15:41:46]	[Recv]	sp 414914 1000000 0 10000

[15:41:46]	[Recv]	cond 1 2073308 0 0 18

[15:41:46]	[Recv]	cond 1 2073308 0 0 18

[15:41:46]	[Recv]	st 3 5021191 99 0 100 100 266371 2828 266371 2828 0

[15:41:46]	[Recv]	ct 3 5021187 2 5020850 -1 -1 0

[15:41:46]	[Recv]	su 3 5021187 2 5020850 0 16 11 7640 0 0 1 98 1066 0 0 90996 92062

[15:41:46]	[Send]	ptctl 5443 1 4988592 47 45 4988592 15
[15:41:46]	[Recv]	cond 2 4988592 0 0 15

[15:41:47]	[Send]	u_s 8 3 5021191
[15:41:47]	[Recv]	cond 1 2073308 0 0 18

[15:41:47]	[Recv]	cond 1 2073308 0 0 18

[15:41:47]	[Send]	ptctl 5443 1 4988603 44 44 4988603 15
[15:41:47]	[Recv]	ms_c 0

[15:41:47]	[Recv]	qslot 0 1.1.1 1.1.2 1.1.3 1.1.4 1.1.5 1.1.6 1.1.7 1.1.9 1.1.8 1.1.10 0.1.45 0.2.21 0.1.76 1.1.38 1.3.12 0.1.34 0.1.87 0.-1.-1 0.1.84 0.1.43 1.3.11 1.1.42 1.1.41 1.3.976 0.-1.-1 0.1.70 0.2.143 0.2.25 0.2.27 0.2.26

[15:41:47]	[Recv]	qslot 1 0.-1.-1 0.-1.-1 0.-1.-1 0.-1.-1 0.-1.-1 0.-1.-1 0.-1.-1 0.-1.-1 0.-1.-1 0.-1.-1 0.1.-1 0.1.-1 1.1.41 1.1.42 0.-1.-1 7.7.-1 7.7.-1 7.7.-1 7.7.-1 0.-1.-1 0.-1.-1 0.-1.-1 0.-1.-1 0.-1.-1 0.-1.-1 0.-1.-1 0.-1.-1 0.-1.-1 0.-1.-1 0.-1.-1

[15:41:47]	[Recv]	ct 1 2073308 3 5021191 -1 -1 1122

[15:41:47]	[Recv]	cond 2 4988603 0 0 15

[15:41:47]	[Recv]	st 2 5020850 94 0 98 100 90996 184124 92062 184124 0

[15:41:47]	[Recv]	su 1 2073308 3 5021191 1122 150 41 4268 0 0 1 100 0 4 0 266371 266371

[15:41:47]	[Send]	ptctl 5443 1 4988603 46 46 4988603 15
[15:41:47]	[Send]	suctl 5443 1 4988603 3 5021191
[15:41:47]	[Send]	ncif 3 5021191
[15:41:47]	[Send]	ptctl 5443 1 4988592 43 43 4988592 15
[15:41:47]	[Recv]	dm 2 4988603 594 1

[15:41:47]	[Recv]	cond 2 4988603 0 0 15

[15:41:47]	[Recv]	dm 1 2073308 594 1

[15:41:47]	[Recv]	eff 2 4988603 5005

[15:41:47]	[Recv]	st 3 5021191 99 0 100 100 266371 2828 266371 2828 0

[15:41:47]	[Recv]	cond 2 4988592 0 0 15

[15:41:48]	[Send]	ptctl 5443 2 4988603 43 50 4988592 43 50 4988603 15
[15:41:48]	[Recv]	ct 2 4988603 3 5021191 -1 -1 0

[15:41:48]	[Recv]	su 2 4988603 3 5021191 0 12 11 8360 0 0 1 97 6938 0 0 259433 266371

[15:41:48]	[Recv]	st 2 5020851 94 0 100 100 92062 184124 92062 184124 0

[15:41:48]	[Recv]	cond 1 2073308 0 0 18

[15:41:48]	[Recv]	cond 1 2073308 0 0 18

[15:41:48]	[Recv]	st 2 5020852 94 0 100 100 92062 184124 92062 184124 0

[15:41:48]	[Recv]	cond 2 4988603 0 0 15

[15:41:48]	[Recv]	cond 2 4988592 0 0 15

[15:41:48]	[Send]	ptctl 5443 1 4988592 41 43 4988592 15
[15:41:48]	[Recv]	eff 2 5020850 7739

[15:41:48]	[Recv]	cond 2 4988592 0 0 15

[15:41:48]	[Send]	u_s 0 3 5021191
[15:41:48]	[Send]	ncif 3 5021191
[15:41:48]	[Recv]	cond 1 2073308 0 0 18

[15:41:48]	[Recv]	cond 1 2073308 0 0 18

[15:41:48]	[Send]	ptctl 5443 2 4988603 44 52 4988592 43 50 4988603 15
[15:41:48]	[Recv]	ct 2 4988602 3 5021191 -1 -1 0

[15:41:48]	[Recv]	su 2 4988602 3 5021191 0 11 11 4085 0 0 1 94 7197 0 0 252236 266371

[15:41:48]	[Recv]	ct 1 2073308 3 5021191 -1 -1 1114

[15:41:48]	[Recv]	rc 1 2073308 200 0

[15:41:48]	[Recv]	su 1 2073308 3 5021191 1114 7 11 4260 0 0 1 64 81712 3 0 170524 266371

[15:41:48]	[Recv]	st 3 5021191 99 0 64 100 170524 2828 266371 2828 0

[15:41:48]	[Send]	ptctl 5443 1 4988603 46 52 4988603 15
[15:41:48]	[Recv]	cond 2 4988603 0 0 15

[15:41:48]	[Recv]	cond 2 4988592 0 0 15

[15:41:49]	[Recv]	eff 2 5020851 7739

[15:41:49]	[Recv]	cond 1 2073308 0 0 18

[15:41:49]	[Recv]	cond 1 2073308 0 0 18

[15:41:49]	[Send]	ptctl 5443 2 4988603 44 52 4988592 43 51 4988603 15
[15:41:49]	[Recv]	cond 2 4988603 0 0 15

[15:41:49]	[Recv]	ct 2 4988567 3 5021191 -1 -1 0

[15:41:49]	[Recv]	eff 2 5020852 7739

[15:41:49]	[Recv]	cond 1 2073308 0 0 18

[15:41:49]	[Recv]	cond 1 2073308 0 0 18

[15:41:49]	[Send]	ptctl 5443 1 4988603 46 49 4988603 15
[15:41:49]	[Send]	suctl 5443 1 4988603 3 5021191
[15:41:49]	[Send]	ptctl 5443 1 4988592 41 47 4988592 15
[15:41:49]	[Recv]	cond 2 4988603 0 0 15

[15:41:49]	[Recv]	cond 2 4988592 0 0 15

[15:41:49]	[Recv]	eff 2 4988567 15

[15:41:49]	[Recv]	su 2 4988567 3 5021191 0 4 11 3601 0 0 1 61 5730 0 0 164794 266371

[15:41:49]	[Recv]	st 2 5020850 94 0 99 100 91916 184124 92062 184124 0

[15:41:49]	[Recv]	cond 2 4988603 0 0 15

[15:41:49]	[Send]	u_s 0 3 5021191
[15:41:49]	[Recv]	sr 0

[15:41:49]	[Recv]	eff 2 4988603 5005

[15:41:49]	[Send]	ncif 3 5021191
[15:41:49]	[Recv]	ct 2 4988486 3 5021191 -1 -1 0

[15:41:49]	[Recv]	dm 2 4988603 594 1

[15:41:49]	[Recv]	cond 2 4988592 0 0 15

[15:41:49]	[Recv]	dm 1 2073308 594 1

[15:41:49]	[Recv]	cond 1 2073308 0 0 18

[15:41:49]	[Recv]	cond 1 2073308 0 0 18

[15:41:49]	[Recv]	su 2 4988486 3 5021191 0 6 11 7130 0 0 1 60 4120 0 0 160674 266371

[15:41:49]	[Recv]	ct 2 4988603 3 5021191 -1 -1 0

[15:41:49]	[Recv]	su 2 4988603 3 5021191 0 12 11 8360 0 0 1 57 6992 0 0 153682 266371

[15:41:49]	[Recv]	sr 1

[15:41:49]	[Send]	suctl 5443 1 4988592 3 5021191
[15:41:49]	[Recv]	ct 1 2073308 3 5021191 -1 -1 1114

[15:41:49]	[Recv]	rc 1 2073308 200 0

[15:41:49]	[Recv]	su 1 2073308 3 5021191 1114 7 11 4260 0 0 1 26 82283 3 0 71399 266371

[15:41:49]	[Recv]	st 3 5021191 99 0 26 100 71399 2828 266371 2828 0

[15:41:50]	[Recv]	st 2 5020851 94 0 100 100 92062 184124 92062 184124 0

[15:41:50]	[Recv]	eff 2 4988592 5005

[15:41:50]	[Send]	ptctl 5443 2 4988603 41 49 4988592 38 51 4988603 15
[15:41:50]	[Recv]	cond 1 2073308 0 0 18

[15:41:50]	[Recv]	cond 1 2073308 0 0 18

[15:41:50]	[Send]	ptctl 5443 2 4988603 40 51 4988592 39 53 4988603 15
[15:41:50]	[Recv]	ct 3 5021187 2 5020850 -1 -1 0

[15:41:50]	[Recv]	su 3 5021187 2 5020850 0 16 11 7640 0 0 1 97 2066 3 0 89996 92062

[15:41:50]	[Recv]	ct 2 4988567 3 5021191 -1 -1 0

[15:41:50]	[Recv]	ct 2 4988602 3 5021191 -1 -1 0

[15:41:50]	[Recv]	su 2 4988602 3 5021191 0 11 11 4085 0 0 1 24 7236 0 0 64163 266371

[15:41:50]	[Recv]	st 2 5020852 94 0 100 100 92062 184124 92062 184124 0

[15:41:50]	[Recv]	cond 2 4988603 0 0 15

[15:41:50]	[Recv]	cond 2 4988592 0 0 15

[15:41:50]	[Recv]	cond 1 2073308 0 0 18

[15:41:50]	[Recv]	cond 1 2073308 0 0 18

[15:41:50]	[Recv]	su 2 4988567 3 5021191 0 6 11 3601 0 0 1 22 4606 0 0 59557 266371

[15:41:50]	[Recv]	ct 2 4988592 3 5021191 -1 -1 0

[15:41:50]	[Recv]	su 2 4988592 3 5021191 0 10 11 0 0 0 1 17 13264 0 0 46293 266371

[15:41:50]	[Recv]	cond 2 4988603 0 0 15

[15:41:50]	[Recv]	cond 2 4988592 0 0 15

[15:41:50]	[Send]	u_s 0 3 5021191
[15:41:50]	[Send]	ncif 3 5021191
[15:41:50]	[Send]	ptctl 5443 1 4988603 45 49 4988603 15
[15:41:50]	[Send]	suctl 5443 1 4988603 3 5021191
[15:41:50]	[Recv]	ct 2 4988486 3 5021191 -1 -1 0

[15:41:50]	[Recv]	sr 0

[15:41:50]	[Recv]	cond 1 2073308 0 0 18

[15:41:50]	[Recv]	cond 1 2073308 0 0 18

[15:41:50]	[Recv]	su 2 4988486 3 5021191 0 6 11 7130 0 0 1 15 4173 0 0 42120 266371

[15:41:50]	[Recv]	ct 1 2073308 3 5021191 -1 -1 1114

[15:41:50]	[Recv]	rc 1 2073308 200 0

[15:41:50]	[Recv]	su 1 2073308 3 5021191 1114 7 11 4260 0 0 1 5 28099 0 0 14021 266371

[15:41:50]	[Recv]	st 3 5021191 99 0 5 100 14021 2828 266371 2828 0

[15:41:50]	[Recv]	cond 2 4988603 0 0 15

[15:41:51]	[Send]	ptctl 5443 1 4988592 41 51 4988592 15
[15:41:51]	[Recv]	eff 2 4988603 5005

[15:41:51]	[Send]	ptctl 5443 1 4988592 41 52 4988592 15
[15:41:51]	[Recv]	cond 2 4988592 0 0 15

[15:41:51]	[Recv]	ct 2 4988567 3 5021191 -1 -1 0

[15:41:51]	[Recv]	cond 2 4988592 0 0 15

[15:41:51]	[Recv]	su 2 4988567 3 5021191 0 6 11 3601 0 0 1 3 4590 0 0 9431 266371

[15:41:51]	[Recv]	ct 2 4988603 3 5021191 -1 -1 0

[15:41:51]	[Recv]	eff 2 4988603 15

[15:41:51]	[Recv]	su 2 4988603 3 5021191 0 12 11 8360 0 0 0 0 11995 0 0 0 266371

[15:41:51]	[Recv]	lev 99 0 99 0 2140719000 5991794 66992052 2 0 90 917705181 0

[15:41:51]	[Recv]	st 2 5020850 94 0 97 100 89996 184124 92062 184124 0

[15:41:51]	[Send]	u_ts 759 20 63
[15:41:51]	[Send]	ptctl 5443 1 4988592 41 53 4988592 15
[15:41:51]	[Recv]	sr 0

[15:41:51]	[Recv]	in 2 2709 4988615 20 64 2 100 100 0 0 3 2073308 0 0 -1 @ 2 -1 0 0 0 0 0 0 7549 0 0 0 8 4

[15:41:51]	[Recv]	ctl 2 4988615 0 1

[15:41:51]	[Recv]	in 2 2708 4988614 19 64 2 100 100 0 0 3 2073308 0 0 -1 Oso^polar^Grunidos 2 -1 0 0 0 0 0 0 0 0 0 0 6 3

[15:41:51]	[Recv]	ctl 2 4988614 0 1

[15:41:51]	[Recv]	in 2 670 4988544 22 63 2 100 100 0 0 3 2073308 0 0 -1 Fibi^Friggus 2 -1 0 0 0 0 0 0 0 0 0 0 5 3

[15:41:51]	[Recv]	ctl 2 4988544 0 1

[15:41:51]	[Recv]	in 2 567 4988523 22 61 2 100 100 0 0 3 2073308 0 0 -1 Hada^oval 2 -1 0 0 0 0 0 0 0 0 0 0 7 3

[15:41:51]	[Recv]	ctl 2 4988523 0 1

[15:41:51]	[Recv]	bf 1 2073308 0.1026.200 99

[15:41:51]	[Recv]	sayi 1 2073308 20 26 3 1026 0 0 0

[15:41:51]	[Recv]	team_cool 1 900

[15:41:51]	[Send]	ptctl 5443 2 4988603 41 52 4988592 37 56 4988603 15
[15:41:51]	[Recv]	sp 414904 1000000 0 10000

[15:41:51]	[Recv]	ct 2 4988486 3 5021191 -1 -1 0

[15:41:51]	[Recv]	ct 2 4988602 3 5021191 -1 -1 0

[15:41:51]	[Recv]	su 2 4988602 2 4988602 0 11 11 4085 0 0 1 100 0 2 0 17310 17310

[15:41:51]	[Recv]	dm 2 4988603 594 1

[15:41:51]	[Recv]	cond 2 4988592 0 0 15

[15:41:51]	[Send]	ptctl 5443 2 4988603 39 51 4988592 36 55 4988603 15
[15:41:51]	[Recv]	sayi 1 2073308 20 22 3 373 0 0 0

[15:41:51]	[Recv]	bf 1 2073308 0.373.0 99

[15:41:51]	[Recv]	cond 1 2073308 0 0 18

[15:41:51]	[Recv]	cond 1 2073308 0 0 18

[15:41:51]	[Recv]	ct 3 5021197 1 2073308 -1 -1 0

[15:41:51]	[Recv]	su 3 5021197 1 2073308 0 12 11 0 0 0 1 93 450 0 0 89134 95497

[15:41:51]	[Recv]	in 3 804 5021289 47 48 2 100 100 0 0 0 -1 0 0 -1 - 0 -1 0 0 0 0 0 0 0 0 0 0 0 0

[15:41:51]	[Recv]	in 3 804 5021290 46 48 2 100 100 0 0 0 -1 0 0 -1 - 0 -1 0 0 0 0 0 0 0 0 0 0 0 0

[15:41:51]	[Recv]	su 2 4988486 2 4988486 0 6 11 7130 0 0 1 100 0 2 0 16921 16921

[15:41:51]	[Recv]	cond 2 4988603 0 0 15

[15:41:51]	[Recv]	cond 2 4988592 0 0 15

[15:41:51]	[Send]	ptctl 5443 2 4988603 39 49 4988592 35 55 4988603 15
[15:41:51]	[Recv]	cond 1 2073308 0 0 18

[15:41:51]	[Recv]	cond 1 2073308 0 0 18

[15:41:52]	[Recv]	eff 3 5021290 5000

[15:41:52]	[Recv]	ct 2 4988523 3 5021187 -1 -1 0

[15:41:52]	[Recv]	ct 2 4988615 3 5021187 -1 -1 0

[15:41:52]	[Recv]	su 2 4988615 3 5021187 0 5 11 7548 0 0 1 100 0 4 0 266371 266371

[15:41:52]	[Recv]	st 2 5020851 94 0 100 100 92062 184124 92062 184124 0

[15:41:52]	[Recv]	cond 2 4988603 0 0 15

[15:41:52]	[Recv]	cond 2 4988592 0 0 15

[15:41:52]	[Recv]	cond 1 2073308 0 0 18

[15:41:52]	[Recv]	cond 1 2073308 0 0 18

[15:41:52]	[Recv]	su 2 4988523 3 5021187 0 5 11 4742 0 0 1 100 0 4 0 266371 266371

[15:41:52]	[Recv]	ct 2 4988567 3 5021290 -1 -1 0

[15:41:52]	[Recv]	st 2 5020852 94 0 100 100 92062 184124 92062 184124 0

[15:41:52]	[Recv]	cond 2 4988603 0 0 15

[15:41:52]	[Recv]	cond 2 4988592 0 0 15

[15:41:52]	[Send]	ncif 3 5021187
[15:41:52]	[Recv]	eff 2 4988567 15

[15:41:52]	[Recv]	su 2 4988567 3 5021290 0 6 11 3601 0 0 0 0 7105 0 0 0 5170

[15:41:52]	[Recv]	lev 99 0 99 0 2140719000 5991794 66992052 2 0 90 917705181 0

[15:41:52]	[Recv]	st 3 5021187 99 0 100 100 266371 2828 266371 2828 0

[15:41:52]	[Send]	ptctl 5443 1 4988592 30 55 4988592 15
[15:41:52]	[Recv]	ct 2 4988486 3 5021197 -1 -1 0

[15:41:52]	[Recv]	cond 2 4988592 0 0 15

[15:41:52]	[Recv]	eff 3 5021290 3617

[15:41:52]	[Recv]	ct 2 4988614 3 5021187 -1 -1 0

[15:41:52]	[Recv]	su 2 4988614 3 5021187 0 7 11 7538 0 0 1 100 0 1 0 266371 266371

[15:41:52]	[Recv]	su 2 4988486 3 5021197 0 6 11 7130 0 0 1 61 12371 3 0 20000 32371

[15:41:52]	[Recv]	cond 1 2073308 0 0 18

[15:41:52]	[Recv]	cond 1 2073308 0 0 18

[15:41:53]	[Recv]	ct 2 4988602 3 5021289 -1 -1 0

[15:41:53]	[Recv]	su 2 4988602 3 5021289 0 11 11 4085 0 0 1 101 0 4 0 5164 5170

[15:41:53]	[Send]	ptctl 5443 1 4988603 35 53 4988603 15
[15:41:53]	[Recv]	ct 3 5021289 2 4988487 -1 -1 779

[15:41:53]	[Recv]	ct 2 4988615 3 5021187 -1 -1 0

[15:41:53]	[Recv]	su 2 4988615 3 5021187 0 12 11 7548 0 0 1 98 4217 0 0 262154 266371

[15:41:53]	[Recv]	cond 2 4988603 0 0 15

[15:41:53]	[Send]	u_s 1 3 5021187
[15:41:53]	[Send]	ncif 3 5021187
[15:41:53]	[Recv]	ct 2 4988523 3 5021187 -1 -1 0

[15:41:53]	[Recv]	ct 2 4988487 3 5021289 -1 -1 0

[15:41:53]	[Recv]	st 2 5020850 94 0 98 100 90916 184124 92062 184124 0

[15:41:53]	[Recv]	eff 2 5020850 7739

[15:41:53]	[Recv]	cond 1 2073308 0 0 18

[15:41:53]	[Recv]	cond 1 2073308 0 0 18

[15:41:53]	[Recv]	ms_c 0

[15:41:53]	[Recv]	qslot 0 1.1.1 1.1.2 1.1.3 1.1.4 1.1.5 1.1.6 1.1.7 1.1.9 1.1.8 1.1.10 0.1.45 0.2.21 0.1.76 1.1.38 1.3.12 0.1.34 0.1.87 0.-1.-1 0.1.84 0.1.43 1.3.11 1.1.42 1.1.41 1.3.976 0.-1.-1 0.1.70 0.2.143 0.2.25 0.2.27 0.2.26

[15:41:53]	[Recv]	qslot 1 0.-1.-1 0.-1.-1 0.-1.-1 0.-1.-1 0.-1.-1 0.-1.-1 0.-1.-1 0.-1.-1 0.-1.-1 0.-1.-1 0.1.-1 0.1.-1 1.1.41 1.1.42 0.-1.-1 7.7.-1 7.7.-1 7.7.-1 7.7.-1 0.-1.-1 0.-1.-1 0.-1.-1 0.-1.-1 0.-1.-1 0.-1.-1 0.-1.-1 0.-1.-1 0.-1.-1 0.-1.-1 0.-1.-1

[15:41:53]	[Recv]	ct 3 5021187 2 5020850 -1 -1 0

[15:41:53]	[Recv]	su 3 5021187 2 5020850 0 16 11 7640 0 0 1 98 1080 0 0 90756 92062

[15:41:53]	[Recv]	su 2 4988523 3 5021187 0 11 11 4742 0 0 1 98 1 0 0 262153 266371

[15:41:53]	[Recv]	ct 2 4988486 3 5021197 -1 -1 0

[15:41:53]	[Recv]	su 2 4988487 3 5021289 0 6 11 4035 0 0 0 0 5354 0 0 0 5170

[15:41:53]	[Recv]	lev 99 0 99 0 2140719000 5991794 66992052 2 0 90 917705181 0

[15:41:53]	[Recv]	dm 2 4988603 594 1

[15:41:53]	[Recv]	ct 1 2073308 3 5021187 14 4263 1115

[15:41:53]	[Recv]	st 3 5021187 99 0 98 100 262153 2828 266371 2828 0

[15:41:53]	[Send]	ptctl 5443 1 4988592 26 57 4988592 15
[15:41:53]	[Recv]	cond 2 4988592 0 0 15

[15:41:53]	[Recv]	eff 2 4988544 3007

[15:41:53]	[Recv]	su 2 4988486 3 5021197 0 6 11 7130 0 0 1 47 4563 0 0 15437 32371

[15:41:53]	[Recv]	eff 1 2073308 15

[15:41:53]	[Recv]	rc 1 2073308 200 0

[15:41:53]	[Recv]	su 1 2073308 3 5021187 1115 70 12 4264 0 0 1 16 219074 3 0 43079 266371

[15:41:53]	[Recv]	mslot 1127 -1

[15:41:53]	[Recv]	qset 0 0 1.1.13.0

[15:41:54]	[Recv]	eff 3 5021289 3617

[15:41:54]	[Recv]	sc_p 8 567 4988523 1 2983 0 1 0 461 468 254 10 150 0 198 31 197 31 193 2 12 12 12 12 4368 4368 4224 4224 0 15 0 Hada^oval 0 7 3 30 1819 1797 0 1080

[15:41:54]	[Recv]	st 2 5020851 94 0 100 100 92062 184124 92062 184124 0

[15:41:54]	[Recv]	eff 2 5020851 7739

[15:41:54]	[Send]	u_s 13 3 5021187
[15:41:54]	[Send]	ptctl 5443 1 4988603 31 57 4988603 15
[15:41:54]	[Recv]	ct 2 4988567 3 5021195 -1 -1 0

[15:41:54]	[Recv]	st 2 5020852 94 0 100 100 92062 184124 92062 184124 0

[15:41:54]	[Recv]	eff 2 5020852 7739

[15:41:54]	[Recv]	ms_c 0

[15:41:54]	[Recv]	qslot 0 1.1.1 1.1.2 1.1.3 1.1.4 1.1.5 1.1.6 1.1.7 1.1.9 1.1.8 1.1.10 0.1.45 0.2.21 0.1.76 1.1.38 1.3.12 0.1.34 0.1.87 0.-1.-1 0.1.84 0.1.43 1.3.11 1.1.42 1.1.41 1.3.976 0.-1.-1 0.1.70 0.2.143 0.2.25 0.2.27 0.2.26

[15:41:54]	[Recv]	qslot 1 0.-1.-1 0.-1.-1 0.-1.-1 0.-1.-1 0.-1.-1 0.-1.-1 0.-1.-1 0.-1.-1 0.-1.-1 0.-1.-1 0.1.-1 0.1.-1 1.1.41 1.1.42 0.-1.-1 7.7.-1 7.7.-1 7.7.-1 7.7.-1 0.-1.-1 0.-1.-1 0.-1.-1 0.-1.-1 0.-1.-1 0.-1.-1 0.-1.-1 0.-1.-1 0.-1.-1 0.-1.-1 0.-1.-1

[15:41:54]	[Recv]	ct 1 2073308 3 5021187 -1 -1 1127

[15:41:54]	[Recv]	su 1 2073308 3 5021187 1127 100 22 4284 0 0 1 16 0 4 0 43079 266371

[15:41:54]	[Recv]	cond 2 4988603 0 0 15

[15:41:54]	[Send]	ncif 3 5021187
[15:41:54]	[Recv]	ct 2 4988614 3 5021187 -1 -1 0

[15:41:54]	[Recv]	su 2 4988614 3 5021187 0 15 11 7538 0 0 1 16 0 1 0 43079 266371

[15:41:54]	[Recv]	ct 2 4988487 3 5021197 -1 -1 0

[15:41:54]	[Recv]	su 2 4988567 3 5021195 0 6 11 3601 0 0 1 85 13039 3 0 77832 90871

[15:41:54]	[Recv]	ct 2 4988602 3 5021188 -1 -1 0

[15:41:54]	[Recv]	su 2 4988602 3 5021188 0 11 11 4085 0 0 1 83 5395 0 0 26976 32371

[15:41:54]	[Send]	ptctl 5443 1 4988592 22 61 4988592 15
[15:41:54]	[Recv]	st 3 5021187 99 0 16 100 43079 2828 266371 2828 0

[15:41:54]	[Send]	ptctl 5443 2 4988603 37 59 4988592 30 58 4988603 15
[15:41:54]	[Recv]	eff 3 5021193 5000

[15:41:54]	[Recv]	eff 3 5021192 5000

[15:41:54]	[Recv]	ct 2 4988486 3 5021197 -1 -1 0

[15:41:54]	[Recv]	su 2 4988487 3 5021197 0 6 11 4035 0 0 1 10 12151 3 0 3286 32371

[15:41:54]	[Recv]	cond 2 4988592 0 0 15

[15:41:54]	[Send]	ptctl 5443 1 4988603 38 57 4988603 15
[15:41:54]	[Recv]	cond 1 2073308 0 0 18

[15:41:54]	[Recv]	cond 1 2073308 0 0 18

[15:41:54]	[Recv]	su 2 4988486 3 5021197 0 6 11 7130 0 0 0 0 4569 0 0 0 32371

[15:41:54]	[Recv]	lev 99 0 99 0 2140719000 5991794 66992052 2 0 90 917705181 0

[15:41:54]	[Recv]	cond 2 4988603 0 0 15

[15:41:54]	[Recv]	cond 2 4988592 0 0 15

[15:41:54]	[Send]	ptctl 5443 1 4988603 30 56 4988603 15
[15:41:54]	[Recv]	cond 1 2073308 0 0 18

[15:41:54]	[Recv]	cond 1 2073308 0 0 18

[15:41:55]	[Send]	ptctl 5443 1 4988592 23 60 4988592 15
[15:41:55]	[Recv]	ct 3 5021195 2 4988567 -1 -1 0

[15:41:55]	[Recv]	su 3 5021195 2 4988567 0 10 11 4806 0 0 1 98 251 0 0 18362 18613

[15:41:55]	[Recv]	cond 2 4988603 0 0 15

[15:41:55]	[Recv]	cond 2 4988603 0 0 15

[15:41:55]	[Recv]	ct 2 4988567 3 5021195 -1 -1 0

[15:41:55]	[Recv]	cond 1 2073308 0 0 18

[15:41:55]	[Recv]	cond 1 2073308 0 0 18

[15:41:55]	[Recv]	cond 2 4988592 0 0 15

[15:41:55]	[Recv]	su 2 4988567 3 5021195 0 6 11 3601 0 0 1 79 5419 0 0 72413 90871

[15:41:55]	[Recv]	st 2 5020850 94 0 98 100 90756 184124 92062 184124 0

[15:41:55]	[Send]	ncif 3 5021187
[15:41:55]	[Recv]	dm 2 4988603 594 1

[15:41:55]	[Recv]	st 3 5021187 99 0 16 100 43079 2828 266371 2828 0

[15:41:55]	[Send]	u_s 0 3 5021187
[15:41:55]	[Recv]	ct 2 4988615 3 5021187 -1 -1 0

[15:41:55]	[Recv]	su 2 4988615 3 5021187 0 12 11 7548 0 0 1 14 4178 0 0 38901 266371

[15:41:55]	[Recv]	ct 2 4988602 3 5021188 -1 -1 0

[15:41:55]	[Recv]	su 2 4988602 3 5021188 0 11 11 4085 0 0 1 42 13211 3 0 13765 32371

[15:41:55]	[Recv]	ct 1 2073308 3 5021187 -1 -1 1114

[15:41:55]	[Recv]	rc 1 2073308 200 0

[15:41:55]	[Recv]	su 1 2073308 3 5021187 1114 7 11 4260 0 0 0 0 82541 3 0 0 266371

[15:41:55]	[Recv]	lev 99 0 99 0 2140719000 5991794 66992052 2 0 90 917705181 0

[15:41:55]	[Send]	ptctl 5443 1 4988603 29 56 4988603 15
[15:41:55]	[Send]	suctl 5443 1 4988603 3 5021187
[15:41:56]	[Recv]	ct 2 4988523 3 5021187 -1 -1 0

[15:41:56]	[Recv]	st 2 5020851 94 0 100 100 92062 184124 92062 184124 0

[15:41:56]	[Recv]	cond 2 4988603 0 0 15

[15:41:56]	[Send]	ptctl 5443 2 4988603 34 56 4988592 28 60 4988603 15
[15:41:56]	[Recv]	su 2 4988523 2 4988523 0 11 11 4742 0 0 1 101 0 2 0 4368 4368

[15:41:56]	[Recv]	ct 2 4988567 3 5021195 -1 -1 0

[15:41:56]	[Recv]	sc_p 170 1548 4988592 96 593 24115625 0 0 1889 2049 1289 19 90 9 975 627 958 627 866 3 90 90 110 80 52303 57771 18100 18100 1 84982200 0 @ 0 0 6 60 1831 1798 0 100

[15:41:56]	[Recv]	st 2 5020852 94 0 100 100 92062 184124 92062 184124 0

[15:41:56]	[Recv]	cond 1 2073308 0 0 18

[15:41:56]	[Recv]	cond 1 2073308 0 0 18

[15:41:56]	[Send]	ptctl 5443 2 4988603 36 56 4988592 29 60 4988603 15
[15:41:56]	[Recv]	cond 2 4988603 0 0 15

[15:41:56]	[Recv]	cond 2 4988592 0 0 15

[15:41:56]	[Recv]	ct 2 4988487 3 5021193 -1 -1 0

[15:41:56]	[Recv]	su 2 4988567 3 5021195 0 6 11 3601 0 0 1 79 0 4 0 72413 90871

[15:41:56]	[Recv]	cond 1 2073308 0 0 18

[15:41:56]	[Recv]	cond 1 2073308 0 0 18

[15:41:56]	[Recv]	sr 0

[15:41:56]	[Recv]	cond 2 4988603 0 0 15

[15:41:56]	[Recv]	cond 2 4988592 0 0 15

[15:41:56]	[Recv]	sp 414894 1000000 0 10000

[15:41:56]	[Recv]	ct 2 4988486 3 5021194 -1 -1 0

[15:41:56]	[Recv]	su 2 4988487 3 5021193 0 6 11 4035 0 0 1 100 0 1 0 90871 90871

[15:41:56]	[Send]	u_s 5 1 2073308
[15:41:56]	[Recv]	cond 1 2073308 0 0 18

[15:41:56]	[Recv]	cond 1 2073308 0 0 18

[15:41:56]	[Recv]	su 2 4988486 3 5021194 0 6 11 7130 0 0 1 4 12630 3 0 573 13203

[15:41:56]	[Recv]	ms_c 0

[15:41:56]	[Recv]	qslot 0 1.1.1 1.1.2 1.1.3 1.1.4 1.1.5 1.1.6 1.1.7 1.1.9 1.1.8 1.1.10 0.1.45 0.2.21 0.1.76 1.1.38 1.3.12 0.1.34 0.1.87 0.-1.-1 0.1.84 0.1.43 1.3.11 1.1.42 1.1.41 1.3.976 0.-1.-1 0.1.70 0.2.143 0.2.25 0.2.27 0.2.26

[15:41:56]	[Recv]	qslot 1 0.-1.-1 0.-1.-1 0.-1.-1 0.-1.-1 0.-1.-1 0.-1.-1 0.-1.-1 0.-1.-1 0.-1.-1 0.-1.-1 0.1.-1 0.1.-1 1.1.41 1.1.42 0.-1.-1 7.7.-1 7.7.-1 7.7.-1 7.7.-1 0.-1.-1 0.-1.-1 0.-1.-1 0.-1.-1 0.-1.-1 0.-1.-1 0.-1.-1 0.-1.-1 0.-1.-1 0.-1.-1 0.-1.-1

[15:41:56]	[Recv]	ct 1 2073308 1 2073308 -1 -1 1119

[15:41:57]	[Recv]	ct 3 5021188 1 2073308 -1 -1 0

[15:41:57]	[Recv]	su 3 5021188 1 2073308 0 12 11 0 0 0 1 93 448 0 0 89086 95497

[15:41:57]	[Recv]	in 3 804 5021448 35 53 2 100 100 0 0 0 -1 0 0 -1 - 0 -1 0 0 0 0 0 0 0 0 0 0 0 0

[15:41:57]	[Recv]	in 3 804 5021449 35 55 2 100 100 0 0 0 -1 0 0 -1 - 0 -1 0 0 0 0 0 0 0 0 0 0 0 0

[15:41:57]	[Recv]	bf 1 2073308 0.561.3000 99

[15:41:57]	[Recv]	bf 1 2073308 0.578.1200 99

[15:41:57]	[Recv]	bf 1 2073308 0.941.0 99

[15:41:57]	[Recv]	bf 1 2073308 0.830.60 99

[15:41:57]	[Recv]	eff 1 2073308 0

[15:41:57]	[Recv]	sayi 1 2073308 20 26 3 830 0 0 0

[15:41:57]	[Recv]	su 1 2073308 1 2073308 1119 600 25 4265 0 0 1 93 0 -1 0 89086 95497

[15:41:57]	[Send]	ptctl 5443 1 4988592 34 60 4988592 15
[15:41:57]	[Recv]	eff 3 5021449 5000

[15:41:57]	[Recv]	ct 3 5021195 2 4988567 -1 -1 0

[15:41:57]	[Recv]	su 3 5021195 2 4988567 0 10 11 4806 0 0 1 97 252 0 0 18110 18613

[15:41:57]	[Recv]	ct 3 5021194 2 4988486 -1 -1 771

[15:41:57]	[Recv]	su 3 5021194 2 4988486 771 10 11 7722 0 0 1 90 1597 0 0 15324 16921

[15:41:57]	[Recv]	su 3 5021194 2 4988487 771 10 11 7722 0 0 1 100 0 4 0 38176 38176

[15:41:57]	[Recv]	su 3 5021194 2 4988567 771 10 11 7722 0 0 1 88 1613 5 0 16497 18613

[15:41:57]	[Recv]	ct 3 5021193 2 4988487 -1 -1 0

[15:41:57]	[Recv]	su 3 5021193 2 4988487 0 10 11 4806 0 0 1 99 248 0 0 37928 38176

[15:41:57]	[Recv]	dm 2 4988486 594 1

[15:41:57]	[Recv]	ct 2 4988567 3 5021195 -1 -1 0

[15:41:57]	[Recv]	dm 2 4988567 594 1

[15:41:57]	[Recv]	ct 2 4988602 3 5021188 -1 -1 0

[15:41:57]	[Recv]	su 2 4988602 3 5021188 0 11 11 4085 0 0 1 25 5442 0 0 8323 32371

[15:41:57]	[Recv]	cond 2 4988592 0 0 15

[15:41:57]	[Send]	ptctl 5443 1 4988603 41 56 4988603 15
[15:41:57]	[Recv]	cond 2 4988603 0 0 15

[15:41:57]	[Recv]	ct 3 5021192 2 4988487 -1 -1 0

[15:41:57]	[Recv]	su 3 5021192 2 4988487 0 10 11 0 0 0 1 99 0 1 0 37928 38176

[15:41:57]	[Recv]	ct 2 4988487 3 5021194 -1 -1 0

[15:41:57]	[Recv]	su 2 4988567 3 5021195 0 6 11 3601 0 0 1 73 5436 0 0 66977 90871

[15:41:57]	[Recv]	st 2 5020850 94 0 99 100 91676 184124 92062 184124 0

[15:41:57]	[Send]	ptctl 5443 2 4988603 38 56 4988592 36 58 4988603 15
[15:41:57]	[Recv]	ct 3 5021449 1 2073308 -1 -1 779

[15:41:57]	[Recv]	ct 2 4988486 3 5021194 -1 -1 0

[15:41:57]	[Recv]	su 2 4988487 3 5021194 0 6 11 4035 0 0 0 0 12481 3 0 0 13203

[15:41:57]	[Recv]	lev 99 0 99 0 2140719000 5991794 66992052 2 0 90 917705181 0

[15:41:57]	[Recv]	cond 1 2073308 0 0 18

[15:41:57]	[Recv]	cond 1 2073308 0 0 18

[15:41:57]	[Recv]	cond 2 4988603 0 0 15

[15:41:57]	[Recv]	cond 2 4988592 0 0 15

[15:41:57]	[Recv]	su 2 4988486 2 4988486 0 6 11 7130 0 0 1 87 0 2 0 14730 16921

[15:41:58]	[Recv]	st 2 5020851 94 0 100 100 92062 184124 92062 184124 0

[15:41:58]	[Send]	ncif 3 5021449
[15:41:58]	[Recv]	ct 2 4988567 3 5021195 -1 -1 0

[15:41:58]	[Recv]	st 2 5020852 94 0 100 100 92062 184124 92062 184124 0

[15:41:58]	[Recv]	st 3 5021449 90 0 100 100 5164 2369 5170 2369 0

[15:41:58]	[Send]	suctl 5443 1 4988603 3 5021449
[15:41:58]	[Send]	u_s 0 3 5021449
[15:41:58]	[Recv]	ct 2 4988487 3 5021192 -1 -1 0

[15:41:58]	[Recv]	su 2 4988567 3 5021195 0 6 11 3601 0 0 1 67 5357 0 0 61620 90871

[15:41:58]	[Recv]	eff 2 5020850 7739

[15:41:58]	[Recv]	eff 2 4988603 5005

[15:41:58]	[Send]	ptctl 5443 1 4988592 36 56 4988592 15
[15:41:58]	[Recv]	cond 1 2073308 0 0 18

[15:41:58]	[Recv]	cond 1 2073308 0 0 18

[15:41:58]	[Recv]	ct 2 4988486 3 5021449 -1 -1 0

[15:41:58]	[Recv]	su 2 4988487 3 5021192 0 6 11 4035 0 0 1 89 12676 3 0 107445 120121

[15:41:58]	[Recv]	ct 1 2073308 3 5021449 -1 -1 1114

[15:41:58]	[Recv]	rc 1 2073308 200 0

[15:41:58]	[Recv]	su 1 2073308 3 5021449 1114 7 11 4260 0 0 0 0 43640 0 0 0 5170

[15:41:58]	[Recv]	lev 99 0 99 0 2140719000 5991794 66992052 2 0 90 917705181 0

[15:41:58]	[Recv]	cond 2 4988592 0 0 15

[15:41:58]	[Recv]	eff 2 4988544 3007

[15:41:58]	[Recv]	su 2 4988486 2 4988486 0 6 11 7130 0 0 1 87 0 2 0 14730 16921

[15:41:58]	[Recv]	ct 2 4988603 3 5021449 -1 -1 0

[15:41:58]	[Recv]	su 2 4988603 2 4988603 0 12 11 8360 0 0 1 50 0 2 0 9738 19451

[15:41:58]	[Send]	suctl 5443 1 4988592 3 5021449
[15:41:59]	[Send]	ptctl 5443 2 4988603 40 54 4988592 40 54 4988603 15
[15:41:59]	[Recv]	eff 3 5021449 3617

[15:41:59]	[Recv]	eff 2 5020851 7739

[15:41:59]	[Recv]	cond 1 2073308 0 0 18

[15:41:59]	[Recv]	cond 1 2073308 0 0 18

[15:41:59]	[Send]	ncif 3 5021189
[15:41:59]	[Recv]	dm 2 4988486 594 1

[15:41:59]	[Recv]	ct 2 4988567 3 5021195 -1 -1 0

[15:41:59]	[Recv]	dm 2 4988567 594 1

[15:41:59]	[Recv]	eff 2 5020852 7739

[15:41:59]	[Recv]	cond 2 4988603 0 0 15

[15:41:59]	[Recv]	cond 2 4988592 0 0 15

[15:41:59]	[Recv]	st 3 5021189 99 0 100 100 90871 2828 90871 2828 0

[15:41:59]	[Send]	u_s 0 3 5021189
[15:41:59]	[Recv]	ct 3 5021195 2 4988567 -1 -1 0

[15:41:59]	[Recv]	su 3 5021195 2 4988567 0 10 11 4806 0 0 1 80 252 0 0 15057 18613

[15:41:59]	[Recv]	ct 3 5021193 2 4988487 -1 -1 0

[15:41:59]	[Recv]	su 3 5021193 2 4988487 0 10 11 4806 0 0 1 98 250 3 0 37678 38176

[15:41:59]	[Recv]	ct 2 4988487 3 5021192 -1 -1 0

[15:41:59]	[Recv]	su 2 4988567 3 5021195 0 6 11 3601 0 0 1 62 5305 0 0 56315 90871

[15:41:59]	[Recv]	ct 2 4988602 3 5021188 -1 -1 0

[15:41:59]	[Recv]	su 2 4988602 3 5021188 0 11 11 4085 0 0 1 13 4023 0 0 4300 32371

[15:41:59]	[Recv]	st 2 5020850 94 0 100 100 92062 184124 92062 184124 0

[15:41:59]	[Recv]	sr 0

[15:41:59]	[Recv]	cond 1 2073308 0 0 18

[15:41:59]	[Recv]	cond 1 2073308 0 0 18

[15:41:59]	[Send]	ptctl 5443 1 4988603 39 55 4988603 15
[15:41:59]	[Send]	suctl 5443 1 4988603 3 5021189
[15:41:59]	[Recv]	ct 3 5021192 2 4988487 -1 -1 0

[15:41:59]	[Recv]	su 3 5021192 2 4988487 0 10 11 0 0 0 1 98 0 1 0 37678 38176

[15:41:59]	[Recv]	ct 2 4988486 3 5021448 -1 -1 0

[15:41:59]	[Recv]	su 2 4988487 3 5021192 0 6 11 4035 0 0 1 85 5065 0 0 102380 120121

[15:41:59]	[Recv]	ct 1 2073308 3 5021189 -1 -1 1114

[15:41:59]	[Recv]	rc 1 2073308 200 0

[15:41:59]	[Recv]	su 1 2073308 3 5021189 1114 7 11 4260 0 0 0 0 94847 3 0 0 90871

[15:41:59]	[Recv]	lev 99 0 99 0 2140719000 5991794 66992052 2 0 90 917705181 0

[15:41:59]	[Send]	ncif 3 5021448
[15:41:59]	[Recv]	cond 2 4988603 0 0 15

[15:41:59]	[Send]	ptctl 5443 1 4988592 42 52 4988592 15
[15:41:59]	[Recv]	su 2 4988486 3 5021448 0 6 11 7130 0 0 0 0 5257 0 0 0 5170

[15:41:59]	[Recv]	lev 99 0 99 0 2140719000 5991794 66992052 2 0 90 917705181 0

[15:42:00]	[Send]	suctl 5443 1 4988592 3 5021448
[15:42:00]	[Recv]	st 2 5020851 94 0 100 100 92062 184124 92062 184124 0

[15:42:00]	[Recv]	cond 2 4988592 0 0 15

[15:42:00]	[Send]	ptctl 5443 2 4988603 43 51 4988592 46 50 4988603 15
[15:42:00]	[Recv]	eff 3 5021448 3617

[15:42:00]	[Recv]	ct 3 5021188 1 2073308 -1 -1 0

[15:42:00]	[Recv]	su 3 5021188 1 2073308 0 12 11 0 0 0 1 93 0 1 0 89486 95497

[15:42:00]	[Recv]	ct 2 4988567 3 5021195 -1 -1 0

[15:42:00]	[Recv]	st 2 5020852 94 0 100 100 92062 184124 92062 184124 0

[15:42:00]	[Recv]	cond 1 2073308 0 0 18

[15:42:00]	[Recv]	cond 1 2073308 0 0 18

[15:42:00]	[Send]	ncif 3 5021448
[15:42:00]	[Recv]	sr 0

[15:42:00]	[Recv]	cond 2 4988603 0 0 15

[15:42:00]	[Recv]	cond 2 4988592 0 0 15

[15:42:00]	[Send]	ptctl 5443 2 4988603 42 50 4988592 45 48 4988603 15
[15:42:00]	[Recv]	ct 2 4988487 3 5021192 -1 -1 0

[15:42:00]	[Recv]	su 2 4988567 3 5021195 0 6 11 3601 0 0 1 56 5406 0 0 50909 90871

[15:42:00]	[Recv]	cond 1 2073308 0 0 18

[15:42:00]	[Recv]	cond 1 2073308 0 0 18

[15:42:00]	[Send]	u_s 0 3 5021448
[15:42:00]	[Recv]	ct 2 4988486 3 5021190 -1 -1 0

[15:42:00]	[Recv]	su 2 4988487 3 5021192 0 6 11 4035 0 0 1 81 5058 0 0 97322 120121

[15:42:00]	[Recv]	cond 2 4988603 0 0 15

[15:42:00]	[Recv]	cond 2 4988592 0 0 15

[15:42:00]	[Recv]	cond 1 2073308 0 0 18

[15:42:00]	[Recv]	cond 1 2073308 0 0 18

[15:42:00]	[Recv]	su 2 4988486 3 5021190 0 6 11 7130 0 0 1 62 4951 0 0 8252 13203

[15:42:00]	[Recv]	ct 2 4988602 3 5021188 -1 -1 0

[15:42:00]	[Recv]	su 2 4988602 3 5021188 0 11 11 4085 0 0 1 1 3952 0 0 348 32371

[15:42:00]	[Recv]	cancel 0 0 -1

[15:42:00]	[Send]	ncif 3 5021188
[15:42:00]	[Send]	ptctl 5443 1 4988603 41 51 4988603 15
[15:42:00]	[Recv]	sr 1

[15:42:00]	[Recv]	st 3 5021188 99 0 1 100 348 2828 32371 2828 0

[15:42:00]	[Send]	suctl 5443 1 4988603 3 5021188
[15:42:01]	[Recv]	cond 2 4988603 0 0 15

[15:42:01]	[Recv]	eff 2 4988603 5005

[15:42:01]	[Recv]	dm 2 4988486 594 1

[15:42:01]	[Recv]	ct 2 4988567 3 5021195 -1 -1 0

[15:42:01]	[Recv]	dm 2 4988567 594 1

[15:42:01]	[Send]	ptctl 5443 1 4988592 42 50 4988592 15
[15:42:01]	[Send]	ptctl 5443 2 4988603 46 50 4988592 48 48 4988603 15
[15:42:01]	[Recv]	cond 2 4988592 0 0 15

[15:42:01]	[Recv]	ct 2 4988487 3 5021192 -1 -1 0

[15:42:01]	[Recv]	su 2 4988567 3 5021195 0 6 11 3601 0 0 1 50 5322 0 0 45587 90871

[15:42:01]	[Recv]	ct 2 4988603 3 5021188 -1 -1 0

[15:42:01]	[Recv]	su 2 4988603 3 5021188 0 12 11 8360 0 0 0 0 10789 0 0 0 32371

[15:42:01]	[Recv]	lev 99 0 99 0 2140719000 5991794 66992052 2 0 90 917705181 0

[15:42:01]	[Recv]	st 2 5020850 94 0 100 100 92062 184124 92062 184124 0

[15:42:01]	[Recv]	cond 1 2073308 0 0 18

[15:42:01]	[Recv]	cond 1 2073308 0 0 18

[15:42:01]	[Send]	u_s 0 3 5021188
[15:42:01]	[Send]	ptctl 5443 1 4988592 43 49 4988592 15
[15:42:01]	[Send]	ncif 3 5021188
[15:42:01]	[Recv]	cond 2 4988603 0 0 15

[15:42:01]	[Recv]	cond 2 4988592 0 0 15

[15:42:01]	[Recv]	sp 414884 1000000 0 10000

[15:42:01]	[Recv]	ct 3 5021195 2 4988567 -1 -1 0

[15:42:01]	[Recv]	su 3 5021195 2 4988567 0 10 11 4806 0 0 1 76 254 3 0 14209 18613

[15:42:01]	[Recv]	ct 3 5021193 2 4988487 -1 -1 0

[15:42:01]	[Recv]	su 3 5021193 2 4988487 0 10 11 4806 0 0 1 98 250 0 0 37428 38176

[15:42:01]	[Recv]	ct 2 4988486 3 5021190 -1 -1 0

[15:42:01]	[Recv]	su 2 4988487 3 5021192 0 6 11 4035 0 0 1 76 5050 0 0 92272 120121

[15:42:01]	[Recv]	cond 1 2073308 0 0 18

[15:42:01]	[Recv]	cond 1 2073308 0 0 18

[15:42:01]	[Recv]	cancel 0 0 -1

[15:42:01]	[Recv]	ct 3 5021192 2 4988487 -1 -1 0

[15:42:01]	[Recv]	su 3 5021192 2 4988487 0 10 11 0 0 0 1 98 0 1 0 37428 38176

[15:42:01]	[Recv]	ct 3 5021190 1 2073308 -1 -1 771

[15:42:01]	[Recv]	bf 1 2073308 0.373.300 99

[15:42:01]	[Recv]	sayi 1 2073308 20 26 3 373 0 0 0

[15:42:01]	[Recv]	su 3 5021190 1 2073308 771 10 11 7722 0 0 1 93 447 0 0 89039 95497

[15:42:01]	[Recv]	su 3 5021190 2 4988602 771 10 11 7722 0 0 1 94 1025 5 0 16285 17310

[15:42:01]	[Recv]	su 2 4988486 3 5021190 0 6 11 7130 0 0 1 25 4876 0 0 3376 13203

[15:42:01]	[Recv]	cond 2 4988592 0 0 15

[15:42:02]	[Send]	ncif 3 5021190
[15:42:02]	[Recv]	st 2 5020851 94 0 100 100 92062 184124 92062 184124 0

[15:42:02]	[Recv]	st 3 5021190 99 0 25 100 3376 2828 13203 2828 0

[15:42:02]	[Send]	ptctl 5443 1 4988592 47 49 4988592 15
[15:42:02]	[Recv]	ct 2 4988567 3 5021195 -1 -1 0

[15:42:02]	[Recv]	st 2 5020852 94 0 100 100 92062 184124 92062 184124 0

[15:42:02]	[Send]	u_s 0 3 5021190
[15:42:02]	[Recv]	cond 2 4988592 0 0 15

[15:42:02]	[Recv]	ct 2 4988487 3 5021192 -1 -1 0

[15:42:02]	[Recv]	su 2 4988567 3 5021195 0 6 11 3601 0 0 1 44 5383 0 0 40204 90871

[15:42:02]	[Recv]	sr 8

[15:42:02]	[Send]	ptctl 5443 1 4988603 44 51 4988603 15
[15:42:02]	[Send]	suctl 5443 1 4988603 3 5021190
[15:42:02]	[Recv]	ct 1 2073308 3 5021190 -1 -1 1114

[15:42:02]	[Recv]	su 1 2073308 3 5021190 1114 7 11 4260 0 0 1 25 0 4 0 3376 13203

[15:42:02]	[Recv]	cond 2 4988603 0 0 15

[15:42:02]	[Recv]	ct 2 4988486 3 5021190 -1 -1 0

[15:42:02]	[Recv]	su 2 4988487 3 5021192 0 6 11 4035 0 0 1 72 5032 0 0 87240 120121

[15:42:02]	[Recv]	ct 2 4988602 3 5021190 -1 -1 0

[15:42:02]	[Recv]	su 2 4988602 3 5021190 0 11 11 4085 0 0 0 0 6355 0 0 0 13203

[15:42:02]	[Recv]	lev 99 0 99 0 2140719000 5991794 66992052 2 0 90 917705181 0

[15:42:02]	[Send]	ncif 3 5021190
[15:42:02]	[Recv]	su 2 4988486 2 4988486 0 6 11 7130 0 0 1 80 0 2 0 13542 16921

[15:42:02]	[Recv]	sayi 1 2073308 20 22 3 830 0 0 0

[15:42:02]	[Recv]	bf 1 2073308 0.830.0 99

[15:42:02]	[Recv]	bf 1 2073308 0.941.3000 99

[15:42:02]	[Recv]	sayi 1 2073308 20 26 3 941 0 0 0

[15:42:03]	[Send]	ptctl 5443 2 4988603 45 46 4988592 47 44 4988603 15
[15:42:03]	[Recv]	cond 1 2073308 0 0 18

[15:42:03]	[Recv]	cond 1 2073308 0 0 18

[15:42:03]	[Recv]	dm 2 4988486 594 1

[15:42:03]	[Recv]	ct 2 4988567 3 5021195 -1 -1 0

[15:42:03]	[Recv]	dm 2 4988567 594 1

[15:42:03]	[Recv]	dm 2 4988602 594 1

[15:42:03]	[Recv]	sr 0

[15:42:03]	[Recv]	cond 2 4988603 0 0 15

[15:42:03]	[Recv]	cond 2 4988592 0 0 15

[15:42:03]	[Send]	ncif 2 4988567
[15:42:03]	[Recv]	ct 2 4988487 3 5021192 -1 -1 0

[15:42:03]	[Recv]	su 2 4988567 3 5021195 0 6 11 3601 0 0 1 38 5301 0 0 34903 90871

[15:42:03]	[Recv]	st 2 5020850 94 0 100 100 92062 184124 92062 184124 0

[15:42:03]	[Recv]	eff 2 5020850 7739

[15:42:03]	[Recv]	st 2 4988567 94 0 73 100 13615 7605 18613 7605 0 373.99 1047.94

[15:42:03]	[Send]	ptctl 5443 1 4988592 42 45 4988592 15
[15:42:03]	[Send]	u_s 1 2 4988567
[15:42:03]	[Recv]	ct 2 4988486 3 5021193 -1 -1 0

[15:42:03]	[Recv]	su 2 4988487 3 5021192 0 6 11 4035 0 0 1 68 5065 0 0 82175 120121

[15:42:03]	[Recv]	dm 1 2073308 594 1

[15:42:03]	[Recv]	cond 2 4988592 0 0 15

[15:42:03]	[Send]	suctl 5443 1 4988603 2 4988567
[15:42:03]	[Recv]	ct 3 5021195 2 4988567 -1 -1 0

[15:42:03]	[Recv]	su 3 5021195 2 4988567 0 10 11 4806 0 0 1 73 0 1 0 13615 18613

[15:42:03]	[Recv]	ct 3 5021193 2 4988487 -1 -1 0

[15:42:03]	[Recv]	su 3 5021193 2 4988487 0 10 11 4806 0 0 1 98 0 1 0 37428 38176

[15:42:03]	[Recv]	su 3 5021193 2 4988592 0 10 11 4806 0 0 1 90 23 5 0 52280 57771

[15:42:03]	[Recv]	eff 2 4988544 3007

[15:42:03]	[Recv]	su 2 4988486 3 5021193 0 6 11 7130 0 0 1 100 0 4 0 90871 90871

[15:42:03]	[Recv]	cond 1 2073308 0 0 18

[15:42:03]	[Recv]	cond 1 2073308 0 0 18

[15:42:03]	[Recv]	ms_c 0

[15:42:03]	[Recv]	qslot 0 1.1.1 1.1.2 1.1.3 1.1.4 1.1.5 1.1.6 1.1.7 1.1.9 1.1.8 1.1.10 0.1.45 0.2.21 0.1.76 1.1.38 1.3.12 0.1.34 0.1.87 0.-1.-1 0.1.84 0.1.43 1.3.11 1.1.42 1.1.41 1.3.976 0.-1.-1 0.1.70 0.2.143 0.2.25 0.2.27 0.2.26

[15:42:03]	[Recv]	qslot 1 0.-1.-1 0.-1.-1 0.-1.-1 0.-1.-1 0.-1.-1 0.-1.-1 0.-1.-1 0.-1.-1 0.-1.-1 0.-1.-1 0.1.-1 0.1.-1 1.1.41 1.1.42 0.-1.-1 7.7.-1 7.7.-1 7.7.-1 7.7.-1 0.-1.-1 0.-1.-1 0.-1.-1 0.-1.-1 0.-1.-1 0.-1.-1 0.-1.-1 0.-1.-1 0.-1.-1 0.-1.-1 0.-1.-1

[15:42:03]	[Recv]	cancel 2 1 -1

[15:42:03]	[Send]	ncif 3 5021193
[15:42:04]	[Recv]	ct 3 5021192 2 4988487 -1 -1 0

[15:42:04]	[Recv]	su 3 5021192 2 4988487 0 10 11 0 0 0 1 97 249 0 0 37179 38176

[15:42:04]	[Recv]	ct 2 4988602 3 5021195 -1 -1 0

[15:42:04]	[Recv]	su 2 4988602 3 5021195 0 11 11 4085 0 0 1 32 5369 0 0 29534 90871

[15:42:04]	[Recv]	st 2 5020851 94 0 100 100 92062 184124 92062 184124 0

[15:42:04]	[Recv]	eff 2 5020851 7739

[15:42:04]	[Send]	u_s 1 3 5021193
[15:42:04]	[Recv]	st 3 5021193 99 0 100 100 90871 2828 90871 2828 0

[15:42:04]	[Recv]	ct 2 4988567 3 5021195 -1 -1 0

[15:42:04]	[Recv]	st 2 5020852 94 0 100 100 92062 184124 92062 184124 0

[15:42:04]	[Recv]	eff 2 5020852 7739

[15:42:04]	[Recv]	ms_c 0

[15:42:04]	[Recv]	qslot 0 1.1.1 1.1.2 1.1.3 1.1.4 1.1.5 1.1.6 1.1.7 1.1.9 1.1.8 1.1.10 0.1.45 0.2.21 0.1.76 1.1.38 1.3.12 0.1.34 0.1.87 0.-1.-1 0.1.84 0.1.43 1.3.11 1.1.42 1.1.41 1.3.976 0.-1.-1 0.1.70 0.2.143 0.2.25 0.2.27 0.2.26

[15:42:04]	[Recv]	qslot 1 0.-1.-1 0.-1.-1 0.-1.-1 0.-1.-1 0.-1.-1 0.-1.-1 0.-1.-1 0.-1.-1 0.-1.-1 0.-1.-1 0.1.-1 0.1.-1 1.1.41 1.1.42 0.-1.-1 7.7.-1 7.7.-1 7.7.-1 7.7.-1 0.-1.-1 0.-1.-1 0.-1.-1 0.-1.-1 0.-1.-1 0.-1.-1 0.-1.-1 0.-1.-1 0.-1.-1 0.-1.-1 0.-1.-1

[15:42:04]	[Recv]	sr 13

[15:42:04]	[Recv]	ct 1 2073308 3 5021193 14 4263 1115

[15:42:04]	[Recv]	ct 2 4988487 3 5021192 -1 -1 0

[15:42:04]	[Recv]	su 2 4988567 3 5021195 0 6 11 3601 0 0 1 26 5401 0 0 24133 90871

[15:42:04]	[Send]	ptctl 5443 1 4988592 40 44 4988592 15
[15:42:04]	[Recv]	ct 2 4988486 3 5021193 -1 -1 0

[15:42:04]	[Recv]	su 2 4988487 3 5021192 0 6 11 4035 0 0 1 64 5028 0 0 77147 120121

[15:42:04]	[Recv]	rc 1 2073308 200 0

[15:42:04]	[Recv]	su 1 2073308 3 5021193 1115 70 12 4264 0 0 1 58 38041 0 0 52830 90871

[15:42:04]	[Recv]	su 1 2073308 3 5021192 1115 70 12 4264 0 0 1 26 44733 5 0 32414 120121

[15:42:04]	[Recv]	mslot 1127 -1

[15:42:04]	[Recv]	qset 0 0 1.1.13.0

[15:42:04]	[Send]	u_s 13 3 5021193
[15:42:04]	[Recv]	cond 2 4988486 0 0 11

[15:42:04]	[Recv]	c_mode 2 4988486 1100 0 0

[15:42:04]	[Recv]	sc_n 0 317 4988486 94 1000 202328 991.2.4 -1 -1 -1 0 0 1 4 558 678 801 9 160 0 88 214 107 214 79 0 0 0 0 0 12948 16921 6757 6757 0 291503800 Bob 1100 0 8239.0 0.0 0.0 0.0 0 2 0

[15:42:04]	[Recv]	out 2 4988486

[15:42:04]	[Recv]	in 2 317 4988486 39 47 2 76 100 0 0 3 2073308 1 0 1100 Bob 1 0 0 0 0 0 0 0 0 0 0 0 2 0

[15:42:04]	[Recv]	pinit 2 2|4988603|0|94|@|-1|3206|1|2723|0|0 2|4988592|1|96|@|-1|1548|0|0|0|60


[15:42:04]	[Recv]	psd 10

[15:42:04]	[Recv]	out 2 4988486

[15:42:04]	[Recv]	cond 2 4988487 0 0 11

[15:42:04]	[Recv]	c_mode 2 4988487 1102 0 0

[15:42:04]	[Recv]	sc_n 2 319 4988487 99 1000 398653210 990.4.5 997.5.6 -1 -1 0 0 0 5 661 711 543 10 150 6 592 586 461 586 372 0 5 5 5 5 37179 38176 11281 11281 0 428143800 Kliff 1102 0 4809.100 1299.2 1300.4 1301.7 0 1 0

[15:42:04]	[Recv]	out 2 4988487

[15:42:04]	[Recv]	in 2 319 4988487 42 44 2 97 100 0 0 3 2073308 1 0 1102 Kliff 1 2 0 0 0 0 0 0 0 0 0 0 1 0

[15:42:04]	[Recv]	pinit 2 2|4988603|0|94|@|-1|3206|1|2723|0|0 2|4988592|1|96|@|-1|1548|0|0|0|60


[15:42:04]	[Recv]	psd 10

[15:42:04]	[Recv]	out 2 4988487

[15:42:04]	[Recv]	out 2 4988567

[15:42:04]	[Recv]	cond 2 4988602 0 0 11

[15:42:04]	[Recv]	c_mode 2 4988602 -1 0 0

[15:42:04]	[Recv]	sc_n 4 2640 4988602 94 1000 473672 991.2.4 996.0.10 317.0.5 321.0.5 0 0 1 4 566 686 820 9 160 10 201 555 264 555 248 1 0 0 96 0 15691 17310 10544 10544 0 291503800 @ -1 0 4812.100 1318.3 1319.3 1320.7 0 3 0

[15:42:04]	[Recv]	out 2 4988602

[15:42:04]	[Recv]	in 2 2640 4988602 38 51 2 90 100 0 0 3 2073308 1 0 -1 @ 1 4 0 0 0 0 0 0 0 0 0 0 3 0

[15:42:04]	[Recv]	pinit 2 2|4988603|0|94|@|-1|3206|1|2723|0|0 2|4988592|1|96|@|-1|1548|0|0|0|60


[15:42:04]	[Recv]	psd 10

[15:42:04]	[Recv]	out 2 4988602

[15:42:04]	[Recv]	sayi 1 2073308 20 22 3 1025 0 0 0

[15:42:04]	[Recv]	bf 1 2073308 0.1025.0 99

[15:42:04]	[Recv]	cond 2 4988592 0 0 15

[15:42:04]	[Send]	suctl 5443 1 4988592 3 5021193
[15:42:04]	[Send]	ncif 3 5021193
[15:42:04]	[Recv]	ms_c 0

[15:42:04]	[Recv]	qslot 0 1.1.1 1.1.2 1.1.3 1.1.4 1.1.5 1.1.6 1.1.7 1.1.9 1.1.8 1.1.10 0.1.45 0.2.21 0.1.76 1.1.38 1.3.12 0.1.34 0.1.87 0.-1.-1 0.1.84 0.1.43 1.3.11 1.1.42 1.1.41 1.3.976 0.-1.-1 0.1.70 0.2.143 0.2.25 0.2.27 0.2.26

[15:42:04]	[Recv]	qslot 1 0.-1.-1 0.-1.-1 0.-1.-1 0.-1.-1 0.-1.-1 0.-1.-1 0.-1.-1 0.-1.-1 0.-1.-1 0.-1.-1 0.1.-1 0.1.-1 1.1.41 1.1.42 0.-1.-1 7.7.-1 7.7.-1 7.7.-1 7.7.-1 0.-1.-1 0.-1.-1 0.-1.-1 0.-1.-1 0.-1.-1 0.-1.-1 0.-1.-1 0.-1.-1 0.-1.-1 0.-1.-1 0.-1.-1

[15:42:04]	[Recv]	ct 1 2073308 3 5021193 -1 -1 1127

[15:42:04]	[Recv]	rc 1 2073308 200 0

[15:42:04]	[Recv]	su 1 2073308 3 5021193 1127 100 22 4284 0 0 0 0 102817 3 0 0 90871

[15:42:04]	[Recv]	lev 99 0 99 0 2140719000 5991794 66992052 2 0 90 917705181 0

[15:42:04]	[Recv]	eff 1 2073308 15

[15:42:04]	[Recv]	su 1 2073308 3 5021192 1127 100 22 4284 0 0 0 0 313495 6 0 0 120121

[15:42:04]	[Recv]	lev 99 0 99 0 2140719000 5991794 66992052 2 0 90 917705181 0

[15:42:05]	[Send]	suctl 5443 1 4988603 3 5021193
[15:42:05]	[Send]	u_s 13 3 5021193
[15:42:05]	[Recv]	cancel 0 13 -1

[15:42:05]	[Send]	ptctl 5443 2 4988603 43 41 4988592 42 40 4988603 15
[15:42:05]	[Recv]	cond 1 2073308 0 0 18

[15:42:05]	[Recv]	cond 1 2073308 0 0 18

[15:42:05]	[Send]	ncif 3 5021193
[15:42:05]	[Recv]	st 2 5020850 94 0 100 100 92062 184124 92062 184124 0

[15:42:05]	[Recv]	cond 2 4988603 0 0 15

[15:42:05]	[Recv]	cond 2 4988592 0 0 15

[15:42:05]	[Recv]	dm 1 2073308 594 1

[15:42:05]	[Send]	ptctl 5443 2 4988603 39 42 4988592 37 41 4988603 15
[15:42:05]	[Send]	ptctl 5443 2 4988603 39 43 4988592 38 42 4988603 15
[15:42:06]	[Recv]	st 2 5020851 94 0 100 100 92062 184124 92062 184124 0

[15:42:06]	[Recv]	cond 1 2073308 0 0 18

[15:42:06]	[Recv]	cond 1 2073308 0 0 18

[15:42:06]	[Recv]	cond 2 4988603 0 0 15

[15:42:06]	[Recv]	cond 2 4988592 0 0 15

[15:42:06]	[Recv]	sc_p 170 1548 4988592 96 592 24116467 0 0 1889 2049 1289 19 90 9 975 627 958 627 866 3 90 90 110 80 52280 57771 18100 18100 1 84982200 0 @ 0 0 6 60 1831 1798 0 100

[15:42:06]	[Recv]	st 2 5020852 94 0 100 100 92062 184124 92062 184124 0

[15:42:06]	[Recv]	cond 2 4988603 0 0 15

[15:42:06]	[Recv]	cond 2 4988592 0 0 15

[15:42:06]	[Recv]	cond 1 2073308 0 0 18

[15:42:06]	[Recv]	cond 1 2073308 0 0 18

[15:42:06]	[Send]	ncif 3 5021195
[15:42:06]	[Recv]	sp 414874 1000000 0 10000

[15:42:06]	[Recv]	st 3 5021195 99 0 26 100 24133 2828 90871 2828 0

[15:42:06]	[Send]	u_s 0 3 5021195
[15:42:06]	[Send]	ptctl 5443 1 4988592 41 44 4988592 15
[15:42:06]	[Send]	ptctl 5443 1 4988603 38 44 4988603 15
[15:42:06]	[Send]	suctl 5443 1 4988603 3 5021195
[15:42:07]	[Recv]	ct 1 2073308 3 5021195 -1 -1 1114

[15:42:07]	[Recv]	rc 1 2073308 200 0

[15:42:07]	[Recv]	su 1 2073308 3 5021195 1114 7 11 4260 0 0 0 0 36022 0 0 0 90871

[15:42:07]	[Recv]	lev 99 0 99 0 2140719000 5991794 66992052 2 0 90 917705181 0

[15:42:07]	[Recv]	cond 2 4988592 0 0 15

[15:42:07]	[Send]	ptctl 5443 2 4988603 38 49 4988592 38 48 4988603 15
[15:42:07]	[Recv]	cond 2 4988603 0 0 15

[15:42:07]	[Recv]	st 2 5020850 94 0 100 100 92062 184124 92062 184124 0

[15:42:07]	[Recv]	cond 1 2073308 0 0 18

[15:42:07]	[Recv]	cond 1 2073308 0 0 18

[15:42:07]	[Recv]	cond 2 4988603 0 0 15

[15:42:07]	[Recv]	cond 2 4988592 0 0 15

[15:42:07]	[Recv]	dm 1 2073308 594 1

[15:42:07]	[Recv]	sr 0

[15:42:08]	[Recv]	st 2 5020851 94 0 100 100 92062 184124 92062 184124 0

[15:42:08]	[Send]	ptctl 5443 1 4988603 39 54 4988603 15
[15:42:08]	[Send]	ptctl 5443 1 4988592 40 53 4988592 15
[15:42:08]	[Recv]	cond 2 4988603 0 0 15

[15:42:08]	[Recv]	st 2 5020852 94 0 100 100 92062 184124 92062 184124 0

[15:42:08]	[Recv]	cond 2 4988592 0 0 15

[15:42:08]	[Send]	u_ts 777 62 49
[15:42:08]	[Send]	ptctl 5443 2 4988603 35 51 4988592 37 49 4988603 15
[15:42:08]	[Recv]	eff 2 5020850 7739

[15:42:08]	[Recv]	cond 1 2073308 0 0 18

[15:42:08]	[Recv]	cond 1 2073308 0 0 18

[15:42:08]	[Recv]	in 2 2731 4988617 63 48 2 100 100 0 0 3 2073308 0 0 -1 @ 2 -1 0 0 0 0 0 0 0 0 0 0 15 5

[15:42:08]	[Recv]	ctl 2 4988617 0 1

[15:42:08]	[Recv]	in 2 1538 4988590 61 48 2 100 100 0 0 3 2073308 0 0 -1 @ 2 -1 0 0 0 0 0 0 0 0 0 0 16 6

[15:42:08]	[Recv]	ctl 2 4988590 0 1

[15:42:08]	[Recv]	in 2 840 4988573 60 49 2 100 100 0 0 3 2073308 0 0 -1 @ 2 -1 0 0 0 0 0 0 0 0 0 0 14 4

[15:42:08]	[Recv]	ctl 2 4988573 0 1

[15:42:08]	[Recv]	in 2 64 4988460 63 49 2 100 100 0 0 3 2073308 0 0 -1 @ 2 -1 0 0 0 0 0 0 0 0 0 0 13 3

[15:42:08]	[Recv]	ctl 2 4988460 0 1

[15:42:08]	[Recv]	bf 1 2073308 0.1028.200 99

[15:42:08]	[Recv]	sayi 1 2073308 20 26 3 1028 0 0 0

[15:42:08]	[Recv]	team_cool 3 900

[15:42:08]	[Recv]	in 3 776 5021488 6 38 0 100 100 0 0 0 -1 0 0 -1 - 0 -1 0 0 0 0 0 0 0 0 0 0 0 0

[15:42:08]	[Recv]	msgi 0 679 0 0 0 0 0

[15:42:08]	[Recv]	in 3 718 5021489 6 40 5 100 100 0 0 0 -1 0 0 -1 - 0 -1 0 0 0 0 0 0 0 0 0 0 0 0

[15:42:08]	[Recv]	msgi 0 679 0 0 0 0 0

[15:42:08]	[Recv]	in 3 701 5021490 37 8 3 100 100 0 0 0 -1 0 0 -1 - 0 -1 0 0 0 0 0 0 0 0 0 0 0 0

[15:42:08]	[Recv]	msgi 0 679 0 0 0 0 0

[15:42:08]	[Recv]	in 3 713 5021491 38 6 3 100 100 0 0 0 -1 0 0 -1 - 0 -1 0 0 0 0 0 0 0 0 0 0 0 0

[15:42:08]	[Recv]	msgi 0 679 0 0 0 0 0

[15:42:08]	[Recv]	in 3 776 5021492 40 6 0 100 100 0 0 0 -1 0 0 -1 - 0 -1 0 0 0 0 0 0 0 0 0 0 0 0

[15:42:08]	[Recv]	msgi 0 679 0 0 0 0 0

[15:42:08]	[Recv]	in 3 702 5021493 40 7 1 100 100 0 0 0 -1 0 0 -1 - 0 -1 0 0 0 0 0 0 0 0 0 0 0 0

[15:42:08]	[Recv]	msgi 0 679 0 0 0 0 0

[15:42:08]	[Recv]	in 3 701 5021494 40 9 6 100 100 0 0 0 -1 0 0 -1 - 0 -1 0 0 0 0 0 0 0 0 0 0 0 0

[15:42:08]	[Recv]	msgi 0 679 0 0 0 0 0

[15:42:08]	[Recv]	in 3 713 5021495 42 6 0 100 100 0 0 0 -1 0 0 -1 - 0 -1 0 0 0 0 0 0 0 0 0 0 0 0

[15:42:08]	[Recv]	msgi 0 679 0 0 0 0 0

[15:42:08]	[Recv]	in 3 701 5021496 42 8 5 100 100 0 0 0 -1 0 0 -1 - 0 -1 0 0 0 0 0 0 0 0 0 0 0 0

[15:42:08]	[Recv]	msgi 0 679 0 0 0 0 0

[15:42:08]	[Recv]	in 3 776 5021497 72 37 6 100 100 0 0 0 -1 0 0 -1 - 0 -1 0 0 0 0 0 0 0 0 0 0 0 0

[15:42:08]	[Recv]	msgi 0 679 0 0 0 0 0

[15:42:08]	[Recv]	in 3 718 5021498 72 40 2 100 100 0 0 0 -1 0 0 -1 - 0 -1 0 0 0 0 0 0 0 0 0 0 0 0

[15:42:08]	[Recv]	msgi 0 679 0 0 0 0 0

[15:42:08]	[Recv]	eff 3 5021498 5000

[15:42:08]	[Recv]	eff 3 5021495 5000

[15:42:08]	[Recv]	eff 3 5021492 5000

[15:42:08]	[Recv]	eff 3 5021489 5000

[15:42:08]	[Recv]	cond 2 4988603 0 0 15

[15:42:08]	[Recv]	cond 2 4988592 0 0 15

[15:42:08]	[Send]	ptctl 5443 2 4988603 31 51 4988592 32 49 4988603 15
[15:42:08]	[Recv]	cond 1 2073308 0 0 18

[15:42:08]	[Recv]	cond 1 2073308 0 0 18

[15:42:08]	[Recv]	eff 2 4988544 3007

[15:42:08]	[Recv]	cond 2 4988603 0 0 15

[15:42:08]	[Recv]	cond 2 4988592 0 0 15

[15:42:09]	[Send]	ptctl 5443 2 4988603 29 51 4988592 30 49 4988603 15
[15:42:09]	[Recv]	eff 2 5020851 7739

[15:42:09]	[Recv]	cond 1 2073308 0 0 18

[15:42:09]	[Recv]	cond 1 2073308 0 0 18

[15:42:09]	[Recv]	eff 2 5020852 7739

[15:42:09]	[Recv]	cond 2 4988603 0 0 15

[15:42:09]	[Recv]	cond 2 4988592 0 0 15

[15:42:09]	[Send]	ptctl 5443 2 4988603 27 51 4988592 28 49 4988603 15
[15:42:09]	[Recv]	sc_p 74 1538 4988590 1 2977 0 0 0 1330 1388 730 18 150 0 622 74 624 74 619 2 90 110 100 100 15441 15441 15070 15070 0 15 0 @ 0 16 6 60 1819 1831 0 100

[15:42:09]	[Recv]	sc_p 77 2731 4988617 1 2976 0 0 0 820 850 450 15 80 0 345 38 350 38 360 4 83 93 73 108 7621 7621 7260 7260 0 15 0 @ 0 15 5 40 1805 1820 3 2130

[15:42:09]	[Recv]	st 2 5020850 94 0 100 100 92062 184124 92062 184124 0

[15:42:09]	[Recv]	cond 1 2073308 0 0 18

[15:42:09]	[Recv]	cond 1 2073308 0 0 18

[15:42:09]	[Recv]	cond 2 4988603 0 0 15

[15:42:09]	[Recv]	cond 2 4988592 0 0 15

[15:42:09]	[Recv]	dm 1 2073308 594 1

[15:42:09]	[Send]	ncif 3 5021488
[15:42:10]	[Recv]	ct 2 4988590 3 5021497 -1 -1 0

[15:42:10]	[Recv]	su 2 4988590 3 5021497 0 10 11 4841 0 0 1 100 0 1 0 266371 266371

[15:42:10]	[Recv]	st 2 5020851 94 0 100 100 92062 184124 92062 184124 0

[15:42:10]	[Recv]	st 3 5021488 99 0 100 100 266371 2828 266371 2828 0

[15:42:10]	[Send]	ptctl 5443 1 4988603 22 51 4988603 15
[15:42:10]	[Send]	ptctl 5443 1 4988592 23 49 4988592 15
[15:42:10]	[Recv]	st 2 5020852 94 0 100 100 92062 184124 92062 184124 0

[15:42:10]	[Recv]	cond 2 4988603 0 0 15

[15:42:10]	[Recv]	cond 2 4988592 0 0 15

[15:42:10]	[Send]	ptctl 5443 1 4988592 20 49 4988592 15
[15:42:10]	[Recv]	cond 1 2073308 0 0 18

[15:42:10]	[Recv]	cond 1 2073308 0 0 18

[15:42:10]	[Recv]	cond 2 4988592 0 0 15

[15:42:10]	[Send]	u_s 8 3 5021488
[15:42:10]	[Send]	ncif 3 5021488
[15:42:11]	[Send]	ptctl 5443 1 4988603 18 48 4988603 15
[15:42:11]	[Recv]	cond 1 2073308 0 0 18

[15:42:11]	[Recv]	cond 1 2073308 0 0 18

[15:42:11]	[Recv]	ms_c 0

[15:42:11]	[Recv]	qslot 0 1.1.1 1.1.2 1.1.3 1.1.4 1.1.5 1.1.6 1.1.7 1.1.9 1.1.8 1.1.10 0.1.45 0.2.21 0.1.76 1.1.38 1.3.12 0.1.34 0.1.87 0.-1.-1 0.1.84 0.1.43 1.3.11 1.1.42 1.1.41 1.3.976 0.-1.-1 0.1.70 0.2.143 0.2.25 0.2.27 0.2.26

[15:42:11]	[Recv]	qslot 1 0.-1.-1 0.-1.-1 0.-1.-1 0.-1.-1 0.-1.-1 0.-1.-1 0.-1.-1 0.-1.-1 0.-1.-1 0.-1.-1 0.1.-1 0.1.-1 1.1.41 1.1.42 0.-1.-1 7.7.-1 7.7.-1 7.7.-1 7.7.-1 0.-1.-1 0.-1.-1 0.-1.-1 0.-1.-1 0.-1.-1 0.-1.-1 0.-1.-1 0.-1.-1 0.-1.-1 0.-1.-1 0.-1.-1

[15:42:11]	[Recv]	ct 1 2073308 3 5021488 -1 -1 1122

[15:42:11]	[Recv]	st 3 5021488 99 0 100 100 266371 2828 266371 2828 0

[15:42:11]	[Recv]	eff 1 2073308 15

[15:42:11]	[Recv]	rc 1 2073308 200 0

[15:42:11]	[Recv]	su 1 2073308 3 5021488 1122 150 41 4268 0 0 1 71 76909 0 0 189462 266371

[15:42:11]	[Recv]	mslot 1125 -1

[15:42:11]	[Recv]	qset 0 8 1.1.11.0

[15:42:11]	[Recv]	cond 2 4988603 0 0 15

[15:42:11]	[Send]	ptctl 5443 1 4988603 19 49 4988603 15
[15:42:11]	[Send]	suctl 5443 1 4988603 3 5021488
[15:42:11]	[Recv]	st 2 5020850 94 0 100 100 92062 184124 92062 184124 0

[15:42:11]	[Send]	mtlist 1 2 4988603 
[15:42:11]	[Send]	u_s 11 3 5021488
[15:42:11]	[Recv]	out 2 4988523

[15:42:11]	[Recv]	out 2 4988544

[15:42:11]	[Recv]	out 2 4988614

[15:42:11]	[Recv]	out 2 4988615

[15:42:11]	[Recv]	sayi 1 2073308 20 22 3 1026 0 0 0

[15:42:11]	[Recv]	bf 1 2073308 0.1026.0 99

[15:42:11]	[Recv]	cond 2 4988603 0 0 15

[15:42:11]	[Send]	ptctl 5443 1 4988592 14 49 4988592 15
[15:42:11]	[Recv]	msgi2 0 905 14 #Devil_Boy# 2049 

[15:42:11]	[Recv]	sp 414864 1000000 0 10000

[15:42:11]	[Recv]	sr 1

[15:42:11]	[Recv]	eff 2 4988603 5005

[15:42:11]	[Recv]	dm 1 2073308 594 1

[15:42:11]	[Recv]	ms_c 0

[15:42:11]	[Recv]	qslot 0 1.1.1 1.1.2 1.1.3 1.1.4 1.1.5 1.1.6 1.1.7 1.1.9 1.1.8 1.1.10 0.1.45 0.2.21 0.1.76 1.1.38 1.3.12 0.1.34 0.1.87 0.-1.-1 0.1.84 0.1.43 1.3.11 1.1.42 1.1.41 1.3.976 0.-1.-1 0.1.70 0.2.143 0.2.25 0.2.27 0.2.26

[15:42:11]	[Recv]	qslot 1 0.-1.-1 0.-1.-1 0.-1.-1 0.-1.-1 0.-1.-1 0.-1.-1 0.-1.-1 0.-1.-1 0.-1.-1 0.-1.-1 0.1.-1 0.1.-1 1.1.41 1.1.42 0.-1.-1 7.7.-1 7.7.-1 7.7.-1 7.7.-1 0.-1.-1 0.-1.-1 0.-1.-1 0.-1.-1 0.-1.-1 0.-1.-1 0.-1.-1 0.-1.-1 0.-1.-1 0.-1.-1 0.-1.-1

[15:42:11]	[Recv]	ct 1 2073308 3 5021488 -1 -1 1125

[15:42:11]	[Recv]	cond 1 2073308 0 0 21

[15:42:11]	[Recv]	bf 1 2073308 0.576.20 99

[15:42:11]	[Recv]	sayi 1 2073308 20 26 3 576 0 0 0

[15:42:11]	[Recv]	rc 1 2073308 200 0

[15:42:11]	[Recv]	su 1 2073308 3 5021488 1125 3 22 4272 0 0 1 60 28178 0 0 161284 266371

[15:42:11]	[Recv]	in 3 2371 5021502 17 53 2 100 100 0 0 0 -1 0 0 -1 - 0 -1 0 0 0 0 0 0 0 0 0 0 0 0

[15:42:11]	[Recv]	guri 31 1 2073308 17 53

[15:42:11]	[Recv]	mslot 1126 -1

[15:42:11]	[Recv]	qset 0 8 1.1.12.0

[15:42:11]	[Recv]	cond 2 4988592 0 0 15

[15:42:12]	[Send]	ncif 3 5021488
[15:42:12]	[Recv]	ct 2 4988603 3 5021488 -1 -1 0

[15:42:12]	[Recv]	su 2 4988603 3 5021488 0 12 11 8360 0 0 1 57 6919 0 0 154365 266371

[15:42:12]	[Recv]	st 2 5020851 94 0 100 100 92062 184124 92062 184124 0

[15:42:12]	[Recv]	st 3 5021488 99 0 57 100 154365 2828 266371 2828 0

[15:42:12]	[Send]	mtlist 2 2 4988592 2 4988603 
[15:42:12]	[Send]	u_s 12 3 5021488
[15:42:12]	[Recv]	ct 2 4988460 3 5021497 -1 -1 0

[15:42:12]	[Recv]	st 2 5020852 94 0 100 100 92062 184124 92062 184124 0

[15:42:12]	[Recv]	sr 11

[15:42:12]	[Recv]	su 2 4988460 3 5021497 0 12 11 1007 0 0 1 100 1 0 0 266370 266371

[15:42:12]	[Recv]	ms_c 0

[15:42:12]	[Recv]	qslot 0 1.1.1 1.1.2 1.1.3 1.1.4 1.1.5 1.1.6 1.1.7 1.1.9 1.1.8 1.1.10 0.1.45 0.2.21 0.1.76 1.1.38 1.3.12 0.1.34 0.1.87 0.-1.-1 0.1.84 0.1.43 1.3.11 1.1.42 1.1.41 1.3.976 0.-1.-1 0.1.70 0.2.143 0.2.25 0.2.27 0.2.26

[15:42:12]	[Recv]	qslot 1 0.-1.-1 0.-1.-1 0.-1.-1 0.-1.-1 0.-1.-1 0.-1.-1 0.-1.-1 0.-1.-1 0.-1.-1 0.-1.-1 0.1.-1 0.1.-1 1.1.41 1.1.42 0.-1.-1 7.7.-1 7.7.-1 7.7.-1 7.7.-1 0.-1.-1 0.-1.-1 0.-1.-1 0.-1.-1 0.-1.-1 0.-1.-1 0.-1.-1 0.-1.-1 0.-1.-1 0.-1.-1 0.-1.-1

[15:42:12]	[Send]	ptctl 5443 1 4988592 13 48 4988592 15
[15:42:12]	[Send]	suctl 5443 1 4988592 3 5021488
[15:42:12]	[Recv]	ct 1 2073308 3 5021488 -1 -1 1126

[15:42:12]	[Recv]	eff 1 2073308 15

[15:42:12]	[Recv]	rc 1 2073308 200 0

[15:42:12]	[Recv]	su 1 2073308 3 5021488 1126 3 26 4273 0 0 0 0 210052 3 0 0 266371

[15:42:12]	[Recv]	lev 99 0 99 0 2140719000 5991794 66992052 2 0 90 917705181 0

[15:42:12]	[Recv]	cond 1 2073308 0 0 22

[15:42:12]	[Recv]	bf 1 2073308 0.567.400 99

[15:42:12]	[Recv]	eff 1 2073308 0

[15:42:12]	[Recv]	sayi 1 2073308 20 26 3 567 0 0 0

[15:42:12]	[Recv]	mslot 1125 -1

[15:42:12]	[Recv]	qset 0 8 1.1.11.0

[15:42:12]	[Recv]	cond 2 4988592 0 0 15

[15:42:12]	[Send]	suctl 5443 1 4988603 3 5021488
[15:42:12]	[Send]	mtlist 0 
[15:42:12]	[Send]	u_s 11 3 5021488
[15:42:12]	[Recv]	die 3 5021502 3 5021502

[15:42:12]	[Recv]	ct 2 4988590 3 5021497 -1 -1 0

[15:42:12]	[Recv]	su 2 4988590 3 5021497 0 10 11 4841 0 0 1 100 1 0 0 266369 266371

[15:42:12]	[Recv]	sr 12

[15:42:13]	[Recv]	cancel 0 11 -1

[15:42:13]	[Send]	ptctl 5443 2 4988603 22 53 4988592 18 49 4988603 15
[15:42:13]	[Recv]	cond 2 4988603 0 0 15

[15:42:13]	[Recv]	cond 2 4988592 0 0 15

[15:42:13]	[Send]	ptctl 5443 2 4988603 21 55 4988592 19 49 4988603 15
[15:42:13]	[Recv]	sc_p 78 840 4988573 1 2983 0 0 0 423 456 224 5 70 0 203 35 215 35 188 2 6 10 8 7 4021 4021 3740 3740 0 15 0 @ 0 14 4 23 1811 1797 629 630

[15:42:13]	[Recv]	cond 1 2073308 0 0 22

[15:42:13]	[Recv]	cond 1 2073308 0 0 22

[15:42:13]	[Send]	ptctl 5443 2 4988603 21 56 4988592 19 50 4988603 15
[15:42:13]	[Recv]	ct 2 4988617 3 5021498 -1 -1 0

[15:42:13]	[Recv]	su 2 4988617 3 5021498 0 10 11 8146 0 0 1 100 1 3 0 32370 32371

[15:42:13]	[Recv]	st 2 5020850 94 0 100 100 92062 184124 92062 184124 0

[15:42:13]	[Recv]	eff 2 5020850 7739

[15:42:13]	[Recv]	cond 2 4988603 0 0 15

[15:42:13]	[Recv]	cond 2 4988592 0 0 15

[15:42:13]	[Send]	ncif 3 5021489
[15:42:13]	[Recv]	cond 1 2073308 0 0 22

[15:42:13]	[Recv]	cond 1 2073308 0 0 22

[15:42:13]	[Send]	mtlist 2 2 4988592 2 4988603 
[15:42:13]	[Send]	u_s 11 3 5021489
[15:42:13]	[Recv]	ct 2 4988573 3 5021498 -1 -1 0

[15:42:13]	[Recv]	su 2 4988573 3 5021498 0 10 11 200 0 0 1 100 0 1 0 32370 32371

[15:42:13]	[Recv]	cond 2 4988603 0 0 15

[15:42:13]	[Recv]	cond 2 4988592 0 0 15

[15:42:13]	[Send]	ptctl 5443 1 4988592 17 47 4988592 15
[15:42:13]	[Recv]	dm 1 2073308 594 1

[15:42:13]	[Recv]	st 3 5021489 99 0 100 100 32371 2828 32371 2828 0

[15:42:13]	[Recv]	cond 1 2073308 0 0 19

[15:42:13]	[Recv]	sayi 1 2073308 20 22 3 576 0 0 0

[15:42:13]	[Recv]	bf 1 2073308 0.576.0 99

[15:42:13]	[Recv]	cond 1 2073308 0 0 19

[15:42:13]	[Recv]	cond 1 2073308 0 0 19

[15:42:14]	[Send]	ptctl 5443 2 4988603 25 55 4988592 23 48 4988603 15
[15:42:14]	[Recv]	st 2 5020851 94 0 100 100 92062 184124 92062 184124 0

[15:42:14]	[Recv]	eff 2 5020851 7739

[15:42:14]	[Recv]	ms_c 0

[15:42:14]	[Recv]	qslot 0 1.1.1 1.1.2 1.1.3 1.1.4 1.1.5 1.1.6 1.1.7 1.1.9 1.1.8 1.1.10 0.1.45 0.2.21 0.1.76 1.1.38 1.3.12 0.1.34 0.1.87 0.-1.-1 0.1.84 0.1.43 1.3.11 1.1.42 1.1.41 1.3.976 0.-1.-1 0.1.70 0.2.143 0.2.25 0.2.27 0.2.26

[15:42:14]	[Recv]	qslot 1 0.-1.-1 0.-1.-1 0.-1.-1 0.-1.-1 0.-1.-1 0.-1.-1 0.-1.-1 0.-1.-1 0.-1.-1 0.-1.-1 0.1.-1 0.1.-1 1.1.41 1.1.42 0.-1.-1 7.7.-1 7.7.-1 7.7.-1 7.7.-1 0.-1.-1 0.-1.-1 0.-1.-1 0.-1.-1 0.-1.-1 0.-1.-1 0.-1.-1 0.-1.-1 0.-1.-1 0.-1.-1 0.-1.-1

[15:42:14]	[Recv]	ct 1 2073308 3 5021489 -1 -1 1125

[15:42:14]	[Recv]	cond 1 2073308 0 0 22

[15:42:14]	[Recv]	bf 1 2073308 0.576.20 99

[15:42:14]	[Recv]	sayi 1 2073308 20 26 3 576 0 0 0

[15:42:14]	[Recv]	bf 3 5021489 0.4110.80 99

[15:42:14]	[Recv]	eff 3 5021489 0

[15:42:14]	[Recv]	rc 1 2073308 200 0

[15:42:14]	[Recv]	su 1 2073308 3 5021489 1125 3 22 4272 0 0 1 11 28633 0 0 3738 32371

[15:42:14]	[Recv]	bf 3 5021489 0.571.20 99

[15:42:14]	[Recv]	mslot 1126 -1

[15:42:14]	[Recv]	qset 0 8 1.1.12.0

[15:42:14]	[Recv]	cond 2 4988592 0 0 15

[15:42:14]	[Send]	ptctl 5443 2 4988603 26 55 4988592 24 48 4988603 15
[15:42:14]	[Recv]	st 2 5020852 94 0 100 100 92062 184124 92062 184124 0

[15:42:14]	[Recv]	eff 2 5020852 7739

[15:42:14]	[Recv]	cond 2 4988603 0 0 15

[15:42:14]	[Recv]	cond 2 4988592 0 0 15

[15:42:14]	[Recv]	cond 1 2073308 0 0 22

[15:42:14]	[Recv]	cond 1 2073308 0 0 22

[15:42:14]	[Send]	ptctl 5443 2 4988603 27 55 4988592 25 48 4988603 15
[15:42:14]	[Recv]	sr 11

[15:42:14]	[Recv]	cond 2 4988603 0 0 15

[15:42:14]	[Recv]	cond 2 4988592 0 0 15

[15:42:14]	[Send]	ptctl 5443 2 4988603 28 55 4988592 26 48 4988603 15
[15:42:14]	[Send]	ncif 3 5021489
[15:42:14]	[Recv]	cond 1 2073308 0 0 22

[15:42:14]	[Recv]	cond 1 2073308 0 0 22

[15:42:14]	[Send]	ptctl 5443 2 4988603 24 55 4988592 18 48 4988603 15
[15:42:14]	[Send]	suctl 5443 1 4988603 3 5021489
[15:42:14]	[Recv]	cond 2 4988603 0 0 15

[15:42:14]	[Recv]	cond 2 4988592 0 0 15

[15:42:14]	[Send]	mtlist 0 
[15:42:14]	[Send]	u_s 12 3 5021489
[15:42:14]	[Recv]	sayi 1 2073308 11 2065 0 0 0 0 0

[15:42:14]	[Recv]	psd 0

[15:42:14]	[Recv]	sayi 1 2073308 11 2065 0 0 0 0 0

[15:42:14]	[Recv]	psd 0

[15:42:14]	[Recv]	sayi 1 2073308 11 2065 0 0 0 0 0

[15:42:14]	[Recv]	psd 0

[15:42:14]	[Recv]	cond 2 4988603 0 0 15

[15:42:14]	[Recv]	cond 2 4988592 0 0 15

[15:42:14]	[Recv]	st 3 5021489 99 0 11 100 3738 2828 32371 2828 0 571.99 4110.99

[15:42:14]	[Recv]	sr 13

[15:42:14]	[Recv]	cond 2 4988603 0 0 15

[15:42:14]	[Recv]	cond 2 4988592 0 0 15

[15:42:15]	[Send]	ptctl 5443 2 4988603 29 55 4988592 25 48 4988603 15
[15:42:15]	[Recv]	eff 2 4988603 5005

[15:42:15]	[Recv]	cond 1 2073308 0 0 22

[15:42:15]	[Recv]	cond 1 2073308 0 0 22

[15:42:15]	[Send]	ptctl 5443 2 4988603 31 54 4988592 26 48 4988603 15
[15:42:15]	[Send]	ptctl 5443 1 4988603 30 52 4988603 15
[15:42:15]	[Recv]	ms_c 0

[15:42:15]	[Recv]	qslot 0 1.1.1 1.1.2 1.1.3 1.1.4 1.1.5 1.1.6 1.1.7 1.1.9 1.1.8 1.1.10 0.1.45 0.2.21 0.1.76 1.1.38 1.3.12 0.1.34 0.1.87 0.-1.-1 0.1.84 0.1.43 1.3.11 1.1.42 1.1.41 1.3.976 0.-1.-1 0.1.70 0.2.143 0.2.25 0.2.27 0.2.26

[15:42:15]	[Recv]	qslot 1 0.-1.-1 0.-1.-1 0.-1.-1 0.-1.-1 0.-1.-1 0.-1.-1 0.-1.-1 0.-1.-1 0.-1.-1 0.-1.-1 0.1.-1 0.1.-1 1.1.41 1.1.42 0.-1.-1 7.7.-1 7.7.-1 7.7.-1 7.7.-1 0.-1.-1 0.-1.-1 0.-1.-1 0.-1.-1 0.-1.-1 0.-1.-1 0.-1.-1 0.-1.-1 0.-1.-1 0.-1.-1 0.-1.-1

[15:42:15]	[Send]	ptctl 5443 2 4988603 29 51 4988592 27 48 4988603 15
[15:42:15]	[Recv]	ct 2 4988603 3 5021489 -1 -1 0

[15:42:15]	[Recv]	eff 2 4988603 15

[15:42:15]	[Recv]	su 2 4988603 3 5021489 0 12 11 8360 0 0 0 0 18808 0 0 0 32371

[15:42:15]	[Recv]	lev 99 0 99 0 2140719000 5991794 66992052 2 0 90 917705181 0

[15:42:15]	[Recv]	st 2 5020850 94 0 100 100 92062 184124 92062 184124 0

[15:42:15]	[Recv]	ct 1 2073308 3 5021489 -1 -1 1126

[15:42:15]	[Recv]	su 1 2073308 1 2073308 1126 3 26 4273 0 0 1 91 0 2 0 86875 95497

[15:42:15]	[Recv]	cond 2 4988603 0 0 15

[15:42:15]	[Recv]	cond 2 4988592 0 0 15

[15:42:15]	[Recv]	cond 2 4988603 0 0 15

[15:42:15]	[Recv]	cond 2 4988592 0 0 15

[15:42:15]	[Send]	ptctl 5443 2 4988603 30 51 4988592 28 48 4988603 15
[15:42:15]	[Recv]	cond 2 4988603 0 0 15

[15:42:15]	[Send]	ptctl 5443 2 4988603 29 51 4988592 29 48 4988603 15
[15:42:15]	[Recv]	sr 12

[15:42:15]	[Recv]	dm 1 2073308 594 1

[15:42:15]	[Recv]	cond 2 4988603 0 0 15

[15:42:15]	[Recv]	cond 2 4988592 0 0 15

[15:42:15]	[Send]	ptctl 5443 2 4988603 29 50 4988592 30 48 4988603 15
[15:42:15]	[Recv]	ct 2 4988590 3 5021497 -1 -1 0

[15:42:15]	[Recv]	su 2 4988590 3 5021497 0 10 11 4841 0 0 1 100 0 1 0 266369 266371

[15:42:15]	[Recv]	cond 1 2073308 0 0 22

[15:42:15]	[Recv]	cond 1 2073308 0 0 22

[15:42:15]	[Recv]	cond 2 4988603 0 0 15

[15:42:15]	[Recv]	cond 2 4988592 0 0 15

[15:42:15]	[Send]	ptctl 5443 2 4988603 30 51 4988592 31 48 4988603 15
[15:42:16]	[Recv]	st 2 5020851 94 0 100 100 92062 184124 92062 184124 0

[15:42:16]	[Recv]	cond 1 2073308 0 0 19

[15:42:16]	[Recv]	sayi 1 2073308 20 22 3 576 0 0 0

[15:42:16]	[Recv]	bf 1 2073308 0.576.0 99

[15:42:16]	[Recv]	cond 2 4988603 0 0 15

[15:42:16]	[Recv]	cond 2 4988592 0 0 15

[15:42:16]	[Recv]	cond 2 4988603 0 0 15

[15:42:16]	[Recv]	cond 2 4988592 0 0 15

[15:42:16]	[Send]	ptctl 5443 2 4988603 31 51 4988592 32 48 4988603 15
[15:42:16]	[Recv]	ct 2 4988617 3 5021498 -1 -1 0

[15:42:16]	[Recv]	su 2 4988617 3 5021498 0 10 11 8146 0 0 1 100 1 3 0 32369 32371

[15:42:16]	[Recv]	sc_p 170 1548 4988592 96 591 24116887 0 0 1889 2049 1289 19 90 9 975 627 958 627 866 3 90 90 110 80 52280 57771 18100 18100 1 84982200 0 @ 0 0 6 60 1831 1798 0 100

[15:42:16]	[Recv]	st 2 5020852 94 0 100 100 92062 184124 92062 184124 0

[15:42:16]	[Recv]	cond 1 2073308 0 0 19

[15:42:16]	[Recv]	cond 1 2073308 0 0 19

[15:42:16]	[Recv]	cond 2 4988603 0 0 15

[15:42:16]	[Recv]	cond 2 4988592 0 0 15

[15:42:16]	[Recv]	cond 1 2073308 0 0 19

[15:42:16]	[Recv]	cond 1 2073308 0 0 19

[15:42:16]	[Recv]	cond 2 4988603 0 0 15

[15:42:16]	[Recv]	cond 2 4988592 0 0 15

[15:42:16]	[Recv]	sp 414854 1000000 0 10000

[15:42:16]	[Send]	ncif 3 5021492
[15:42:16]	[Send]	ptctl 5443 1 4988592 33 43 4988592 15
[15:42:16]	[Recv]	st 3 5021492 99 0 100 100 266371 2828 266371 2828 0

[15:42:16]	[Recv]	cond 2 4988592 0 0 15

[15:42:17]	[Send]	u_s 1 3 5021492
[15:42:17]	[Recv]	ct 2 4988460 3 5021497 -1 -1 0

[15:42:17]	[Recv]	cond 1 2073308 0 0 19

[15:42:17]	[Recv]	cond 1 2073308 0 0 19

[15:42:17]	[Send]	ptctl 5443 1 4988603 35 47 4988603 15
[15:42:17]	[Recv]	ms_c 0

[15:42:17]	[Recv]	qslot 0 1.1.1 1.1.2 1.1.3 1.1.4 1.1.5 1.1.6 1.1.7 1.1.9 1.1.8 1.1.10 0.1.45 0.2.21 0.1.76 1.1.38 1.3.12 0.1.34 0.1.87 0.-1.-1 0.1.84 0.1.43 1.3.11 1.1.42 1.1.41 1.3.976 0.-1.-1 0.1.70 0.2.143 0.2.25 0.2.27 0.2.26

[15:42:17]	[Recv]	qslot 1 0.-1.-1 0.-1.-1 0.-1.-1 0.-1.-1 0.-1.-1 0.-1.-1 0.-1.-1 0.-1.-1 0.-1.-1 0.-1.-1 0.1.-1 0.1.-1 1.1.41 1.1.42 0.-1.-1 7.7.-1 7.7.-1 7.7.-1 7.7.-1 0.-1.-1 0.-1.-1 0.-1.-1 0.-1.-1 0.-1.-1 0.-1.-1 0.-1.-1 0.-1.-1 0.-1.-1 0.-1.-1 0.-1.-1

[15:42:17]	[Recv]	su 2 4988460 3 5021497 0 12 11 1007 0 0 1 100 0 1 0 266369 266371

[15:42:17]	[Recv]	ct 2 4988573 3 5021498 -1 -1 0

[15:42:17]	[Recv]	su 2 4988573 3 5021498 0 10 11 200 0 0 1 100 0 1 0 32369 32371

[15:42:17]	[Recv]	st 2 5020850 94 0 100 100 92062 184124 92062 184124 0

[15:42:17]	[Recv]	ct 1 2073308 3 5021492 14 4263 1115

[15:42:17]	[Recv]	cond 1 2073308 0 0 19

[15:42:17]	[Recv]	cond 1 2073308 0 0 19

[15:42:17]	[Recv]	cond 2 4988603 0 0 15

[15:42:17]	[Recv]	sc_p 72 64 4988460 1 2986 0 0 0 442 475 237 4 100 0 205 31 194 31 193 0 -3 12 12 14 4356 4356 4210 4210 0 15 0 @ 0 13 3 30 1804 1798 0 1080

[15:42:17]	[Send]	ptctl 5443 1 4988592 38 42 4988592 15
[15:42:17]	[Send]	ncif 3 5021492
[15:42:17]	[Recv]	su 1 2073308 3 5021492 1115 70 12 4264 0 0 1 100 0 4 0 266371 266371

[15:42:17]	[Recv]	dm 1 2073308 594 1

[15:42:17]	[Recv]	cond 2 4988592 0 0 15

[15:42:17]	[Recv]	ct 3 5021497 2 5020852 -1 -1 0

[15:42:17]	[Recv]	su 3 5021497 2 5020852 0 16 11 7640 0 0 1 99 981 0 0 91081 92062

[15:42:17]	[Recv]	st 3 5021492 99 0 100 100 266371 2828 266371 2828 0

[15:42:17]	[Send]	suctl 5443 1 4988603 3 5021492
[15:42:18]	[Recv]	st 2 5020851 94 0 100 100 92062 184124 92062 184124 0

[15:42:18]	[Recv]	eff 2 4988603 5005

[15:42:18]	[Send]	ptctl 5443 2 4988603 38 51 4988592 35 48 4988603 15
[15:42:18]	[Recv]	st 2 5020852 94 0 99 100 91081 184124 92062 184124 0

[15:42:18]	[Recv]	cond 1 2073308 0 0 19

[15:42:18]	[Recv]	cond 1 2073308 0 0 19

[15:42:18]	[Recv]	ct 2 4988617 3 5021498 -1 -1 0

[15:42:18]	[Recv]	su 2 4988617 3 5021498 0 10 11 8146 0 0 1 100 1 0 0 32368 32371

[15:42:18]	[Recv]	ct 2 4988603 3 5021492 -1 -1 0

[15:42:18]	[Recv]	su 2 4988603 3 5021492 0 12 11 8360 0 0 1 97 6912 0 0 259459 266371

[15:42:18]	[Recv]	eff 2 5020850 7739

[15:42:18]	[Recv]	cond 2 4988603 0 0 15

[15:42:18]	[Recv]	cond 2 4988592 0 0 15

[15:42:18]	[Send]	u_s 0 3 5021492
[15:42:18]	[Send]	ptctl 5443 1 4988592 39 44 4988592 15
[15:42:18]	[Recv]	ct 2 4988590 3 5021497 -1 -1 0

[15:42:18]	[Recv]	su 2 4988590 3 5021497 0 10 11 4841 0 0 1 100 0 1 0 266369 266371

[15:42:18]	[Recv]	cond 1 2073308 0 0 19

[15:42:18]	[Recv]	cond 1 2073308 0 0 19

[15:42:18]	[Send]	ncif 3 5021492
[15:42:18]	[Recv]	ct 1 2073308 3 5021492 -1 -1 1114

[15:42:18]	[Recv]	su 1 2073308 3 5021492 1114 7 11 4260 0 0 1 97 0 4 0 259459 266371

[15:42:18]	[Recv]	cond 2 4988592 0 0 15

[15:42:18]	[Send]	ptctl 5443 2 4988603 40 52 4988592 40 50 4988603 15
[15:42:18]	[Recv]	st 3 5021492 99 0 97 100 259459 2828 266371 2828 0

[15:42:19]	[Recv]	eff 2 5020851 7739

[15:42:19]	[Recv]	cond 1 2073308 0 0 19

[15:42:19]	[Recv]	cond 1 2073308 0 0 19

[15:42:19]	[Recv]	cond 2 4988603 0 0 15

[15:42:19]	[Recv]	cond 2 4988592 0 0 15

[15:42:19]	[Send]	ptctl 5443 2 4988603 41 51 4988592 41 51 4988603 15
[15:42:19]	[Recv]	eff 2 5020852 7739

[15:42:19]	[Recv]	cond 1 2073308 0 0 19

[15:42:19]	[Recv]	cond 1 2073308 0 0 19

[15:42:19]	[Send]	ptctl 5443 1 4988603 37 49 4988603 15
[15:42:19]	[Send]	suctl 5443 1 4988603 3 5021492
[15:42:19]	[Send]	u_s 0 3 5021492
[15:42:19]	[Recv]	sc_p 74 1538 4988590 1 2976 0 0 0 1330 1388 730 18 150 0 622 74 624 74 619 2 90 110 100 100 15441 15441 15070 15070 0 15 0 @ 0 16 6 60 1819 1831 0 100

[15:42:19]	[Recv]	sc_p 77 2731 4988617 1 2975 0 0 0 820 850 450 15 80 0 345 38 350 38 360 4 83 93 73 108 7621 7621 7260 7260 0 15 0 @ 0 15 5 40 1805 1820 3 2130

[15:42:19]	[Recv]	st 2 5020850 94 0 100 100 92062 184124 92062 184124 0

[15:42:19]	[Recv]	cond 2 4988603 0 0 15

[15:42:19]	[Recv]	cond 2 4988592 0 0 15

[15:42:19]	[Send]	ptctl 5443 1 4988592 39 48 4988592 15
[15:42:19]	[Recv]	sr 0

[15:42:19]	[Recv]	cond 2 4988603 0 0 15

[15:42:19]	[Recv]	ct 2 4988573 3 5021498 -1 -1 0

[15:42:19]	[Recv]	su 2 4988573 3 5021498 0 10 11 200 0 0 1 100 0 1 0 32368 32371

[15:42:19]	[Recv]	eff 2 4988603 5005

[15:42:19]	[Send]	suctl 5443 1 4988592 3 5021492
[15:42:19]	[Send]	ncif 3 5021492
[15:42:19]	[Recv]	dm 1 2073308 594 1

[15:42:19]	[Recv]	cond 1 2073308 0 0 19

[15:42:19]	[Recv]	cond 1 2073308 0 0 19

[15:42:19]	[Recv]	ct 1 2073308 3 5021492 -1 -1 1114

[15:42:19]	[Recv]	su 1 2073308 3 5021492 -1 0 -1 7687 -1 -1 1 96 1683 0 0

[15:42:19]	[Recv]	bf 3 5021492 0.1921.100 99

[15:42:19]	[Recv]	eff 3 5021492 0

[15:42:19]	[Recv]	rc 1 2073308 200 0

[15:42:19]	[Recv]	su 1 2073308 3 5021492 1114 7 11 4260 0 0 1 65 82146 3 0 175630 266371

[15:42:19]	[Recv]	cond 2 4988592 0 0 15

[15:42:20]	[Recv]	ct 2 4988460 3 5021497 -1 -1 0

[15:42:20]	[Recv]	ct 2 4988603 3 5021492 -1 -1 0

[15:42:20]	[Recv]	su 2 4988603 3 5021492 0 12 11 8360 0 0 1 63 6839 0 0 168791 266371

[15:42:20]	[Recv]	st 2 5020851 94 0 100 100 92062 184124 92062 184124 0

[15:42:20]	[Recv]	eff 2 4988592 5005

[15:42:20]	[Send]	ptctl 5443 2 4988603 38 54 4988592 39 53 4988603 15
[15:42:20]	[Recv]	st 3 5021492 99 0 63 100 168791 2828 266371 2828 0 1921.99

[15:42:20]	[Recv]	eff 3 5021497 6003

[15:42:20]	[Recv]	su 2 4988460 3 5021497 0 12 11 1007 0 0 1 100 1 0 0 266368 266371

[15:42:20]	[Recv]	st 2 5020852 94 0 100 100 92001 184124 92062 184124 0

[15:42:20]	[Recv]	cond 1 2073308 0 0 19

[15:42:20]	[Recv]	cond 1 2073308 0 0 19

[15:42:20]	[Recv]	cond 2 4988603 0 0 15

[15:42:20]	[Recv]	cond 2 4988592 0 0 15

[15:42:20]	[Recv]	ct 2 4988592 3 5021492 -1 -1 0

[15:42:20]	[Recv]	su 2 4988592 3 5021492 0 10 11 0 0 0 1 63 0 1 0 168791 266371

[15:42:20]	[Send]	u_s 0 3 5021492
[15:42:20]	[Recv]	ct 2 4988617 3 5021498 -1 -1 0

[15:42:20]	[Recv]	su 2 4988617 3 5021498 0 10 11 8146 0 0 1 100 0 1 0 32368 32371

[15:42:20]	[Recv]	sr 0

[15:42:20]	[Send]	ptctl 5443 1 4988603 37 50 4988603 15
[15:42:20]	[Send]	suctl 5443 1 4988603 3 5021492
[15:42:20]	[Recv]	cond 1 2073308 0 0 19

[15:42:20]	[Recv]	cond 1 2073308 0 0 19

[15:42:20]	[Send]	ncif 3 5021492
[15:42:20]	[Recv]	ct 2 4988590 3 5021497 -1 -1 0

[15:42:20]	[Recv]	su 2 4988590 3 5021497 0 10 11 4841 0 0 1 100 1 3 0 266367 266371

[15:42:20]	[Send]	ptctl 5443 1 4988592 39 50 4988592 15
[15:42:20]	[Send]	ptctl 5443 1 4988592 39 51 4988592 15
[15:42:20]	[Recv]	ct 1 2073308 3 5021492 -1 -1 1114

[15:42:20]	[Recv]	rc 1 2073308 200 0

[15:42:20]	[Recv]	su 1 2073308 3 5021492 1114 7 11 4260 0 0 1 52 28881 0 0 139910 266371

[15:42:20]	[Recv]	cond 2 4988603 0 0 15

[15:42:21]	[Send]	ptctl 5443 2 4988603 38 55 4988592 39 55 4988603 15
[15:42:21]	[Recv]	eff 2 4988603 5005

[15:42:21]	[Recv]	st 3 5021492 99 0 52 100 139910 2828 266371 2828 0 1921.99

[15:42:21]	[Send]	ptctl 5443 2 4988603 39 55 4988592 40 56 4988603 15
[15:42:21]	[Recv]	cond 2 4988592 0 0 15

[15:42:21]	[Recv]	cond 2 4988592 0 0 15

[15:42:21]	[Recv]	ct 2 4988603 3 5021492 -1 -1 0

[15:42:21]	[Recv]	su 2 4988603 3 5021492 0 12 11 8360 0 0 1 49 6949 0 0 132961 266371

[15:42:21]	[Recv]	st 2 5020850 94 0 100 100 92062 184124 92062 184124 0

[15:42:21]	[Recv]	cond 1 2073308 0 0 19

[15:42:21]	[Recv]	cond 1 2073308 0 0 19

[15:42:21]	[Recv]	cond 2 4988603 0 0 15

[15:42:21]	[Recv]	cond 2 4988592 0 0 15

[15:42:21]	[Recv]	sp 414844 1000000 0 10000

[15:42:21]	[Recv]	sr 0

[15:42:21]	[Recv]	cond 1 2073308 0 0 19

[15:42:21]	[Recv]	cond 1 2073308 0 0 19

[15:42:21]	[Recv]	dm 1 2073308 594 1

[15:42:21]	[Recv]	cond 2 4988603 0 0 15

[15:42:21]	[Recv]	cond 2 4988592 0 0 15

[15:42:21]	[Send]	ncif 3 5021492
[15:42:21]	[Recv]	ct 2 4988573 3 5021498 -1 -1 0

[15:42:21]	[Recv]	su 2 4988573 3 5021498 0 10 11 200 0 0 1 100 1 0 0 32367 32371

[15:42:21]	[Recv]	st 3 5021492 99 0 49 100 132961 2828 266371 2828 0 1921.99

[15:42:21]	[Send]	ptctl 5443 1 4988592 39 55 4988592 15
[15:42:21]	[Send]	suctl 5443 1 4988592 3 5021492
[15:42:21]	[Send]	u_s 0 3 5021492
[15:42:21]	[Recv]	cond 2 4988592 0 0 15

[15:42:22]	[Send]	u_ps 4988603 3 5021492 1
[15:42:22]	[Send]	ptctl 5443 1 4988603 37 53 4988603 15
[15:42:22]	[Recv]	st 2 5020851 94 0 100 100 92062 184124 92062 184124 0

[15:42:22]	[Recv]	eff 2 4988592 5005

[15:42:22]	[Recv]	cond 1 2073308 0 0 19

[15:42:22]	[Recv]	cond 1 2073308 0 0 19

[15:42:22]	[Recv]	st 2 5020852 94 0 100 100 92062 184124 92062 184124 0

[15:42:22]	[Recv]	ct 1 2073308 3 5021492 -1 -1 1114

[15:42:22]	[Recv]	eff 1 2073308 15

[15:42:22]	[Recv]	rc 1 2073308 200 0

[15:42:22]	[Recv]	su 1 2073308 3 5021492 1114 7 11 4260 0 0 0 0 214262 3 0 0 266371

[15:42:22]	[Recv]	lev 99 0 99 0 2140719000 5991794 66992052 2 0 90 917705181 0

[15:42:22]	[Send]	ncif 3 5021492
[15:42:22]	[Recv]	ct 2 4988592 3 5021492 -1 -1 0

[15:42:22]	[Recv]	su 2 4988592 2 4988592 0 10 11 0 0 0 1 90 0 2 0 52280 57771

[15:42:22]	[Recv]	cond 2 4988603 0 0 15

[15:42:22]	[Send]	ptctl 5443 2 4988603 42 53 4988592 44 55 4988603 15
[15:42:22]	[Recv]	cond 1 2073308 0 0 19

[15:42:22]	[Recv]	cond 1 2073308 0 0 19

[15:42:22]	[Send]	ptctl 5443 2 4988603 44 53 4988592 45 55 4988603 15
[15:42:22]	[Recv]	cond 2 4988603 0 0 15

[15:42:22]	[Recv]	cond 2 4988592 0 0 15

[15:42:22]	[Recv]	ct 2 4988460 3 5021497 -1 -1 0

[15:42:22]	[Recv]	ct 2 4988617 3 5021498 -1 -1 0

[15:42:22]	[Recv]	su 2 4988617 3 5021498 0 10 11 8146 0 0 1 100 1 3 0 32366 32371

[15:42:22]	[Recv]	cond 1 2073308 0 0 19

[15:42:22]	[Recv]	cond 1 2073308 0 0 19

[15:42:22]	[Send]	ptctl 5443 1 4988603 45 53 4988603 15
[15:42:22]	[Recv]	cond 2 4988603 0 0 15

[15:42:22]	[Recv]	cond 2 4988592 0 0 15

[15:42:23]	[Recv]	su 2 4988460 3 5021497 0 12 11 1007 0 0 1 100 1 0 0 266366 266371

[15:42:23]	[Recv]	ct 2 4988590 3 5021497 -1 -1 0

[15:42:23]	[Recv]	su 2 4988590 3 5021497 0 10 11 4841 0 0 1 100 1 0 0 266365 266371

[15:42:23]	[Recv]	sr 0

[15:42:23]	[Recv]	cond 2 4988603 0 0 15

[15:42:23]	[Recv]	sc_p 78 840 4988573 1 2982 0 0 0 423 456 224 5 70 0 203 35 215 35 188 2 6 10 8 7 4021 4021 3740 3740 0 15 0 @ 0 14 4 23 1811 1797 629 630

[15:42:23]	[Send]	ncif 3 5021497
[15:42:23]	[Recv]	st 2 5020850 94 0 100 100 92062 184124 92062 184124 0

[15:42:23]	[Recv]	eff 2 5020850 7739

[15:42:23]	[Recv]	st 3 5021497 99 0 100 100 266365 2828 266371 2828 0 7.1

[15:42:23]	[Send]	ptctl 5443 1 4988592 48 57 4988592 15
[15:42:23]	[Recv]	dm 1 2073308 594 1

[15:42:23]	[Recv]	cond 2 4988592 0 0 15

[15:42:23]	[Recv]	ct 3 5021498 1 2073308 -1 -1 0

[15:42:23]	[Recv]	su 3 5021498 1 2073308 0 12 11 0 0 0 1 88 450 0 0 84055 95497

[15:42:23]	[Recv]	in 3 804 5021547 44 51 2 100 100 0 0 0 -1 0 0 -1 - 0 -1 0 0 0 0 0 0 0 0 0 0 0 0

[15:42:23]	[Recv]	in 3 804 5021548 46 50 2 100 100 0 0 0 -1 0 0 -1 - 0 -1 0 0 0 0 0 0 0 0 0 0 0 0

[15:42:23]	[Send]	ptctl 5443 1 4988603 50 54 4988603 15
[15:42:24]	[Recv]	eff 3 5021548 5000

[15:42:24]	[Recv]	st 2 5020851 94 0 100 100 92062 184124 92062 184124 0

[15:42:24]	[Recv]	eff 2 5020851 7739

[15:42:24]	[Recv]	cond 2 4988603 0 0 15

[15:42:24]	[Recv]	cond 1 2073308 0 0 19

[15:42:24]	[Recv]	cond 1 2073308 0 0 19

[15:42:24]	[Recv]	st 2 5020852 94 0 100 100 92062 184124 92062 184124 0

[15:42:24]	[Recv]	eff 2 5020852 7739

[15:42:24]	[Send]	u_s 0 3 5021497
[15:42:24]	[Send]	ncif 3 5021497
[15:42:24]	[Recv]	cond 1 2073308 0 0 19

[15:42:24]	[Recv]	cond 1 2073308 0 0 19

[15:42:24]	[Recv]	eff 3 5021496 5000

[15:42:24]	[Recv]	eff 3 5021491 5000

[15:42:24]	[Recv]	ct 2 4988573 3 5021498 -1 -1 0

[15:42:24]	[Recv]	su 2 4988573 3 5021498 0 10 11 200 0 0 1 100 0 1 0 32366 32371

[15:42:24]	[Recv]	ct 1 2073308 3 5021497 -1 -1 1114

[15:42:24]	[Recv]	rc 1 2073308 200 0

[15:42:24]	[Recv]	su 1 2073308 3 5021497 1114 7 11 4260 0 0 1 89 28199 0 0 238166 266371

[15:42:24]	[Recv]	st 3 5021497 99 0 89 100 238166 2828 266371 2828 0 7.1

[15:42:24]	[Recv]	sr 1

[15:42:24]	[Send]	ptctl 5443 1 4988603 54 58 4988603 15
[15:42:24]	[Send]	ptctl 5443 1 4988592 52 61 4988592 15
[15:42:24]	[Send]	ptctl 5443 2 4988603 46 57 4988592 45 56 4988603 15
[15:42:24]	[Recv]	cond 2 4988603 0 0 15

[15:42:25]	[Send]	ptctl 5443 1 4988603 51 55 4988603 15
[15:42:25]	[Recv]	ct 2 4988617 3 5021498 -1 -1 0

[15:42:25]	[Recv]	su 2 4988617 3 5021498 0 10 11 8146 0 0 1 100 0 1 0 32366 32371

[15:42:25]	[Recv]	cond 2 4988592 0 0 15

[15:42:25]	[Send]	u_ps 4988603 3 5021497 0
[15:42:25]	[Send]	ptctl 5443 1 4988592 52 61 4988592 15
[15:42:25]	[Recv]	cond 1 2073308 0 0 19

[15:42:25]	[Recv]	cond 1 2073308 0 0 19

[15:42:25]	[Recv]	ct 2 4988590 3 5021497 -1 -1 0

[15:42:25]	[Recv]	su 2 4988590 3 5021497 0 10 11 4841 0 0 1 89 0 1 0 238166 266371

[15:42:25]	[Recv]	cond 2 4988603 0 0 15

[15:42:25]	[Recv]	cond 2 4988592 0 0 15

[15:42:25]	[Send]	u_s 0 3 5021497
[15:42:25]	[Recv]	sr 0

[15:42:25]	[Recv]	cond 2 4988603 0 0 15

[15:42:25]	[Send]	ncif 3 5021497
[15:42:25]	[Recv]	ct 3 5021497 2 5020852 -1 -1 0

[15:42:25]	[Recv]	su 3 5021497 2 5020852 0 16 11 7640 0 0 1 97 2063 3 0 89999 92062

[15:42:25]	[Recv]	st 2 5020850 94 0 100 100 92062 184124 92062 184124 0

[15:42:25]	[Recv]	eff 2 4988603 5005

[15:42:25]	[Recv]	cond 2 4988592 0 0 15

[15:42:25]	[Recv]	ct 2 4988460 3 5021497 -1 -1 0

[15:42:25]	[Recv]	ct 2 4988603 3 5021497 -1 -1 1880

[15:42:25]	[Recv]	cond 2 4988603 0 0 16

[15:42:25]	[Recv]	cond 1 2073308 0 0 20

[15:42:25]	[Recv]	bf 1 2073308 0.3069.300 94

[15:42:25]	[Recv]	sayi 1 2073308 20 26 3 3069 0 0 0

[15:42:25]	[Recv]	su 2 4988603 3 5021497 1880 480 12 8366 0 0 1 86 7427 0 0 230739 266371

[15:42:25]	[Recv]	rc 2 4988603 2910 0

[15:42:25]	[Recv]	cond 1 2073308 0 0 20

[15:42:25]	[Recv]	cond 1 2073308 0 0 20

[15:42:25]	[Recv]	rc 1 2073308 11242 0

[15:42:25]	[Recv]	dm 1 2073308 594 1

[15:42:25]	[Send]	ptctl 5443 2 4988603 46 56 4988592 46 60 4988603 16
[15:42:25]	[Recv]	su 2 4988460 3 5021497 0 12 11 1007 0 0 1 86 1 0 0 230738 266371

[15:42:25]	[Recv]	ct 1 2073308 3 5021497 -1 -1 1114

[15:42:25]	[Recv]	rc 1 2073308 200 0

[15:42:25]	[Recv]	su 1 2073308 3 5021497 1114 6 11 4260 0 0 1 74 31687 0 0 199051 266371

[15:42:25]	[Recv]	cond 1 2073308 0 0 20

[15:42:25]	[Recv]	bf 1 2073308 0.4254.80 99

[15:42:25]	[Recv]	sayi 1 2073308 20 26 3 4254 0 0 0

[15:42:25]	[Recv]	sayi 1 2073308 20 23 3 4254 0 0 0

[15:42:25]	[Recv]	st 3 5021497 99 0 74 100 199051 2828 266371 2828 0 3076.94

[15:42:25]	[Recv]	cond 2 4988603 0 0 16

[15:42:25]	[Recv]	cond 2 4988592 0 0 15

[15:42:25]	[Send]	ptctl 5443 2 4988603 44 55 4988592 45 60 4988603 16
[15:42:26]	[Recv]	st 2 5020851 94 0 100 100 92062 184124 92062 184124 0

[15:42:26]	[Recv]	cond 1 2073308 0 0 20

[15:42:26]	[Recv]	cond 1 2073308 0 0 20

[15:42:26]	[Send]	ptctl 5443 1 4988592 44 59 4988592 15
[15:42:26]	[Recv]	cond 2 4988603 0 0 16

[15:42:26]	[Recv]	cond 2 4988592 0 0 15

[15:42:26]	[Recv]	ct 3 5021548 1 2073308 -1 -1 779

[15:42:26]	[Recv]	sc_p 170 1548 4988592 96 590 24117027 0 0 1889 2049 1289 19 90 9 975 627 958 627 866 3 90 90 110 80 52280 57771 18100 18100 1 84982200 0 @ 0 0 6 60 1831 1798 0 100

[15:42:26]	[Recv]	st 2 5020852 94 0 97 100 89999 184124 92062 184124 0

[15:42:26]	[Recv]	cond 2 4988592 0 0 15

[15:42:26]	[Send]	u_ps 4988603 3 5021497 0
[15:42:26]	[Send]	ptctl 5443 2 4988603 50 55 4988592 52 61 4988603 16
[15:42:26]	[Send]	ncif 3 5021497
[15:42:26]	[Recv]	sr 8

[15:42:26]	[Recv]	sr 0

[15:42:26]	[Send]	u_s 1 3 5021497
[15:42:26]	[Recv]	cond 2 4988603 0 0 16

[15:42:26]	[Recv]	cond 2 4988592 0 0 15

[15:42:26]	[Recv]	sp 414834 1000000 0 10000

[15:42:26]	[Recv]	st 3 5021497 99 0 74 100 199051 2828 266371 2828 0 3076.94

[15:42:26]	[Recv]	cond 1 2073308 0 0 20

[15:42:26]	[Recv]	cond 1 2073308 0 0 20

[15:42:26]	[Recv]	ms_c 0

[15:42:26]	[Recv]	qslot 0 1.1.1 1.1.2 1.1.3 1.1.4 1.1.5 1.1.6 1.1.7 1.1.9 1.1.8 1.1.10 0.1.45 0.2.21 0.1.76 1.1.38 1.3.12 0.1.34 0.1.87 0.-1.-1 0.1.84 0.1.43 1.3.11 1.1.42 1.1.41 1.3.976 0.-1.-1 0.1.70 0.2.143 0.2.25 0.2.27 0.2.26

[15:42:26]	[Recv]	qslot 1 0.-1.-1 0.-1.-1 0.-1.-1 0.-1.-1 0.-1.-1 0.-1.-1 0.-1.-1 0.-1.-1 0.-1.-1 0.-1.-1 0.1.-1 0.1.-1 1.1.41 1.1.42 0.-1.-1 7.7.-1 7.7.-1 7.7.-1 7.7.-1 0.-1.-1 0.-1.-1 0.-1.-1 0.-1.-1 0.-1.-1 0.-1.-1 0.-1.-1 0.-1.-1 0.-1.-1 0.-1.-1 0.-1.-1

[15:42:26]	[Recv]	ct 1 2073308 3 5021497 14 4263 1115

[15:42:27]	[Recv]	rc 1 2073308 200 0

[15:42:27]	[Recv]	su 1 2073308 3 5021497 1115 56 12 4264 0 0 1 41 89280 3 0 109771 266371

[15:42:27]	[Recv]	mslot 1127 -1

[15:42:27]	[Recv]	qset 0 0 1.1.13.0

[15:42:27]	[Send]	u_s 13 3 5021497
[15:42:27]	[Send]	ncif 3 5021497
[15:42:27]	[Send]	ptctl 5443 1 4988592 54 63 4988592 15
[15:42:27]	[Recv]	ct 2 4988590 3 5021497 -1 -1 0

[15:42:27]	[Recv]	su 2 4988590 3 5021497 0 10 11 4841 0 0 1 41 0 1 0 109771 266371

[15:42:27]	[Recv]	st 2 5020850 94 0 100 100 92062 184124 92062 184124 0

[15:42:27]	[Recv]	ms_c 0

[15:42:27]	[Recv]	qslot 0 1.1.1 1.1.2 1.1.3 1.1.4 1.1.5 1.1.6 1.1.7 1.1.9 1.1.8 1.1.10 0.1.45 0.2.21 0.1.76 1.1.38 1.3.12 0.1.34 0.1.87 0.-1.-1 0.1.84 0.1.43 1.3.11 1.1.42 1.1.41 1.3.976 0.-1.-1 0.1.70 0.2.143 0.2.25 0.2.27 0.2.26

[15:42:27]	[Recv]	qslot 1 0.-1.-1 0.-1.-1 0.-1.-1 0.-1.-1 0.-1.-1 0.-1.-1 0.-1.-1 0.-1.-1 0.-1.-1 0.-1.-1 0.1.-1 0.1.-1 1.1.41 1.1.42 0.-1.-1 7.7.-1 7.7.-1 7.7.-1 7.7.-1 0.-1.-1 0.-1.-1 0.-1.-1 0.-1.-1 0.-1.-1 0.-1.-1 0.-1.-1 0.-1.-1 0.-1.-1 0.-1.-1 0.-1.-1

[15:42:27]	[Recv]	ct 1 2073308 3 5021497 -1 -1 1127

[15:42:27]	[Recv]	eff 1 2073308 15

[15:42:27]	[Recv]	rc 1 2073308 194 0

[15:42:27]	[Recv]	su 1 2073308 3 5021497 1127 80 22 4284 0 0 0 0 245661 3 0 0 266371

[15:42:27]	[Recv]	lev 99 0 99 0 2140719000 5991794 66992052 2 0 90 917705181 0

[15:42:27]	[Recv]	ct 3 5021498 1 2073308 -1 -1 0

[15:42:27]	[Recv]	su 3 5021498 1 2073308 0 12 11 0 0 0 1 100 0 1 0 95497 95497

[15:42:27]	[Recv]	sc_p 72 64 4988460 1 2985 0 0 0 442 475 237 4 100 0 205 31 194 31 193 0 -3 12 12 14 4356 4356 4210 4210 0 15 0 @ 0 13 3 30 1804 1798 0 1080

[15:42:27]	[Recv]	cond 2 4988592 0 0 15

[15:42:27]	[Send]	suctl 5443 1 4988603 3 5021497
[15:42:27]	[Recv]	dm 1 2073308 594 1

[15:42:27]	[Send]	u_s 0 3 5021497
[15:42:27]	[Send]	ptctl 5443 2 4988603 46 59 4988592 49 63 4988603 16
[15:42:27]	[Recv]	ct 2 4988617 3 5021498 -1 -1 0

[15:42:27]	[Recv]	su 2 4988617 3 5021498 0 10 11 8146 0 0 1 100 0 1 0 32366 32371

[15:42:27]	[Recv]	cancel 0 0 -1

[15:42:27]	[Recv]	cond 2 4988603 0 0 16

[15:42:27]	[Recv]	cond 2 4988592 0 0 15

[15:42:27]	[Send]	ptctl 5443 2 4988603 44 58 4988592 48 63 4988603 16
[15:42:28]	[Recv]	su 3 5021548 1 2073308 779 30 11 3617 0 0 1 99 407 0 0 94496 95497

[15:42:28]	[Recv]	dm 1 2073308 3000 1

[15:42:28]	[Recv]	st 2 5020851 94 0 100 100 92062 184124 92062 184124 0

[15:42:28]	[Recv]	cond 1 2073308 0 0 20

[15:42:28]	[Recv]	cond 1 2073308 0 0 20

[15:42:28]	[Send]	ncif 3 5021498
[15:42:28]	[Recv]	cond 2 4988603 0 0 16

[15:42:28]	[Recv]	cond 2 4988592 0 0 15

[15:42:28]	[Send]	ptctl 5443 1 4988592 48 61 4988592 15
[15:42:28]	[Recv]	die 3 5021548 3 5021548

[15:42:28]	[Recv]	st 2 5020852 94 0 98 100 90919 184124 92062 184124 0

[15:42:28]	[Recv]	st 3 5021498 99 0 100 100 32366 2828 32371 2828 0

[15:42:28]	[Recv]	cond 2 4988592 0 0 15

[15:42:28]	[Recv]	ct 2 4988573 3 5021498 -1 -1 0

[15:42:28]	[Recv]	su 2 4988573 3 5021498 0 10 11 200 0 0 1 100 1 0 0 32365 32371

[15:42:28]	[Recv]	eff 2 5020850 7739

[15:42:28]	[Recv]	out 2 4988460

[15:42:28]	[Recv]	out 2 4988573

[15:42:28]	[Recv]	out 2 4988590

[15:42:28]	[Recv]	out 2 4988617

[15:42:28]	[Recv]	sayi 1 2073308 20 22 3 1028 0 0 0

[15:42:28]	[Recv]	bf 1 2073308 0.1028.0 99

[15:42:28]	[Send]	u_s 8 3 5021498
[15:42:28]	[Recv]	eff 3 5021548 3617

[15:42:28]	[Recv]	cond 1 2073308 0 0 20

[15:42:28]	[Recv]	cond 1 2073308 0 0 20

[15:42:28]	[Recv]	ms_c 0

[15:42:28]	[Recv]	qslot 0 1.1.1 1.1.2 1.1.3 1.1.4 1.1.5 1.1.6 1.1.7 1.1.9 1.1.8 1.1.10 0.1.45 0.2.21 0.1.76 1.1.38 1.3.12 0.1.34 0.1.87 0.-1.-1 0.1.84 0.1.43 1.3.11 1.1.42 1.1.41 1.3.976 0.-1.-1 0.1.70 0.2.143 0.2.25 0.2.27 0.2.26

[15:42:28]	[Recv]	qslot 1 0.-1.-1 0.-1.-1 0.-1.-1 0.-1.-1 0.-1.-1 0.-1.-1 0.-1.-1 0.-1.-1 0.-1.-1 0.-1.-1 0.1.-1 0.1.-1 1.1.41 1.1.42 0.-1.-1 7.7.-1 7.7.-1 7.7.-1 7.7.-1 0.-1.-1 0.-1.-1 0.-1.-1 0.-1.-1 0.-1.-1 0.-1.-1 0.-1.-1 0.-1.-1 0.-1.-1 0.-1.-1 0.-1.-1

[15:42:28]	[Recv]	ct 1 2073308 3 5021498 -1 -1 1122

[15:42:28]	[Send]	ptctl 5443 1 4988603 42 60 4988603 16
[15:42:29]	[Send]	ptctl 5443 1 4988603 43 59 4988603 16
[15:42:29]	[Send]	suctl 5443 1 4988603 3 5021498
[15:42:29]	[Recv]	eff 2 5020851 7739

[15:42:29]	[Recv]	rc 1 2073308 200 0

[15:42:29]	[Recv]	su 1 2073308 3 5021498 1122 120 41 4268 0 0 1 11 28626 0 0 3739 32371

[15:42:29]	[Recv]	bf 3 5021498 0.574.80 99

[15:42:29]	[Recv]	cond 2 4988603 0 0 16

[15:42:29]	[Send]	ptctl 5443 1 4988592 45 58 4988592 15
[15:42:29]	[Recv]	cond 2 4988603 0 0 16

[15:42:29]	[Send]	ncif 3 5021498
[15:42:29]	[Recv]	eff 2 5020852 7739

[15:42:29]	[Recv]	eff 2 4988603 5005

[15:42:29]	[Recv]	cond 2 4988592 0 0 15

[15:42:29]	[Recv]	st 2 5020850 94 0 100 100 92062 184124 92062 184124 0

[15:42:29]	[Recv]	st 3 5021498 99 0 11 100 3739 2828 32371 2828 0 574.99

[15:42:29]	[Send]	ptctl 5443 2 4988603 44 62 4988592 44 62 4988603 16
[15:42:29]	[Recv]	ct 2 4988603 3 5021498 -1 -1 0

[15:42:29]	[Recv]	eff 2 4988603 15

[15:42:29]	[Recv]	su 2 4988603 3 5021498 0 12 11 8360 0 0 0 0 17517 0 0 0 32371

[15:42:29]	[Recv]	lev 99 0 99 0 2140719000 5991794 66992052 2 0 90 917705181 0

[15:42:29]	[Recv]	rc 2 4988603 2910 0

[15:42:29]	[Recv]	cond 1 2073308 0 0 20

[15:42:29]	[Recv]	cond 1 2073308 0 0 20

[15:42:29]	[Send]	ptctl 5443 1 4988592 45 60 4988592 15
[15:42:29]	[Recv]	rc 1 2073308 3801 0

[15:42:29]	[Recv]	dm 1 2073308 594 1

[15:42:29]	[Recv]	cond 2 4988603 0 0 16

[15:42:29]	[Recv]	cond 2 4988592 0 0 15

[15:42:29]	[Send]	ncif 3 5021498
[15:42:29]	[Recv]	cond 2 4988592 0 0 15

[15:42:30]	[Recv]	st 2 5020851 94 0 100 100 92062 184124 92062 184124 0

[15:42:30]	[Send]	u_s 0 3 5021498
[15:42:30]	[Send]	suctl 5443 1 4988592 3 5021498
[15:42:30]	[Recv]	st 2 5020852 94 0 99 100 91839 184124 92062 184124 0

[15:42:30]	[Recv]	cond 1 2073308 0 0 20

[15:42:30]	[Recv]	cond 1 2073308 0 0 20

[15:42:30]	[Send]	ptctl 5443 1 4988603 43 60 4988603 16
[15:42:30]	[Recv]	cancel 0 0 -1

[15:42:30]	[Send]	ptctl 5443 2 4988603 38 61 4988592 40 60 4988603 16
[15:42:30]	[Recv]	cond 2 4988603 0 0 16

[15:42:30]	[Recv]	cond 2 4988603 0 0 16

[15:42:30]	[Recv]	cond 2 4988592 0 0 15

[15:42:31]	[Send]	u_ts 776 30 57
[15:42:31]	[Send]	ptctl 5443 2 4988603 43 61 4988592 45 61 4988603 16
[15:42:31]	[Recv]	in 2 754 4988552 29 57 2 100 100 0 0 3 2073308 0 0 -1 @ 2 -1 0 0 0 0 0 0 0 0 0 0 10 2

[15:42:31]	[Recv]	ctl 2 4988552 0 1

[15:42:31]	[Recv]	in 2 668 4988542 31 56 2 100 100 0 0 3 2073308 0 0 -1 @ 2 -1 0 0 0 0 0 0 0 0 0 0 9 3

[15:42:31]	[Recv]	ctl 2 4988542 0 1

[15:42:31]	[Recv]	in 2 478 4988518 30 58 2 100 100 0 0 3 2073308 0 0 -1 @ 2 -1 0 0 0 0 0 0 0 0 0 0 11 2

[15:42:31]	[Recv]	ctl 2 4988518 0 1

[15:42:31]	[Recv]	in 2 181 4988472 28 56 2 100 100 0 0 3 2073308 0 0 -1 @ 2 -1 0 0 0 0 0 0 0 0 0 0 12 2

[15:42:31]	[Recv]	ctl 2 4988472 0 1

[15:42:31]	[Recv]	bf 1 2073308 0.1027.200 99

[15:42:31]	[Recv]	sayi 1 2073308 20 26 3 1027 0 0 0

[15:42:31]	[Recv]	team_cool 2 900

[15:42:31]	[Recv]	cond 2 4988603 0 0 16

[15:42:31]	[Recv]	cond 2 4988592 0 0 15

[15:42:31]	[Send]	ptctl 5443 2 4988603 36 58 4988592 37 57 4988603 16
[15:42:31]	[Recv]	cond 1 2073308 0 0 20

[15:42:31]	[Recv]	cond 1 2073308 0 0 20

[15:42:31]	[Recv]	st 2 5020850 94 0 100 100 92062 184124 92062 184124 0

[15:42:31]	[Recv]	cond 2 4988603 0 0 16

[15:42:31]	[Recv]	cond 2 4988592 0 0 15

[15:42:31]	[Send]	ncif 3 5021490
[15:42:31]	[Send]	ptctl 5443 1 4988592 35 57 4988592 15
[15:42:31]	[Recv]	st 3 5021490 99 0 100 100 90871 2828 90871 2828 0

[15:42:31]	[Recv]	sp 414824 1000000 0 10000

[15:42:31]	[Recv]	cond 2 4988592 0 0 15

[15:42:31]	[Recv]	sayi 1 2073308 20 22 3 373 0 0 0

[15:42:31]	[Recv]	bf 1 2073308 0.373.0 99

[15:42:31]	[Send]	ptctl 5443 1 4988603 37 59 4988603 16
[15:42:31]	[Send]	suctl 5443 1 4988603 3 5021490
[15:42:31]	[Send]	u_s 0 3 5021490
[15:42:32]	[Recv]	st 2 5020851 94 0 100 100 92062 184124 92062 184124 0

[15:42:32]	[Recv]	cond 2 4988603 0 0 16

[15:42:32]	[Recv]	eff 2 4988603 5005

[15:42:32]	[Recv]	st 2 5020852 94 0 100 100 92062 184124 92062 184124 0

[15:42:32]	[Send]	ptctl 5443 1 4988592 31 56 4988592 15
[15:42:32]	[Recv]	ct 1 2073308 3 5021490 -1 -1 1114

[15:42:32]	[Recv]	rc 1 2073308 200 0

[15:42:32]	[Recv]	su 1 2073308 3 5021490 1114 7 11 4260 0 0 0 0 97189 3 0 0 90871

[15:42:32]	[Recv]	lev 99 0 99 0 2140719000 5991794 66992052 2 0 90 917705181 0

[15:42:32]	[Recv]	ct 2 4988518 3 5021490 -1 -1 0

[15:42:32]	[Recv]	su 2 4988518 2 4988518 0 4 11 4720 0 0 1 100 0 2 0 21388 21388

[15:42:32]	[Recv]	ct 2 4988552 3 5021490 10 -1 960

[15:42:32]	[Recv]	ct 2 4988603 3 5021490 -1 -1 0

[15:42:32]	[Recv]	su 2 4988603 2 4988603 0 10 11 8360 0 0 1 80 0 2 0 15558 19451

[15:42:32]	[Recv]	cond 2 4988592 0 0 15

[15:42:32]	[Send]	ptctl 5443 2 4988603 42 61 4988592 40 58 4988603 16
[15:42:32]	[Recv]	cond 1 2073308 0 0 20

[15:42:32]	[Recv]	cond 1 2073308 0 0 20

[15:42:32]	[Send]	ptctl 5443 2 4988603 38 65 4988592 38 62 4988603 16
[15:42:32]	[Recv]	cond 2 4988603 0 0 16

[15:42:32]	[Recv]	cond 2 4988592 0 0 15

[15:42:32]	[Recv]	cond 1 2073308 0 0 20

[15:42:32]	[Recv]	cond 1 2073308 0 0 20

[15:42:32]	[Send]	ncif 3 5021493
[15:42:32]	[Recv]	sc_p 62 181 4988472 55 2980 0 0 0 578 754 422 6 160 0 257 301 261 301 250 3 19 14 34 -6 12013 12013 3369 3369 0 850664 0 @ 0 12 2 20 1811 1825 0 500

[15:42:32]	[Recv]	sc_p 63 478 4988518 60 2985 0 0 0 639 803 452 17 150 0 295 341 336 341 287 2 24 36 49 27 21388 21388 3531 3531 0 1371320 0 @ 0 11 2 20 1811 1818 0 500

[15:42:32]	[Recv]	sc_p 68 668 4988542 52 2983 0 0 0 952 1077 502 6 120 0 329 286 343 286 322 0 37 37 37 37 16600 16600 5077 5077 0 678201 0 @ 0 9 3 30 1826 1818 0 1080

[15:42:32]	[Recv]	sc_p 69 754 4988552 53 2982 0 0 0 542 634 617 9 165 0 263 301 280 301 250 2 38 38 38 38 41888 41888 3307 3307 0 733605 0 @ 0 10 2 20 1825 1797 0 500

[15:42:32]	[Recv]	sr 1

[15:42:32]	[Recv]	cond 2 4988603 0 0 16

[15:42:32]	[Recv]	cond 2 4988592 0 0 15

[15:42:32]	[Recv]	st 3 5021493 99 0 100 100 120121 2828 120121 2828 0

[15:42:33]	[Recv]	ct 3 5021495 2 4988592 -1 -1 771

[15:42:33]	[Recv]	su 3 5021495 2 4988592 771 10 11 7722 0 0 1 90 0 4 0 52280 57771

[15:42:33]	[Recv]	su 3 5021495 1 2073308 771 10 11 7722 0 0 1 99 0 4 0 95103 95497

[15:42:33]	[Recv]	su 3 5021495 2 4988603 771 10 11 7722 0 0 1 80 0 4 0 15558 19451

[15:42:33]	[Recv]	su 2 4988552 2 4988552 960 12 11 1047 0 0 1 100 0 2 0 41888 41888

[15:42:33]	[Recv]	sr 0

[15:42:33]	[Send]	u_s 0 3 5021493
[15:42:33]	[Send]	ptctl 5443 1 4988603 38 59 4988603 16
[15:42:33]	[Send]	suctl 5443 1 4988603 3 5021493
[15:42:33]	[Send]	ptctl 5443 1 4988592 38 57 4988592 15
[15:42:33]	[Recv]	ct 3 5021547 2 5020851 -1 -1 779

[15:42:33]	[Recv]	cond 1 2073308 0 0 20

[15:42:33]	[Recv]	cond 1 2073308 0 0 20

[15:42:33]	[Recv]	ct 2 4988472 3 5021494 -1 -1 0

[15:42:33]	[Recv]	su 2 4988472 3 5021494 0 1 11 1006 0 0 1 96 3031 0 0 87840 90871

[15:42:33]	[Recv]	st 2 5020850 94 0 100 100 92062 184124 92062 184124 0

[15:42:33]	[Recv]	eff 2 5020850 7739

[15:42:33]	[Recv]	ct 1 2073308 3 5021493 -1 -1 1114

[15:42:33]	[Recv]	eff 1 2073308 15

[15:42:33]	[Recv]	rc 1 2073308 200 0

[15:42:33]	[Recv]	su 1 2073308 3 5021493 1114 7 11 4260 0 0 0 0 288338 3 0 0 120121

[15:42:33]	[Recv]	lev 99 0 99 0 2140719000 5991794 66992052 2 0 90 917705181 0

[15:42:33]	[Recv]	bf 1 2073308 0.4254.80 99

[15:42:33]	[Recv]	cond 2 4988603 0 0 16

[15:42:33]	[Send]	pulse 6480 0
[15:42:33]	[Recv]	umi 5060.340 5676.-1 5797.-1 13459.-2

[15:42:33]	[Recv]	ct 3 5021491 1 2073308 -1 -1 771

[15:42:33]	[Recv]	su 3 5021491 1 2073308 771 10 11 7722 0 0 1 99 0 4 0 95303 95497

[15:42:33]	[Recv]	su 3 5021491 2 4988472 771 10 11 7722 0 0 1 87 1489 5 0 10524 12013

[15:42:33]	[Recv]	su 3 5021491 2 4988542 771 10 11 7722 0 0 1 90 1540 5 0 15060 16600

[15:42:33]	[Recv]	su 3 5021491 2 4988592 771 10 11 7722 0 0 1 90 30 5 0 52250 57771

[15:42:33]	[Recv]	su 3 5021491 2 4988603 771 10 11 7722 0 0 1 80 0 4 0 15558 19451

[15:42:33]	[Recv]	ct 2 4988542 3 5021493 -1 -1 0

[15:42:33]	[Recv]	su 2 4988542 2 4988542 0 9 11 4755 0 0 1 90 0 2 0 15060 16600

[15:42:33]	[Recv]	rc 2 4988603 2910 0

[15:42:33]	[Recv]	cond 2 4988592 0 0 15

[15:42:33]	[Send]	ptctl 5443 2 4988603 38 65 4988592 38 65 4988603 16
[15:42:33]	[Recv]	rc 1 2073308 194 0

[15:42:33]	[Recv]	cond 1 2073308 0 0 20

[15:42:33]	[Recv]	cond 1 2073308 0 0 20

[15:42:33]	[Recv]	cond 2 4988603 0 0 16

[15:42:33]	[Recv]	cond 2 4988592 0 0 15

[15:42:33]	[Send]	ncif 3 5021547
[15:42:34]	[Recv]	st 2 5020851 94 0 100 100 92062 184124 92062 184124 0

[15:42:34]	[Recv]	eff 2 5020851 7739

[15:42:34]	[Recv]	st 3 5021547 90 0 100 100 5119 2369 5170 2369 0

[15:42:34]	[Send]	u_s 0 3 5021547
[15:42:34]	[Send]	ptctl 5443 1 4988592 39 68 4988592 15
[15:42:34]	[Recv]	sr 0

[15:42:34]	[Recv]	ct 3 5021494 2 4988472 -1 -1 0

[15:42:34]	[Recv]	su 3 5021494 2 4988472 0 10 11 4806 0 0 1 85 281 0 0 10243 12013

[15:42:34]	[Recv]	ct 2 4988472 3 5021494 -1 -1 0

[15:42:34]	[Recv]	su 2 4988472 3 5021494 0 9 11 1006 0 0 1 96 0 1 0 87840 90871

[15:42:34]	[Recv]	dm 2 4988592 594 1

[15:42:34]	[Recv]	st 2 5020852 94 0 100 100 92062 184124 92062 184124 0

[15:42:34]	[Recv]	eff 2 5020852 7739

[15:42:34]	[Recv]	cond 1 2073308 0 0 20

[15:42:34]	[Recv]	cond 1 2073308 0 0 20

[15:42:34]	[Recv]	ct 1 2073308 3 5021547 -1 -1 1114

[15:42:34]	[Recv]	su 1 2073308 3 5021547 -1 0 -1 7687 -1 -1 1 67 1683 0 0

[15:42:34]	[Recv]	bf 3 5021547 0.1921.100 99

[15:42:34]	[Recv]	eff 3 5021547 0

[15:42:34]	[Recv]	su 1 2073308 3 5021547 1114 7 11 4260 0 0 0 0 114134 3 0 0 5170

[15:42:34]	[Recv]	lev 99 0 99 0 2140719000 5991794 66992052 2 0 90 917705181 0

[15:42:34]	[Recv]	cond 2 4988592 0 0 15

[15:42:34]	[Send]	suctl 5443 1 4988603 3 5021547
[15:42:34]	[Send]	ptctl 5443 2 4988603 39 61 4988592 38 61 4988603 16
[15:42:34]	[Recv]	cond 1 2073308 0 0 20

[15:42:34]	[Recv]	cond 1 2073308 0 0 20

[15:42:34]	[Send]	ptctl 5443 2 4988603 37 61 4988592 38 60 4988603 16
[15:42:34]	[Recv]	eff 3 5021547 3617

[15:42:34]	[Recv]	dm 2 4988472 594 1

[15:42:34]	[Recv]	dm 2 4988542 594 1

[15:42:34]	[Recv]	cond 2 4988603 0 0 16

[15:42:34]	[Recv]	cond 2 4988592 0 0 15

[15:42:34]	[Recv]	cond 2 4988603 0 0 16

[15:42:34]	[Recv]	cond 2 4988592 0 0 15

[15:42:34]	[Send]	ncif 3 5021495
[15:42:35]	[Recv]	st 3 5021495 99 0 100 100 13203 2828 13203 2828 0

[15:42:35]	[Recv]	sr 0

[15:42:35]	[Send]	u_s 0 3 5021495
[15:42:35]	[Recv]	ct 3 5021495 1 2073308 -1 -1 771

[15:42:35]	[Recv]	bf 1 2073308 0.373.300 99

[15:42:35]	[Recv]	sayi 1 2073308 20 26 3 373 0 0 0

[15:42:35]	[Recv]	su 3 5021495 1 2073308 771 10 11 7722 0 0 1 99 450 0 0 95047 95497

[15:42:35]	[Recv]	su 3 5021495 2 4988472 771 10 11 7722 0 0 1 63 2074 5 0 7575 12013

[15:42:35]	[Recv]	su 3 5021495 2 4988518 771 10 11 7722 0 0 1 88 2463 5 0 18925 21388

[15:42:35]	[Recv]	su 3 5021495 2 4988542 771 10 11 7722 0 0 1 72 2354 5 0 12112 16600

[15:42:35]	[Recv]	su 3 5021495 2 4988592 771 10 11 7722 0 0 1 89 299 5 0 51357 57771

[15:42:35]	[Recv]	su 3 5021495 2 4988603 771 10 11 7722 0 0 1 95 0 4 0 18468 19451

[15:42:35]	[Recv]	ct 2 4988518 3 5021494 -1 -1 0

[15:42:35]	[Recv]	su 2 4988518 3 5021494 0 9 11 4720 0 0 1 96 0 1 0 87840 90871

[15:42:35]	[Send]	ptctl 5443 1 4988592 40 58 4988592 15
[15:42:35]	[Recv]	st 2 5020850 94 0 100 100 92062 184124 92062 184124 0

[15:42:35]	[Recv]	ct 1 2073308 3 5021495 -1 -1 1114

[15:42:35]	[Recv]	rc 1 2073308 200 0

[15:42:35]	[Recv]	su 1 2073308 3 5021495 1114 7 11 4260 0 0 0 0 112393 3 0 0 13203

[15:42:35]	[Recv]	lev 99 0 99 0 2140719000 5991794 66992052 2 0 90 917705181 0

[15:42:35]	[Recv]	cond 2 4988592 0 0 15

[15:42:35]	[Send]	ncif 3 5021494
[15:42:35]	[Recv]	sr 13

[15:42:35]	[Recv]	st 3 5021494 99 0 96 100 87840 2828 90871 2828 0

[15:42:35]	[Send]	ptctl 5443 1 4988592 38 57 4988592 15
[15:42:35]	[Recv]	ct 2 4988542 3 5021491 -1 -1 0

[15:42:35]	[Recv]	su 2 4988542 3 5021491 0 10 11 4755 0 0 1 83 2175 0 0 11028 13203

[15:42:35]	[Recv]	dm 1 2073308 594 1

[15:42:35]	[Recv]	cond 2 4988592 0 0 15

[15:42:35]	[Send]	suctl 5443 1 4988603 3 5021494
[15:42:35]	[Recv]	ct 3 5021491 2 4988592 -1 -1 771

[15:42:35]	[Recv]	su 3 5021491 2 4988592 771 10 11 7722 0 0 1 89 0 4 0 51357 57771

[15:42:35]	[Recv]	sayi 1 2073308 20 24 0 0 0 0 0

[15:42:35]	[Recv]	su 3 5021491 1 2073308 771 10 11 7722 0 0 1 98 450 5 0 94203 95497

[15:42:35]	[Recv]	su 3 5021491 2 4988472 771 10 11 7722 0 0 1 45 2082 5 0 5493 12013

[15:42:35]	[Recv]	su 3 5021491 2 4988518 771 10 11 7722 0 0 1 71 3645 5 0 15280 21388

[15:42:35]	[Recv]	su 3 5021491 2 4988542 771 10 11 7722 0 0 1 72 0 4 0 12112 16600

[15:42:35]	[Recv]	su 3 5021491 2 4988603 771 10 11 7722 0 0 1 95 0 4 0 18468 19451

[15:42:35]	[Recv]	eff 2 4988603 5005

[15:42:36]	[Send]	ncif 3 5021496
[15:42:36]	[Recv]	st 2 5020851 94 0 100 100 92062 184124 92062 184124 0

[15:42:36]	[Send]	ptctl 5443 1 4988592 42 55 4988592 15
[15:42:36]	[Recv]	sr 0

[15:42:36]	[Recv]	st 3 5021496 99 0 100 100 90871 2828 90871 2828 0

[15:42:36]	[Recv]	ct 2 4988472 3 5021494 -1 -1 0

[15:42:36]	[Recv]	su 2 4988472 3 5021494 0 9 11 1006 0 0 1 93 3045 0 0 84795 90871

[15:42:36]	[Recv]	sc_p 170 1548 4988592 96 589 24117728 0 0 1889 2049 1289 19 90 9 975 627 958 627 866 3 90 90 110 80 51357 57771 18100 18100 1 84982200 0 @ 0 0 6 60 1831 1798 0 100

[15:42:36]	[Recv]	dm 2 4988592 594 1

[15:42:36]	[Recv]	ct 2 4988603 3 5021494 -1 -1 0

[15:42:36]	[Recv]	su 2 4988603 3 5021494 0 12 11 8360 0 0 1 81 10727 0 0 74068 90871

[15:42:36]	[Recv]	st 2 5020852 94 0 100 100 92062 184124 92062 184124 0

[15:42:36]	[Recv]	cond 2 4988592 0 0 15

[15:42:36]	[Recv]	ct 3 5021494 2 4988592 -1 -1 0

[15:42:36]	[Recv]	su 3 5021494 2 4988592 0 10 11 4806 0 0 1 87 113 3 0 50650 57771

[15:42:36]	[Recv]	su 3 5021494 2 4988542 0 10 11 4806 0 0 1 71 290 6 0 11822 16600

[15:42:36]	[Recv]	sp 414814 1000000 0 10000

[15:42:36]	[Recv]	dm 2 4988472 594 1

[15:42:36]	[Recv]	dm 2 4988518 594 1

[15:42:36]	[Recv]	dm 2 4988542 594 1

[15:42:36]	[Send]	suctl 5443 1 4988592 3 5021496
[15:42:36]	[Send]	ncif 3 5021496
[15:42:36]	[Recv]	eff 2 4988592 5005

[15:42:37]	[Recv]	ct 3 5021496 2 4988592 -1 -1 0

[15:42:37]	[Recv]	su 3 5021496 2 4988592 0 10 11 4806 0 0 1 87 23 0 0 50627 57771

[15:42:37]	[Recv]	su 3 5021496 2 4988542 0 10 11 4806 0 0 1 65 286 5 0 10942 16600

[15:42:37]	[Recv]	st 3 5021496 99 0 100 100 90871 2828 90871 2828 0

[15:42:37]	[Send]	suctl 5443 1 4988603 3 5021496
[15:42:37]	[Recv]	ct 2 4988518 3 5021494 -1 -1 0

[15:42:37]	[Recv]	su 2 4988518 3 5021494 0 9 11 4720 0 0 1 81 0 1 0 74068 90871

[15:42:37]	[Recv]	ct 2 4988592 3 5021496 -1 -1 0

[15:42:37]	[Recv]	su 2 4988592 3 5021496 0 10 11 0 0 0 1 100 0 1 0 90871 90871

[15:42:37]	[Recv]	eff 2 4988603 5005

[15:42:37]	[Recv]	st 2 5020850 94 0 100 100 92062 184124 92062 184124 0

[15:42:37]	[Send]	u_s 1 3 5021496
[15:42:37]	[Recv]	ms_c 0

[15:42:37]	[Recv]	qslot 0 1.1.1 1.1.2 1.1.3 1.1.4 1.1.5 1.1.6 1.1.7 1.1.9 1.1.8 1.1.10 0.1.45 0.2.21 0.1.76 1.1.38 1.3.12 0.1.34 0.1.87 0.-1.-1 0.1.84 0.1.43 1.3.11 1.1.42 1.1.41 1.3.976 0.-1.-1 0.1.70 0.2.143 0.2.25 0.2.27 0.2.26

[15:42:37]	[Recv]	qslot 1 0.-1.-1 0.-1.-1 0.-1.-1 0.-1.-1 0.-1.-1 0.-1.-1 0.-1.-1 0.-1.-1 0.-1.-1 0.-1.-1 0.1.-1 0.1.-1 1.1.41 1.1.42 0.-1.-1 7.7.-1 7.7.-1 7.7.-1 7.7.-1 0.-1.-1 0.-1.-1 0.-1.-1 0.-1.-1 0.-1.-1 0.-1.-1 0.-1.-1 0.-1.-1 0.-1.-1 0.-1.-1 0.-1.-1

[15:42:37]	[Recv]	ct 2 4988603 3 5021496 -1 -1 0

[15:42:37]	[Recv]	su 2 4988603 3 5021496 0 12 11 8360 0 0 1 88 10741 0 0 80130 90871

[15:42:37]	[Recv]	rc 2 4988603 983 0

[15:42:37]	[Recv]	ct 1 2073308 3 5021496 14 4263 1115

[15:42:37]	[Recv]	dm 1 2073308 594 1

[15:42:37]	[Recv]	rc 1 2073308 1888 0

[15:42:37]	[Recv]	ct 2 4988542 3 5021491 -1 -1 0

[15:42:37]	[Recv]	su 2 4988542 3 5021491 0 10 11 4755 0 0 1 83 0 1 0 11028 13203

[15:42:37]	[Send]	ncif 3 5021496
[15:42:37]	[Recv]	cond 1 2073308 0 0 21

[15:42:37]	[Recv]	bf 1 2073308 0.1925.80 99

[15:42:37]	[Recv]	eff 1 2073308 0

[15:42:37]	[Recv]	sayi 1 2073308 20 26 3 1925 0 0 0

[15:42:37]	[Recv]	eff_s 1 2073308 7688 0

[15:42:37]	[Recv]	bf 3 5021496 0.4110.80 99

[15:42:37]	[Recv]	eff 3 5021496 0

[15:42:37]	[Recv]	su 1 2073308 3 5021496 1115 56 12 4264 0 0 1 46 38088 0 0 42042 90871

[15:42:37]	[Recv]	su 1 2073308 3 5021491 1115 56 12 4264 0 0 0 0 56312 5 0 0 13203

[15:42:37]	[Recv]	lev 99 0 99 0 2140719000 5991794 66992052 2 0 90 917705181 0

[15:42:37]	[Recv]	mslot 1127 -1

[15:42:37]	[Recv]	qset 0 0 1.1.13.0

[15:42:37]	[Recv]	st 3 5021496 99 0 46 100 42042 2828 90871 2828 0 4110.99

[15:42:37]	[Send]	suctl 5443 1 4988592 3 5021496
[15:42:38]	[Send]	u_s 13 3 5021496
[15:42:38]	[Recv]	st 2 5020851 94 0 100 100 92062 184124 92062 184124 0

[15:42:38]	[Recv]	eff 2 4988592 5005

[15:42:38]	[Recv]	ms_c 0

[15:42:38]	[Recv]	qslot 0 1.1.1 1.1.2 1.1.3 1.1.4 1.1.5 1.1.6 1.1.7 1.1.9 1.1.8 1.1.10 0.1.45 0.2.21 0.1.76 1.1.38 1.3.12 0.1.34 0.1.87 0.-1.-1 0.1.84 0.1.43 1.3.11 1.1.42 1.1.41 1.3.976 0.-1.-1 0.1.70 0.2.143 0.2.25 0.2.27 0.2.26

[15:42:38]	[Recv]	qslot 1 0.-1.-1 0.-1.-1 0.-1.-1 0.-1.-1 0.-1.-1 0.-1.-1 0.-1.-1 0.-1.-1 0.-1.-1 0.-1.-1 0.1.-1 0.1.-1 1.1.41 1.1.42 0.-1.-1 7.7.-1 7.7.-1 7.7.-1 7.7.-1 0.-1.-1 0.-1.-1 0.-1.-1 0.-1.-1 0.-1.-1 0.-1.-1 0.-1.-1 0.-1.-1 0.-1.-1 0.-1.-1 0.-1.-1

[15:42:38]	[Recv]	ct 2 4988472 3 5021494 -1 -1 0

[15:42:38]	[Recv]	su 2 4988472 3 5021494 0 9 11 1006 0 0 1 81 0 1 0 74068 90871

[15:42:38]	[Recv]	dm 2 4988592 594 1

[15:42:38]	[Recv]	st 2 5020852 94 0 100 100 92062 184124 92062 184124 0

[15:42:38]	[Recv]	ct 1 2073308 3 5021496 -1 -1 1127

[15:42:38]	[Recv]	su 1 2073308 3 5021496 1127 75 22 4284 0 0 0 0 129298 3 0 0 90871

[15:42:38]	[Recv]	lev 99 0 99 0 2140719000 5991794 66992052 2 0 90 917705181 0

[15:42:38]	[Recv]	ct 2 4988592 3 5021496 -1 -1 0

[15:42:38]	[Recv]	su 2 4988592 2 4988592 0 4 11 0 0 0 1 86 0 2 0 50033 57771

[15:42:38]	[Recv]	eff 2 5020850 7739

[15:42:38]	[Send]	suctl 5443 1 4988603 3 5021496
[15:42:38]	[Send]	u_s 0 3 5021496
[15:42:38]	[Send]	ptctl 5443 2 4988603 42 58 4988592 47 53 4988603 16
[15:42:38]	[Recv]	in 3 776 5021574 6 38 6 100 100 0 0 0 -1 0 0 -1 - 0 -1 0 0 0 0 0 0 0 0 0 0 0 0

[15:42:38]	[Recv]	msgi 0 679 0 0 0 0 0

[15:42:38]	[Recv]	in 3 718 5021575 6 40 0 100 100 0 0 0 -1 0 0 -1 - 0 -1 0 0 0 0 0 0 0 0 0 0 0 0

[15:42:38]	[Recv]	msgi 0 679 0 0 0 0 0

[15:42:38]	[Recv]	in 3 702 5021576 7 40 5 100 100 0 0 0 -1 0 0 -1 - 0 -1 0 0 0 0 0 0 0 0 0 0 0 0

[15:42:38]	[Recv]	msgi 0 679 0 0 0 0 0

[15:42:38]	[Recv]	in 3 701 5021577 37 8 0 100 100 0 0 0 -1 0 0 -1 - 0 -1 0 0 0 0 0 0 0 0 0 0 0 0

[15:42:38]	[Recv]	msgi 0 679 0 0 0 0 0

[15:42:38]	[Recv]	in 3 713 5021578 38 6 6 100 100 0 0 0 -1 0 0 -1 - 0 -1 0 0 0 0 0 0 0 0 0 0 0 0

[15:42:38]	[Recv]	msgi 0 679 0 0 0 0 0

[15:42:38]	[Recv]	in 3 776 5021579 40 6 7 100 100 0 0 0 -1 0 0 -1 - 0 -1 0 0 0 0 0 0 0 0 0 0 0 0

[15:42:38]	[Recv]	msgi 0 679 0 0 0 0 0

[15:42:38]	[Recv]	in 3 702 5021580 40 7 3 100 100 0 0 0 -1 0 0 -1 - 0 -1 0 0 0 0 0 0 0 0 0 0 0 0

[15:42:38]	[Recv]	msgi 0 679 0 0 0 0 0

[15:42:38]	[Recv]	in 3 701 5021581 40 9 3 100 100 0 0 0 -1 0 0 -1 - 0 -1 0 0 0 0 0 0 0 0 0 0 0 0

[15:42:38]	[Recv]	msgi 0 679 0 0 0 0 0

[15:42:38]	[Recv]	in 3 713 5021582 42 6 7 100 100 0 0 0 -1 0 0 -1 - 0 -1 0 0 0 0 0 0 0 0 0 0 0 0

[15:42:38]	[Recv]	msgi 0 679 0 0 0 0 0

[15:42:38]	[Recv]	in 3 701 5021583 42 8 0 100 100 0 0 0 -1 0 0 -1 - 0 -1 0 0 0 0 0 0 0 0 0 0 0 0

[15:42:38]	[Recv]	msgi 0 679 0 0 0 0 0

[15:42:38]	[Recv]	in 3 702 5021584 71 40 6 100 100 0 0 0 -1 0 0 -1 - 0 -1 0 0 0 0 0 0 0 0 0 0 0 0

[15:42:38]	[Recv]	msgi 0 679 0 0 0 0 0

[15:42:38]	[Recv]	in 3 776 5021585 72 37 3 100 100 0 0 0 -1 0 0 -1 - 0 -1 0 0 0 0 0 0 0 0 0 0 0 0

[15:42:38]	[Recv]	msgi 0 679 0 0 0 0 0

[15:42:38]	[Recv]	in 3 718 5021586 72 40 2 100 100 0 0 0 -1 0 0 -1 - 0 -1 0 0 0 0 0 0 0 0 0 0 0 0

[15:42:38]	[Recv]	msgi 0 679 0 0 0 0 0

[15:42:38]	[Recv]	in 3 776 5021587 72 42 6 100 100 0 0 0 -1 0 0 -1 - 0 -1 0 0 0 0 0 0 0 0 0 0 0 0

[15:42:38]	[Recv]	msgi 0 679 0 0 0 0 0

[15:42:38]	[Recv]	eff 3 5021587 5000

[15:42:38]	[Recv]	eff 3 5021586 5000

[15:42:38]	[Recv]	eff 3 5021582 5000

[15:42:38]	[Recv]	eff 3 5021578 5000

[15:42:38]	[Recv]	eff 3 5021575 5000

[15:42:38]	[Recv]	ct 3 5021494 2 4988472 -1 -1 0

[15:42:38]	[Recv]	su 3 5021494 2 4988472 0 10 11 4806 0 0 1 38 282 0 0 4617 12013

[15:42:38]	[Recv]	cancel 0 0 -1

[15:42:38]	[Recv]	cond 2 4988603 0 0 16

[15:42:38]	[Recv]	cond 2 4988592 0 0 15

[15:42:38]	[Send]	ptctl 5443 1 4988603 41 57 4988603 16
[15:42:38]	[Recv]	dm 2 4988472 594 1

[15:42:38]	[Recv]	dm 2 4988518 594 1

[15:42:38]	[Recv]	dm 2 4988542 594 1

[15:42:38]	[Recv]	cond 1 2073308 0 0 21

[15:42:38]	[Recv]	cond 1 2073308 0 0 21

[15:42:38]	[Recv]	cond 2 4988603 0 0 16

[15:42:39]	[Recv]	eff 2 5020851 7739

[15:42:39]	[Recv]	ct 2 4988518 3 5021494 -1 -1 0

[15:42:39]	[Recv]	su 2 4988518 3 5021494 0 9 11 4720 0 0 1 77 3861 0 0 70207 90871

[15:42:39]	[Recv]	eff 2 5020852 7739

[15:42:39]	[Recv]	st 2 5020850 94 0 100 100 92062 184124 92062 184124 0

[15:42:39]	[Send]	ptctl 5443 1 4988603 45 53 4988603 16
[15:42:39]	[Recv]	dm 1 2073308 594 1

[15:42:39]	[Recv]	cond 2 4988603 0 0 16

[15:42:39]	[Send]	u_ts 778 59 50
[15:42:39]	[Send]	ptctl 5443 2 4988603 44 54 4988592 45 55 4988603 16
[15:42:39]	[Recv]	ct 2 4988552 3 5021494 -1 -1 0

[15:42:39]	[Recv]	su 2 4988552 3 5021494 0 11 11 1047 0 0 1 73 3051 0 0 67156 90871

[15:42:39]	[Recv]	cond 1 2073308 0 0 21

[15:42:39]	[Recv]	cond 1 2073308 0 0 21

[15:42:39]	[Send]	ptctl 5443 2 4988603 49 55 4988592 51 54 4988603 16
[15:42:39]	[Recv]	in 2 669 4988543 61 50 2 100 100 0 0 3 2073308 0 0 -1 @ 2 -1 0 0 0 0 0 0 0 0 0 0 19 4

[15:42:39]	[Recv]	ctl 2 4988543 0 1

[15:42:39]	[Recv]	in 2 643 4988539 61 50 2 100 100 0 0 3 2073308 0 0 -1 @ 2 -1 0 0 0 0 0 0 0 0 0 0 20 4

[15:42:39]	[Recv]	ctl 2 4988539 0 1

[15:42:39]	[Recv]	in 2 639 4988535 61 50 2 100 100 0 0 3 2073308 0 0 -1 @ 2 -1 0 0 0 0 0 0 0 0 0 0 18 4

[15:42:39]	[Recv]	ctl 2 4988535 0 1

[15:42:39]	[Recv]	in 2 638 4988534 59 52 2 100 100 0 0 3 2073308 0 0 -1 @ 2 -1 0 0 0 0 0 0 0 0 0 0 17 4

[15:42:39]	[Recv]	ctl 2 4988534 0 1

[15:42:39]	[Recv]	bf 1 2073308 0.1029.200 99

[15:42:39]	[Recv]	sayi 1 2073308 20 26 3 1029 0 0 0

[15:42:39]	[Recv]	team_cool 4 900

[15:42:40]	[Recv]	ct 2 4988542 3 5021494 -1 -1 0

[15:42:40]	[Recv]	su 2 4988542 3 5021494 0 10 11 4755 0 0 1 71 2208 0 0 64948 90871

[15:42:40]	[Recv]	st 2 5020851 94 0 100 100 92062 184124 92062 184124 0

[15:42:40]	[Recv]	cond 2 4988603 0 0 16

[15:42:40]	[Recv]	cond 2 4988592 0 0 15

[15:42:40]	[Send]	ptctl 5443 2 4988603 50 55 4988592 53 54 4988603 16
[15:42:40]	[Recv]	cond 1 2073308 0 0 21

[15:42:40]	[Recv]	cond 1 2073308 0 0 21

[15:42:40]	[Recv]	ct 2 4988472 3 5021494 -1 -1 0

[15:42:40]	[Recv]	su 2 4988472 3 5021494 0 9 11 1006 0 0 1 71 0 1 0 64948 90871

[15:42:40]	[Recv]	dm 2 4988592 594 1

[15:42:40]	[Recv]	st 2 5020852 94 0 100 100 92062 184124 92062 184124 0

[15:42:40]	[Recv]	cond 2 4988603 0 0 16

[15:42:40]	[Recv]	cond 2 4988592 0 0 15

[15:42:40]	[Recv]	cond 1 2073308 0 0 21

[15:42:40]	[Recv]	cond 1 2073308 0 0 21

[15:42:40]	[Recv]	ct 2 4988543 3 5021587 -1 -1 0

[15:42:40]	[Recv]	su 2 4988543 3 5021587 0 11 11 4948 0 0 1 100 1 0 0 266370 266371

[15:42:40]	[Recv]	cond 2 4988603 0 0 16

[15:42:40]	[Recv]	cond 2 4988592 0 0 15

[15:42:40]	[Send]	ncif 3 5021587
[15:42:40]	[Recv]	cond 1 2073308 0 0 21

[15:42:40]	[Recv]	cond 1 2073308 0 0 21

[15:42:40]	[Recv]	st 3 5021587 99 0 100 100 266370 2828 266371 2828 0

[15:42:40]	[Send]	ptctl 5443 1 4988592 57 54 4988592 15
[15:42:40]	[Recv]	ct 3 5021494 2 4988472 -1 -1 0

[15:42:40]	[Recv]	su 3 5021494 2 4988472 0 10 11 4806 0 0 1 33 0 1 0 4023 12013

[15:42:40]	[Recv]	su 3 5021494 2 4988552 0 10 11 4806 0 0 1 100 0 7 0 41888 41888

[15:42:40]	[Recv]	dm 2 4988472 594 1

[15:42:40]	[Recv]	dm 2 4988518 594 1

[15:42:40]	[Recv]	dm 2 4988542 594 1

[15:42:40]	[Recv]	cond 2 4988592 0 0 15

[15:42:41]	[Recv]	sr 8

[15:42:41]	[Send]	ptctl 5443 1 4988603 55 55 4988603 16
[15:42:41]	[Recv]	ct 2 4988534 3 5021587 -1 -1 0

[15:42:41]	[Recv]	su 2 4988534 3 5021587 0 11 11 4948 0 0 1 100 1 0 0 266369 266371

[15:42:41]	[Recv]	ct 2 4988535 3 5021586 -1 -1 0

[15:42:41]	[Recv]	su 2 4988535 3 5021586 0 6 11 4948 0 0 1 100 1 0 0 32370 32371

[15:42:41]	[Recv]	ct 2 4988539 3 5021585 -1 -1 0

[15:42:41]	[Recv]	su 2 4988539 3 5021585 0 2 11 4948 0 0 1 100 1 0 0 266370 266371

[15:42:41]	[Recv]	ct 2 4988518 3 5021494 -1 -1 0

[15:42:41]	[Recv]	su 2 4988518 3 5021494 0 9 11 4720 0 0 1 67 3840 0 0 61108 90871

[15:42:41]	[Send]	u_s 8 3 5021587
[15:42:41]	[Recv]	cond 1 2073308 0 0 21

[15:42:41]	[Recv]	sayi 1 2073308 20 22 3 4254 0 0 0

[15:42:41]	[Recv]	bf 1 2073308 0.4254.0 99

[15:42:41]	[Recv]	cond 1 2073308 0 0 21

[15:42:41]	[Recv]	cond 1 2073308 0 0 21

[15:42:41]	[Recv]	st 2 5020850 94 0 100 100 92062 184124 92062 184124 0

[15:42:41]	[Recv]	cond 2 4988603 0 0 16

[15:42:41]	[Send]	ncif 3 5021587
[15:42:41]	[Recv]	cond 1 2073308 0 0 21

[15:42:41]	[Recv]	cond 1 2073308 0 0 21

[15:42:41]	[Send]	ptctl 5443 1 4988592 62 54 4988592 15
[15:42:41]	[Recv]	sp 414804 1000000 0 10000

[15:42:41]	[Recv]	ms_c 0

[15:42:41]	[Recv]	qslot 0 1.1.1 1.1.2 1.1.3 1.1.4 1.1.5 1.1.6 1.1.7 1.1.9 1.1.8 1.1.10 0.1.45 0.2.21 0.1.76 1.1.38 1.3.12 0.1.34 0.1.87 0.-1.-1 0.1.84 0.1.43 1.3.11 1.1.42 1.1.41 1.3.976 0.-1.-1 0.1.70 0.2.143 0.2.25 0.2.27 0.2.26

[15:42:41]	[Recv]	qslot 1 0.-1.-1 0.-1.-1 0.-1.-1 0.-1.-1 0.-1.-1 0.-1.-1 0.-1.-1 0.-1.-1 0.-1.-1 0.-1.-1 0.1.-1 0.1.-1 1.1.41 1.1.42 0.-1.-1 7.7.-1 7.7.-1 7.7.-1 7.7.-1 0.-1.-1 0.-1.-1 0.-1.-1 0.-1.-1 0.-1.-1 0.-1.-1 0.-1.-1 0.-1.-1 0.-1.-1 0.-1.-1 0.-1.-1

[15:42:41]	[Recv]	ct 1 2073308 3 5021587 -1 -1 1122

[15:42:41]	[Recv]	dm 1 2073308 594 1

[15:42:41]	[Recv]	rc 1 2073308 1188 0

[15:42:41]	[Recv]	st 3 5021587 99 0 100 100 266369 2828 266371 2828 0

[15:42:41]	[Recv]	eff 1 2073308 15

[15:42:41]	[Recv]	su 1 2073308 3 5021587 1122 113 41 4268 0 0 1 15 224192 3 0 42177 266371

[15:42:41]	[Recv]	bf 3 5021587 0.574.80 99

[15:42:41]	[Recv]	mslot 1125 -1

[15:42:41]	[Recv]	qset 0 8 1.1.11.0

[15:42:41]	[Recv]	cond 2 4988592 0 0 15

[15:42:41]	[Send]	ptctl 5443 1 4988603 59 51 4988603 16
[15:42:41]	[Send]	mtlist 0 
[15:42:41]	[Send]	u_s 11 3 5021587
[15:42:42]	[Recv]	ct 2 4988539 3 5021585 -1 -1 0

[15:42:42]	[Recv]	su 2 4988539 3 5021585 0 11 11 4948 0 0 1 100 1 0 0 266369 266371

[15:42:42]	[Recv]	st 2 5020851 94 0 100 100 92062 184124 92062 184124 0

[15:42:42]	[Recv]	cond 2 4988603 0 0 16

[15:42:42]	[Send]	ptctl 5443 1 4988603 57 53 4988603 16
[15:42:42]	[Send]	suctl 5443 1 4988603 3 5021587
[15:42:42]	[Recv]	ct 2 4988472 3 5021494 -1 -1 0

[15:42:42]	[Recv]	su 2 4988472 3 5021494 0 9 11 1006 0 0 1 67 0 1 0 61108 90871

[15:42:42]	[Recv]	ct 2 4988542 3 5021494 -1 -1 0

[15:42:42]	[Recv]	su 2 4988542 3 5021494 0 10 11 4755 0 0 1 64 2172 0 0 58936 90871

[15:42:42]	[Recv]	ct 2 4988552 3 5021494 -1 -1 0

[15:42:42]	[Recv]	su 2 4988552 3 5021494 0 11 11 1047 0 0 1 61 3075 0 0 55861 90871

[15:42:42]	[Recv]	dm 2 4988592 594 1

[15:42:42]	[Recv]	st 2 5020852 94 0 100 100 92062 184124 92062 184124 0

[15:42:42]	[Recv]	ms_c 0

[15:42:42]	[Recv]	qslot 0 1.1.1 1.1.2 1.1.3 1.1.4 1.1.5 1.1.6 1.1.7 1.1.9 1.1.8 1.1.10 0.1.45 0.2.21 0.1.76 1.1.38 1.3.12 0.1.34 0.1.87 0.-1.-1 0.1.84 0.1.43 1.3.11 1.1.42 1.1.41 1.3.976 0.-1.-1 0.1.70 0.2.143 0.2.25 0.2.27 0.2.26

[15:42:42]	[Recv]	qslot 1 0.-1.-1 0.-1.-1 0.-1.-1 0.-1.-1 0.-1.-1 0.-1.-1 0.-1.-1 0.-1.-1 0.-1.-1 0.-1.-1 0.1.-1 0.1.-1 1.1.41 1.1.42 0.-1.-1 7.7.-1 7.7.-1 7.7.-1 7.7.-1 0.-1.-1 0.-1.-1 0.-1.-1 0.-1.-1 0.-1.-1 0.-1.-1 0.-1.-1 0.-1.-1 0.-1.-1 0.-1.-1 0.-1.-1

[15:42:42]	[Recv]	ct 1 2073308 3 5021587 -1 -1 1125

[15:42:42]	[Recv]	cond 1 2073308 0 0 24

[15:42:42]	[Recv]	bf 1 2073308 0.576.20 99

[15:42:42]	[Recv]	sayi 1 2073308 20 26 3 576 0 0 0

[15:42:42]	[Recv]	su 1 2073308 3 5021587 1125 3 22 4272 0 0 0 0 83323 3 0 0 266371

[15:42:42]	[Recv]	lev 99 0 99 0 2140719000 5991794 66992052 2 0 90 917705181 0

[15:42:42]	[Recv]	mslot 1126 -1

[15:42:42]	[Recv]	qset 0 8 1.1.12.0

[15:42:42]	[Recv]	cond 2 4988603 0 0 16

[15:42:42]	[Send]	ptctl 5443 1 4988592 63 54 4988592 15
[15:42:42]	[Send]	mtlist 1 2 4988592 
[15:42:42]	[Send]	u_s 12 3 5021587
[15:42:42]	[Recv]	sr 11

[15:42:42]	[Send]	suctl 5443 1 4988592 3 5021587
[15:42:42]	[Send]	ncif 3 5021585
[15:42:42]	[Recv]	cond 2 4988592 0 0 15

[15:42:42]	[Recv]	sc_p 62 181 4988472 55 2979 0 0 0 578 754 422 6 160 0 257 301 261 301 250 3 19 14 34 -6 3429 12013 3369 3369 0 850664 0 @ 0 12 2 20 1811 1825 0 500

[15:42:42]	[Recv]	dm 2 4988472 594 1

[15:42:42]	[Recv]	sc_p 63 478 4988518 60 2984 0 0 0 639 803 452 17 150 0 295 341 336 341 287 2 24 36 49 27 13498 21388 3531 3531 0 1371320 0 @ 0 11 2 20 1811 1818 0 500

[15:42:42]	[Recv]	dm 2 4988518 594 1

[15:42:42]	[Recv]	sc_p 68 668 4988542 52 2982 0 0 0 952 1077 502 6 120 0 329 286 343 286 322 0 37 37 37 37 9754 16600 5077 5077 0 678201 0 @ 0 9 3 30 1826 1818 0 1080

[15:42:42]	[Recv]	dm 2 4988542 594 1

[15:42:42]	[Recv]	sc_p 69 754 4988552 53 2981 0 0 0 542 634 617 9 165 0 263 301 280 301 250 2 38 38 38 38 41888 41888 3307 3307 0 733605 0 @ 0 10 2 20 1825 1797 0 500

[15:42:42]	[Recv]	cancel 0 12 -1

[15:42:43]	[Recv]	ct 3 5021494 2 4988472 -1 -1 0

[15:42:43]	[Recv]	su 3 5021494 2 4988472 0 10 11 4806 0 0 1 21 282 3 0 2553 12013

[15:42:43]	[Recv]	su 3 5021494 2 4988552 0 10 11 4806 0 0 1 99 284 6 0 41604 41888

[15:42:43]	[Send]	mtlist 2 2 4988534 2 4988543 
[15:42:43]	[Send]	u_s 12 3 5021585
[15:42:43]	[Recv]	st 3 5021585 99 0 100 100 266369 2828 266371 2828 0

[15:42:43]	[Recv]	ct 2 4988518 3 5021494 -1 -1 0

[15:42:43]	[Recv]	su 2 4988518 3 5021494 0 9 11 4720 0 0 1 57 3839 0 0 52022 90871

[15:42:43]	[Recv]	ms_c 0

[15:42:43]	[Recv]	qslot 0 1.1.1 1.1.2 1.1.3 1.1.4 1.1.5 1.1.6 1.1.7 1.1.9 1.1.8 1.1.10 0.1.45 0.2.21 0.1.76 1.1.38 1.3.12 0.1.34 0.1.87 0.-1.-1 0.1.84 0.1.43 1.3.11 1.1.42 1.1.41 1.3.976 0.-1.-1 0.1.70 0.2.143 0.2.25 0.2.27 0.2.26

[15:42:43]	[Recv]	qslot 1 0.-1.-1 0.-1.-1 0.-1.-1 0.-1.-1 0.-1.-1 0.-1.-1 0.-1.-1 0.-1.-1 0.-1.-1 0.-1.-1 0.1.-1 0.1.-1 1.1.41 1.1.42 0.-1.-1 7.7.-1 7.7.-1 7.7.-1 7.7.-1 0.-1.-1 0.-1.-1 0.-1.-1 0.-1.-1 0.-1.-1 0.-1.-1 0.-1.-1 0.-1.-1 0.-1.-1 0.-1.-1 0.-1.-1

[15:42:43]	[Recv]	ct 2 4988535 3 5021586 -1 -1 0

[15:42:43]	[Recv]	eff 3 5021586 6003

[15:42:43]	[Recv]	su 2 4988535 3 5021586 0 11 11 4948 0 0 1 100 1 0 0 32369 32371

[15:42:43]	[Recv]	ct 2 4988543 3 5021586 -1 -1 0

[15:42:43]	[Recv]	su 2 4988543 3 5021586 0 11 11 4948 0 0 1 100 1 0 0 32368 32371

[15:42:43]	[Recv]	st 2 5020850 94 0 100 100 92062 184124 92062 184124 0

[15:42:43]	[Recv]	eff 2 5020850 7739

[15:42:43]	[Recv]	ct 1 2073308 3 5021585 -1 -1 1126

[15:42:43]	[Recv]	su 1 2073308 3 5021585 1126 3 26 4273 0 0 1 89 26950 0 0 239419 266371

[15:42:43]	[Recv]	cond 1 2073308 0 0 23

[15:42:43]	[Recv]	bf 1 2073308 0.567.0 99

[15:42:43]	[Recv]	cond 1 2073308 0 0 25

[15:42:43]	[Recv]	bf 1 2073308 0.568.400 99

[15:42:43]	[Recv]	eff 1 2073308 0

[15:42:43]	[Recv]	sayi 1 2073308 20 26 3 568 0 0 0

[15:42:43]	[Recv]	mslot 1125 -1

[15:42:43]	[Recv]	qset 0 8 1.1.11.0

[15:42:43]	[Send]	suctl 5443 1 4988603 3 5021585
[15:42:43]	[Recv]	sr 1

[15:42:43]	[Recv]	eff 2 4988603 5005

[15:42:43]	[Recv]	ct 2 4988534 3 5021584 -1 -1 0

[15:42:43]	[Recv]	su 2 4988534 3 5021584 0 11 11 4948 0 0 1 100 1 0 0 120120 120121

[15:42:43]	[Send]	mtlist 1 2 4988543 
[15:42:43]	[Send]	u_s 11 3 5021585
[15:42:43]	[Recv]	sr 12

[15:42:43]	[Recv]	dm 1 2073308 594 1

[15:42:43]	[Send]	ncif 3 5021585
[15:42:43]	[Recv]	ct 2 4988603 3 5021585 -1 -1 0

[15:42:43]	[Recv]	su 2 4988603 3 5021585 0 12 11 8360 0 0 1 87 6943 0 0 232476 266371

[15:42:43]	[Send]	ptctl 5443 1 4988592 63 53 4988592 15
[15:42:43]	[Recv]	ms_c 0

[15:42:43]	[Recv]	qslot 0 1.1.1 1.1.2 1.1.3 1.1.4 1.1.5 1.1.6 1.1.7 1.1.9 1.1.8 1.1.10 0.1.45 0.2.21 0.1.76 1.1.38 1.3.12 0.1.34 0.1.87 0.-1.-1 0.1.84 0.1.43 1.3.11 1.1.42 1.1.41 1.3.976 0.-1.-1 0.1.70 0.2.143 0.2.25 0.2.27 0.2.26

[15:42:43]	[Recv]	qslot 1 0.-1.-1 0.-1.-1 0.-1.-1 0.-1.-1 0.-1.-1 0.-1.-1 0.-1.-1 0.-1.-1 0.-1.-1 0.-1.-1 0.1.-1 0.1.-1 1.1.41 1.1.42 0.-1.-1 7.7.-1 7.7.-1 7.7.-1 7.7.-1 0.-1.-1 0.-1.-1 0.-1.-1 0.-1.-1 0.-1.-1 0.-1.-1 0.-1.-1 0.-1.-1 0.-1.-1 0.-1.-1 0.-1.-1

[15:42:44]	[Recv]	st 2 5020851 94 0 100 100 92062 184124 92062 184124 0

[15:42:44]	[Recv]	eff 2 5020851 7739

[15:42:44]	[Recv]	ct 1 2073308 3 5021585 -1 -1 1125

[15:42:44]	[Recv]	bf 1 2073308 0.576.20 99

[15:42:44]	[Recv]	bf 3 5021585 0.4110.80 99

[15:42:44]	[Recv]	eff 3 5021585 0

[15:42:44]	[Recv]	rc 1 2073308 200 0

[15:42:44]	[Recv]	su 1 2073308 3 5021585 1125 3 22 4272 0 0 1 55 84416 3 0 148060 266371

[15:42:44]	[Recv]	mslot 1126 -1

[15:42:44]	[Recv]	qset 0 8 1.1.12.0

[15:42:44]	[Recv]	st 3 5021585 99 0 55 100 148060 2828 266371 2828 0 4110.99

[15:42:44]	[Send]	suctl 5443 1 4988592 3 5021585
[15:42:44]	[Recv]	cond 2 4988592 0 0 15

[15:42:44]	[Recv]	ct 2 4988472 3 5021494 -1 -1 0

[15:42:44]	[Recv]	su 2 4988472 3 5021494 0 9 11 1006 0 0 1 54 2966 0 0 49056 90871

[15:42:44]	[Recv]	dm 2 4988592 594 1

[15:42:44]	[Recv]	st 2 5020852 94 0 100 100 92062 184124 92062 184124 0

[15:42:44]	[Recv]	eff 2 5020852 7739

[15:42:44]	[Recv]	eff 2 4988592 5005

[15:42:44]	[Send]	mtlist 2 2 4988543 2 4988592 
[15:42:44]	[Send]	u_s 12 3 5021585
[15:42:44]	[Recv]	sr 11

[15:42:44]	[Recv]	ct 2 4988542 3 5021494 -1 -1 0

[15:42:44]	[Recv]	su 2 4988542 3 5021494 0 10 11 4755 0 0 1 51 2165 0 0 46891 90871

[15:42:44]	[Recv]	ms_c 0

[15:42:44]	[Recv]	qslot 0 1.1.1 1.1.2 1.1.3 1.1.4 1.1.5 1.1.6 1.1.7 1.1.9 1.1.8 1.1.10 0.1.45 0.2.21 0.1.76 1.1.38 1.3.12 0.1.34 0.1.87 0.-1.-1 0.1.84 0.1.43 1.3.11 1.1.42 1.1.41 1.3.976 0.-1.-1 0.1.70 0.2.143 0.2.25 0.2.27 0.2.26

[15:42:44]	[Recv]	qslot 1 0.-1.-1 0.-1.-1 0.-1.-1 0.-1.-1 0.-1.-1 0.-1.-1 0.-1.-1 0.-1.-1 0.-1.-1 0.-1.-1 0.1.-1 0.1.-1 1.1.41 1.1.42 0.-1.-1 7.7.-1 7.7.-1 7.7.-1 7.7.-1 0.-1.-1 0.-1.-1 0.-1.-1 0.-1.-1 0.-1.-1 0.-1.-1 0.-1.-1 0.-1.-1 0.-1.-1 0.-1.-1 0.-1.-1

[15:42:44]	[Recv]	ct 2 4988552 3 5021494 -1 -1 0

[15:42:44]	[Recv]	su 2 4988552 3 5021494 0 11 11 1047 0 0 1 51 0 1 0 46891 90871

[15:42:44]	[Recv]	ct 2 4988592 3 5021585 -1 -1 0

[15:42:44]	[Recv]	su 2 4988592 3 5021585 0 10 11 0 0 0 1 50 13715 0 0 134345 266371

[15:42:44]	[Recv]	ct 1 2073308 3 5021585 -1 -1 1126

[15:42:44]	[Recv]	rc 1 2073308 200 0

[15:42:44]	[Recv]	su 1 2073308 3 5021585 1126 3 26 4273 0 0 1 13 97538 3 0 36807 266371

[15:42:44]	[Recv]	bf 1 2073308 0.568.400 99

[15:42:44]	[Recv]	mslot 1125 -1

[15:42:44]	[Recv]	qset 0 8 1.1.11.0

[15:42:44]	[Send]	ncif 3 5021585
[15:42:44]	[Send]	suctl 5443 1 4988603 3 5021585
[15:42:44]	[Recv]	dm 2 4988472 594 1

[15:42:44]	[Recv]	dm 2 4988518 594 1

[15:42:44]	[Recv]	dm 2 4988542 594 1

[15:42:44]	[Send]	mtlist 1 2 4988603 
[15:42:44]	[Send]	u_s 11 3 5021585
[15:42:44]	[Recv]	sr 12

[15:42:44]	[Recv]	st 3 5021585 99 0 13 100 36807 2828 266371 2828 0 4110.99

[15:42:45]	[Recv]	ct 2 4988539 3 5021585 -1 -1 0

[15:42:45]	[Recv]	su 2 4988539 3 5021585 0 11 11 4948 0 0 1 13 1 0 0 36806 266371

[15:42:45]	[Recv]	eff 2 4988603 5005

[15:42:45]	[Send]	ptctl 5443 1 4988592 61 55 4988592 15
[15:42:45]	[Recv]	ct 3 5021494 2 4988518 -1 -1 0

[15:42:45]	[Recv]	su 3 5021494 2 4988518 0 10 11 4806 0 0 1 56 276 0 0 12034 21388

[15:42:45]	[Recv]	ct 2 4988518 3 5021494 -1 -1 0

[15:42:45]	[Recv]	su 2 4988518 3 5021494 0 9 11 4720 0 0 1 51 0 1 0 46891 90871

[15:42:45]	[Recv]	ms_c 0

[15:42:45]	[Recv]	qslot 0 1.1.1 1.1.2 1.1.3 1.1.4 1.1.5 1.1.6 1.1.7 1.1.9 1.1.8 1.1.10 0.1.45 0.2.21 0.1.76 1.1.38 1.3.12 0.1.34 0.1.87 0.-1.-1 0.1.84 0.1.43 1.3.11 1.1.42 1.1.41 1.3.976 0.-1.-1 0.1.70 0.2.143 0.2.25 0.2.27 0.2.26

[15:42:45]	[Recv]	qslot 1 0.-1.-1 0.-1.-1 0.-1.-1 0.-1.-1 0.-1.-1 0.-1.-1 0.-1.-1 0.-1.-1 0.-1.-1 0.-1.-1 0.1.-1 0.1.-1 1.1.41 1.1.42 0.-1.-1 7.7.-1 7.7.-1 7.7.-1 7.7.-1 0.-1.-1 0.-1.-1 0.-1.-1 0.-1.-1 0.-1.-1 0.-1.-1 0.-1.-1 0.-1.-1 0.-1.-1 0.-1.-1 0.-1.-1

[15:42:45]	[Recv]	ct 1 2073308 3 5021585 -1 -1 1125

[15:42:45]	[Recv]	bf 1 2073308 0.576.20 99

[15:42:45]	[Recv]	rc 1 2073308 194 0

[15:42:45]	[Recv]	su 1 2073308 3 5021585 1125 3 22 4272 0 0 0 0 102700 3 0 0 266371

[15:42:45]	[Recv]	lev 99 0 99 0 2140719000 5991794 66992052 2 0 90 917705181 0

[15:42:45]	[Recv]	cond 2 4988592 0 0 15

[15:42:45]	[Recv]	ct 2 4988603 3 5021585 -1 -1 0

[15:42:45]	[Recv]	su 2 4988603 2 4988603 0 10 11 8360 0 0 1 100 0 2 0 19451 19451

[15:42:45]	[Recv]	st 2 5020850 94 0 100 100 92062 184124 92062 184124 0

[15:42:45]	[Send]	ptctl 5443 2 4988603 53 53 4988592 57 54 4988603 16
[15:42:45]	[Send]	ptctl 5443 2 4988603 55 54 4988592 56 54 4988603 16
[15:42:45]	[Recv]	sr 11

[15:42:45]	[Recv]	cond 1 2073308 0 0 25

[15:42:45]	[Recv]	cond 1 2073308 0 0 25

[15:42:45]	[Recv]	sr 13

[15:42:45]	[Recv]	dm 1 2073308 594 1

[15:42:45]	[Recv]	rc 1 2073308 594 0

[15:42:45]	[Recv]	cond 2 4988603 0 0 16

[15:42:45]	[Recv]	cond 2 4988592 0 0 15

[15:42:45]	[Send]	ptctl 5443 1 4988603 52 53 4988603 16
[15:42:45]	[Recv]	ct 2 4988535 3 5021586 -1 -1 0

[15:42:45]	[Recv]	su 2 4988535 3 5021586 0 11 11 4948 0 0 1 100 1 0 0 32367 32371

[15:42:45]	[Recv]	ct 2 4988543 3 5021586 -1 -1 0

[15:42:45]	[Recv]	su 2 4988543 3 5021586 0 11 11 4948 0 0 1 100 1 0 0 32366 32371

[15:42:45]	[Recv]	cond 1 2073308 0 0 24

[15:42:45]	[Recv]	sayi 1 2073308 20 22 3 1925 0 0 0

[15:42:45]	[Recv]	bf 1 2073308 0.1925.0 99

[15:42:45]	[Recv]	cond 2 4988603 0 0 16

[15:42:45]	[Recv]	cond 2 4988592 0 0 15

[15:42:45]	[Recv]	cond 1 2073308 0 0 24

[15:42:45]	[Recv]	cond 1 2073308 0 0 24

[15:42:46]	[Send]	ncif 3 5021586
[15:42:46]	[Recv]	ct 2 4988534 3 5021584 -1 -1 0

[15:42:46]	[Recv]	su 2 4988534 3 5021584 0 11 11 4948 0 0 1 100 1 0 0 120119 120121

[15:42:46]	[Recv]	st 2 5020851 94 0 100 100 92062 184124 92062 184124 0

[15:42:46]	[Recv]	cond 2 4988603 0 0 16

[15:42:46]	[Send]	ptctl 5443 1 4988603 56 53 4988603 16
[15:42:46]	[Send]	suctl 5443 1 4988603 3 5021586
[15:42:46]	[Recv]	st 3 5021586 99 0 100 100 32366 2828 32371 2828 0 196.1

[15:42:46]	[Send]	u_s 0 3 5021586
[15:42:46]	[Recv]	ct 3 5021584 2 4988534 -1 -1 0

[15:42:46]	[Recv]	su 3 5021584 2 4988534 0 10 11 0 0 0 1 79 105 0 0 396 501

[15:42:46]	[Recv]	ct 2 4988472 3 5021494 -1 -1 0

[15:42:46]	[Recv]	su 2 4988472 3 5021494 0 9 11 1006 0 0 1 51 0 1 0 46891 90871

[15:42:46]	[Recv]	sc_p 170 1548 4988592 96 588 24118288 0 0 1889 2049 1289 19 90 9 975 627 958 627 866 3 90 90 110 80 48251 57771 18100 18100 1 84982200 0 @ 0 0 6 60 1831 1798 0 100

[15:42:46]	[Recv]	dm 2 4988592 594 1

[15:42:46]	[Recv]	st 2 5020852 94 0 100 100 92062 184124 92062 184124 0

[15:42:46]	[Recv]	cond 2 4988603 0 0 16

[15:42:46]	[Send]	ptctl 5443 1 4988592 59 50 4988592 15
[15:42:46]	[Recv]	eff 2 4988603 5005

[15:42:46]	[Recv]	ct 1 2073308 3 5021586 -1 -1 1114

[15:42:46]	[Recv]	su 1 2073308 3 5021586 1114 6 11 4260 0 0 0 0 87618 3 0 0 32371

[15:42:46]	[Recv]	lev 99 0 99 0 2140719000 5991794 66992052 2 0 90 917705181 0

[15:42:46]	[Recv]	cond 2 4988592 0 0 15

[15:42:46]	[Recv]	ct 2 4988542 3 5021494 -1 -1 0

[15:42:46]	[Recv]	su 2 4988542 3 5021494 0 10 11 4755 0 0 1 49 2161 0 0 44730 90871

[15:42:46]	[Send]	ptctl 5443 2 4988603 50 53 4988592 52 52 4988603 16
[15:42:46]	[Recv]	cond 1 2073308 0 0 24

[15:42:46]	[Recv]	cond 1 2073308 0 0 24

[15:42:46]	[Send]	ptctl 5443 2 4988603 49 53 4988592 51 52 4988603 16
[15:42:46]	[Recv]	dm 2 4988472 594 1

[15:42:46]	[Recv]	dm 2 4988518 594 1

[15:42:46]	[Recv]	dm 2 4988542 594 1

[15:42:46]	[Recv]	cond 2 4988603 0 0 16

[15:42:46]	[Recv]	cond 2 4988592 0 0 15

[15:42:46]	[Recv]	cond 1 2073308 0 0 24

[15:42:46]	[Recv]	cond 1 2073308 0 0 24

[15:42:46]	[Send]	ptctl 5443 2 4988603 48 53 4988592 50 52 4988603 16
[15:42:47]	[Recv]	ct 2 4988552 3 5021494 -1 -1 0

[15:42:47]	[Recv]	su 2 4988552 3 5021494 0 11 11 1047 0 0 1 49 0 1 0 44730 90871

[15:42:47]	[Recv]	cond 2 4988603 0 0 16

[15:42:47]	[Recv]	cond 2 4988592 0 0 15

[15:42:47]	[Recv]	sr 0

[15:42:47]	[Recv]	cond 2 4988603 0 0 16

[15:42:47]	[Recv]	cond 2 4988592 0 0 15

[15:42:47]	[Recv]	ct 3 5021574 2 5020850 -1 -1 0

[15:42:47]	[Recv]	su 3 5021574 2 5020850 0 16 11 7640 0 0 1 98 1003 0 0 91059 92062

[15:42:47]	[Recv]	ct 2 4988518 3 5021494 -1 -1 0

[15:42:47]	[Recv]	su 2 4988518 3 5021494 0 9 11 4720 0 0 1 49 0 1 0 44730 90871

[15:42:47]	[Recv]	cond 1 2073308 0 0 21

[15:42:47]	[Recv]	sayi 1 2073308 20 22 3 576 0 0 0

[15:42:47]	[Recv]	bf 1 2073308 0.576.0 99

[15:42:47]	[Send]	ncif 3 5021579
[15:42:47]	[Recv]	ct 3 5021494 2 4988472 -1 -1 0

[15:42:47]	[Recv]	su 3 5021494 2 4988472 0 10 11 4806 0 0 1 9 281 0 0 1084 12013

[15:42:47]	[Recv]	su 3 5021494 2 4988552 0 10 11 4806 0 0 1 98 283 6 0 41321 41888

[15:42:47]	[Recv]	ct 2 4988539 3 5021584 -1 -1 0

[15:42:47]	[Recv]	su 2 4988539 3 5021584 0 11 11 4948 0 0 1 100 1 0 0 120118 120121

[15:42:47]	[Recv]	st 2 5020850 94 0 98 100 91059 184124 92062 184124 0

[15:42:47]	[Recv]	st 3 5021579 99 0 100 100 266371 2828 266371 2828 0

[15:42:47]	[Send]	ptctl 5443 1 4988592 47 49 4988592 15
[15:42:47]	[Send]	ptctl 5443 1 4988603 48 50 4988603 16
[15:42:47]	[Recv]	sp 414792 1000000 0 10000

[15:42:47]	[Recv]	dm 1 2073308 594 1

[15:42:47]	[Recv]	cond 2 4988592 0 0 15

[15:42:47]	[Send]	u_s 1 3 5021579
[15:42:47]	[Send]	ptctl 5443 1 4988603 47 49 4988603 16
[15:42:47]	[Recv]	cond 2 4988603 0 0 16

[15:42:47]	[Recv]	cond 1 2073308 0 0 21

[15:42:47]	[Recv]	cond 1 2073308 0 0 21

[15:42:48]	[Recv]	st 2 5020851 94 0 100 100 92062 184124 92062 184124 0

[15:42:48]	[Recv]	ms_c 0

[15:42:48]	[Recv]	qslot 0 1.1.1 1.1.2 1.1.3 1.1.4 1.1.5 1.1.6 1.1.7 1.1.9 1.1.8 1.1.10 0.1.45 0.2.21 0.1.76 1.1.38 1.3.12 0.1.34 0.1.87 0.-1.-1 0.1.84 0.1.43 1.3.11 1.1.42 1.1.41 1.3.976 0.-1.-1 0.1.70 0.2.143 0.2.25 0.2.27 0.2.26

[15:42:48]	[Recv]	qslot 1 0.-1.-1 0.-1.-1 0.-1.-1 0.-1.-1 0.-1.-1 0.-1.-1 0.-1.-1 0.-1.-1 0.-1.-1 0.-1.-1 0.1.-1 0.1.-1 1.1.41 1.1.42 0.-1.-1 7.7.-1 7.7.-1 7.7.-1 7.7.-1 0.-1.-1 0.-1.-1 0.-1.-1 0.-1.-1 0.-1.-1 0.-1.-1 0.-1.-1 0.-1.-1 0.-1.-1 0.-1.-1 0.-1.-1

[15:42:48]	[Recv]	ct 1 2073308 3 5021579 14 4263 1115

[15:42:48]	[Recv]	cond 2 4988603 0 0 16

[15:42:48]	[Recv]	ct 2 4988535 3 5021584 -1 -1 0

[15:42:48]	[Recv]	su 2 4988535 3 5021584 0 11 11 4948 0 0 1 100 1 0 0 120117 120121

[15:42:48]	[Recv]	ct 2 4988543 3 5021584 -1 -1 0

[15:42:48]	[Recv]	su 2 4988543 3 5021584 0 11 11 4948 0 0 1 100 1 0 0 120116 120121

[15:42:48]	[Recv]	ct 2 4988472 3 5021494 -1 -1 0

[15:42:48]	[Recv]	su 2 4988472 3 5021494 0 9 11 1006 0 0 1 49 0 1 0 44730 90871

[15:42:48]	[Recv]	dm 2 4988592 594 1

[15:42:48]	[Recv]	st 2 5020852 94 0 100 100 92062 184124 92062 184124 0

[15:42:48]	[Send]	suctl 5443 1 4988603 3 5021579
[15:42:48]	[Send]	ncif 3 5021579
[15:42:48]	[Send]	ptctl 5443 1 4988592 42 47 4988592 15
[15:42:48]	[Recv]	ct 3 5021584 2 4988534 -1 -1 0

[15:42:48]	[Recv]	cond 2 4988534 0 1 9

[15:42:48]	[Recv]	cond 2 4988534 1 1 9

[15:42:48]	[Recv]	su 3 5021584 2 4988534 0 10 11 0 0 0 1 9 347 0 0 49 501

[15:42:48]	[Recv]	ct 2 4988534 3 5021584 -1 -1 0

[15:42:48]	[Recv]	su 2 4988534 3 5021584 0 11 11 4948 0 0 1 100 1 0 0 120115 120121

[15:42:48]	[Recv]	eff 2 5020850 7739

[15:42:48]	[Recv]	eff 1 2073308 15

[15:42:48]	[Recv]	rc 1 2073308 200 0

[15:42:48]	[Recv]	su 1 2073308 3 5021579 1115 56 12 4264 0 0 1 18 217277 3 0 49094 266371

[15:42:48]	[Recv]	in 3 2371 5021599 51 56 2 100 100 0 0 0 -1 0 0 -1 - 0 -1 0 0 0 0 0 0 0 0 0 0 0 0

[15:42:48]	[Recv]	guri 31 1 2073308 51 56

[15:42:48]	[Recv]	mslot 1127 -1

[15:42:48]	[Recv]	qset 0 0 1.1.13.0

[15:42:48]	[Recv]	cond 1 2073308 0 0 21

[15:42:48]	[Recv]	bf 1 2073308 0.4254.80 99

[15:42:48]	[Recv]	sayi 1 2073308 20 26 3 4254 0 0 0

[15:42:48]	[Recv]	sayi 1 2073308 20 23 3 4254 0 0 0

[15:42:48]	[Recv]	eff 2 4988603 5005

[15:42:48]	[Recv]	st 3 5021579 99 0 18 100 49094 2828 266371 2828 0

[15:42:48]	[Send]	u_s 13 3 5021579
[15:42:48]	[Recv]	cond 2 4988592 0 0 15

[15:42:48]	[Recv]	guri 31 1 2073308 51 56

[15:42:48]	[Recv]	su 3 5021599 3 5021579 -1 0 -1 4264 -1 -1 1 1 108638 0 0

[15:42:48]	[Recv]	ms_c 0

[15:42:48]	[Recv]	qslot 0 1.1.1 1.1.2 1.1.3 1.1.4 1.1.5 1.1.6 1.1.7 1.1.9 1.1.8 1.1.10 0.1.45 0.2.21 0.1.76 1.1.38 1.3.12 0.1.34 0.1.87 0.-1.-1 0.1.84 0.1.43 1.3.11 1.1.42 1.1.41 1.3.976 0.-1.-1 0.1.70 0.2.143 0.2.25 0.2.27 0.2.26

[15:42:48]	[Recv]	qslot 1 0.-1.-1 0.-1.-1 0.-1.-1 0.-1.-1 0.-1.-1 0.-1.-1 0.-1.-1 0.-1.-1 0.-1.-1 0.-1.-1 0.1.-1 0.1.-1 1.1.41 1.1.42 0.-1.-1 7.7.-1 7.7.-1 7.7.-1 7.7.-1 0.-1.-1 0.-1.-1 0.-1.-1 0.-1.-1 0.-1.-1 0.-1.-1 0.-1.-1 0.-1.-1 0.-1.-1 0.-1.-1 0.-1.-1

[15:42:48]	[Recv]	die 3 5021599 3 5021599

[15:42:48]	[Recv]	dm 2 4988472 594 1

[15:42:48]	[Recv]	dm 2 4988518 594 1

[15:42:48]	[Recv]	ct 2 4988542 3 5021494 -1 -1 0

[15:42:48]	[Recv]	su 2 4988542 3 5021494 0 10 11 4755 0 0 1 49 0 1 0 44730 90871

[15:42:48]	[Recv]	dm 2 4988542 594 1

[15:42:48]	[Recv]	ct 2 4988603 3 5021579 -1 -1 0

[15:42:48]	[Recv]	su 2 4988603 3 5021579 0 12 11 8360 0 0 0 0 6983 0 0 0 266371

[15:42:48]	[Recv]	lev 99 0 99 0 2140719000 5991794 66992052 2 0 90 917705181 0

[15:42:48]	[Recv]	ct 1 2073308 3 5021579 -1 -1 1127

[15:42:48]	[Recv]	su 1 2073308 1 2073308 1127 80 22 4284 0 0 1 99 0 2 0 95103 95497

[15:42:48]	[Send]	ptctl 5443 2 4988603 41 49 4988592 40 49 4988603 16
[15:42:49]	[Recv]	sc_p 80 638 4988534 1 2986 0 2 0 144 201 70 4 70 0 27 35 29 35 25 3 60 50 80 50 49 501 220 220 0 15 0 @ 0 17 4 1 0 0 0 90

[15:42:49]	[Recv]	eff 2 5020851 7739

[15:42:49]	[Recv]	cond 1 2073308 0 0 21

[15:42:49]	[Recv]	cond 1 2073308 0 0 21

[15:42:49]	[Send]	ncif 3 5021494
[15:42:49]	[Recv]	cond 2 4988603 0 0 16

[15:42:49]	[Recv]	cond 2 4988592 0 0 15

[15:42:49]	[Recv]	ct 2 4988518 3 5021494 -1 -1 0

[15:42:49]	[Recv]	su 2 4988518 3 5021494 0 9 11 4720 0 0 1 45 3844 0 0 40886 90871

[15:42:49]	[Recv]	eff 2 5020852 7739

[15:42:49]	[Recv]	st 3 5021494 99 0 45 100 40886 2828 90871 2828 0

[15:42:49]	[Send]	ptctl 5443 2 4988603 41 50 4988592 38 53 4988603 16
[15:42:49]	[Recv]	ct 2 4988552 3 5021494 -1 -1 0

[15:42:49]	[Recv]	su 2 4988552 3 5021494 0 11 11 1047 0 0 1 45 0 1 0 40886 90871

[15:42:49]	[Recv]	st 2 5020850 94 0 99 100 91979 184124 92062 184124 0

[15:42:49]	[Recv]	cond 1 2073308 0 0 21

[15:42:49]	[Recv]	cond 1 2073308 0 0 21

[15:42:49]	[Send]	ptctl 5443 2 4988603 40 49 4988592 37 52 4988603 16
[15:42:49]	[Recv]	ct 3 5021494 2 4988472 -1 -1 0

[15:42:49]	[Recv]	su 3 5021494 2 4988472 0 10 11 4806 0 0 1 1 281 0 0 209 12013

[15:42:49]	[Recv]	su 3 5021494 1 2073308 0 10 11 4806 0 0 1 99 447 6 0 94656 95497

[15:42:49]	[Recv]	su 3 5021494 2 4988552 0 10 11 4806 0 0 1 98 284 6 0 41037 41888

[15:42:49]	[Recv]	sc_p 81 639 4988535 1 2982 0 2 0 144 201 70 4 70 0 27 35 29 35 25 3 60 50 80 50 501 501 220 220 0 15 0 @ 0 18 4 1 0 0 0 90

[15:42:49]	[Recv]	sc_p 83 669 4988543 1 2982 0 2 0 144 201 70 4 70 0 27 35 29 35 25 3 60 50 80 50 501 501 220 220 0 15 0 @ 0 19 4 1 0 0 0 90

[15:42:49]	[Recv]	cond 2 4988603 0 0 16

[15:42:49]	[Recv]	cond 2 4988592 0 0 15

[15:42:49]	[Send]	ptctl 5443 1 4988592 35 51 4988592 15
[15:42:49]	[Recv]	dm 1 2073308 594 1

[15:42:49]	[Recv]	rc 1 2073308 1435 0

[15:42:49]	[Recv]	cond 1 2073308 0 0 21

[15:42:49]	[Recv]	cond 1 2073308 0 0 21

[15:42:49]	[Recv]	ct 2 4988539 3 5021584 -1 -1 0

[15:42:49]	[Recv]	sc_p 86 643 4988539 1 2982 0 2 0 144 201 70 4 70 0 27 35 29 35 25 3 60 50 80 50 501 501 220 220 0 15 0 @ 0 20 4 1 0 0 0 90

[15:42:49]	[Recv]	su 2 4988539 3 5021584 0 11 11 4948 0 0 1 100 1 0 0 120114 120121

[15:42:49]	[Recv]	cond 2 4988603 0 0 16

[15:42:49]	[Recv]	cond 2 4988592 0 0 15

[15:42:49]	[Recv]	cond 1 2073308 0 0 21

[15:42:49]	[Recv]	cond 1 2073308 0 0 21

[15:42:49]	[Send]	ptctl 5443 2 4988603 39 49 4988592 35 54 4988603 16
[15:42:50]	[Recv]	st 2 5020851 94 0 100 100 92062 184124 92062 184124 0

[15:42:50]	[Recv]	cond 2 4988592 0 0 15

[15:42:50]	[Send]	ncif 3 5021494
[15:42:50]	[Recv]	cond 1 2073308 0 0 21

[15:42:50]	[Recv]	cond 1 2073308 0 0 21

[15:42:50]	[Recv]	cond 2 4988534 1 0 9

[15:42:50]	[Recv]	cond 2 4988534 0 0 9

[15:42:50]	[Recv]	ct 2 4988472 3 5021494 -1 -1 0

[15:42:50]	[Recv]	su 2 4988472 3 5021494 0 9 11 1006 0 0 1 45 0 1 0 40886 90871

[15:42:50]	[Recv]	dm 2 4988592 594 1

[15:42:50]	[Recv]	st 2 5020852 94 0 100 100 92062 184124 92062 184124 0

[15:42:50]	[Recv]	cond 2 4988603 0 0 16

[15:42:50]	[Recv]	cond 2 4988592 0 0 15

[15:42:50]	[Recv]	st 3 5021494 99 0 45 100 40886 2828 90871 2828 0

[15:42:50]	[Send]	ncif 3 5021574
[15:42:50]	[Recv]	ct 3 5021584 2 4988534 -1 -1 0

[15:42:50]	[Recv]	su 3 5021584 2 4988534 0 10 11 0 0 0 0 0 348 0 0 0 501

[15:42:50]	[Recv]	ct 3 5021574 2 5020850 -1 -1 0

[15:42:50]	[Recv]	su 3 5021574 2 5020850 0 16 11 7640 0 0 1 98 1002 0 0 91060 92062

[15:42:50]	[Recv]	ct 2 4988535 3 5021584 -1 -1 0

[15:42:50]	[Recv]	su 2 4988535 3 5021584 0 11 11 4948 0 0 1 100 1 0 0 120113 120121

[15:42:50]	[Recv]	ct 2 4988543 3 5021584 -1 -1 0

[15:42:50]	[Recv]	su 2 4988543 3 5021584 0 11 11 4948 0 0 1 100 1 0 0 120112 120121

[15:42:50]	[Recv]	st 3 5021574 99 0 100 100 266371 2828 266371 2828 0

[15:42:50]	[Recv]	dm 2 4988472 208 1

[15:42:50]	[Recv]	dm 2 4988518 594 1

[15:42:50]	[Recv]	dm 2 4988542 594 1

[15:42:50]	[Send]	ptctl 5443 1 4988603 35 53 4988603 16
[15:42:51]	[Send]	ptctl 5443 1 4988592 29 55 4988592 15
[15:42:51]	[Recv]	ct 2 4988542 3 5021494 -1 -1 0

[15:42:51]	[Recv]	su 2 4988542 3 5021494 0 10 11 4755 0 0 1 42 2149 0 0 38737 90871

[15:42:51]	[Recv]	cond 1 2073308 0 0 21

[15:42:51]	[Recv]	cond 1 2073308 0 0 21

[15:42:51]	[Send]	u_s 0 3 5021574
[15:42:51]	[Recv]	out 2 4988472

[15:42:51]	[Recv]	out 2 4988518

[15:42:51]	[Recv]	out 2 4988542

[15:42:51]	[Recv]	out 2 4988552

[15:42:51]	[Recv]	sayi 1 2073308 20 22 3 1027 0 0 0

[15:42:51]	[Recv]	bf 1 2073308 0.1027.0 99

[15:42:51]	[Recv]	cond 2 4988603 0 0 16

[15:42:51]	[Recv]	cond 2 4988592 0 0 15

[15:42:51]	[Recv]	cond 1 2073308 0 0 21

[15:42:51]	[Recv]	cond 1 2073308 0 0 21

[15:42:51]	[Recv]	st 2 5020850 94 0 98 100 91060 184124 92062 184124 0

[15:42:51]	[Send]	ncif 3 5021574
[15:42:51]	[Recv]	ct 1 2073308 3 5021574 -1 -1 1114

[15:42:51]	[Recv]	su 1 2073308 3 5021574 1114 7 11 4260 0 0 1 68 84504 3 0 181867 266371

[15:42:51]	[Recv]	st 3 5021574 99 0 68 100 181867 2828 266371 2828 0

[15:42:51]	[Send]	ptctl 5443 2 4988603 36 58 4988592 34 59 4988603 16
[15:42:51]	[Recv]	cond 1 2073308 0 0 21

[15:42:51]	[Recv]	cond 1 2073308 0 0 21

[15:42:51]	[Send]	ptctl 5443 1 4988592 34 60 4988592 15
[15:42:51]	[Recv]	dm 1 2073308 594 1

[15:42:51]	[Recv]	cond 2 4988603 0 0 16

[15:42:51]	[Recv]	cond 2 4988592 0 0 15

[15:42:51]	[Recv]	ct 3 5021494 2 4988603 -1 -1 0

[15:42:51]	[Recv]	su 3 5021494 2 4988603 0 10 11 4806 0 0 1 99 114 0 0 19337 19451

[15:42:51]	[Recv]	cond 2 4988592 0 0 15

[15:42:51]	[Send]	ptctl 5443 1 4988592 27 58 4988592 15
[15:42:52]	[Send]	ptctl 5443 1 4988603 30 56 4988603 16
[15:42:52]	[Recv]	st 2 5020851 94 0 100 100 92062 184124 92062 184124 0

[15:42:52]	[Recv]	cond 2 4988592 0 0 15

[15:42:52]	[Recv]	cond 2 4988603 0 0 16

[15:42:52]	[Send]	u_s 0 3 5021574
[15:42:52]	[Recv]	out 2 4988534

[15:42:52]	[Recv]	ct 2 4988539 3 5021584 -1 -1 0

[15:42:52]	[Recv]	su 2 4988539 3 5021584 0 11 11 4948 0 0 1 100 1 0 0 120111 120121

[15:42:52]	[Recv]	dm 2 4988592 594 1

[15:42:52]	[Recv]	st 2 5020852 94 0 100 100 92062 184124 92062 184124 0

[15:42:52]	[Recv]	sr 0

[15:42:52]	[Recv]	cond 1 2073308 0 0 21

[15:42:52]	[Recv]	cond 1 2073308 0 0 21

[15:42:52]	[Send]	ncif 3 5021574
[15:42:52]	[Recv]	ct 1 2073308 3 5021574 -1 -1 1114

[15:42:52]	[Recv]	eff 1 2073308 15

[15:42:52]	[Recv]	rc 1 2073308 200 0

[15:42:52]	[Recv]	su 1 2073308 3 5021574 1114 7 11 4260 0 0 0 0 218885 3 0 0 266371

[15:42:52]	[Recv]	lev 99 0 99 0 2140719000 5991794 66992052 2 0 90 917705181 0

[15:42:52]	[Recv]	sp 414782 1000000 0 10000

[15:42:52]	[Send]	ptctl 5443 2 4988603 35 60 4988592 33 58 4988603 16
[15:42:52]	[Recv]	ct 3 5021584 2 4988539 -1 -1 0

[15:42:52]	[Recv]	su 3 5021584 2 4988539 0 10 11 0 0 0 1 79 104 0 0 397 501

[15:42:52]	[Recv]	cond 1 2073308 0 0 21

[15:42:52]	[Recv]	cond 1 2073308 0 0 21

[15:42:52]	[Recv]	cond 2 4988603 0 0 16

[15:42:52]	[Recv]	cond 2 4988592 0 0 15

[15:42:52]	[Send]	ptctl 5443 2 4988603 36 61 4988592 34 60 4988603 16
[15:42:53]	[Recv]	ct 2 4988535 3 5021584 -1 -1 0

[15:42:53]	[Recv]	su 2 4988535 3 5021584 0 11 11 4948 0 0 1 100 1 0 0 120110 120121

[15:42:53]	[Recv]	ct 2 4988543 3 5021584 -1 -1 0

[15:42:53]	[Recv]	su 2 4988543 3 5021584 0 11 11 4948 0 0 1 100 1 0 0 120109 120121

[15:42:53]	[Recv]	cond 2 4988603 0 0 16

[15:42:53]	[Recv]	cond 2 4988592 0 0 15

[15:42:53]	[Recv]	sr 8

[15:42:53]	[Send]	ncif 3 5021576
[15:42:53]	[Recv]	sr 0

[15:42:53]	[Recv]	st 3 5021576 99 0 100 100 120121 2828 120121 2828 0

[15:42:53]	[Send]	ptctl 5443 2 4988603 35 60 4988592 33 57 4988603 16
[15:42:53]	[Send]	suctl 5443 1 4988603 3 5021576
[15:42:53]	[Recv]	st 2 5020850 94 0 99 100 91980 184124 92062 184124 0

[15:42:53]	[Recv]	eff 2 5020850 7739

[15:42:53]	[Send]	u_s 0 3 5021576
[15:42:53]	[Recv]	cond 2 4988603 0 0 16

[15:42:53]	[Recv]	cond 2 4988592 0 0 15

[15:42:53]	[Recv]	rc 2 4988603 114 0

[15:42:53]	[Recv]	eff 2 4988603 5005

[15:42:53]	[Recv]	dm 1 2073308 594 1

[15:42:53]	[Recv]	rc 1 2073308 988 0

[15:42:53]	[Recv]	cond 1 2073308 0 0 21

[15:42:53]	[Recv]	cond 1 2073308 0 0 21

[15:42:53]	[Send]	suctl 5443 1 4988592 3 5021576
[15:42:53]	[Send]	ptctl 5443 2 4988603 40 58 4988592 38 57 4988603 16
[15:42:53]	[Recv]	ct 1 2073308 3 5021576 -1 -1 1114

[15:42:53]	[Recv]	su 1 2073308 3 5021576 1114 7 11 4260 0 0 1 1 118147 3 0 1974 120121

[15:42:53]	[Recv]	eff 2 4988592 5005

[15:42:54]	[Recv]	ct 3 5021576 2 4988592 -1 -1 0

[15:42:54]	[Recv]	cond 2 4988592 0 1 15

[15:42:54]	[Recv]	cond 2 4988592 1 1 15

[15:42:54]	[Recv]	su 3 5021576 2 4988592 0 10 11 0 0 0 1 79 113 0 0 45762 57771

[15:42:54]	[Recv]	ct 3 5021494 2 4988592 -1 -1 0

[15:42:54]	[Recv]	su 3 5021494 2 4988592 0 10 11 4806 0 0 1 79 113 0 0 45649 57771

[15:42:54]	[Recv]	ct 2 4988603 3 5021576 -1 -1 0

[15:42:54]	[Recv]	su 2 4988603 3 5021576 0 12 11 8360 0 0 0 0 9707 0 0 0 120121

[15:42:54]	[Recv]	lev 99 0 99 0 2140719000 5991794 66992052 2 0 90 917705181 0

[15:42:54]	[Recv]	st 2 5020851 94 0 100 100 92062 184124 92062 184124 0

[15:42:54]	[Recv]	eff 2 5020851 7739

[15:42:54]	[Recv]	sr 1

[15:42:54]	[Recv]	cond 2 4988603 0 0 16

[15:42:54]	[Send]	ptctl 5443 2 4988603 39 58 4988592 39 58 4988603 16
[15:42:54]	[Recv]	cond 1 2073308 0 0 21

[15:42:54]	[Recv]	cond 1 2073308 0 0 21

[15:42:54]	[Send]	ptctl 5443 2 4988603 40 60 4988592 35 57 4988603 16
[15:42:54]	[Recv]	ct 2 4988592 3 5021576 -1 -1 0

[15:42:54]	[Recv]	su 2 4988592 2 4988592 0 10 11 0 0 0 1 79 0 2 0 45649 57771

[15:42:54]	[Recv]	dm 2 4988592 594 1

[15:42:54]	[Recv]	st 2 5020852 94 0 100 100 92062 184124 92062 184124 0

[15:42:54]	[Recv]	eff 2 5020852 7739

[15:42:54]	[Recv]	cond 2 4988603 0 0 16

[15:42:54]	[Recv]	cond 2 4988603 0 0 16

[15:42:54]	[Recv]	cond 2 4988534 0 0 9

[15:42:54]	[Recv]	petski 334 1831 1798

[15:42:54]	[Recv]	pet_cool2  0 0 0

[15:42:54]	[Recv]	pinit 2 2|4988603|0|94|@|-1|3206|1|2723|0|0 2|4988592|1|96|@|-1|1548|0|0|0|60

[15:42:54]	[Send]	ncif 3 5021494
[15:42:54]	[Recv]	st 3 5021494 99 0 42 100 38737 2828 90871 2828 0

[15:42:54]	[Recv]	eff 3 5021583 5000

[15:42:54]	[Recv]	eff 3 5021578 5000

[15:42:54]	[Recv]	eff 3 5021577 5000

[15:42:54]	[Recv]	ct 2 4988539 3 5021584 -1 -1 0

[15:42:54]	[Recv]	su 2 4988539 3 5021584 0 11 11 4948 0 0 1 100 1 0 0 120108 120121

[15:42:54]	[Recv]	sr 0

[15:42:54]	[Send]	u_s 0 3 5021494
[15:42:54]	[Send]	ptctl 5443 1 4988603 36 60 4988603 16
[15:42:54]	[Send]	suctl 5443 1 4988603 3 5021494
[15:42:54]	[Recv]	cond 1 2073308 0 0 21

[15:42:54]	[Recv]	cond 1 2073308 0 0 21

[15:42:55]	[Recv]	ct 3 5021584 2 4988539 -1 -1 0

[15:42:55]	[Recv]	su 3 5021584 2 4988539 0 10 11 0 0 0 1 9 352 3 0 45 501

[15:42:55]	[Recv]	ct 1 2073308 3 5021494 -1 -1 1114

[15:42:55]	[Recv]	su 1 2073308 3 5021494 1114 7 11 4260 0 0 1 2 36587 0 0 2150 90871

[15:42:55]	[Recv]	in 3 2371 5021607 41 64 2 100 100 0 0 0 -1 0 0 -1 - 0 -1 0 0 0 0 0 0 0 0 0 0 0 0

[15:42:55]	[Recv]	guri 31 1 2073308 41 64

[15:42:55]	[Recv]	cond 2 4988603 0 0 16

[15:42:55]	[Recv]	eff 2 4988603 5005

[15:42:55]	[Send]	ptctl 5443 1 4988603 41 59 4988603 16
[15:42:55]	[Recv]	cond 1 2073308 0 0 21

[15:42:55]	[Recv]	cond 1 2073308 0 0 21

[15:42:55]	[Send]	ptctl 5443 1 4988603 40 57 4988603 16
[15:42:55]	[Recv]	cond 2 4988603 0 0 16

[15:42:55]	[Recv]	ct 2 4988535 3 5021584 -1 -1 0

[15:42:55]	[Recv]	su 2 4988535 3 5021584 0 11 11 4948 0 0 1 100 1 0 0 120107 120121

[15:42:55]	[Recv]	ct 2 4988543 3 5021584 -1 -1 0

[15:42:55]	[Recv]	su 2 4988543 3 5021584 0 11 11 4948 0 0 1 100 1 0 0 120106 120121

[15:42:55]	[Recv]	ct 2 4988603 3 5021494 -1 -1 0

[15:42:55]	[Recv]	su 2 4988603 3 5021494 0 12 11 8360 0 0 0 0 10554 0 0 0 90871

[15:42:55]	[Recv]	lev 99 0 99 0 2140719000 5991794 66992052 2 0 90 917705181 0

[15:42:55]	[Recv]	cond 2 4988603 0 0 15

[15:42:55]	[Recv]	st 2 5020850 94 0 100 100 92062 184124 92062 184124 0

[15:42:55]	[Recv]	cond 2 4988603 0 0 15

[15:42:55]	[Send]	ncif 3 5021494
[15:42:55]	[Recv]	cond 1 2073308 0 0 20

[15:42:55]	[Recv]	sayi 1 2073308 20 22 3 3069 0 0 0

[15:42:55]	[Recv]	bf 1 2073308 0.3069.0 99

[15:42:55]	[Recv]	sr 0

[15:42:55]	[Recv]	dm 1 2073308 594 1

[15:42:55]	[Send]	u_s 0 3 5021494
[15:42:55]	[Recv]	die 3 5021607 3 5021607

[15:42:55]	[Recv]	cond 2 4988592 1 0 15

[15:42:55]	[Recv]	cond 2 4988592 0 0 15

[15:42:55]	[Send]	ptctl 5443 1 4988592 38 57 4988592 15
[15:42:55]	[Recv]	cond 1 2073308 0 0 20

[15:42:55]	[Recv]	cond 1 2073308 0 0 20

[15:42:56]	[Send]	ptctl 5443 1 4988603 38 59 4988603 15
[15:42:56]	[Send]	ptctl 5443 1 4988592 36 57 4988592 15
[15:42:56]	[Recv]	st 2 5020851 94 0 100 100 92062 184124 92062 184124 0

[15:42:56]	[Recv]	cancel 0 0 -1

[15:42:56]	[Send]	ncif 3 5021575
[15:42:56]	[Recv]	cond 2 4988592 0 0 15

[15:42:56]	[Recv]	sc_p 170 1548 4988592 96 587 24118988 0 0 1889 2049 1289 19 90 9 975 627 958 627 866 3 90 90 110 80 45055 57771 18100 18100 1 84982200 0 @ 0 0 6 60 1831 1798 0 100

[15:42:56]	[Recv]	dm 2 4988592 594 1

[15:42:56]	[Recv]	st 2 5020852 94 0 100 100 92062 184124 92062 184124 0

[15:42:56]	[Recv]	cond 2 4988603 0 0 15

[15:42:56]	[Send]	suctl 5443 1 4988592 3 5021575
[15:42:56]	[Recv]	cond 1 2073308 0 0 20

[15:42:56]	[Recv]	sayi 1 2073308 20 22 3 4254 0 0 0

[15:42:56]	[Recv]	bf 1 2073308 0.4254.0 99

[15:42:56]	[Recv]	cond 2 4988592 0 0 15

[15:42:56]	[Send]	suctl 5443 1 4988603 3 5021575
[15:42:56]	[Recv]	st 3 5021575 99 0 100 100 32371 2828 32371 2828 0

[15:42:56]	[Recv]	eff 2 4988592 5005

[15:42:56]	[Send]	u_s 0 3 5021575
[15:42:56]	[Recv]	eff 2 4988603 5005

[15:42:56]	[Recv]	ct 2 4988592 3 5021575 -1 -1 0

[15:42:56]	[Recv]	su 2 4988592 3 5021575 0 10 11 0 0 0 1 72 8814 0 0 23557 32371

[15:42:56]	[Recv]	sr 13

[15:42:56]	[Recv]	ct 1 2073308 3 5021575 -1 -1 1114

[15:42:56]	[Recv]	eff 1 2073308 15

[15:42:56]	[Recv]	rc 1 2073308 200 0

[15:42:56]	[Recv]	su 1 2073308 3 5021575 1114 7 11 4260 0 0 0 0 215356 3 0 0 32371

[15:42:56]	[Recv]	lev 99 0 99 0 2140719000 5991794 66992052 2 0 90 917705181 0

[15:42:56]	[Send]	ncif 3 5021575
[15:42:57]	[Recv]	ct 2 4988539 3 5021584 -1 -1 0

[15:42:57]	[Recv]	su 2 4988539 3 5021584 0 11 11 4948 0 0 1 100 1 0 0 120105 120121

[15:42:57]	[Recv]	ct 2 4988603 3 5021575 -1 -1 0

[15:42:57]	[Recv]	su 2 4988603 2 4988603 0 12 11 8360 0 0 1 100 0 2 0 19451 19451

[15:42:57]	[Recv]	sr 5

[15:42:57]	[Send]	ptctl 5443 2 4988603 40 55 4988592 39 53 4988603 15
[15:42:57]	[Recv]	ct 3 5021584 2 4988539 -1 -1 0

[15:42:57]	[Recv]	su 3 5021584 2 4988539 0 10 11 0 0 0 0 0 347 0 0 0 501

[15:42:57]	[Recv]	cond 1 2073308 0 0 20

[15:42:57]	[Recv]	cond 1 2073308 0 0 20

[15:42:57]	[Recv]	st 2 5020850 94 0 100 100 92062 184124 92062 184124 0

[15:42:57]	[Recv]	cond 2 4988603 0 0 15

[15:42:57]	[Recv]	cond 2 4988592 0 0 15

[15:42:57]	[Send]	ncif 3 5021580
[15:42:57]	[Recv]	sr 0

[15:42:57]	[Recv]	sp 414772 1000000 0 10000

[15:42:57]	[Recv]	st 3 5021580 99 0 100 100 120121 2828 120121 2828 0

[15:42:57]	[Recv]	dm 1 2073308 594 1

[15:42:57]	[Send]	ptctl 5443 1 4988592 37 50 4988592 15
[15:42:57]	[Send]	u_s 1 3 5021580
[15:42:57]	[Recv]	ct 2 4988535 3 5021584 -1 -1 0

[15:42:57]	[Recv]	su 2 4988535 3 5021584 0 11 11 4948 0 0 1 100 1 0 0 120104 120121

[15:42:57]	[Recv]	ct 2 4988543 3 5021584 -1 -1 0

[15:42:57]	[Recv]	eff 3 5021584 6003

[15:42:57]	[Recv]	su 2 4988543 3 5021584 0 11 11 4948 0 0 1 100 1 0 0 120103 120121

[15:42:57]	[Recv]	cond 2 4988592 0 0 15

[15:42:57]	[Recv]	cond 1 2073308 0 0 20

[15:42:57]	[Recv]	cond 1 2073308 0 0 20

[15:42:58]	[Recv]	st 2 5020851 94 0 100 100 92062 184124 92062 184124 0

[15:42:58]	[Recv]	ms_c 0

[15:42:58]	[Recv]	qslot 0 1.1.1 1.1.2 1.1.3 1.1.4 1.1.5 1.1.6 1.1.7 1.1.9 1.1.8 1.1.10 0.1.45 0.2.21 0.1.76 1.1.38 1.3.12 0.1.34 0.1.87 0.-1.-1 0.1.84 0.1.43 1.3.11 1.1.42 1.1.41 1.3.976 0.-1.-1 0.1.70 0.2.143 0.2.25 0.2.27 0.2.26

[15:42:58]	[Recv]	qslot 1 0.-1.-1 0.-1.-1 0.-1.-1 0.-1.-1 0.-1.-1 0.-1.-1 0.-1.-1 0.-1.-1 0.-1.-1 0.-1.-1 0.1.-1 0.1.-1 1.1.41 1.1.42 0.-1.-1 7.7.-1 7.7.-1 7.7.-1 7.7.-1 0.-1.-1 0.-1.-1 0.-1.-1 0.-1.-1 0.-1.-1 0.-1.-1 0.-1.-1 0.-1.-1 0.-1.-1 0.-1.-1 0.-1.-1

[15:42:58]	[Recv]	ct 1 2073308 3 5021580 14 4263 1115

[15:42:58]	[Recv]	ct 3 5021583 2 4988592 -1 -1 0

[15:42:58]	[Recv]	su 3 5021583 2 4988592 0 10 11 4806 0 0 1 76 113 0 0 44348 57771

[15:42:58]	[Recv]	dm 2 4988592 594 1

[15:42:58]	[Recv]	st 2 5020852 94 0 100 100 92062 184124 92062 184124 0

[15:42:58]	[Recv]	eff 2 5020850 7739

[15:42:58]	[Recv]	rc 1 2073308 200 0

[15:42:58]	[Recv]	su 1 2073308 3 5021580 1115 70 12 4264 0 0 1 3 115470 3 0 4651 120121

[15:42:58]	[Recv]	eff 1 2073308 15

[15:42:58]	[Recv]	su 1 2073308 3 5021582 1115 70 12 4264 0 0 0 0 128532 5 0 0 13203

[15:42:58]	[Recv]	lev 99 0 99 0 2140719000 5991794 66992052 2 0 90 917705181 0

[15:42:58]	[Recv]	eff 1 2073308 15

[15:42:58]	[Recv]	su 1 2073308 3 5021578 1115 70 12 4264 0 0 0 0 128379 5 0 0 13203

[15:42:58]	[Recv]	lev 99 0 99 0 2140719000 5991794 66992052 2 0 90 917705181 0

[15:42:58]	[Recv]	mslot 1127 -1

[15:42:58]	[Recv]	qset 0 0 1.1.13.0

[15:42:58]	[Send]	ncif 3 5021580
[15:42:58]	[Send]	u_s 13 3 5021580
[15:42:58]	[Recv]	st 3 5021580 99 0 3 100 4651 2828 120121 2828 0

[15:42:58]	[Send]	ptctl 5443 1 4988603 41 54 4988603 15
[15:42:58]	[Send]	suctl 5443 1 4988603 3 5021580
[15:42:58]	[Recv]	ms_c 0

[15:42:58]	[Recv]	qslot 0 1.1.1 1.1.2 1.1.3 1.1.4 1.1.5 1.1.6 1.1.7 1.1.9 1.1.8 1.1.10 0.1.45 0.2.21 0.1.76 1.1.38 1.3.12 0.1.34 0.1.87 0.-1.-1 0.1.84 0.1.43 1.3.11 1.1.42 1.1.41 1.3.976 0.-1.-1 0.1.70 0.2.143 0.2.25 0.2.27 0.2.26

[15:42:58]	[Recv]	qslot 1 0.-1.-1 0.-1.-1 0.-1.-1 0.-1.-1 0.-1.-1 0.-1.-1 0.-1.-1 0.-1.-1 0.-1.-1 0.-1.-1 0.1.-1 0.1.-1 1.1.41 1.1.42 0.-1.-1 7.7.-1 7.7.-1 7.7.-1 7.7.-1 0.-1.-1 0.-1.-1 0.-1.-1 0.-1.-1 0.-1.-1 0.-1.-1 0.-1.-1 0.-1.-1 0.-1.-1 0.-1.-1 0.-1.-1

[15:42:58]	[Send]	ptctl 5443 1 4988592 38 45 4988592 15
[15:42:58]	[Recv]	ct 3 5021577 2 4988592 -1 -1 0

[15:42:58]	[Recv]	su 3 5021577 2 4988592 0 10 11 4806 0 0 1 75 114 3 0 43640 57771

[15:42:58]	[Recv]	out 2 4988539

[15:42:58]	[Recv]	ct 1 2073308 3 5021580 -1 -1 1127

[15:42:58]	[Recv]	rc 1 2073308 200 0

[15:42:58]	[Recv]	su 1 2073308 3 5021580 1127 100 22 4284 0 0 0 0 49024 0 0 0 120121

[15:42:58]	[Recv]	lev 99 0 99 0 2140719000 5991794 66992052 2 0 90 917705181 0

[15:42:58]	[Recv]	eff 1 2073308 15

[15:42:58]	[Recv]	su 1 2073308 3 5021577 1127 100 22 4284 0 0 0 0 100321 5 0 0 90871

[15:42:58]	[Recv]	lev 99 0 99 0 2140719000 5991794 66992052 2 0 90 917705181 0

[15:42:58]	[Recv]	cond 2 4988603 0 0 15

[15:42:58]	[Send]	ptctl 5443 1 4988592 39 47 4988592 15
[15:42:59]	[Recv]	eff 2 5020851 7739

[15:42:59]	[Recv]	cond 2 4988592 0 0 15

[15:42:59]	[Send]	u_s 13 3 5021580
[15:42:59]	[Send]	ptctl 5443 2 4988603 38 50 4988592 38 46 4988603 15
[15:42:59]	[Recv]	cond 2 4988592 0 0 15

[15:42:59]	[Recv]	eff 2 5020852 7739

[15:42:59]	[Recv]	cancel 0 13 -1

[15:42:59]	[Send]	ncif 3 5021577
[15:42:59]	[Recv]	cond 2 4988603 0 0 15

[15:42:59]	[Recv]	cond 2 4988592 0 0 15

[15:42:59]	[Recv]	st 2 5020850 94 0 100 100 92062 184124 92062 184124 0

[15:42:59]	[Recv]	sc_p 81 639 4988535 1 2981 0 2 0 144 201 70 4 70 0 27 35 29 35 25 3 60 50 80 50 501 501 220 220 0 15 0 @ 0 18 4 1 0 0 0 90

[15:42:59]	[Recv]	sc_p 83 669 4988543 1 2981 0 2 0 144 201 70 4 70 0 27 35 29 35 25 3 60 50 80 50 501 501 220 220 0 15 0 @ 0 19 4 1 0 0 0 90

[15:42:59]	[Recv]	dm 1 2073308 594 1

[15:42:59]	[Send]	ncif 3 5021581
[15:42:59]	[Send]	u_s 0 3 5021581
[15:42:59]	[Send]	ptctl 5443 1 4988592 43 47 4988592 15
[15:42:59]	[Recv]	out 2 4988535

[15:42:59]	[Recv]	out 2 4988543

[15:42:59]	[Recv]	sayi 1 2073308 20 22 3 1029 0 0 0

[15:42:59]	[Recv]	bf 1 2073308 0.1029.0 99

[15:42:59]	[Recv]	st 3 5021581 99 0 100 100 90871 2828 90871 2828 0

[15:42:59]	[Send]	ptctl 5443 1 4988603 37 49 4988603 15
[15:42:59]	[Send]	suctl 5443 1 4988603 3 5021581
[15:43:00]	[Recv]	st 2 5020851 94 0 100 100 92062 184124 92062 184124 0

[15:43:00]	[Recv]	ct 1 2073308 3 5021581 -1 -1 1114

[15:43:00]	[Recv]	eff 1 2073308 15

[15:43:00]	[Recv]	rc 1 2073308 200 0

[15:43:00]	[Recv]	su 1 2073308 3 5021581 1114 7 11 4260 0 0 0 0 238430 3 0 0 90871

[15:43:00]	[Recv]	lev 99 0 99 0 2140719000 5991794 66992052 2 0 90 917705181 0

[15:43:00]	[Recv]	cond 2 4988592 0 0 15

[15:43:00]	[Recv]	dm 2 4988592 594 1

[15:43:00]	[Recv]	st 2 5020852 94 0 100 100 92062 184124 92062 184124 0

[15:43:00]	[Recv]	cond 2 4988603 0 0 15

[15:43:00]	[Send]	ncif 3 5021581
[15:43:00]	[Send]	ptctl 5443 2 4988603 40 53 4988592 42 51 4988603 15
[15:43:00]	[Recv]	ct 3 5021583 2 4988603 -1 -1 0

[15:43:00]	[Recv]	su 3 5021583 2 4988603 0 10 11 4806 0 0 1 99 113 0 0 19338 19451

[15:43:00]	[Recv]	cond 1 2073308 0 0 20

[15:43:00]	[Recv]	cond 1 2073308 0 0 20

[15:43:00]	[Recv]	cond 2 4988603 0 0 15

[15:43:00]	[Recv]	cond 2 4988592 0 0 15

[15:43:00]	[Send]	u_s 0 3 5021581
[15:43:00]	[Send]	ptctl 5443 1 4988592 46 50 4988592 15
[15:43:00]	[Recv]	sr 0

[15:43:00]	[Recv]	cond 1 2073308 0 0 20

[15:43:00]	[Recv]	cond 1 2073308 0 0 20

[15:43:01]	[Send]	ptctl 5443 2 4988603 44 52 4988592 45 53 4988603 15
[15:43:01]	[Recv]	cond 2 4988539 0 0 9

[15:43:01]	[Recv]	petski 334 1831 1798

[15:43:01]	[Recv]	pet_cool2  0 0 0

[15:43:01]	[Recv]	pinit 2 2|4988603|0|94|@|-1|3206|1|2723|0|0 2|4988592|1|96|@|-1|1548|0|0|0|60

[15:43:01]	[Recv]	cancel 0 0 -1

[15:43:01]	[Recv]	cond 2 4988592 0 0 15

[15:43:01]	[Send]	ptctl 5443 2 4988603 45 52 4988592 47 50 4988603 15
[15:43:01]	[Recv]	cond 2 4988603 0 0 15

[15:43:01]	[Recv]	cond 2 4988592 0 0 15

[15:43:01]	[Recv]	cond 1 2073308 0 0 20

[15:43:01]	[Recv]	cond 1 2073308 0 0 20

[15:43:01]	[Send]	ptctl 5443 2 4988603 47 52 4988592 49 50 4988603 15
[15:43:01]	[Recv]	st 2 5020850 94 0 100 100 92062 184124 92062 184124 0

[15:43:01]	[Recv]	cond 2 4988603 0 0 15

[15:43:01]	[Recv]	cond 2 4988592 0 0 15

[15:43:01]	[Recv]	cond 1 2073308 0 0 20

[15:43:01]	[Recv]	cond 1 2073308 0 0 20

[15:43:01]	[Send]	ptctl 5443 2 4988603 48 52 4988592 50 50 4988603 15
[15:43:01]	[Recv]	cond 2 4988603 0 0 15

[15:43:01]	[Recv]	cond 2 4988592 0 0 15

[15:43:01]	[Recv]	dm 1 2073308 594 1

[15:43:01]	[Recv]	cond 1 2073308 0 0 20

[15:43:01]	[Recv]	cond 1 2073308 0 0 20

[15:43:01]	[Recv]	cond 2 4988603 0 0 15

[15:43:01]	[Recv]	cond 2 4988592 0 0 15

[15:43:01]	[Send]	ncif 3 5021584
[15:43:02]	[Recv]	st 2 5020851 94 0 100 100 92062 184124 92062 184124 0

[15:43:02]	[Recv]	st 3 5021584 99 0 100 100 120103 2828 120121 2828 0 196.1

[15:43:02]	[Recv]	dm 2 4988592 594 1

[15:43:02]	[Recv]	st 2 5020852 94 0 100 100 92062 184124 92062 184124 0

[15:43:02]	[Send]	ptctl 5443 1 4988592 55 50 4988592 15
[15:43:02]	[Send]	ptctl 5443 1 4988603 53 52 4988603 15
[15:43:02]	[Recv]	sp 414762 1000000 0 10000

[15:43:02]	[Recv]	cond 2 4988592 0 0 15

[15:43:02]	[Send]	u_s 0 3 5021584
[15:43:02]	[Recv]	cond 2 4988603 0 0 15

[15:43:02]	[Recv]	cond 1 2073308 0 0 20

[15:43:02]	[Recv]	cond 1 2073308 0 0 20

[15:43:02]	[Send]	ncif 3 5021584
[15:43:02]	[Recv]	cond 1 2073308 0 0 20

[15:43:02]	[Recv]	cond 1 2073308 0 0 20

[15:43:03]	[Recv]	ct 1 2073308 3 5021584 -1 -1 1114

[15:43:03]	[Recv]	rc 1 2073308 200 0

[15:43:03]	[Recv]	su 1 2073308 3 5021584 1114 7 11 4260 0 0 1 62 45541 0 0 74562 120121

[15:43:03]	[Recv]	st 3 5021584 99 0 62 100 74562 2828 120121 2828 0

[15:43:03]	[Send]	ptctl 5443 1 4988592 60 50 4988592 15
[15:43:03]	[Send]	ptctl 5443 2 4988603 48 56 4988592 50 52 4988603 15
[15:43:03]	[Recv]	cond 2 4988592 0 0 15

[15:43:03]	[Recv]	st 2 5020850 94 0 100 100 92062 184124 92062 184124 0

[15:43:03]	[Recv]	eff 2 5020850 7739

[15:43:03]	[Recv]	cond 1 2073308 0 0 20

[15:43:03]	[Recv]	cond 1 2073308 0 0 20

[15:43:03]	[Recv]	cond 2 4988603 0 0 15

[15:43:03]	[Recv]	cond 2 4988592 0 0 15

[15:43:03]	[Send]	ptctl 5443 2 4988603 52 55 4988592 57 50 4988603 15
[15:43:03]	[Recv]	dm 1 2073308 594 1

[15:43:03]	[Send]	u_s 0 3 5021584
[15:43:03]	[Recv]	sr 0

[15:43:03]	[Recv]	cond 2 4988603 0 0 15

[15:43:03]	[Recv]	cond 2 4988592 0 0 15

[15:43:03]	[Send]	ncif 3 5021584
[15:43:03]	[Recv]	cond 1 2073308 0 0 20

[15:43:03]	[Recv]	cond 1 2073308 0 0 20

[15:43:04]	[Recv]	st 2 5020851 94 0 100 100 92062 184124 92062 184124 0

[15:43:04]	[Recv]	eff 2 5020851 7739

[15:43:04]	[Recv]	ct 1 2073308 3 5021584 -1 -1 1114

[15:43:04]	[Recv]	bf 3 5021584 0.4110.80 99

[15:43:04]	[Recv]	eff 3 5021584 0

[15:43:04]	[Recv]	rc 1 2073308 200 0

[15:43:04]	[Recv]	su 1 2073308 3 5021584 1114 7 11 4260 0 0 1 25 43342 0 0 31220 120121

[15:43:04]	[Recv]	st 3 5021584 99 0 25 100 31220 2828 120121 2828 0 4110.99

[15:43:04]	[Send]	suctl 5443 1 4988603 3 5021584
[15:43:04]	[Recv]	dm 2 4988592 594 1

[15:43:04]	[Recv]	st 2 5020852 94 0 100 100 92062 184124 92062 184124 0

[15:43:04]	[Recv]	eff 2 5020852 7739

[15:43:04]	[Recv]	eff 2 4988603 5005

[15:43:04]	[Send]	ptctl 5443 2 4988603 47 57 4988592 52 50 4988603 15
[15:43:04]	[Recv]	ct 2 4988603 3 5021584 -1 -1 0

[15:43:04]	[Recv]	su 2 4988603 3 5021584 0 12 11 8360 0 0 1 17 10230 0 0 20990 120121

[15:43:04]	[Recv]	cond 1 2073308 0 0 20

[15:43:04]	[Recv]	cond 1 2073308 0 0 20

[15:43:04]	[Send]	ptctl 5443 1 4988592 59 50 4988592 15
[15:43:04]	[Recv]	cond 2 4988603 0 0 15

[15:43:04]	[Recv]	cond 2 4988592 0 0 15

[15:43:04]	[Send]	u_s 0 3 5021584
[15:43:04]	[Recv]	sr 0

[15:43:04]	[Recv]	cond 2 4988592 0 0 15

[15:43:04]	[Recv]	cond 1 2073308 0 0 20

[15:43:04]	[Recv]	cond 1 2073308 0 0 20

[15:43:04]	[Send]	ncif 3 5021584
[15:43:05]	[Recv]	ct 1 2073308 3 5021584 -1 -1 1114

[15:43:05]	[Recv]	rc 1 2073308 200 0

[15:43:05]	[Recv]	su 1 2073308 3 5021584 1114 7 11 4260 0 0 0 0 49210 0 0 0 120121

[15:43:05]	[Recv]	lev 99 0 99 0 2140719000 5991794 66992052 2 0 90 917705181 0

[15:43:05]	[Recv]	sayi 1 2073308 20 22 3 373 0 0 0

[15:43:05]	[Recv]	bf 1 2073308 0.373.0 99

[15:43:05]	[Send]	suctl 5443 1 4988592 3 5021584
[15:43:05]	[Send]	ptctl 5443 2 4988603 48 56 4988592 54 50 4988603 15
[15:43:05]	[Recv]	st 2 5020850 94 0 100 100 92062 184124 92062 184124 0

[15:43:05]	[Recv]	sr 1

[15:43:05]	[Recv]	cond 1 2073308 0 0 20

[15:43:05]	[Recv]	cond 1 2073308 0 0 20

[15:43:05]	[Send]	ptctl 5443 2 4988603 49 54 4988592 53 51 4988603 15
[15:43:05]	[Recv]	cond 2 4988603 0 0 15

[15:43:05]	[Recv]	cond 2 4988592 0 0 15

[15:43:05]	[Send]	ptctl 5443 2 4988603 44 52 4988592 52 50 4988603 15
[15:43:05]	[Recv]	cond 2 4988603 0 0 15

[15:43:05]	[Recv]	cond 2 4988592 0 0 15

[15:43:05]	[Send]	ncif 3 5021583
[15:43:05]	[Recv]	sr 0

[15:43:05]	[Recv]	cond 1 2073308 0 0 20

[15:43:05]	[Recv]	cond 1 2073308 0 0 20

[15:43:05]	[Recv]	cond 2 4988603 0 0 15

[15:43:05]	[Recv]	cond 2 4988592 0 0 15

[15:43:06]	[Send]	u_s 0 3 5021583
[15:43:06]	[Recv]	st 2 5020851 94 0 100 100 92062 184124 92062 184124 0

[15:43:06]	[Recv]	st 3 5021583 99 0 100 100 90871 2828 90871 2828 0

[15:43:06]	[Send]	ptctl 5443 1 4988603 47 54 4988603 15
[15:43:06]	[Send]	suctl 5443 1 4988603 3 5021583
[15:43:06]	[Recv]	cond 1 2073308 0 0 20

[15:43:06]	[Recv]	cond 1 2073308 0 0 20

[15:43:06]	[Recv]	ct 3 5021583 1 2073308 -1 -1 0

[15:43:06]	[Recv]	su 3 5021583 1 2073308 0 10 11 4806 0 0 1 97 450 0 0 93477 95497

[15:43:06]	[Recv]	sc_p 170 1548 4988592 96 586 24119968 0 0 1889 2049 1289 19 90 9 975 627 958 627 866 3 90 90 110 80 41858 57771 18100 18100 1 84982200 0 @ 0 0 6 60 1831 1798 0 100

[15:43:06]	[Recv]	st 2 5020852 94 0 100 100 92062 184124 92062 184124 0

[15:43:06]	[Recv]	ct 1 2073308 3 5021583 -1 -1 1114

[15:43:06]	[Recv]	rc 1 2073308 200 0

[15:43:06]	[Recv]	su 1 2073308 3 5021583 1114 7 11 4260 0 0 0 0 93799 3 0 0 90871

[15:43:06]	[Recv]	lev 99 0 99 0 2140719000 5991794 66992052 2 0 90 917705181 0

[15:43:06]	[Recv]	cond 2 4988603 0 0 15

[15:43:06]	[Send]	ptctl 5443 1 4988592 47 50 4988592 15
[15:43:06]	[Recv]	cond 2 4988592 0 0 15

[15:43:07]	[Recv]	sr 0

[15:43:07]	[Send]	ptctl 5443 1 4988592 48 50 4988592 15
[15:43:07]	[Recv]	cond 2 4988592 0 0 15

[15:43:07]	[Send]	u_s 41 1 2073308
[15:43:07]	[Recv]	ms_c 0

[15:43:07]	[Recv]	qslot 0 1.1.1 1.1.2 1.1.3 1.1.4 1.1.5 1.1.6 1.1.7 1.1.9 1.1.8 1.1.10 0.1.45 0.2.21 0.1.76 1.1.38 1.3.12 0.1.34 0.1.87 0.-1.-1 0.1.84 0.1.43 1.3.11 1.1.42 1.1.41 1.3.976 0.-1.-1 0.1.70 0.2.143 0.2.25 0.2.27 0.2.26

[15:43:07]	[Recv]	qslot 1 0.-1.-1 0.-1.-1 0.-1.-1 0.-1.-1 0.-1.-1 0.-1.-1 0.-1.-1 0.-1.-1 0.-1.-1 0.-1.-1 0.1.-1 0.1.-1 1.1.41 1.1.42 0.-1.-1 7.7.-1 7.7.-1 7.7.-1 7.7.-1 0.-1.-1 0.-1.-1 0.-1.-1 0.-1.-1 0.-1.-1 0.-1.-1 0.-1.-1 0.-1.-1 0.-1.-1 0.-1.-1 0.-1.-1

[15:43:07]	[Recv]	ct 1 2073308 1 2073308 -1 7663 699

[15:43:07]	[Recv]	st 2 5020850 94 0 100 100 92062 184124 92062 184124 0

[15:43:07]	[Recv]	bf 1 2073308 0.1647.1200 99

[15:43:07]	[Recv]	eff 1 2073308 0

[15:43:07]	[Recv]	sayi 1 2073308 20 26 3 1647 0 0 0

[15:43:07]	[Recv]	su 1 2073308 1 2073308 699 2400 0 7710 0 0 1 98 0 -1 0 93677 95497

[15:43:07]	[Recv]	sp 414752 1000000 0 10000

[15:43:07]	[Send]	u_s 42 1 2073308
[15:43:07]	[Recv]	ms_c 0

[15:43:07]	[Recv]	qslot 0 1.1.1 1.1.2 1.1.3 1.1.4 1.1.5 1.1.6 1.1.7 1.1.9 1.1.8 1.1.10 0.1.45 0.2.21 0.1.76 1.1.38 1.3.12 0.1.34 0.1.87 0.-1.-1 0.1.84 0.1.43 1.3.11 1.1.42 1.1.41 1.3.976 0.-1.-1 0.1.70 0.2.143 0.2.25 0.2.27 0.2.26

[15:43:07]	[Recv]	qslot 1 0.-1.-1 0.-1.-1 0.-1.-1 0.-1.-1 0.-1.-1 0.-1.-1 0.-1.-1 0.-1.-1 0.-1.-1 0.-1.-1 0.1.-1 0.1.-1 1.1.41 1.1.42 0.-1.-1 7.7.-1 7.7.-1 7.7.-1 7.7.-1 0.-1.-1 0.-1.-1 0.-1.-1 0.-1.-1 0.-1.-1 0.-1.-1 0.-1.-1 0.-1.-1 0.-1.-1 0.-1.-1 0.-1.-1

[15:43:07]	[Recv]	ct 1 2073308 1 2073308 -1 7665 702

[15:43:07]	[Recv]	bf 1 2073308 0.1676.1200 99

[15:43:07]	[Recv]	eff 1 2073308 0

[15:43:07]	[Recv]	sayi 1 2073308 20 26 3 1676 0 0 0

[15:43:07]	[Recv]	su 1 2073308 1 2073308 702 2400 0 7712 0 0 1 98 0 -1 0 93677 95497

[15:43:08]	[Send]	u_s 5 1 2073308
[15:43:08]	[Recv]	st 2 5020851 94 0 100 100 92062 184124 92062 184124 0

[15:43:08]	[Recv]	ms_c 0

[15:43:08]	[Recv]	qslot 0 1.1.1 1.1.2 1.1.3 1.1.4 1.1.5 1.1.6 1.1.7 1.1.9 1.1.8 1.1.10 0.1.45 0.2.21 0.1.76 1.1.38 1.3.12 0.1.34 0.1.87 0.-1.-1 0.1.84 0.1.43 1.3.11 1.1.42 1.1.41 1.3.976 0.-1.-1 0.1.70 0.2.143 0.2.25 0.2.27 0.2.26

[15:43:08]	[Recv]	qslot 1 0.-1.-1 0.-1.-1 0.-1.-1 0.-1.-1 0.-1.-1 0.-1.-1 0.-1.-1 0.-1.-1 0.-1.-1 0.-1.-1 0.1.-1 0.1.-1 1.1.41 1.1.42 0.-1.-1 7.7.-1 7.7.-1 7.7.-1 7.7.-1 0.-1.-1 0.-1.-1 0.-1.-1 0.-1.-1 0.-1.-1 0.-1.-1 0.-1.-1 0.-1.-1 0.-1.-1 0.-1.-1 0.-1.-1

[15:43:08]	[Recv]	st 2 5020852 94 0 100 100 92062 184124 92062 184124 0

[15:43:08]	[Recv]	ct 1 2073308 1 2073308 -1 -1 1119

[15:43:08]	[Recv]	bf 1 2073308 0.561.3000 99

[15:43:08]	[Recv]	bf 1 2073308 0.578.1200 99

[15:43:08]	[Recv]	bf 1 2073308 0.941.0 99

[15:43:08]	[Recv]	bf 1 2073308 0.830.60 99

[15:43:08]	[Recv]	eff 1 2073308 0

[15:43:08]	[Recv]	sayi 1 2073308 20 26 3 830 0 0 0

[15:43:08]	[Recv]	su 1 2073308 1 2073308 1119 600 25 4265 0 0 1 98 0 -1 0 93677 95497

[15:43:08]	[Recv]	eff 2 5020850 7739

[15:43:08]	[Recv]	in 3 776 5021631 6 38 7 100 100 0 0 0 -1 0 0 -1 - 0 -1 0 0 0 0 0 0 0 0 0 0 0 0

[15:43:08]	[Recv]	msgi 0 679 0 0 0 0 0

[15:43:08]	[Recv]	in 3 718 5021632 6 40 7 100 100 0 0 0 -1 0 0 -1 - 0 -1 0 0 0 0 0 0 0 0 0 0 0 0

[15:43:08]	[Recv]	msgi 0 679 0 0 0 0 0

[15:43:08]	[Recv]	in 3 702 5021633 7 40 4 100 100 0 0 0 -1 0 0 -1 - 0 -1 0 0 0 0 0 0 0 0 0 0 0 0

[15:43:08]	[Recv]	msgi 0 679 0 0 0 0 0

[15:43:08]	[Recv]	in 3 701 5021634 37 8 7 100 100 0 0 0 -1 0 0 -1 - 0 -1 0 0 0 0 0 0 0 0 0 0 0 0

[15:43:08]	[Recv]	msgi 0 679 0 0 0 0 0

[15:43:08]	[Recv]	in 3 713 5021635 38 6 1 100 100 0 0 0 -1 0 0 -1 - 0 -1 0 0 0 0 0 0 0 0 0 0 0 0

[15:43:08]	[Recv]	msgi 0 679 0 0 0 0 0

[15:43:08]	[Recv]	in 3 776 5021636 40 6 3 100 100 0 0 0 -1 0 0 -1 - 0 -1 0 0 0 0 0 0 0 0 0 0 0 0

[15:43:08]	[Recv]	msgi 0 679 0 0 0 0 0

[15:43:08]	[Recv]	in 3 702 5021637 40 7 1 100 100 0 0 0 -1 0 0 -1 - 0 -1 0 0 0 0 0 0 0 0 0 0 0 0

[15:43:08]	[Recv]	msgi 0 679 0 0 0 0 0

[15:43:08]	[Recv]	in 3 701 5021638 40 9 5 100 100 0 0 0 -1 0 0 -1 - 0 -1 0 0 0 0 0 0 0 0 0 0 0 0

[15:43:08]	[Recv]	msgi 0 679 0 0 0 0 0

[15:43:08]	[Recv]	in 3 713 5021639 42 6 7 100 100 0 0 0 -1 0 0 -1 - 0 -1 0 0 0 0 0 0 0 0 0 0 0 0

[15:43:08]	[Recv]	msgi 0 679 0 0 0 0 0

[15:43:08]	[Recv]	in 3 701 5021640 42 8 0 100 100 0 0 0 -1 0 0 -1 - 0 -1 0 0 0 0 0 0 0 0 0 0 0 0

[15:43:08]	[Recv]	msgi 0 679 0 0 0 0 0

[15:43:08]	[Recv]	in 3 702 5021641 71 40 4 100 100 0 0 0 -1 0 0 -1 - 0 -1 0 0 0 0 0 0 0 0 0 0 0 0

[15:43:08]	[Recv]	msgi 0 679 0 0 0 0 0

[15:43:08]	[Recv]	in 3 718 5021642 72 40 0 100 100 0 0 0 -1 0 0 -1 - 0 -1 0 0 0 0 0 0 0 0 0 0 0 0

[15:43:08]	[Recv]	msgi 0 679 0 0 0 0 0

[15:43:08]	[Recv]	in 3 776 5021643 72 42 6 100 100 0 0 0 -1 0 0 -1 - 0 -1 0 0 0 0 0 0 0 0 0 0 0 0

[15:43:08]	[Recv]	msgi 0 679 0 0 0 0 0

[15:43:08]	[Recv]	eff 3 5021643 5000

[15:43:08]	[Recv]	eff 3 5021640 5000

[15:43:08]	[Recv]	eff 3 5021636 5000

[15:43:08]	[Recv]	eff 3 5021632 5000

[15:43:08]	[Recv]	eff 3 5021631 5000

[15:43:08]	[Recv]	sr 13

[15:43:09]	[Recv]	eff 2 5020851 7739

[15:43:09]	[Recv]	eff 2 5020852 7739

[15:43:09]	[Send]	ptctl 5443 2 4988603 52 54 4988592 53 50 4988603 15
[15:43:09]	[Recv]	st 2 5020850 94 0 100 100 92062 184124 92062 184124 0

[15:43:09]	[Recv]	cond 1 2073308 0 0 20

[15:43:09]	[Recv]	cond 1 2073308 0 0 20

[15:43:09]	[Send]	ptctl 5443 2 4988603 53 54 4988592 54 50 4988603 15
[15:43:09]	[Recv]	cond 2 4988603 0 0 15

[15:43:09]	[Recv]	cond 2 4988592 0 0 15

[15:43:09]	[Recv]	cond 1 2073308 0 0 20

[15:43:09]	[Recv]	cond 1 2073308 0 0 20

[15:43:09]	[Recv]	cond 2 4988603 0 0 15

[15:43:09]	[Recv]	cond 2 4988592 0 0 15

[15:43:09]	[Send]	ncif 3 5021643
[15:43:10]	[Send]	ptctl 5443 1 4988592 58 50 4988592 15
[15:43:10]	[Recv]	st 2 5020851 94 0 100 100 92062 184124 92062 184124 0

[15:43:10]	[Recv]	st 3 5021643 99 0 100 100 266371 2828 266371 2828 0

[15:43:10]	[Recv]	cond 2 4988592 0 0 15

[15:43:10]	[Recv]	st 2 5020852 94 0 100 100 92062 184124 92062 184124 0

[15:43:10]	[Send]	ptctl 5443 1 4988603 58 53 4988603 15
[15:43:10]	[Recv]	cond 2 4988603 0 0 15

[15:43:10]	[Recv]	cond 1 2073308 0 0 20

[15:43:10]	[Recv]	cond 1 2073308 0 0 20

[15:43:10]	[Recv]	sayi 1 2073308 20 22 3 3097 0 0 0

[15:43:10]	[Recv]	bf 1 2073308 0.3097.0 99

[15:43:10]	[Recv]	bf 1 2073308 0.3097.3000 94

[15:43:10]	[Recv]	sayi 1 2073308 20 26 3 3097 0 0 0

[15:43:10]	[Recv]	eff_t 2 4988603 1 2073308 4766

[15:43:10]	[Send]	ptctl 5443 1 4988592 63 50 4988592 15
[15:43:10]	[Send]	u_s 8 3 5021643
[15:43:10]	[Send]	ncif 3 5021643
[15:43:10]	[Recv]	cond 2 4988592 0 0 15

[15:43:11]	[Recv]	cond 1 2073308 0 0 20

[15:43:11]	[Recv]	cond 1 2073308 0 0 20

[15:43:11]	[Recv]	ms_c 0

[15:43:11]	[Recv]	qslot 0 1.1.1 1.1.2 1.1.3 1.1.4 1.1.5 1.1.6 1.1.7 1.1.9 1.1.8 1.1.10 0.1.45 0.2.21 0.1.76 1.1.38 1.3.12 0.1.34 0.1.87 0.-1.-1 0.1.84 0.1.43 1.3.11 1.1.42 1.1.41 1.3.976 0.-1.-1 0.1.70 0.2.143 0.2.25 0.2.27 0.2.26

[15:43:11]	[Recv]	qslot 1 0.-1.-1 0.-1.-1 0.-1.-1 0.-1.-1 0.-1.-1 0.-1.-1 0.-1.-1 0.-1.-1 0.-1.-1 0.-1.-1 0.1.-1 0.1.-1 1.1.41 1.1.42 0.-1.-1 7.7.-1 7.7.-1 7.7.-1 7.7.-1 0.-1.-1 0.-1.-1 0.-1.-1 0.-1.-1 0.-1.-1 0.-1.-1 0.-1.-1 0.-1.-1 0.-1.-1 0.-1.-1 0.-1.-1

[15:43:11]	[Recv]	ct 1 2073308 3 5021643 -1 -1 1122

[15:43:11]	[Recv]	st 3 5021643 99 0 100 100 266371 2828 266371 2828 0

[15:43:11]	[Send]	ptctl 5443 1 4988603 59 52 4988603 15
[15:43:11]	[Send]	suctl 5443 1 4988603 3 5021643
[15:43:11]	[Recv]	rc 1 2073308 200 0

[15:43:11]	[Recv]	su 1 2073308 3 5021643 1122 150 41 4268 0 0 1 62 101237 3 0 165134 266371

[15:43:11]	[Recv]	bf 3 5021643 0.574.80 99

[15:43:11]	[Recv]	cond 2 4988603 0 0 15

[15:43:11]	[Recv]	st 2 5020850 94 0 100 100 92062 184124 92062 184124 0

[15:43:11]	[Recv]	eff 2 4988603 5005

[15:43:11]	[Send]	ptctl 5443 1 4988592 65 50 4988592 15
[15:43:11]	[Recv]	ct 2 4988603 3 5021643 -1 -1 0

[15:43:11]	[Recv]	su 2 4988603 3 5021643 0 12 11 8360 0 0 1 59 6938 0 0 158196 266371

[15:43:11]	[Send]	ncif 3 5021643
[15:43:11]	[Send]	ptctl 5443 2 4988603 54 52 4988592 59 50 4988603 15
[15:43:11]	[Recv]	cond 2 4988592 0 0 15

[15:43:12]	[Recv]	st 2 5020851 94 0 100 100 92062 184124 92062 184124 0

[15:43:12]	[Recv]	st 3 5021643 99 0 59 100 158196 2828 266371 2828 0 574.99

[15:43:12]	[Recv]	cond 1 2073308 0 0 20

[15:43:12]	[Recv]	cond 1 2073308 0 0 20

[15:43:12]	[Send]	ptctl 5443 1 4988592 65 50 4988592 15
[15:43:12]	[Recv]	st 2 5020852 94 0 100 100 92062 184124 92062 184124 0

[15:43:12]	[Recv]	cond 2 4988603 0 0 15

[15:43:12]	[Recv]	cond 2 4988592 0 0 15

[15:43:12]	[Recv]	cond 2 4988592 0 0 15

[15:43:12]	[Send]	ptctl 5443 1 4988592 65 51 4988592 15
[15:43:12]	[Send]	u_s 0 3 5021643
[15:43:12]	[Recv]	cond 2 4988592 0 0 15

[15:43:12]	[Send]	ptctl 5443 1 4988592 64 52 4988592 15
[15:43:12]	[Recv]	cond 1 2073308 0 0 20

[15:43:12]	[Recv]	cond 1 2073308 0 0 20

[15:43:12]	[Send]	ptctl 5443 1 4988603 58 52 4988603 15
[15:43:12]	[Send]	suctl 5443 1 4988603 3 5021643
[15:43:12]	[Recv]	sp 414742 1000000 0 10000

[15:43:12]	[Recv]	cond 1 2073308 0 0 19

[15:43:12]	[Recv]	sayi 1 2073308 20 22 3 4252 0 0 0

[15:43:12]	[Recv]	bf 1 2073308 0.4252.0 99

[15:43:12]	[Recv]	bf 1 2073308 0.4252.3000 99

[15:43:12]	[Recv]	sayi 1 2073308 20 26 3 4252 0 0 0

[15:43:12]	[Recv]	ct 1 2073308 3 5021643 -1 -1 1114

[15:43:12]	[Recv]	rc 1 2073308 200 0

[15:43:12]	[Recv]	su 1 2073308 3 5021643 1114 7 11 4260 0 0 1 23 94338 3 0 63858 266371

[15:43:12]	[Recv]	cond 1 2073308 0 0 20

[15:43:12]	[Recv]	sayi 1 2073308 20 23 3 4252 0 0 0

[15:43:12]	[Recv]	cond 2 4988592 0 0 15

[15:43:12]	[Recv]	cond 2 4988603 0 0 15

[15:43:12]	[Send]	ptctl 5443 1 4988592 64 53 4988592 15
[15:43:12]	[Send]	ncif 3 5021643
[15:43:12]	[Recv]	eff 2 4988603 5005

[15:43:12]	[Send]	ptctl 5443 2 4988603 53 52 4988592 59 52 4988603 15
[15:43:13]	[Recv]	cond 2 4988592 0 0 15

[15:43:13]	[Recv]	st 3 5021643 99 0 23 100 63858 2828 266371 2828 0 574.99

[15:43:13]	[Send]	ptctl 5443 1 4988592 63 53 4988592 15
[15:43:13]	[Recv]	ct 2 4988603 3 5021643 -1 -1 0

[15:43:13]	[Recv]	su 2 4988603 3 5021643 0 12 11 8360 0 0 1 21 6849 0 0 57009 266371

[15:43:13]	[Recv]	cond 1 2073308 0 0 20

[15:43:13]	[Recv]	cond 1 2073308 0 0 20

[15:43:13]	[Recv]	cond 2 4988603 0 0 15

[15:43:13]	[Recv]	cond 2 4988592 0 0 15

[15:43:13]	[Send]	u_s 0 3 5021643
[15:43:13]	[Send]	ptctl 5443 1 4988592 63 54 4988592 15
[15:43:13]	[Recv]	st 2 5020850 94 0 100 100 92062 184124 92062 184124 0

[15:43:13]	[Recv]	eff 2 5020850 7739

[15:43:13]	[Recv]	sr 0

[15:43:13]	[Recv]	cond 2 4988592 0 0 15

[15:43:13]	[Recv]	cond 1 2073308 0 0 20

[15:43:13]	[Recv]	cond 1 2073308 0 0 20

[15:43:13]	[Send]	ptctl 5443 1 4988592 63 55 4988592 15
[15:43:13]	[Recv]	psr 0

[15:43:13]	[Recv]	ct 1 2073308 3 5021643 -1 -1 1114

[15:43:13]	[Recv]	eff 1 2073308 15

[15:43:13]	[Recv]	rc 1 2073308 200 0

[15:43:13]	[Recv]	su 1 2073308 3 5021643 1114 7 11 4260 0 0 0 0 254750 3 0 0 266371

[15:43:13]	[Recv]	lev 99 0 99 0 2140719000 5991794 66992052 2 0 90 917705181 0

[15:43:13]	[Recv]	cond 2 4988592 0 0 15

[15:43:13]	[Send]	ptctl 5443 2 4988603 51 52 4988592 58 55 4988603 15
[15:43:13]	[Recv]	cond 2 4988592 0 0 15

[15:43:13]	[Recv]	cond 1 2073308 0 0 20

[15:43:13]	[Recv]	cond 1 2073308 0 0 20

[15:43:14]	[Send]	ptctl 5443 2 4988603 52 55 4988592 57 55 4988603 15
[15:43:14]	[Recv]	st 2 5020851 94 0 100 100 92062 184124 92062 184124 0

[15:43:14]	[Recv]	eff 2 5020851 7739

[15:43:14]	[Recv]	cond 2 4988603 0 0 15

[15:43:14]	[Recv]	cond 2 4988592 0 0 15

[15:43:14]	[Recv]	cond 1 2073308 0 0 20

[15:43:14]	[Recv]	cond 1 2073308 0 0 20

[15:43:14]	[Recv]	st 2 5020852 94 0 100 100 92062 184124 92062 184124 0

[15:43:14]	[Recv]	eff 2 5020852 7739

[15:43:14]	[Recv]	sayi 1 2073308 20 22 3 830 0 0 0

[15:43:14]	[Recv]	bf 1 2073308 0.830.0 99

[15:43:14]	[Recv]	bf 1 2073308 0.941.3000 99

[15:43:14]	[Recv]	sayi 1 2073308 20 26 3 941 0 0 0

[15:43:14]	[Recv]	cond 2 4988603 0 0 15

[15:43:14]	[Recv]	cond 2 4988592 0 0 15

[15:43:14]	[Send]	ncif 3 5021643
[15:43:14]	[Recv]	sr 0

[15:43:14]	[Recv]	team_cool 0 0

[15:43:14]	[Send]	ptctl 5443 2 4988603 54 55 4988592 59 50 4988603 15
[15:43:14]	[Send]	u_s 1 3 5021642
[15:43:14]	[Recv]	cond 2 4988603 0 0 15

[15:43:14]	[Recv]	cond 2 4988592 0 0 15

[15:43:14]	[Send]	ncif 3 5021642
[15:43:14]	[Recv]	cond 1 2073308 0 0 20

[15:43:14]	[Recv]	cond 1 2073308 0 0 20

[15:43:15]	[Recv]	ms_c 0

[15:43:15]	[Recv]	qslot 0 1.1.1 1.1.2 1.1.3 1.1.4 1.1.5 1.1.6 1.1.7 1.1.9 1.1.8 1.1.10 0.1.45 0.2.21 0.1.76 1.1.38 1.3.12 0.1.34 0.1.87 0.-1.-1 0.1.84 0.1.43 1.3.11 1.1.42 1.1.41 1.3.976 0.-1.-1 0.1.70 0.2.143 0.2.25 0.2.27 0.2.26

[15:43:15]	[Recv]	qslot 1 0.-1.-1 0.-1.-1 0.-1.-1 0.-1.-1 0.-1.-1 0.-1.-1 0.-1.-1 0.-1.-1 0.-1.-1 0.-1.-1 0.1.-1 0.1.-1 1.1.41 1.1.42 0.-1.-1 7.7.-1 7.7.-1 7.7.-1 7.7.-1 0.-1.-1 0.-1.-1 0.-1.-1 0.-1.-1 0.-1.-1 0.-1.-1 0.-1.-1 0.-1.-1 0.-1.-1 0.-1.-1 0.-1.-1

[15:43:15]	[Send]	suctl 5443 1 4988603 3 5021642
[15:43:15]	[Recv]	ct 1 2073308 3 5021642 14 4263 1115

[15:43:15]	[Recv]	st 3 5021642 99 0 100 100 32371 2828 32371 2828 0

[15:43:15]	[Recv]	eff 2 4988603 5005

[15:43:15]	[Recv]	st 2 5020850 94 0 100 100 92062 184124 92062 184124 0

[15:43:15]	[Recv]	eff 1 2073308 15

[15:43:15]	[Recv]	rc 1 2073308 200 0

[15:43:15]	[Recv]	su 1 2073308 3 5021642 1115 70 12 4264 0 0 0 0 258227 3 0 0 32371

[15:43:15]	[Recv]	lev 99 0 99 0 2140719000 5991794 66992052 2 0 90 917705181 0

[15:43:15]	[Recv]	cond 1 2073308 0 0 20

[15:43:15]	[Recv]	bf 1 2073308 0.4254.80 99

[15:43:15]	[Recv]	sayi 1 2073308 20 26 3 4254 0 0 0

[15:43:15]	[Recv]	sayi 1 2073308 20 23 3 4254 0 0 0

[15:43:15]	[Recv]	ct 2 4988603 3 5021642 -1 -1 0

[15:43:15]	[Recv]	su 2 4988603 2 4988603 0 12 11 8360 0 0 1 100 0 2 0 19451 19451

[15:43:15]	[Send]	ptctl 5443 1 4988592 60 49 4988592 15
[15:43:16]	[Send]	ncif 3 5021641
[15:43:16]	[Recv]	st 2 5020851 94 0 100 100 92062 184124 92062 184124 0

[15:43:16]	[Recv]	cond 2 4988592 0 0 15

[15:43:16]	[Recv]	st 3 5021641 99 0 100 100 120121 2828 120121 2828 0

[15:43:16]	[Send]	ptctl 5443 1 4988592 63 48 4988592 15
[15:43:16]	[Send]	u_s 0 3 5021641
[15:43:16]	[Recv]	st 2 5020852 94 0 100 100 92062 184124 92062 184124 0

[15:43:16]	[Recv]	cond 2 4988592 0 0 15

[15:43:16]	[Send]	ptctl 5443 1 4988603 56 55 4988603 15
[15:43:16]	[Recv]	ct 1 2073308 3 5021641 -1 -1 1114

[15:43:16]	[Recv]	eff 1 2073308 15

[15:43:16]	[Recv]	rc 1 2073308 200 0

[15:43:16]	[Recv]	su 1 2073308 3 5021641 1114 7 11 4260 0 0 0 0 337847 3 0 0 120121

[15:43:16]	[Recv]	lev 99 0 99 0 2140719000 5991794 66992052 2 0 90 917705181 0

[15:43:16]	[Recv]	bf 1 2073308 0.4126.100 99

[15:43:16]	[Recv]	sayi 1 2073308 20 26 3 4126 0 0 0

[15:43:16]	[Send]	suctl 5443 1 4988592 3 5021641
[15:43:16]	[Recv]	cond 2 4988603 0 0 15

[15:43:16]	[Send]	suctl 5443 1 4988603 3 5021641
[15:43:16]	[Send]	ptctl 5443 2 4988603 51 55 4988592 58 48 4988603 15
[15:43:16]	[Recv]	cond 1 2073308 0 0 20

[15:43:16]	[Recv]	cond 1 2073308 0 0 20

[15:43:16]	[Send]	ptctl 5443 2 4988603 50 55 4988592 57 48 4988603 15
[15:43:16]	[Recv]	cond 2 4988603 0 0 15

[15:43:16]	[Recv]	cond 2 4988592 0 0 15

[15:43:17]	[Send]	ptctl 5443 2 4988603 49 55 4988592 56 48 4988603 15
[15:43:17]	[Recv]	cond 2 4988603 0 0 15

[15:43:17]	[Recv]	cond 2 4988592 0 0 15

[15:43:17]	[Recv]	sr 0

[15:43:17]	[Recv]	cond 2 4988603 0 0 15

[15:43:17]	[Recv]	cond 2 4988592 0 0 15

[15:43:17]	[Recv]	ct 3 5021631 2 5020850 -1 -1 0

[15:43:17]	[Recv]	su 3 5021631 2 5020850 0 16 11 7640 0 0 1 97 2063 3 0 89999 92062

[15:43:17]	[Recv]	st 2 5020850 94 0 97 100 89999 184124 92062 184124 0

[15:43:17]	[Recv]	sp 414732 1000000 0 10000

[15:43:17]	[Send]	ncif 3 5021636
[15:43:17]	[Recv]	st 3 5021636 99 0 100 100 266371 2828 266371 2828 0

[15:43:17]	[Send]	ptctl 5443 1 4988592 50 48 4988592 15
[15:43:17]	[Send]	ptctl 5443 1 4988603 48 50 4988603 15
[15:43:17]	[Send]	ptctl 5443 1 4988603 47 49 4988603 15
[15:43:18]	[Recv]	st 2 5020851 94 0 100 100 92062 184124 92062 184124 0

[15:43:18]	[Recv]	cond 1 2073308 0 0 20

[15:43:18]	[Recv]	cond 1 2073308 0 0 20

[15:43:18]	[Recv]	cond 2 4988592 0 0 15

[15:43:18]	[Recv]	st 2 5020852 94 0 100 100 92062 184124 92062 184124 0

[15:43:18]	[Recv]	cond 2 4988603 0 0 15

[15:43:18]	[Send]	u_s 0 3 5021636
[15:43:18]	[Recv]	cond 2 4988603 0 0 15

[15:43:18]	[Recv]	eff 2 5020850 7739

[15:43:18]	[Recv]	ct 1 2073308 3 5021636 -1 -1 1114

[15:43:18]	[Recv]	su 1 2073308 3 5021636 1114 7 11 4260 0 0 1 100 0 4 0 266371 266371

[15:43:18]	[Send]	ptctl 5443 1 4988592 46 48 4988592 15
[15:43:18]	[Send]	ptctl 5443 1 4988603 48 50 4988603 15
[15:43:18]	[Send]	suctl 5443 1 4988603 3 5021636
[15:43:18]	[Send]	ncif 3 5021636
[15:43:18]	[Recv]	cond 2 4988592 0 0 15

[15:43:18]	[Send]	ptctl 5443 2 4988603 43 51 4988592 45 48 4988603 15
[15:43:18]	[Recv]	cond 2 4988603 0 0 15

[15:43:18]	[Recv]	eff 2 4988603 5005

[15:43:19]	[Send]	ptctl 5443 2 4988603 42 52 4988592 44 50 4988603 15
[15:43:19]	[Recv]	eff 2 5020851 7739

[15:43:19]	[Recv]	st 3 5021636 99 0 100 100 266371 2828 266371 2828 0

[15:43:19]	[Recv]	cond 1 2073308 0 0 20

[15:43:19]	[Recv]	cond 1 2073308 0 0 20

[15:43:19]	[Recv]	ct 2 4988603 3 5021636 -1 -1 0

[15:43:19]	[Recv]	eff 2 4988603 15

[15:43:19]	[Recv]	su 2 4988603 3 5021636 0 12 11 8360 0 0 1 95 11907 0 0 254464 266371

[15:43:19]	[Recv]	eff 2 5020852 7739

[15:43:19]	[Recv]	sr 0

[15:43:19]	[Recv]	cond 2 4988603 0 0 15

[15:43:19]	[Recv]	cond 2 4988592 0 0 15

[15:43:19]	[Send]	u_s 0 3 5021636
[15:43:19]	[Recv]	cond 1 2073308 0 0 20

[15:43:19]	[Recv]	cond 1 2073308 0 0 20

[15:43:19]	[Send]	ptctl 5443 1 4988592 41 48 4988592 15
[15:43:19]	[Recv]	st 2 5020850 94 0 98 100 90919 184124 92062 184124 0

[15:43:19]	[Recv]	cond 2 4988603 0 0 15

[15:43:19]	[Recv]	cond 2 4988592 0 0 15

[15:43:19]	[Recv]	cond 1 2073308 0 0 20

[15:43:19]	[Recv]	cond 1 2073308 0 0 20

[15:43:19]	[Send]	ncif 3 5021636
[15:43:19]	[Send]	ptctl 5443 1 4988592 41 49 4988592 15
[15:43:19]	[Recv]	ct 1 2073308 3 5021636 -1 -1 1114

[15:43:19]	[Recv]	rc 1 2073308 200 0

[15:43:19]	[Recv]	su 1 2073308 3 5021636 1114 7 11 4260 0 0 1 84 29944 0 0 224520 266371

[15:43:19]	[Recv]	in 3 2371 5021658 49 54 2 100 100 0 0 0 -1 0 0 -1 - 0 -1 0 0 0 0 0 0 0 0 0 0 0 0

[15:43:19]	[Recv]	guri 31 1 2073308 49 54

[15:43:19]	[Recv]	bf 1 2073308 0.4126.100 99

[15:43:19]	[Recv]	cond 2 4988592 0 0 15

[15:43:19]	[Send]	ptctl 5443 2 4988603 41 53 4988592 42 53 4988603 15
[15:43:19]	[Recv]	st 3 5021636 99 0 84 100 224520 2828 266371 2828 0

[15:43:19]	[Recv]	cond 2 4988592 0 0 15

[15:43:19]	[Send]	ptctl 5443 2 4988603 41 54 4988592 40 53 4988603 15
[15:43:20]	[Recv]	st 2 5020851 94 0 100 100 92062 184124 92062 184124 0

[15:43:20]	[Recv]	cond 1 2073308 0 0 20

[15:43:20]	[Recv]	cond 1 2073308 0 0 20

[15:43:20]	[Recv]	cond 2 4988603 0 0 15

[15:43:20]	[Recv]	cond 2 4988592 0 0 15

[15:43:20]	[Recv]	st 2 5020852 94 0 100 100 92062 184124 92062 184124 0

[15:43:20]	[Recv]	cond 1 2073308 0 0 20

[15:43:20]	[Recv]	cond 1 2073308 0 0 20

[15:43:20]	[Recv]	cond 2 4988603 0 0 15

[15:43:20]	[Recv]	cond 2 4988592 0 0 15

[15:43:20]	[Recv]	sr 0

[15:43:20]	[Send]	ncif 3 5021636
[15:43:20]	[Recv]	guri 31 1 2073308 49 54

[15:43:20]	[Recv]	su 3 5021658 3 5021636 -1 0 -1 4260 -1 -1 1 78 14972 0 0

[15:43:20]	[Recv]	die 3 5021658 3 5021658

[15:43:20]	[Recv]	ct 3 5021631 2 5020850 -1 -1 0

[15:43:20]	[Recv]	su 3 5021631 2 5020850 0 16 11 7640 0 0 1 98 1103 0 0 90736 92062

[15:43:20]	[Recv]	st 3 5021636 99 0 78 100 209548 2828 266371 2828 0

[15:43:20]	[Send]	u_ts 758 28 60
[15:43:20]	[Send]	ptctl 5443 2 4988603 40 52 4988592 42 54 4988603 15
[15:43:21]	[Send]	ptctl 5443 1 4988592 41 53 4988592 15
[15:43:21]	[Send]	suctl 5443 1 4988592 3 5021636
[15:43:21]	[Send]	u_s 0 3 5021636
[15:43:21]	[Send]	ptctl 5443 1 4988603 41 53 4988603 15
[15:43:21]	[Recv]	cond 1 2073308 0 0 20

[15:43:21]	[Recv]	cond 1 2073308 0 0 20

[15:43:21]	[Send]	suctl 5443 1 4988603 3 5021636
[15:43:21]	[Recv]	cond 2 4988602 0 0 12

[15:43:21]	[Recv]	c_mode 2 4988602 2343 0 0

[15:43:21]	[Recv]	sc_n 4 2640 4988602 94 1000 473672 991.2.4 996.0.10 317.0.5 321.0.5 0 0 1 4 566 686 820 9 160 10 201 555 264 555 248 3 7 7 110 2 17310 17310 10544 10544 0 291503800 @ 2343 0 4812.100 1318.3 1319.3 1320.7 2138 3 0

[15:43:21]	[Recv]	out 2 4988602

[15:43:21]	[Recv]	in 2 2640 4988602 28 59 2 100 100 0 0 3 2073308 1 0 2343 @ 1 4 0 0 0 0 0 0 0 0 2138 0 3 0

[15:43:21]	[Recv]	pinit 2 2|4988603|0|94|@|-1|3206|1|2723|0|0 2|4988592|1|96|@|-1|1548|0|0|0|60


[15:43:21]	[Recv]	in 2 2640 4988602 28 59 2 100 100 0 0 3 2073308 0 0 2343 @ 1 4 0 0 0 0 0 0 0 0 2138 0 3 0

[15:43:21]	[Recv]	ctl 2 4988602 0 1

[15:43:21]	[Recv]	in 2 822 4988567 29 62 2 100 100 0 0 3 2073308 0 0 -1 @ 1 3 0 0 0 0 0 0 0 0 0 0 4 0

[15:43:21]	[Recv]	ctl 2 4988567 0 1

[15:43:21]	[Recv]	cond 2 4988487 0 0 12

[15:43:21]	[Recv]	c_mode 2 4988487 2323 0 0

[15:43:21]	[Recv]	sc_n 2 319 4988487 99 1000 398653210 990.4.5 997.5.6 -1 -1 0 0 0 5 661 711 543 10 150 6 592 586 461 586 372 2 9 15 9 11 38176 38176 11281 11281 0 428143800 Kliff 2323 0 4809.100 1299.2 1300.4 1301.7 2127 1 0

[15:43:21]	[Recv]	out 2 4988487

[15:43:21]	[Recv]	in 2 319 4988487 26 59 2 100 100 0 0 3 2073308 1 0 2323 Kliff 1 2 0 0 0 0 0 0 0 0 2127 0 1 0

[15:43:21]	[Recv]	pinit 2 2|4988603|0|94|@|-1|3206|1|2723|0|0 2|4988592|1|96|@|-1|1548|0|0|0|60


[15:43:21]	[Recv]	in 2 319 4988487 26 59 2 100 100 0 0 3 2073308 0 0 2323 Kliff 1 2 0 0 0 0 0 0 0 0 2127 0 1 0

[15:43:21]	[Recv]	ctl 2 4988487 0 1

[15:43:21]	[Recv]	cond 2 4988486 0 0 11

[15:43:21]	[Recv]	c_mode 2 4988486 2367 0 0

[15:43:21]	[Recv]	sc_n 0 317 4988486 94 1000 202328 991.2.4 -1 -1 -1 0 0 1 4 558 678 801 9 160 0 88 214 107 214 79 2 1 5 1 1 16921 16921 6757 6757 0 291503800 Bob 2367 0 8239.0 0.0 0.0 0.0 2181 2 0

[15:43:21]	[Recv]	out 2 4988486

[15:43:21]	[Recv]	in 2 317 4988486 29 62 2 100 100 0 0 3 2073308 1 0 2367 Bob 1 0 0 0 0 0 0 0 0 0 2181 0 2 0

[15:43:21]	[Recv]	pinit 2 2|4988603|0|94|@|-1|3206|1|2723|0|0 2|4988592|1|96|@|-1|1548|0|0|0|60


[15:43:21]	[Recv]	in 2 317 4988486 29 62 2 100 100 0 0 3 2073308 0 0 2367 Bob 1 0 0 0 0 0 0 0 0 0 2181 0 2 0

[15:43:21]	[Recv]	ctl 2 4988486 0 1

[15:43:21]	[Recv]	bf 1 2073308 0.1025.200 99

[15:43:21]	[Recv]	sayi 1 2073308 20 26 3 1025 0 0 0

[15:43:21]	[Recv]	team_cool 0 900

[15:43:21]	[Recv]	cond 2 4988603 0 0 15

[15:43:21]	[Recv]	cond 2 4988592 0 0 15

[15:43:21]	[Recv]	st 2 5020850 94 0 98 100 90736 184124 92062 184124 0

[15:43:21]	[Recv]	cond 2 4988592 0 0 15

[15:43:21]	[Recv]	team_cool 1 0

[15:43:21]	[Recv]	eff 2 4988592 5005

[15:43:21]	[Send]	ptctl 5443 2 4988603 37 56 4988592 37 57 4988603 15
[15:43:21]	[Recv]	ct 1 2073308 3 5021636 -1 -1 1114

[15:43:21]	[Recv]	bf 3 5021636 0.4110.80 99

[15:43:21]	[Recv]	eff 3 5021636 0

[15:43:21]	[Recv]	eff 1 2073308 15

[15:43:21]	[Recv]	rc 1 2073308 200 0

[15:43:21]	[Recv]	su 1 2073308 3 5021636 1114 7 11 4260 0 0 0 0 249540 3 0 0 266371

[15:43:21]	[Recv]	lev 99 0 99 0 2140719000 5991794 66992052 2 0 90 917705181 0

[15:43:21]	[Recv]	cond 2 4988603 0 0 15

[15:43:21]	[Recv]	ct 2 4988602 3 5021632 -1 -1 0

[15:43:21]	[Recv]	su 2 4988602 3 5021632 0 11 11 4085 0 0 1 83 5474 0 0 26897 32371

[15:43:21]	[Recv]	ct 2 4988592 3 5021636 -1 -1 0

[15:43:21]	[Recv]	su 2 4988592 2 4988592 0 10 11 0 0 0 1 72 0 2 0 42071 57771

[15:43:21]	[Send]	ncif 3 5021636
[15:43:21]	[Recv]	cond 2 4988603 0 0 15

[15:43:21]	[Recv]	cond 2 4988592 0 0 15

[15:43:22]	[Recv]	ct 2 4988567 3 5021631 -1 -1 0

[15:43:22]	[Recv]	st 2 5020851 94 0 100 100 92062 184124 92062 184124 0

[15:43:22]	[Send]	ptctl 5443 1 4988592 40 57 4988592 15
[15:43:22]	[Send]	ptctl 5443 2 4988603 34 57 4988592 36 57 4988603 15
[15:43:22]	[Recv]	ct 2 4988486 3 5021633 -1 -1 0

[15:43:22]	[Recv]	su 2 4988567 3 5021631 0 4 11 3601 0 0 1 100 0 4 0 266371 266371

[15:43:22]	[Recv]	st 2 5020852 94 0 100 100 92062 184124 92062 184124 0

[15:43:22]	[Recv]	cond 2 4988592 0 0 15

[15:43:22]	[Recv]	cond 1 2073308 0 0 20

[15:43:22]	[Recv]	cond 1 2073308 0 0 20

[15:43:22]	[Recv]	su 2 4988486 3 5021633 0 6 11 7130 0 0 1 96 4820 0 0 115301 120121

[15:43:22]	[Recv]	sr 0

[15:43:22]	[Recv]	sr 1

[15:43:22]	[Recv]	cond 2 4988603 0 0 15

[15:43:22]	[Recv]	cond 2 4988592 0 0 15

[15:43:22]	[Send]	ptctl 5443 2 4988603 35 50 4988592 37 50 4988603 15
[15:43:22]	[Recv]	sp 414722 1000000 0 10000

[15:43:22]	[Recv]	cond 1 2073308 0 0 20

[15:43:22]	[Recv]	cond 1 2073308 0 0 20

[15:43:22]	[Send]	ncif 3 5021632
[15:43:22]	[Recv]	cond 2 4988603 0 0 15

[15:43:22]	[Recv]	cond 2 4988592 0 0 15

[15:43:22]	[Recv]	st 3 5021632 99 0 83 100 26897 2828 32371 2828 0

[15:43:22]	[Send]	u_s 0 3 5021632
[15:43:22]	[Recv]	cond 1 2073308 0 0 20

[15:43:22]	[Recv]	cond 1 2073308 0 0 20

[15:43:23]	[Send]	ptctl 5443 1 4988603 36 52 4988603 15
[15:43:23]	[Send]	suctl 5443 1 4988603 3 5021632
[15:43:23]	[Send]	ptctl 5443 1 4988592 33 51 4988592 15
[15:43:23]	[Recv]	ct 2 4988487 3 5021633 -1 -1 0

[15:43:23]	[Recv]	ct 2 4988567 3 5021631 -1 -1 0

[15:43:23]	[Recv]	ct 1 2073308 3 5021632 -1 -1 1114

[15:43:23]	[Recv]	eff 1 2073308 15

[15:43:23]	[Recv]	rc 1 2073308 200 0

[15:43:23]	[Recv]	su 1 2073308 3 5021632 1114 7 11 4260 0 0 0 0 255977 3 0 0 32371

[15:43:23]	[Recv]	lev 99 0 99 0 2140719000 5991794 66992052 2 0 90 917705181 0

[15:43:23]	[Recv]	cond 2 4988603 0 0 15

[15:43:23]	[Send]	ptctl 5443 2 4988603 34 57 4988592 36 55 4988603 15
[15:43:23]	[Recv]	ct 2 4988486 3 5021633 -1 -1 0

[15:43:23]	[Recv]	su 2 4988487 3 5021633 0 6 11 4035 0 0 1 96 0 1 0 115301 120121

[15:43:23]	[Recv]	su 2 4988567 3 5021631 0 6 11 3601 0 0 1 98 4539 0 0 261832 266371

[15:43:23]	[Recv]	ct 2 4988602 3 5021632 -1 -1 0

[15:43:23]	[Recv]	su 2 4988602 2 4988602 0 11 11 4085 0 0 1 100 0 2 0 17310 17310

[15:43:23]	[Recv]	cond 1 2073308 0 0 20

[15:43:23]	[Recv]	sayi 1 2073308 20 22 3 4254 0 0 0

[15:43:23]	[Recv]	bf 1 2073308 0.4254.0 99

[15:43:23]	[Recv]	cond 2 4988592 0 0 15

[15:43:23]	[Send]	ptctl 5443 1 4988592 36 56 4988592 15
[15:43:23]	[Recv]	su 2 4988486 3 5021633 0 6 11 7130 0 0 1 91 4823 0 0 110478 120121

[15:43:23]	[Recv]	st 2 5020850 94 0 99 100 91656 184124 92062 184124 0

[15:43:23]	[Recv]	eff 2 5020850 7739

[15:43:23]	[Recv]	cond 1 2073308 0 0 20

[15:43:23]	[Recv]	cond 1 2073308 0 0 20

[15:43:23]	[Send]	ptctl 5443 2 4988603 32 57 4988592 36 57 4988603 15
[15:43:23]	[Recv]	cond 2 4988603 0 0 15

[15:43:23]	[Recv]	cond 2 4988592 0 0 15

[15:43:23]	[Recv]	cond 1 2073308 0 0 20

[15:43:23]	[Recv]	cond 1 2073308 0 0 20

[15:43:23]	[Send]	ptctl 5443 2 4988603 34 57 4988592 34 58 4988603 15
[15:43:23]	[Recv]	cond 2 4988592 0 0 15

[15:43:23]	[Send]	ptctl 5443 2 4988603 34 56 4988592 33 58 4988603 15
[15:43:23]	[Recv]	sr 0

[15:43:23]	[Recv]	cond 2 4988603 0 0 15

[15:43:23]	[Recv]	cond 2 4988592 0 0 15

[15:43:23]	[Recv]	cond 2 4988603 0 0 15

[15:43:23]	[Recv]	cond 2 4988592 0 0 15

[15:43:24]	[Recv]	ct 2 4988487 3 5021633 -1 -1 0

[15:43:24]	[Recv]	ct 2 4988567 3 5021631 -1 -1 0

[15:43:24]	[Recv]	st 2 5020851 94 0 100 100 92062 184124 92062 184124 0

[15:43:24]	[Recv]	eff 2 5020851 7739

[15:43:24]	[Recv]	cond 1 2073308 0 0 20

[15:43:24]	[Recv]	cond 1 2073308 0 0 20

[15:43:24]	[Recv]	cond 2 4988603 0 0 15

[15:43:24]	[Recv]	cond 2 4988592 0 0 15

[15:43:24]	[Recv]	ct 3 5021633 2 5020850 -1 -1 0

[15:43:24]	[Recv]	su 3 5021633 2 5020850 0 10 11 0 0 0 1 99 505 0 0 91557 92062

[15:43:24]	[Recv]	ct 3 5021631 2 5020850 -1 -1 0

[15:43:24]	[Recv]	su 3 5021631 2 5020850 0 16 11 7640 0 0 1 98 1068 0 0 90489 92062

[15:43:24]	[Recv]	ct 2 4988486 3 5021633 -1 -1 0

[15:43:24]	[Recv]	su 2 4988487 3 5021633 0 6 11 4035 0 0 1 81 12733 3 0 97745 120121

[15:43:24]	[Recv]	su 2 4988567 3 5021631 0 6 11 3601 0 0 1 96 4622 0 0 257210 266371

[15:43:24]	[Recv]	st 2 5020852 94 0 100 100 92062 184124 92062 184124 0

[15:43:24]	[Recv]	eff 2 5020852 7739

[15:43:24]	[Send]	u_as 7 23 61
[15:43:24]	[Send]	ptctl 5443 2 4988603 34 54 4988592 36 56 4988603 15
[15:43:24]	[Recv]	su 2 4988486 3 5021633 0 6 11 7130 0 0 1 77 4906 0 0 92839 120121

[15:43:24]	[Recv]	cond 1 2073308 0 0 18

[15:43:24]	[Recv]	sayi 1 2073308 20 22 3 568 0 0 0

[15:43:24]	[Recv]	bf 1 2073308 0.568.0 99

[15:43:24]	[Recv]	cond 1 2073308 0 0 18

[15:43:24]	[Recv]	cond 1 2073308 0 0 18

[15:43:24]	[Recv]	eff 3 5021640 5000

[15:43:24]	[Recv]	eff 3 5021639 5000

[15:43:24]	[Recv]	eff 3 5021634 5000

[15:43:24]	[Recv]	ct 2 4988602 3 5021633 -1 -1 0

[15:43:24]	[Recv]	su 2 4988602 3 5021633 0 11 11 4085 0 0 1 72 6171 0 0 86668 120121

[15:43:24]	[Recv]	ms_c 0

[15:43:24]	[Recv]	qslot 0 1.1.1 1.1.2 1.1.3 1.1.4 1.1.5 1.1.6 1.1.7 1.1.9 1.1.8 1.1.10 0.1.45 0.2.21 0.1.76 1.1.38 1.3.12 0.1.34 0.1.87 0.-1.-1 0.1.84 0.1.43 1.3.11 1.1.42 1.1.41 1.3.976 0.-1.-1 0.1.70 0.2.143 0.2.25 0.2.27 0.2.26

[15:43:24]	[Recv]	qslot 1 0.-1.-1 0.-1.-1 0.-1.-1 0.-1.-1 0.-1.-1 0.-1.-1 0.-1.-1 0.-1.-1 0.-1.-1 0.-1.-1 0.1.-1 0.1.-1 1.1.41 1.1.42 0.-1.-1 7.7.-1 7.7.-1 7.7.-1 7.7.-1 0.-1.-1 0.-1.-1 0.-1.-1 0.-1.-1 0.-1.-1 0.-1.-1 0.-1.-1 0.-1.-1 0.-1.-1 0.-1.-1 0.-1.-1

[15:43:24]	[Recv]	ct_n 1 2073308 3 -1 -1 -1 1121

[15:43:24]	[Recv]	cond 2 4988603 0 0 15

[15:43:24]	[Recv]	cond 2 4988592 0 0 15

[15:43:24]	[Send]	ncif 3 5021631
[15:43:24]	[Recv]	bs 1 2073308 23 61 1121 120 45 4276 0 0 1 1 0 0 0

[15:43:24]	[Recv]	eff 1 2073308 15

[15:43:24]	[Recv]	su 1 2073308 3 5021633 1121 120 45 4276 0 0 0 0 378805 6 0 0 120121

[15:43:24]	[Recv]	lev 99 0 99 0 2140719000 5991794 66992052 2 0 90 917705181 0

[15:43:24]	[Recv]	st 3 5021631 99 0 96 100 257210 2828 266371 2828 0

[15:43:25]	[Recv]	ct 2 4988487 3 5021633 -1 -1 0

[15:43:25]	[Recv]	ct 2 4988567 3 5021631 -1 -1 0

[15:43:25]	[Recv]	su 2 4988487 2 4988487 0 6 11 4035 0 0 1 100 0 2 0 38176 38176

[15:43:25]	[Recv]	su 2 4988567 3 5021631 0 6 11 3601 0 0 1 94 4635 0 0 252575 266371

[15:43:25]	[Recv]	st 2 5020850 94 0 98 100 90489 184124 92062 184124 0

[15:43:25]	[Send]	ptctl 5443 2 4988603 29 54 4988592 31 56 4988603 15
[15:43:25]	[Recv]	ct 2 4988486 3 5021631 -1 -1 0

[15:43:25]	[Recv]	cond 2 4988603 0 0 15

[15:43:25]	[Recv]	cond 2 4988592 0 0 15

[15:43:25]	[Send]	ptctl 5443 1 4988603 28 55 4988603 15
[15:43:25]	[Send]	ncif 3 5021631
[15:43:25]	[Recv]	su 2 4988486 3 5021631 0 6 11 7130 0 0 1 93 4148 0 0 248427 266371

[15:43:26]	[Recv]	cond 2 4988603 0 0 15

[15:43:26]	[Recv]	ct 2 4988487 3 5021631 -1 -1 0

[15:43:26]	[Recv]	ct 2 4988567 3 5021631 -1 -1 0

[15:43:26]	[Recv]	ct 2 4988602 3 5021631 -1 -1 0

[15:43:26]	[Recv]	su 2 4988602 3 5021631 0 11 11 4085 0 0 1 90 7275 0 0 241152 266371

[15:43:26]	[Recv]	st 2 5020851 94 0 100 100 92062 184124 92062 184124 0

[15:43:26]	[Recv]	st 3 5021631 99 0 90 100 241152 2828 266371 2828 0

[15:43:26]	[Recv]	su 2 4988487 3 5021631 0 6 11 4035 0 0 1 90 0 1 0 241152 266371

[15:43:26]	[Recv]	su 2 4988567 3 5021631 0 6 11 3601 0 0 1 88 4543 0 0 236609 266371

[15:43:26]	[Recv]	sc_p 170 1548 4988592 96 585 24120948 0 0 1889 2049 1289 19 90 9 975 627 958 627 866 3 90 90 110 80 42071 57771 18100 18100 1 84982200 0 @ 0 0 6 60 1831 1798 0 100

[15:43:26]	[Recv]	st 2 5020852 94 0 100 100 92062 184124 92062 184124 0

[15:43:26]	[Recv]	sr 8

[15:43:26]	[Send]	ptctl 5443 1 4988592 26 57 4988592 15
[15:43:26]	[Recv]	cond 2 4988592 0 0 15

[15:43:26]	[Recv]	ct 2 4988486 3 5021631 -1 -1 0

[15:43:26]	[Recv]	cond 1 2073308 0 0 18

[15:43:26]	[Recv]	cond 1 2073308 0 0 18

[15:43:26]	[Send]	suctl 5443 1 4988603 3 5021631
[15:43:26]	[Recv]	eff 2 4988603 5005

[15:43:26]	[Send]	ncif 3 5021631
[15:43:26]	[Recv]	su 2 4988486 3 5021631 0 6 11 7130 0 0 1 88 0 4 0 236609 266371

[15:43:26]	[Send]	u_s 8 3 5021631
[15:43:26]	[Recv]	st 3 5021631 99 0 88 100 236609 2828 266371 2828 0

[15:43:27]	[Recv]	ct 2 4988487 3 5021631 -1 -1 0

[15:43:27]	[Recv]	ct 2 4988567 3 5021631 -1 -1 0

[15:43:27]	[Recv]	ct 2 4988603 3 5021631 -1 -1 0

[15:43:27]	[Recv]	su 2 4988603 3 5021631 0 12 11 8360 0 0 1 86 6924 0 0 229685 266371

[15:43:27]	[Recv]	ms_c 0

[15:43:27]	[Recv]	qslot 0 1.1.1 1.1.2 1.1.3 1.1.4 1.1.5 1.1.6 1.1.7 1.1.9 1.1.8 1.1.10 0.1.45 0.2.21 0.1.76 1.1.38 1.3.12 0.1.34 0.1.87 0.-1.-1 0.1.84 0.1.43 1.3.11 1.1.42 1.1.41 1.3.976 0.-1.-1 0.1.70 0.2.143 0.2.25 0.2.27 0.2.26

[15:43:27]	[Recv]	qslot 1 0.-1.-1 0.-1.-1 0.-1.-1 0.-1.-1 0.-1.-1 0.-1.-1 0.-1.-1 0.-1.-1 0.-1.-1 0.-1.-1 0.1.-1 0.1.-1 1.1.41 1.1.42 0.-1.-1 7.7.-1 7.7.-1 7.7.-1 7.7.-1 0.-1.-1 0.-1.-1 0.-1.-1 0.-1.-1 0.-1.-1 0.-1.-1 0.-1.-1 0.-1.-1 0.-1.-1 0.-1.-1 0.-1.-1

[15:43:27]	[Recv]	ct 1 2073308 3 5021631 -1 -1 1122

[15:43:27]	[Recv]	su 2 4988487 3 5021631 0 6 11 4035 0 0 1 86 0 1 0 229685 266371

[15:43:27]	[Recv]	su 2 4988567 3 5021631 0 6 11 3601 0 0 1 84 4515 0 0 225170 266371

[15:43:27]	[Recv]	rc 1 2073308 7 0

[15:43:27]	[Recv]	su 1 2073308 3 5021631 1122 150 41 4268 0 0 1 47 99579 3 0 125591 266371

[15:43:27]	[Recv]	bf 3 5021631 0.574.80 99

[15:43:27]	[Recv]	cond 1 2073308 0 0 18

[15:43:27]	[Recv]	bf 1 2073308 0.4254.80 99

[15:43:27]	[Recv]	sayi 1 2073308 20 26 3 4254 0 0 0

[15:43:27]	[Recv]	sayi 1 2073308 20 23 3 4254 0 0 0

[15:43:27]	[Send]	ptctl 5443 1 4988592 22 61 4988592 15
[15:43:27]	[Recv]	ct 2 4988602 3 5021631 -1 -1 0

[15:43:27]	[Recv]	su 2 4988602 3 5021631 0 11 11 4085 0 0 1 47 0 4 0 125591 266371

[15:43:27]	[Recv]	st 2 5020850 94 0 99 100 91409 184124 92062 184124 0

[15:43:27]	[Recv]	cond 2 4988592 0 0 15

[15:43:27]	[Recv]	sp 414712 1000000 0 10000

[15:43:27]	[Recv]	ct 3 5021631 2 5020850 -1 -1 0

[15:43:27]	[Recv]	ct 2 4988486 3 5021631 -1 -1 0

[15:43:27]	[Send]	ptctl 5443 2 4988603 33 55 4988592 29 59 4988603 15
[15:43:27]	[Recv]	su 3 5021631 2 5020850 0 16 11 7640 0 0 1 98 1109 0 0 90953 92062

[15:43:27]	[Recv]	su 2 4988486 3 5021631 0 6 11 7130 0 0 1 45 4170 0 0 121421 266371

[15:43:27]	[Recv]	cond 1 2073308 0 0 18

[15:43:27]	[Recv]	cond 1 2073308 0 0 18

[15:43:27]	[Send]	ncif 3 5021631
[15:43:27]	[Recv]	cond 2 4988603 0 0 15

[15:43:27]	[Recv]	cond 2 4988592 0 0 15

[15:43:27]	[Send]	ptctl 5443 1 4988592 22 61 4988592 15
[15:43:28]	[Send]	ptctl 5443 1 4988603 30 55 4988603 15
[15:43:28]	[Send]	suctl 5443 1 4988603 3 5021631
[15:43:28]	[Recv]	ct 2 4988487 3 5021631 -1 -1 0

[15:43:28]	[Recv]	ct 2 4988567 3 5021631 -1 -1 0

[15:43:28]	[Recv]	st 2 5020851 94 0 100 100 92062 184124 92062 184124 0

[15:43:28]	[Recv]	st 3 5021631 99 0 45 100 121421 2828 266371 2828 0 574.99

[15:43:28]	[Recv]	cond 2 4988592 0 0 15

[15:43:28]	[Recv]	su 2 4988487 3 5021631 0 6 11 4035 0 0 1 43 4286 0 0 117135 266371

[15:43:28]	[Recv]	su 2 4988567 3 5021631 0 6 11 3601 0 0 1 42 4545 0 0 112590 266371

[15:43:28]	[Recv]	st 2 5020852 94 0 100 100 92062 184124 92062 184124 0

[15:43:28]	[Recv]	cond 2 4988603 0 0 15

[15:43:28]	[Send]	u_s 0 3 5021631
[15:43:28]	[Recv]	eff 2 4988603 5005

[15:43:28]	[Recv]	eff 2 5020850 7739

[15:43:28]	[Recv]	cond 1 2073308 0 0 18

[15:43:28]	[Recv]	cond 1 2073308 0 0 18

[15:43:28]	[Recv]	ct 2 4988486 3 5021631 -1 -1 0

[15:43:28]	[Recv]	ct 2 4988603 3 5021631 -1 -1 0

[15:43:28]	[Recv]	eff 2 4988603 15

[15:43:28]	[Recv]	su 2 4988603 3 5021631 0 12 11 8360 0 0 1 37 11948 0 0 100642 266371

[15:43:28]	[Recv]	ct 1 2073308 3 5021631 -1 -1 1114

[15:43:28]	[Recv]	bf 3 5021631 0.4110.80 99

[15:43:28]	[Recv]	eff 3 5021631 0

[15:43:28]	[Recv]	eff 1 2073308 15

[15:43:28]	[Recv]	su 1 2073308 3 5021631 1114 7 11 4260 0 0 1 10 71781 0 0 28861 266371

[15:43:28]	[Recv]	sayi 1 2073308 20 22 3 4080 0 0 0

[15:43:28]	[Recv]	bf 1 2073308 0.4080.0 99

[15:43:28]	[Recv]	bf 1 2073308 0.4080.3000 96

[15:43:28]	[Recv]	sayi 1 2073308 20 26 3 4080 0 0 0

[15:43:28]	[Recv]	eff_t 2 4988592 1 2073308 4766

[15:43:28]	[Send]	ptctl 5443 2 4988603 34 59 4988592 27 61 4988603 15
[15:43:28]	[Recv]	su 2 4988486 3 5021631 0 6 11 7130 0 0 1 8 5310 0 0 23551 266371

[15:43:28]	[Recv]	ct 2 4988602 3 5021631 -1 -1 0

[15:43:28]	[Recv]	su 2 4988602 3 5021631 0 11 11 4085 0 0 1 5 8393 0 0 15158 266371

[15:43:28]	[Send]	ncif 3 5021631
[15:43:28]	[Recv]	cond 1 2073308 0 0 18

[15:43:28]	[Recv]	cond 1 2073308 0 0 18

[15:43:28]	[Send]	ptctl 5443 1 4988592 28 61 4988592 15
[15:43:29]	[Recv]	ct 2 4988487 3 5021631 -1 -1 0

[15:43:29]	[Recv]	ct 2 4988567 3 5021631 -1 -1 0

[15:43:29]	[Recv]	eff 2 5020851 7739

[15:43:29]	[Recv]	cond 2 4988603 0 0 15

[15:43:29]	[Recv]	cond 2 4988592 0 0 15

[15:43:29]	[Send]	ptctl 5443 1 4988592 22 61 4988592 15
[15:43:29]	[Recv]	st 3 5021631 99 0 5 100 15158 2828 266371 2828 0 4110.99 574.99

[15:43:29]	[Recv]	su 2 4988487 3 5021631 0 6 11 4035 0 0 1 5 0 1 0 15158 266371

[15:43:29]	[Recv]	su 2 4988567 3 5021631 0 6 11 3601 0 0 1 5 0 4 0 15158 266371

[15:43:29]	[Recv]	eff 2 5020852 7739

[15:43:29]	[Recv]	cond 2 4988592 0 0 15

[15:43:29]	[Send]	ptctl 5443 1 4988603 29 56 4988603 15
[15:43:29]	[Recv]	sr 0

[15:43:29]	[Recv]	cond 2 4988592 0 0 15

[15:43:29]	[Recv]	st 2 5020850 94 0 98 100 90953 184124 92062 184124 0

[15:43:29]	[Recv]	cond 1 2073308 0 0 18

[15:43:29]	[Recv]	cond 1 2073308 0 0 18

[15:43:29]	[Recv]	cond 2 4988603 0 0 15

[15:43:29]	[Send]	u_s 0 3 5021631
[15:43:29]	[Send]	suctl 5443 1 4988592 3 5021631
[15:43:29]	[Recv]	ct 2 4988486 3 5021631 -1 -1 0

[15:43:29]	[Recv]	sayi 1 2073308 20 22 3 4126 0 0 0

[15:43:29]	[Recv]	bf 1 2073308 0.4126.0 99

[15:43:29]	[Send]	ptctl 5443 2 4988603 36 56 4988592 27 61 4988603 15
[15:43:29]	[Recv]	ct 1 2073308 3 5021631 -1 -1 1114

[15:43:29]	[Recv]	su 1 2073308 3 5021631 1114 7 11 4260 0 0 0 0 34270 0 0 0 266371

[15:43:29]	[Recv]	lev 99 0 99 0 2140719000 5991794 66992052 2 0 90 917705181 0

[15:43:29]	[Send]	ptctl 5443 2 4988603 37 56 4988592 28 61 4988603 15
[15:43:29]	[Recv]	su 2 4988486 2 4988486 0 6 11 7130 0 0 1 100 0 2 0 16921 16921

[15:43:29]	[Recv]	cond 2 4988603 0 0 15

[15:43:29]	[Recv]	cond 2 4988592 0 0 15

[15:43:29]	[Send]	ptctl 5443 2 4988603 38 56 4988592 29 61 4988603 15
[15:43:29]	[Recv]	cond 1 2073308 0 0 18

[15:43:29]	[Recv]	cond 1 2073308 0 0 18

[15:43:30]	[Recv]	st 2 5020851 94 0 100 100 92062 184124 92062 184124 0

[15:43:30]	[Recv]	cond 2 4988603 0 0 15

[15:43:30]	[Recv]	cond 2 4988592 0 0 15

[15:43:30]	[Send]	ptctl 5443 2 4988603 39 56 4988592 30 61 4988603 15
[15:43:30]	[Recv]	cond 1 2073308 0 0 18

[15:43:30]	[Recv]	cond 1 2073308 0 0 18

[15:43:30]	[Recv]	st 2 5020852 94 0 100 100 92062 184124 92062 184124 0

[15:43:30]	[Recv]	cond 2 4988603 0 0 15

[15:43:30]	[Recv]	cond 2 4988592 0 0 15

[15:43:30]	[Recv]	cond 2 4988603 0 0 15

[15:43:30]	[Recv]	cond 2 4988592 0 0 15

[15:43:30]	[Send]	ncif 3 5021635
[15:43:30]	[Recv]	sr 0

[15:43:30]	[Recv]	st 3 5021635 99 0 100 100 13203 2828 13203 2828 0

[15:43:30]	[Send]	ptctl 5443 1 4988592 34 61 4988592 15
[15:43:30]	[Send]	u_s 1 3 5021635
[15:43:30]	[Recv]	ct 3 5021639 2 4988603 -1 -1 771

[15:43:30]	[Recv]	su 3 5021639 2 4988603 771 10 11 7722 0 0 1 100 0 4 0 19451 19451

[15:43:30]	[Recv]	sayi 1 2073308 20 24 0 0 0 0 0

[15:43:30]	[Recv]	su 3 5021639 1 2073308 771 10 11 7722 0 0 1 99 448 5 0 95049 95497

[15:43:30]	[Recv]	ct 2 4988602 3 5021637 -1 -1 0

[15:43:30]	[Recv]	su 2 4988602 3 5021637 0 11 11 4085 0 0 1 88 14247 3 0 105874 120121

[15:43:30]	[Recv]	cond 2 4988592 0 0 15

[15:43:30]	[Recv]	cond 1 2073308 0 0 18

[15:43:30]	[Recv]	cond 1 2073308 0 0 18

[15:43:31]	[Send]	ptctl 5443 1 4988603 40 56 4988603 15
[15:43:31]	[Send]	suctl 5443 1 4988603 3 5021635
[15:43:31]	[Recv]	ms_c 0

[15:43:31]	[Recv]	qslot 0 1.1.1 1.1.2 1.1.3 1.1.4 1.1.5 1.1.6 1.1.7 1.1.9 1.1.8 1.1.10 0.1.45 0.2.21 0.1.76 1.1.38 1.3.12 0.1.34 0.1.87 0.-1.-1 0.1.84 0.1.43 1.3.11 1.1.42 1.1.41 1.3.976 0.-1.-1 0.1.70 0.2.143 0.2.25 0.2.27 0.2.26

[15:43:31]	[Recv]	qslot 1 0.-1.-1 0.-1.-1 0.-1.-1 0.-1.-1 0.-1.-1 0.-1.-1 0.-1.-1 0.-1.-1 0.-1.-1 0.-1.-1 0.1.-1 0.1.-1 1.1.41 1.1.42 0.-1.-1 7.7.-1 7.7.-1 7.7.-1 7.7.-1 0.-1.-1 0.-1.-1 0.-1.-1 0.-1.-1 0.-1.-1 0.-1.-1 0.-1.-1 0.-1.-1 0.-1.-1 0.-1.-1 0.-1.-1

[15:43:31]	[Recv]	ct 1 2073308 3 5021635 14 4263 1115

[15:43:31]	[Recv]	cond 2 4988603 0 0 15

[15:43:31]	[Recv]	ct 3 5021634 2 4988603 -1 -1 0

[15:43:31]	[Recv]	su 3 5021634 2 4988603 0 10 11 4806 0 0 1 99 114 3 0 19337 19451

[15:43:31]	[Recv]	ct 2 4988567 3 5021637 -1 -1 0

[15:43:31]	[Recv]	eff 2 4988603 5005

[15:43:31]	[Recv]	su 2 4988567 3 5021637 0 6 11 3601 0 0 1 83 5557 0 0 100317 120121

[15:43:31]	[Recv]	st 2 5020850 94 0 99 100 91873 184124 92062 184124 0

[15:43:31]	[Recv]	rc 1 2073308 200 0

[15:43:31]	[Recv]	su 1 2073308 3 5021635 1115 70 12 4264 0 0 0 0 132864 3 0 0 13203

[15:43:31]	[Recv]	lev 99 0 99 0 2140719000 5991794 66992052 2 0 90 917705181 0

[15:43:31]	[Recv]	mslot 1127 -1

[15:43:31]	[Recv]	qset 0 0 1.1.13.0

[15:43:31]	[Send]	ptctl 5443 1 4988592 39 61 4988592 15
[15:43:31]	[Recv]	ct 2 4988486 3 5021637 -1 -1 0

[15:43:31]	[Recv]	ct 2 4988603 3 5021635 -1 -1 0

[15:43:31]	[Recv]	su 2 4988603 2 4988603 0 12 11 8360 0 0 1 99 0 2 0 19337 19451

[15:43:31]	[Recv]	cond 2 4988592 0 0 15

[15:43:31]	[Send]	ptctl 5443 2 4988603 40 61 4988592 40 61 4988603 15
[15:43:31]	[Recv]	ct 3 5021640 2 4988603 -1 -1 0

[15:43:31]	[Recv]	su 3 5021640 2 4988603 0 10 11 4806 0 0 1 99 114 3 0 19223 19451

[15:43:31]	[Recv]	su 2 4988486 3 5021637 0 6 11 7130 0 0 1 80 3324 0 0 96993 120121

[15:43:31]	[Recv]	cond 1 2073308 0 0 18

[15:43:31]	[Recv]	cond 1 2073308 0 0 18

[15:43:32]	[Send]	ncif 3 5021638
[15:43:32]	[Send]	u_s 13 3 5021638
[15:43:32]	[Recv]	st 2 5020851 94 0 100 100 92062 184124 92062 184124 0

[15:43:32]	[Recv]	cond 2 4988603 0 0 15

[15:43:32]	[Recv]	cond 2 4988592 0 0 15

[15:43:32]	[Send]	ptctl 5443 1 4988592 39 57 4988592 15
[15:43:32]	[Recv]	st 3 5021638 99 0 100 100 90871 2828 90871 2828 0

[15:43:32]	[Recv]	ct 2 4988567 3 5021637 -1 -1 0

[15:43:32]	[Recv]	ct 2 4988602 3 5021637 -1 -1 0

[15:43:32]	[Recv]	su 2 4988602 3 5021637 0 11 11 4085 0 0 1 68 14139 3 0 82854 120121

[15:43:32]	[Recv]	st 2 5020852 94 0 100 100 92062 184124 92062 184124 0

[15:43:32]	[Recv]	cond 1 2073308 0 0 18

[15:43:32]	[Recv]	cond 1 2073308 0 0 18

[15:43:32]	[Send]	ptctl 5443 1 4988603 40 57 4988603 15
[15:43:32]	[Send]	suctl 5443 1 4988603 3 5021638
[15:43:32]	[Recv]	ms_c 0

[15:43:32]	[Recv]	qslot 0 1.1.1 1.1.2 1.1.3 1.1.4 1.1.5 1.1.6 1.1.7 1.1.9 1.1.8 1.1.10 0.1.45 0.2.21 0.1.76 1.1.38 1.3.12 0.1.34 0.1.87 0.-1.-1 0.1.84 0.1.43 1.3.11 1.1.42 1.1.41 1.3.976 0.-1.-1 0.1.70 0.2.143 0.2.25 0.2.27 0.2.26

[15:43:32]	[Recv]	qslot 1 0.-1.-1 0.-1.-1 0.-1.-1 0.-1.-1 0.-1.-1 0.-1.-1 0.-1.-1 0.-1.-1 0.-1.-1 0.-1.-1 0.1.-1 0.1.-1 1.1.41 1.1.42 0.-1.-1 7.7.-1 7.7.-1 7.7.-1 7.7.-1 0.-1.-1 0.-1.-1 0.-1.-1 0.-1.-1 0.-1.-1 0.-1.-1 0.-1.-1 0.-1.-1 0.-1.-1 0.-1.-1 0.-1.-1

[15:43:32]	[Recv]	su 2 4988567 3 5021637 0 6 11 3601 0 0 1 65 4051 0 0 78803 120121

[15:43:32]	[Recv]	ct 1 2073308 3 5021638 -1 -1 1127

[15:43:32]	[Recv]	bf 3 5021638 0.4110.80 99

[15:43:32]	[Recv]	eff 3 5021638 0

[15:43:32]	[Recv]	rc 1 2073308 200 0

[15:43:32]	[Recv]	su 1 2073308 3 5021638 1127 100 22 4284 0 0 0 0 123062 3 0 0 90871

[15:43:32]	[Recv]	lev 99 0 99 0 2140719000 5991794 66992052 2 0 90 917705181 0

[15:43:32]	[Recv]	cond 2 4988592 0 0 15

[15:43:32]	[Recv]	cond 2 4988603 0 0 15

[15:43:32]	[Recv]	sp 414702 1000000 0 10000

[15:43:32]	[Recv]	ct 2 4988486 3 5021637 -1 -1 0

[15:43:32]	[Send]	u_s 13 3 5021638
[15:43:32]	[Send]	ptctl 5443 2 4988603 43 58 4988592 42 60 4988603 15
[15:43:32]	[Send]	ptctl 5443 2 4988603 42 59 4988592 43 58 4988603 15
[15:43:32]	[Recv]	ct 3 5021637 2 4988567 -1 -1 0

[15:43:32]	[Recv]	cond 2 4988567 0 1 11

[15:43:32]	[Recv]	cond 2 4988567 1 1 11

[15:43:32]	[Recv]	su 3 5021637 2 4988567 0 10 11 0 0 0 1 98 251 0 0 18362 18613

[15:43:32]	[Recv]	su 2 4988486 3 5021637 0 6 11 7130 0 0 1 62 3306 0 0 75497 120121

[15:43:32]	[Recv]	cancel 0 13 -1

[15:43:32]	[Recv]	cond 2 4988603 0 0 15

[15:43:32]	[Recv]	cond 2 4988592 0 0 15

[15:43:32]	[Send]	ncif 3 5021638
[15:43:33]	[Recv]	cond 2 4988603 0 0 15

[15:43:33]	[Recv]	cond 2 4988592 0 0 15

[15:43:33]	[Recv]	ct 3 5021639 1 2073308 -1 -1 771

[15:43:33]	[Recv]	su 3 5021639 1 2073308 771 10 11 7722 0 0 1 100 0 4 0 95449 95497

[15:43:33]	[Recv]	su 3 5021639 2 4988603 771 10 11 7722 0 0 1 99 0 4 0 19223 19451

[15:43:33]	[Send]	u_s 0 3 5021634
[15:43:33]	[Recv]	st 2 5020850 94 0 100 100 92062 184124 92062 184124 0

[15:43:33]	[Recv]	eff 2 5020850 7739

[15:43:33]	[Send]	ncif 3 5021634
[15:43:33]	[Send]	ptctl 5443 1 4988592 38 56 4988592 15
[15:43:33]	[Send]	pulse 6540 0
[15:43:33]	[Recv]	ct 1 2073308 3 5021634 -1 -1 1114

[15:43:33]	[Recv]	su 1 2073308 3 5021634 1114 7 11 4260 0 0 1 100 0 4 0 90871 90871

[15:43:33]	[Send]	suctl 5443 1 4988603 3 5021634
[15:43:33]	[Recv]	umi 5060.340 5676.-1 5797.-1 13459.-2

[15:43:33]	[Recv]	ct 2 4988486 3 5021637 -1 -1 0

[15:43:33]	[Recv]	ct 2 4988602 3 5021637 -1 -1 0

[15:43:33]	[Recv]	su 2 4988602 3 5021637 0 11 11 4085 0 0 1 51 14223 3 0 61274 120121

[15:43:33]	[Recv]	st 3 5021634 99 0 100 100 90871 2828 90871 2828 0

[15:43:33]	[Recv]	cond 2 4988592 0 0 15

[15:43:33]	[Send]	ptctl 5443 2 4988603 38 59 4988592 40 59 4988603 15
[15:43:33]	[Recv]	eff 2 4988486 15

[15:43:33]	[Recv]	su 2 4988486 3 5021637 0 6 11 7130 0 0 1 47 4188 0 0 57086 120121

[15:43:33]	[Recv]	eff 2 4988603 5005

[15:43:34]	[Send]	ptctl 5443 2 4988603 40 58 4988592 39 60 4988603 15
[15:43:34]	[Recv]	st 2 5020851 94 0 100 100 92062 184124 92062 184124 0

[15:43:34]	[Recv]	eff 2 5020851 7739

[15:43:34]	[Recv]	cond 1 2073308 0 0 18

[15:43:34]	[Recv]	cond 1 2073308 0 0 18

[15:43:34]	[Recv]	cond 2 4988603 0 0 15

[15:43:34]	[Recv]	cond 2 4988592 0 0 15

[15:43:34]	[Send]	ncif 3 5021634
[15:43:34]	[Send]	ptctl 5443 1 4988592 38 57 4988592 15
[15:43:34]	[Recv]	ct 3 5021634 2 4988592 -1 -1 0

[15:43:34]	[Recv]	su 3 5021634 2 4988592 0 10 11 4806 0 0 1 72 113 0 0 41958 57771

[15:43:34]	[Recv]	su 3 5021634 1 2073308 0 10 11 4806 0 0 1 100 0 7 0 95449 95497

[15:43:34]	[Recv]	ct 2 4988603 3 5021634 -1 -1 0

[15:43:34]	[Recv]	su 2 4988603 3 5021634 0 12 11 8360 0 0 1 88 10690 0 0 80181 90871

[15:43:34]	[Recv]	st 2 5020852 94 0 100 100 92062 184124 92062 184124 0

[15:43:34]	[Recv]	eff 2 5020852 7739

[15:43:34]	[Recv]	sr 0

[15:43:34]	[Recv]	cond 2 4988603 0 0 15

[15:43:34]	[Recv]	cond 2 4988592 0 0 15

[15:43:34]	[Send]	u_s 0 3 5021634
[15:43:34]	[Recv]	st 3 5021634 99 0 88 100 80181 2828 90871 2828 0

[15:43:34]	[Recv]	cond 2 4988592 0 0 15

[15:43:34]	[Recv]	ct 3 5021640 1 2073308 -1 -1 0

[15:43:34]	[Recv]	su 3 5021640 1 2073308 0 10 11 4806 0 0 1 99 447 3 0 95002 95497

[15:43:34]	[Recv]	su 3 5021640 2 4988603 0 10 11 4806 0 0 1 98 113 6 0 19110 19451

[15:43:34]	[Recv]	ct 2 4988486 3 5021637 -1 -1 0

[15:43:34]	[Recv]	cond 2 4988567 1 0 11

[15:43:34]	[Recv]	cond 2 4988567 0 0 11

[15:43:34]	[Recv]	ct 1 2073308 3 5021634 -1 -1 1114

[15:43:34]	[Recv]	rc 1 2073308 200 0

[15:43:34]	[Recv]	su 1 2073308 3 5021634 1114 7 11 4260 0 0 1 44 39493 0 0 40688 90871

[15:43:34]	[Send]	ptctl 5443 2 4988603 44 57 4988592 43 59 4988603 15
[15:43:34]	[Recv]	su 2 4988486 3 5021637 0 6 11 7130 0 0 1 44 3316 0 0 53770 120121

[15:43:34]	[Recv]	cond 1 2073308 0 0 18

[15:43:34]	[Recv]	cond 1 2073308 0 0 18

[15:43:34]	[Send]	ptctl 5443 2 4988603 42 58 4988592 43 57 4988603 15
[15:43:35]	[Recv]	ct 3 5021637 2 4988567 -1 -1 0

[15:43:35]	[Recv]	su 3 5021637 2 4988567 0 10 11 0 0 0 1 97 252 0 0 18110 18613

[15:43:35]	[Recv]	ct 2 4988567 3 5021637 -1 -1 0

[15:43:35]	[Recv]	ct 2 4988602 3 5021637 -1 -1 0

[15:43:35]	[Recv]	su 2 4988602 3 5021637 0 11 11 4085 0 0 1 39 6265 0 0 47505 120121

[15:43:35]	[Recv]	cond 2 4988603 0 0 15

[15:43:35]	[Recv]	cond 2 4988592 0 0 15

[15:43:35]	[Recv]	cond 1 2073308 0 0 18

[15:43:35]	[Recv]	sayi 1 2073308 20 22 3 4254 0 0 0

[15:43:35]	[Recv]	bf 1 2073308 0.4254.0 99

[15:43:35]	[Recv]	cond 1 2073308 0 0 18

[15:43:35]	[Recv]	cond 1 2073308 0 0 18

[15:43:35]	[Send]	ncif 3 5021634
[15:43:35]	[Send]	ptctl 5443 1 4988592 38 57 4988592 15
[15:43:35]	[Send]	suctl 5443 1 4988603 3 5021634
[15:43:35]	[Recv]	su 2 4988567 3 5021637 0 6 11 3601 0 0 1 36 4019 0 0 43486 120121

[15:43:35]	[Recv]	cond 2 4988603 0 0 15

[15:43:35]	[Recv]	cond 2 4988592 0 0 15

[15:43:35]	[Send]	u_s 0 3 5021634
[15:43:35]	[Recv]	sr 0

[15:43:35]	[Recv]	st 3 5021634 99 0 44 100 40688 2828 90871 2828 0

[15:43:35]	[Recv]	ct 3 5021639 1 2073308 -1 -1 771

[15:43:35]	[Recv]	su 3 5021639 1 2073308 771 10 11 7722 0 0 1 99 0 4 0 95202 95497

[15:43:35]	[Recv]	su 3 5021639 2 4988592 771 10 11 7722 0 0 1 72 151 5 0 41807 57771

[15:43:35]	[Recv]	su 3 5021639 2 4988603 771 10 11 7722 0 0 1 97 141 5 0 18969 19451

[15:43:35]	[Recv]	st 2 5020850 94 0 100 100 92062 184124 92062 184124 0

[15:43:35]	[Recv]	cond 2 4988592 0 0 15

[15:43:35]	[Send]	suctl 5443 1 4988592 3 5021634
[15:43:35]	[Recv]	eff 2 4988603 5005

[15:43:35]	[Recv]	ct 2 4988486 3 5021637 -1 -1 0

[15:43:35]	[Recv]	dm 2 4988603 594 1

[15:43:35]	[Recv]	cond 1 2073308 0 0 18

[15:43:35]	[Recv]	cond 1 2073308 0 0 18

[15:43:35]	[Send]	ptctl 5443 2 4988603 43 57 4988592 43 57 4988603 15
[15:43:35]	[Recv]	su 2 4988486 3 5021637 0 6 11 7130 0 0 1 33 3312 0 0 40174 120121

[15:43:35]	[Recv]	ct 2 4988603 3 5021634 -1 -1 0

[15:43:35]	[Recv]	eff 2 4988603 15

[15:43:35]	[Recv]	su 2 4988603 3 5021634 0 12 11 8360 0 0 1 25 17266 0 0 23422 90871

[15:43:35]	[Recv]	ct 1 2073308 3 5021634 -1 -1 1114

[15:43:35]	[Recv]	rc 1 2073308 200 0

[15:43:35]	[Recv]	su 1 2073308 3 5021634 1114 7 11 4260 0 0 0 0 109444 3 0 0 90871

[15:43:35]	[Recv]	lev 99 0 99 0 2140719000 5991794 66992052 2 0 90 917705181 0

[15:43:35]	[Send]	ptctl 5443 2 4988603 43 55 4988592 44 57 4988603 15
[15:43:35]	[Recv]	cond 2 4988603 0 0 15

[15:43:35]	[Recv]	cond 2 4988592 0 0 15

[15:43:36]	[Recv]	ct 2 4988567 3 5021637 -1 -1 0

[15:43:36]	[Recv]	st 2 5020851 94 0 100 100 92062 184124 92062 184124 0

[15:43:36]	[Recv]	cond 1 2073308 0 0 18

[15:43:36]	[Recv]	cond 1 2073308 0 0 18

[15:43:36]	[Recv]	cond 2 4988603 0 0 15

[15:43:36]	[Recv]	cond 2 4988592 0 0 15

[15:43:36]	[Send]	ptctl 5443 2 4988603 43 56 4988592 45 56 4988603 15
[15:43:36]	[Recv]	su 2 4988567 3 5021637 0 6 11 3601 0 0 1 30 4111 0 0 36063 120121

[15:43:36]	[Recv]	sc_p 170 1548 4988592 96 584 24121508 0 0 1889 2049 1289 19 90 9 975 627 958 627 866 3 90 90 110 80 41807 57771 18100 18100 1 84982200 0 @ 0 0 6 60 1831 1798 0 100

[15:43:36]	[Recv]	dm 2 4988592 594 1

[15:43:36]	[Recv]	st 2 5020852 94 0 100 100 92062 184124 92062 184124 0

[15:43:36]	[Recv]	cond 2 4988603 0 0 15

[15:43:36]	[Recv]	cond 2 4988592 0 0 15

[15:43:36]	[Send]	ncif 3 5021634
[15:43:36]	[Recv]	ct 2 4988602 3 5021637 -1 -1 0

[15:43:36]	[Recv]	eff 2 4988602 15

[15:43:36]	[Recv]	su 2 4988602 3 5021637 0 11 11 4085 0 0 1 23 7588 0 0 28475 120121

[15:43:36]	[Recv]	sr 0

[15:43:36]	[Recv]	ct 2 4988486 3 5021637 -1 -1 0

[15:43:36]	[Send]	ptctl 5443 1 4988592 40 56 4988592 15
[15:43:36]	[Send]	u_s 0 3 5021640
[15:43:36]	[Send]	suctl 5443 1 4988603 3 5021640
[15:43:36]	[Recv]	ct 3 5021640 2 4988603 -1 -1 0

[15:43:36]	[Recv]	su 3 5021640 2 4988603 0 10 11 4806 0 0 1 94 113 0 0 18262 19451

[15:43:36]	[Recv]	su 3 5021640 1 2073308 0 10 11 4806 0 0 1 100 0 7 0 95402 95497

[15:43:36]	[Recv]	su 2 4988486 3 5021637 0 6 11 7130 0 0 1 20 3319 0 0 25156 120121

[15:43:36]	[Recv]	sr 7

[15:43:36]	[Recv]	cond 2 4988592 0 0 15

[15:43:36]	[Send]	ncif 3 5021640
[15:43:37]	[Recv]	ct 2 4988567 3 5021637 -1 -1 0

[15:43:37]	[Recv]	cond 1 2073308 0 0 18

[15:43:37]	[Recv]	cond 1 2073308 0 0 18

[15:43:37]	[Recv]	ct 3 5021637 2 4988567 -1 -1 0

[15:43:37]	[Recv]	cond 2 4988567 0 1 11

[15:43:37]	[Recv]	cond 2 4988567 1 1 11

[15:43:37]	[Recv]	su 3 5021637 2 4988567 0 10 11 0 0 0 1 95 256 3 0 17854 18613

[15:43:37]	[Recv]	su 2 4988567 3 5021637 0 6 11 3601 0 0 1 20 0 4 0 25156 120121

[15:43:37]	[Recv]	ct 1 2073308 3 5021640 -1 -1 1114

[15:43:37]	[Recv]	eff 1 2073308 15

[15:43:37]	[Recv]	rc 1 2073308 95 0

[15:43:37]	[Recv]	su 1 2073308 3 5021640 1114 7 11 4260 0 0 0 0 276830 3 0 0 90871

[15:43:37]	[Recv]	lev 99 0 99 0 2140719000 5991794 66992052 2 0 90 917705181 0

[15:43:37]	[Recv]	st 2 5020850 94 0 100 100 92062 184124 92062 184124 0

[15:43:37]	[Recv]	sp 414692 1000000 0 10000

[15:43:37]	[Recv]	ct 3 5021639 2 4988592 -1 -1 771

[15:43:37]	[Recv]	su 3 5021639 2 4988592 771 10 11 7722 0 0 1 71 0 4 0 41213 57771

[15:43:37]	[Recv]	su 3 5021639 1 2073308 771 10 11 7722 0 0 1 100 0 4 0 95497 95497

[15:43:37]	[Recv]	su 3 5021639 2 4988603 771 10 11 7722 0 0 1 94 0 4 0 18262 19451

[15:43:37]	[Recv]	ct 2 4988486 3 5021637 -1 -1 0

[15:43:37]	[Recv]	dm 2 4988603 594 1

[15:43:37]	[Recv]	su 2 4988486 3 5021637 0 6 11 7130 0 0 1 13 8992 3 0 16164 120121

[15:43:37]	[Recv]	ct 2 4988602 3 5021637 -1 -1 0

[15:43:37]	[Recv]	su 2 4988602 3 5021637 0 11 11 4085 0 0 1 13 0 4 0 16164 120121

[15:43:37]	[Send]	suctl 5443 1 4988592 3 5021640
[15:43:37]	[Recv]	sr 0

[15:43:38]	[Recv]	st 2 5020851 94 0 100 100 92062 184124 92062 184124 0

[15:43:38]	[Send]	u_ts 759 61 49
[15:43:38]	[Send]	ptctl 5443 2 4988603 44 57 4988592 44 57 4988603 15
[15:43:38]	[Recv]	dm 2 4988592 594 1

[15:43:38]	[Recv]	st 2 5020852 94 0 100 100 92062 184124 92062 184124 0

[15:43:38]	[Recv]	in 2 2709 4988615 62 48 2 100 100 0 0 3 2073308 0 0 -1 @ 2 -1 0 0 0 0 0 0 7549 0 0 0 8 4

[15:43:38]	[Recv]	ctl 2 4988615 0 1

[15:43:38]	[Recv]	in 2 2708 4988614 63 47 2 100 100 0 0 3 2073308 0 0 -1 Oso^polar^Grunidos 2 -1 0 0 0 0 0 0 0 0 0 0 6 3

[15:43:38]	[Recv]	ctl 2 4988614 0 1

[15:43:38]	[Recv]	in 2 670 4988544 59 51 2 100 100 0 0 3 2073308 0 0 -1 Fibi^Friggus 2 -1 0 0 0 0 0 0 0 0 0 0 5 3

[15:43:38]	[Recv]	ctl 2 4988544 0 1

[15:43:38]	[Recv]	in 2 567 4988523 59 47 2 100 100 0 0 3 2073308 0 0 -1 Hada^oval 2 -1 0 0 0 0 0 0 0 0 0 0 7 3

[15:43:38]	[Recv]	ctl 2 4988523 0 1

[15:43:38]	[Recv]	bf 1 2073308 0.1026.200 99

[15:43:38]	[Recv]	sayi 1 2073308 20 26 3 1026 0 0 0

[15:43:38]	[Recv]	team_cool 1 900

[15:43:38]	[Send]	ncif 3 5021639
[15:43:38]	[Recv]	eff 2 5020850 7739

[15:43:38]	[Recv]	sr 1

[15:43:38]	[Recv]	cond 2 4988603 0 0 15

[15:43:38]	[Recv]	cond 2 4988592 0 0 15

[15:43:38]	[Recv]	team_cool 3 0

[15:43:38]	[Recv]	st 3 5021639 99 0 100 100 13203 2828 13203 2828 0

[15:43:38]	[Send]	u_s 0 3 5021639
[15:43:38]	[Send]	ptctl 5443 1 4988603 43 58 4988603 15
[15:43:38]	[Send]	suctl 5443 1 4988603 3 5021639
[15:43:38]	[Recv]	in 3 776 5021693 6 38 5 100 100 0 0 0 -1 0 0 -1 - 0 -1 0 0 0 0 0 0 0 0 0 0 0 0

[15:43:38]	[Recv]	msgi 0 679 0 0 0 0 0

[15:43:38]	[Recv]	in 3 718 5021694 6 40 1 100 100 0 0 0 -1 0 0 -1 - 0 -1 0 0 0 0 0 0 0 0 0 0 0 0

[15:43:38]	[Recv]	msgi 0 679 0 0 0 0 0

[15:43:38]	[Recv]	in 3 702 5021695 6 42 0 100 100 0 0 0 -1 0 0 -1 - 0 -1 0 0 0 0 0 0 0 0 0 0 0 0

[15:43:38]	[Recv]	msgi 0 679 0 0 0 0 0

[15:43:38]	[Recv]	in 3 776 5021696 7 34 6 100 100 0 0 0 -1 0 0 -1 - 0 -1 0 0 0 0 0 0 0 0 0 0 0 0

[15:43:38]	[Recv]	msgi 0 679 0 0 0 0 0

[15:43:38]	[Recv]	in 3 702 5021697 7 40 1 100 100 0 0 0 -1 0 0 -1 - 0 -1 0 0 0 0 0 0 0 0 0 0 0 0

[15:43:38]	[Recv]	msgi 0 679 0 0 0 0 0

[15:43:38]	[Recv]	in 3 701 5021698 37 8 4 100 100 0 0 0 -1 0 0 -1 - 0 -1 0 0 0 0 0 0 0 0 0 0 0 0

[15:43:38]	[Recv]	msgi 0 679 0 0 0 0 0

[15:43:38]	[Recv]	in 3 713 5021699 38 6 7 100 100 0 0 0 -1 0 0 -1 - 0 -1 0 0 0 0 0 0 0 0 0 0 0 0

[15:43:38]	[Recv]	msgi 0 679 0 0 0 0 0

[15:43:38]	[Recv]	in 3 702 5021700 38 7 5 100 100 0 0 0 -1 0 0 -1 - 0 -1 0 0 0 0 0 0 0 0 0 0 0 0

[15:43:38]	[Recv]	msgi 0 679 0 0 0 0 0

[15:43:38]	[Recv]	in 3 776 5021701 40 6 1 100 100 0 0 0 -1 0 0 -1 - 0 -1 0 0 0 0 0 0 0 0 0 0 0 0

[15:43:38]	[Recv]	msgi 0 679 0 0 0 0 0

[15:43:38]	[Recv]	in 3 702 5021702 40 7 1 100 100 0 0 0 -1 0 0 -1 - 0 -1 0 0 0 0 0 0 0 0 0 0 0 0

[15:43:38]	[Recv]	msgi 0 679 0 0 0 0 0

[15:43:38]	[Recv]	in 3 701 5021703 40 9 5 100 100 0 0 0 -1 0 0 -1 - 0 -1 0 0 0 0 0 0 0 0 0 0 0 0

[15:43:38]	[Recv]	msgi 0 679 0 0 0 0 0

[15:43:38]	[Recv]	in 3 713 5021704 42 6 5 100 100 0 0 0 -1 0 0 -1 - 0 -1 0 0 0 0 0 0 0 0 0 0 0 0

[15:43:38]	[Recv]	msgi 0 679 0 0 0 0 0

[15:43:38]	[Recv]	in 3 701 5021705 42 8 5 100 100 0 0 0 -1 0 0 -1 - 0 -1 0 0 0 0 0 0 0 0 0 0 0 0

[15:43:38]	[Recv]	msgi 0 679 0 0 0 0 0

[15:43:38]	[Recv]	in 3 776 5021706 44 6 4 100 100 0 0 0 -1 0 0 -1 - 0 -1 0 0 0 0 0 0 0 0 0 0 0 0

[15:43:38]	[Recv]	msgi 0 679 0 0 0 0 0

[15:43:38]	[Recv]	in 3 702 5021707 70 40 4 100 100 0 0 0 -1 0 0 -1 - 0 -1 0 0 0 0 0 0 0 0 0 0 0 0

[15:43:38]	[Recv]	msgi 0 679 0 0 0 0 0

[15:43:38]	[Recv]	in 3 702 5021708 71 40 0 100 100 0 0 0 -1 0 0 -1 - 0 -1 0 0 0 0 0 0 0 0 0 0 0 0

[15:43:38]	[Recv]	msgi 0 679 0 0 0 0 0

[15:43:38]	[Recv]	in 3 718 5021709 72 40 6 100 100 0 0 0 -1 0 0 -1 - 0 -1 0 0 0 0 0 0 0 0 0 0 0 0

[15:43:38]	[Recv]	msgi 0 679 0 0 0 0 0

[15:43:38]	[Recv]	in 3 776 5021710 72 42 1 100 100 0 0 0 -1 0 0 -1 - 0 -1 0 0 0 0 0 0 0 0 0 0 0 0

[15:43:38]	[Recv]	msgi 0 679 0 0 0 0 0

[15:43:38]	[Recv]	eff 3 5021710 5000

[15:43:38]	[Recv]	eff 3 5021707 5000

[15:43:38]	[Recv]	eff 3 5021704 5000

[15:43:38]	[Recv]	eff 3 5021701 5000

[15:43:38]	[Recv]	eff 3 5021697 5000

[15:43:38]	[Recv]	eff 3 5021695 5000

[15:43:38]	[Recv]	ct 2 4988486 3 5021637 -1 -1 0

[15:43:38]	[Recv]	ct 1 2073308 3 5021639 -1 -1 1114

[15:43:38]	[Recv]	eff 1 2073308 15

[15:43:38]	[Recv]	su 1 2073308 3 5021639 1114 7 11 4260 0 0 0 0 121789 0 0 0 13203

[15:43:38]	[Recv]	lev 99 0 99 0 2140719000 5991794 66992052 2 0 90 917705181 0

[15:43:38]	[Recv]	cond 2 4988603 0 0 15

[15:43:38]	[Recv]	su 2 4988486 3 5021637 0 6 11 7130 0 0 1 10 3360 0 0 12804 120121

[15:43:39]	[Send]	ptctl 5443 1 4988592 39 55 4988592 15
[15:43:39]	[Recv]	ct 2 4988487 3 5021637 -1 -1 0

[15:43:39]	[Recv]	cond 2 4988567 1 0 11

[15:43:39]	[Recv]	cond 2 4988567 0 0 11

[15:43:39]	[Recv]	eff 2 5020851 7739

[15:43:39]	[Send]	ptctl 5443 2 4988603 38 58 4988592 38 57 4988603 15
[15:43:39]	[Recv]	cond 2 4988592 0 0 15

[15:43:39]	[Send]	ptctl 5443 1 4988603 37 58 4988603 15
[15:43:39]	[Recv]	su 2 4988487 3 5021637 0 6 11 4035 0 0 1 1 12709 3 0 95 120121

[15:43:39]	[Recv]	ct 2 4988567 3 5021637 -1 -1 0

[15:43:39]	[Recv]	ct 2 4988602 3 5021637 -1 -1 0

[15:43:39]	[Recv]	su 2 4988602 3 5021637 0 11 11 4085 0 0 0 0 6276 0 0 0 120121

[15:43:39]	[Recv]	lev 99 0 99 0 2140719000 5991794 66992052 2 0 90 917705181 0

[15:43:39]	[Recv]	eff 2 5020852 7739

[15:43:39]	[Recv]	cond 1 2073308 0 0 18

[15:43:39]	[Recv]	cond 1 2073308 0 0 18

[15:43:39]	[Recv]	cond 2 4988603 0 0 15

[15:43:39]	[Recv]	cond 2 4988592 0 0 15

[15:43:39]	[Recv]	su 2 4988567 2 4988567 0 6 11 3601 0 0 1 95 0 2 0 17854 18613

[15:43:39]	[Recv]	st 2 5020850 94 0 100 100 92062 184124 92062 184124 0

[15:43:39]	[Recv]	sr 0

[15:43:39]	[Recv]	cond 2 4988603 0 0 15

[15:43:39]	[Send]	ncif 2 4988486
[15:43:39]	[Recv]	dm 2 4988603 594 1

[15:43:39]	[Recv]	st 2 4988486 94 0 100 100 16921 6757 16921 6757 0 1047.94

[15:43:39]	[Recv]	ct 2 4988614 3 5021710 -1 -1 0

[15:43:39]	[Recv]	su 2 4988614 3 5021710 0 15 11 7538 0 0 1 100 0 1 0 266371 266371

[15:43:39]	[Send]	ptctl 5443 1 4988592 33 57 4988592 15
[15:43:39]	[Send]	u_s 0 2 4988486
[15:43:39]	[Send]	suctl 5443 1 4988603 2 4988486
[15:43:39]	[Recv]	cond 2 4988592 0 0 15

[15:43:40]	[Recv]	st 2 5020851 94 0 100 100 92062 184124 92062 184124 0

[15:43:40]	[Recv]	cond 1 2073308 0 0 18

[15:43:40]	[Recv]	cond 1 2073308 0 0 18

[15:43:40]	[Recv]	cancel 2 0 -1

[15:43:40]	[Recv]	dm 2 4988592 594 1

[15:43:40]	[Recv]	st 2 5020852 94 0 100 100 92062 184124 92062 184124 0

[15:43:40]	[Recv]	ct 2 4988615 3 5021708 -1 -1 0

[15:43:40]	[Recv]	su 2 4988615 3 5021708 0 12 11 7548 0 0 1 95 4878 0 0 115243 120121

[15:43:40]	[Recv]	eff 2 4988544 3007

[15:43:40]	[Send]	ptctl 5443 1 4988592 32 56 4988592 15
[15:43:40]	[Recv]	ct 3 5021708 2 4988615 -1 -1 0

[15:43:40]	[Recv]	su 3 5021708 2 4988615 0 10 11 0 0 0 1 99 251 0 0 28724 28975

[15:43:40]	[Recv]	ct 3 5021707 2 4988614 -1 -1 0

[15:43:40]	[Recv]	su 3 5021707 2 4988614 0 10 11 0 0 0 1 99 253 0 0 38660 38913

[15:43:40]	[Recv]	sc_p 8 567 4988523 1 2982 0 1 0 461 468 254 10 150 0 198 31 197 31 193 2 12 12 12 12 4368 4368 4224 4224 0 15 0 Hada^oval 0 7 3 30 1819 1797 0 1080

[15:43:40]	[Recv]	cond 2 4988592 0 0 15

[15:43:41]	[Send]	ptctl 5443 2 4988603 42 58 4988592 37 56 4988603 15
[15:43:41]	[Recv]	ct 2 4988523 3 5021709 -1 -1 0

[15:43:41]	[Recv]	cond 1 2073308 0 0 18

[15:43:41]	[Recv]	cond 1 2073308 0 0 18

[15:43:41]	[Send]	ptctl 5443 2 4988603 43 58 4988592 38 56 4988603 15
[15:43:41]	[Recv]	su 2 4988523 3 5021709 0 11 11 4742 0 0 1 100 0 4 0 32371 32371

[15:43:41]	[Recv]	cond 2 4988486 0 0 11

[15:43:41]	[Recv]	c_mode 2 4988486 1100 0 0

[15:43:41]	[Recv]	sc_n 0 317 4988486 94 1000 202328 991.2.4 -1 -1 -1 0 0 1 4 558 678 801 9 160 0 88 214 107 214 79 0 0 0 0 0 16921 16921 6757 6757 0 291503800 Bob 1100 0 8239.0 0.0 0.0 0.0 0 2 0

[15:43:41]	[Recv]	out 2 4988486

[15:43:41]	[Recv]	in 2 317 4988486 31 55 2 100 100 0 0 3 2073308 1 0 1100 Bob 1 0 0 0 0 0 0 0 0 0 0 0 2 0

[15:43:41]	[Recv]	pinit 2 2|4988603|0|94|@|-1|3206|1|2723|0|0 2|4988592|1|96|@|-1|1548|0|0|0|60


[15:43:41]	[Recv]	psd 10

[15:43:41]	[Recv]	out 2 4988486

[15:43:41]	[Recv]	cond 2 4988487 0 0 11

[15:43:41]	[Recv]	c_mode 2 4988487 1102 0 0

[15:43:41]	[Recv]	sc_n 2 319 4988487 99 1000 398653210 990.4.5 997.5.6 -1 -1 0 0 0 5 661 711 543 10 150 6 592 586 461 586 372 0 5 5 5 5 38176 38176 11281 11281 0 428143800 Kliff 1102 0 4809.100 1299.2 1300.4 1301.7 0 1 0

[15:43:41]	[Recv]	out 2 4988487

[15:43:41]	[Recv]	in 2 319 4988487 31 55 2 100 100 0 0 3 2073308 1 0 1102 Kliff 1 2 0 0 0 0 0 0 0 0 0 0 1 0

[15:43:41]	[Recv]	pinit 2 2|4988603|0|94|@|-1|3206|1|2723|0|0 2|4988592|1|96|@|-1|1548|0|0|0|60


[15:43:41]	[Recv]	psd 10

[15:43:41]	[Recv]	out 2 4988487

[15:43:41]	[Recv]	out 2 4988567

[15:43:41]	[Recv]	cond 2 4988602 0 0 11

[15:43:41]	[Recv]	c_mode 2 4988602 -1 0 0

[15:43:41]	[Recv]	sc_n 4 2640 4988602 94 1000 473672 991.2.4 996.0.10 317.0.5 321.0.5 0 0 1 4 566 686 820 9 160 10 201 555 264 555 248 1 0 0 96 0 17310 17310 10544 10544 0 291503800 @ -1 0 4812.100 1318.3 1319.3 1320.7 0 3 0

[15:43:41]	[Recv]	out 2 4988602

[15:43:41]	[Recv]	in 2 2640 4988602 27 60 2 100 100 0 0 3 2073308 1 0 -1 @ 1 4 0 0 0 0 0 0 0 0 0 0 3 0

[15:43:41]	[Recv]	pinit 2 2|4988603|0|94|@|-1|3206|1|2723|0|0 2|4988592|1|96|@|-1|1548|0|0|0|60


[15:43:41]	[Recv]	psd 10

[15:43:41]	[Recv]	out 2 4988602

[15:43:41]	[Recv]	sayi 1 2073308 20 22 3 1025 0 0 0

[15:43:41]	[Recv]	bf 1 2073308 0.1025.0 99

[15:43:41]	[Recv]	cond 2 4988603 0 0 15

[15:43:41]	[Recv]	cond 2 4988592 0 0 15

[15:43:41]	[Recv]	cond 1 2073308 0 0 18

[15:43:41]	[Recv]	cond 1 2073308 0 0 18

[15:43:41]	[Send]	ncif 2 4988544
[15:43:41]	[Recv]	st 2 5020850 94 0 100 100 92062 184124 92062 184124 0

[15:43:41]	[Recv]	cond 2 4988603 0 0 15

[15:43:41]	[Recv]	cond 2 4988592 0 0 15

[15:43:41]	[Recv]	st 2 4988544 97 30 100 100 50845 31831 50845 31831 0 1047.97

[15:43:41]	[Recv]	dm 2 4988603 594 1

[15:43:41]	[Send]	ncif 3 5021710
[15:43:42]	[Recv]	st 2 5020851 94 0 100 100 92062 184124 92062 184124 0

[15:43:42]	[Recv]	st 3 5021710 99 0 100 100 266371 2828 266371 2828 0

[15:43:42]	[Send]	ptctl 5443 1 4988603 48 58 4988603 15
[15:43:42]	[Send]	ptctl 5443 1 4988592 43 56 4988592 15
[15:43:42]	[Recv]	cond 2 4988603 0 0 15

[15:43:42]	[Recv]	dm 2 4988592 594 1

[15:43:42]	[Recv]	st 2 5020852 94 0 100 100 92062 184124 92062 184124 0

[15:43:42]	[Recv]	sr 8

[15:43:42]	[Recv]	cond 2 4988592 0 0 15

[15:43:42]	[Recv]	cond 1 2073308 0 0 18

[15:43:42]	[Recv]	cond 1 2073308 0 0 18

[15:43:42]	[Send]	ptctl 5443 1 4988603 51 58 4988603 15
[15:43:42]	[Send]	ptctl 5443 1 4988592 46 56 4988592 15
[15:43:42]	[Recv]	sr 13

[15:43:42]	[Recv]	cond 2 4988603 0 0 15

[15:43:42]	[Recv]	sp 414682 1000000 0 10000

[15:43:42]	[Recv]	cond 2 4988592 0 0 15

[15:43:42]	[Send]	ncif 3 5021710
[15:43:42]	[Recv]	st 3 5021710 99 0 100 100 266371 2828 266371 2828 0

[15:43:43]	[Recv]	ct 3 5021708 2 4988615 -1 -1 0

[15:43:43]	[Recv]	su 3 5021708 2 4988615 0 10 11 0 0 0 1 98 252 3 0 28472 28975

[15:43:43]	[Recv]	ct 3 5021707 2 4988614 -1 -1 0

[15:43:43]	[Recv]	cond 2 4988614 0 1 12

[15:43:43]	[Recv]	cond 2 4988614 1 1 12

[15:43:43]	[Recv]	su 3 5021707 2 4988614 0 10 11 0 0 0 1 98 251 0 0 38409 38913

[15:43:43]	[Recv]	ct 2 4988614 3 5021707 -1 -1 0

[15:43:43]	[Recv]	su 2 4988614 3 5021707 0 15 11 7538 0 0 1 94 6847 0 0 113274 120121

[15:43:43]	[Recv]	ct 2 4988615 3 5021708 -1 -1 0

[15:43:43]	[Recv]	su 2 4988615 3 5021708 0 12 11 7548 0 0 1 91 4824 0 0 110419 120121

[15:43:43]	[Send]	u_s 1 3 5021710
[15:43:43]	[Recv]	cond 1 2073308 0 0 18

[15:43:43]	[Recv]	cond 1 2073308 0 0 18

[15:43:43]	[Send]	ptctl 5443 1 4988592 51 56 4988592 15
[15:43:43]	[Recv]	ms_c 0

[15:43:43]	[Recv]	qslot 0 1.1.1 1.1.2 1.1.3 1.1.4 1.1.5 1.1.6 1.1.7 1.1.9 1.1.8 1.1.10 0.1.45 0.2.21 0.1.76 1.1.38 1.3.12 0.1.34 0.1.87 0.-1.-1 0.1.84 0.1.43 1.3.11 1.1.42 1.1.41 1.3.976 0.-1.-1 0.1.70 0.2.143 0.2.25 0.2.27 0.2.26

[15:43:43]	[Recv]	qslot 1 0.-1.-1 0.-1.-1 0.-1.-1 0.-1.-1 0.-1.-1 0.-1.-1 0.-1.-1 0.-1.-1 0.-1.-1 0.-1.-1 0.1.-1 0.1.-1 1.1.41 1.1.42 0.-1.-1 7.7.-1 7.7.-1 7.7.-1 7.7.-1 0.-1.-1 0.-1.-1 0.-1.-1 0.-1.-1 0.-1.-1 0.-1.-1 0.-1.-1 0.-1.-1 0.-1.-1 0.-1.-1 0.-1.-1

[15:43:43]	[Recv]	ct 1 2073308 3 5021710 14 4263 1115

[15:43:43]	[Recv]	cond 1 2073308 0 0 18

[15:43:43]	[Recv]	cond 1 2073308 0 0 18

[15:43:43]	[Send]	ptctl 5443 1 4988603 56 58 4988603 15
[15:43:43]	[Recv]	st 2 5020850 94 0 100 100 92062 184124 92062 184124 0

[15:43:43]	[Recv]	eff 2 5020850 7739

[15:43:43]	[Recv]	cond 2 4988592 0 0 15

[15:43:43]	[Recv]	cond 2 4988603 0 0 15

[15:43:43]	[Recv]	ct 2 4988523 3 5021709 -1 -1 0

[15:43:43]	[Recv]	dm 2 4988603 594 1

[15:43:43]	[Recv]	su 1 2073308 3 5021710 1115 70 12 4264 0 0 1 61 102808 3 0 163563 266371

[15:43:43]	[Recv]	bf 3 5021710 0.4253.100 99

[15:43:43]	[Recv]	mslot 1127 -1

[15:43:43]	[Recv]	qset 0 0 1.1.13.0

[15:43:43]	[Recv]	cond 1 2073308 0 0 18

[15:43:43]	[Recv]	bf 1 2073308 0.4254.80 99

[15:43:43]	[Recv]	sayi 1 2073308 20 26 3 4254 0 0 0

[15:43:43]	[Recv]	sayi 1 2073308 20 23 3 4254 0 0 0

[15:43:43]	[Send]	u_s 13 3 5021710
[15:43:43]	[Recv]	su 2 4988523 3 5021709 0 11 11 4742 0 0 1 100 0 4 0 32371 32371

[15:43:43]	[Recv]	ms_c 0

[15:43:43]	[Recv]	qslot 0 1.1.1 1.1.2 1.1.3 1.1.4 1.1.5 1.1.6 1.1.7 1.1.9 1.1.8 1.1.10 0.1.45 0.2.21 0.1.76 1.1.38 1.3.12 0.1.34 0.1.87 0.-1.-1 0.1.84 0.1.43 1.3.11 1.1.42 1.1.41 1.3.976 0.-1.-1 0.1.70 0.2.143 0.2.25 0.2.27 0.2.26

[15:43:43]	[Recv]	qslot 1 0.-1.-1 0.-1.-1 0.-1.-1 0.-1.-1 0.-1.-1 0.-1.-1 0.-1.-1 0.-1.-1 0.-1.-1 0.-1.-1 0.1.-1 0.1.-1 1.1.41 1.1.42 0.-1.-1 7.7.-1 7.7.-1 7.7.-1 7.7.-1 0.-1.-1 0.-1.-1 0.-1.-1 0.-1.-1 0.-1.-1 0.-1.-1 0.-1.-1 0.-1.-1 0.-1.-1 0.-1.-1 0.-1.-1

[15:43:43]	[Send]	ncif 3 5021710
[15:43:43]	[Send]	ptctl 5443 1 4988603 55 58 4988603 15
[15:43:43]	[Send]	suctl 5443 1 4988603 3 5021710
[15:43:43]	[Recv]	ct 1 2073308 3 5021710 -1 -1 1127

[15:43:43]	[Recv]	su 1 2073308 3 5021710 1127 100 22 4284 0 0 1 21 107105 3 0 56458 266371

[15:43:43]	[Recv]	st 3 5021710 99 0 21 100 56458 2828 266371 2828 0 4253.99

[15:43:44]	[Recv]	st 2 5020851 94 0 100 100 92062 184124 92062 184124 0

[15:43:44]	[Recv]	eff 2 5020851 7739

[15:43:44]	[Recv]	cond 2 4988603 0 0 15

[15:43:44]	[Send]	ptctl 5443 2 4988603 50 58 4988592 46 56 4988603 15
[15:43:44]	[Recv]	eff 2 4988603 5005

[15:43:44]	[Recv]	dm 2 4988592 594 1

[15:43:44]	[Recv]	st 2 5020852 94 0 100 100 92062 184124 92062 184124 0

[15:43:44]	[Recv]	eff 2 5020852 7739

[15:43:44]	[Recv]	cond 1 2073308 0 0 18

[15:43:44]	[Recv]	cond 1 2073308 0 0 18

[15:43:44]	[Recv]	cond 2 4988603 0 0 15

[15:43:44]	[Recv]	cond 2 4988592 0 0 15

[15:43:44]	[Send]	u_s 0 3 5021710
[15:43:44]	[Send]	ptctl 5443 1 4988592 54 56 4988592 15
[15:43:44]	[Recv]	ct 2 4988603 3 5021710 -1 -1 0

[15:43:44]	[Recv]	su 2 4988603 3 5021710 0 12 11 8360 0 0 1 18 7396 0 0 49062 266371

[15:43:44]	[Recv]	cond 1 2073308 0 0 18

[15:43:44]	[Recv]	cond 1 2073308 0 0 18

[15:43:44]	[Recv]	msgi2 0 905 14 Protaros 2514 

[15:43:44]	[Recv]	ct 1 2073308 3 5021710 -1 -1 1114

[15:43:44]	[Recv]	su 1 2073308 3 5021710 1114 7 11 4260 0 0 1 6 30971 0 0 18091 266371

[15:43:44]	[Recv]	bf 1 2073308 0.4126.100 99

[15:43:44]	[Recv]	sayi 1 2073308 20 26 3 4126 0 0 0

[15:43:44]	[Recv]	cond 2 4988592 0 0 15

[15:43:44]	[Send]	ptctl 5443 1 4988592 56 56 4988592 15
[15:43:44]	[Recv]	cond 2 4988614 1 0 12

[15:43:44]	[Recv]	cond 2 4988614 0 0 12

[15:43:44]	[Send]	ncif 3 5021710
[15:43:44]	[Send]	ptctl 5443 2 4988603 48 57 4988592 47 54 4988603 15
[15:43:44]	[Recv]	cond 2 4988592 0 0 15

[15:43:45]	[Send]	ptctl 5443 2 4988603 48 56 4988592 46 54 4988603 15
[15:43:45]	[Recv]	st 3 5021710 99 0 6 100 18091 2828 266371 2828 0 4253.99

[15:43:45]	[Recv]	cond 1 2073308 0 0 18

[15:43:45]	[Recv]	cond 1 2073308 0 0 18

[15:43:45]	[Send]	ptctl 5443 2 4988603 48 58 4988592 45 53 4988603 15
[15:43:45]	[Recv]	ct 3 5021708 2 4988615 -1 -1 0

[15:43:45]	[Recv]	su 3 5021708 2 4988615 0 10 11 0 0 0 1 98 0 1 0 28472 28975

[15:43:45]	[Recv]	ct 3 5021707 2 4988614 -1 -1 0

[15:43:45]	[Recv]	su 3 5021707 2 4988614 0 10 11 0 0 0 1 98 101 0 0 38308 38913

[15:43:45]	[Recv]	cond 2 4988603 0 0 15

[15:43:45]	[Recv]	cond 2 4988592 0 0 15

[15:43:45]	[Recv]	cond 2 4988603 0 0 15

[15:43:45]	[Recv]	cond 2 4988592 0 0 15

[15:43:45]	[Send]	ptctl 5443 1 4988592 52 55 4988592 15
[15:43:45]	[Send]	ptctl 5443 1 4988603 51 58 4988603 15
[15:43:45]	[Send]	suctl 5443 1 4988603 3 5021710
[15:43:45]	[Recv]	st 2 5020850 94 0 100 100 92062 184124 92062 184124 0

[15:43:45]	[Recv]	sr 0

[15:43:45]	[Recv]	cond 1 2073308 0 0 18

[15:43:45]	[Recv]	cond 1 2073308 0 0 18

[15:43:45]	[Send]	u_s 0 3 5021710
[15:43:45]	[Recv]	cond 2 4988603 0 0 15

[15:43:45]	[Recv]	cond 2 4988592 0 0 15

[15:43:45]	[Recv]	eff 2 4988544 3007

[15:43:45]	[Recv]	sc_p 6 2708 4988614 94 2982 150447 0 1 908 1116 696 14 90 4 460 550 428 550 375 3 65 65 75 55 38308 38913 5790 5790 0 72875950 0 Oso^polar^Grunidos 0 6 3 20 1797 1818 11 500

[15:43:45]	[Recv]	ct 2 4988615 3 5021708 -1 -1 0

[15:43:45]	[Recv]	sc_p 0 2709 4988615 94 1793 11595282 1 0 1086 1264 1063 14 240 0 539 627 565 627 516 0 32 32 32 32 28472 28975 12890 12890 0 72875950 0 @ 0 8 4 28 1818 1825 201 930

[15:43:45]	[Recv]	su 2 4988615 3 5021708 0 12 11 7548 0 0 1 87 4889 0 0 105530 120121

[15:43:45]	[Recv]	dm 2 4988603 594 1

[15:43:45]	[Recv]	cond 2 4988592 0 0 15

[15:43:45]	[Send]	ptctl 5443 1 4988592 53 55 4988592 15
[15:43:45]	[Recv]	cond 2 4988603 0 0 15

[15:43:45]	[Send]	ptctl 5443 2 4988603 46 56 4988592 43 53 4988603 15
[15:43:45]	[Recv]	eff 2 4988603 5005

[15:43:45]	[Send]	ptctl 5443 1 4988603 45 57 4988603 15
[15:43:45]	[Send]	ncif 3 5021710
[15:43:45]	[Recv]	cond 1 2073308 0 0 18

[15:43:45]	[Recv]	cond 1 2073308 0 0 18

[15:43:46]	[Recv]	st 2 5020851 94 0 100 100 92062 184124 92062 184124 0

[15:43:46]	[Send]	ptctl 5443 2 4988603 44 56 4988592 42 52 4988603 15
[15:43:46]	[Recv]	ct 1 2073308 3 5021710 -1 -1 1114

[15:43:46]	[Recv]	su 1 2073308 3 5021710 1114 7 11 4260 0 0 0 0 30633 0 0 0 266371

[15:43:46]	[Recv]	lev 99 0 99 0 2140719000 5991794 66992052 2 0 90 917705181 0

[15:43:46]	[Recv]	cond 2 4988592 0 0 15

[15:43:46]	[Send]	ptctl 5443 1 4988592 43 53 4988592 15
[15:43:46]	[Recv]	ct 2 4988614 3 5021707 -1 -1 0

[15:43:46]	[Recv]	su 2 4988614 3 5021707 0 15 11 7538 0 0 1 88 6898 0 0 106376 120121

[15:43:46]	[Recv]	sc_p 170 1548 4988592 96 583 24122068 0 0 1889 2049 1289 19 90 9 975 627 958 627 866 3 90 90 110 80 38837 57771 18100 18100 1 84982200 0 @ 0 0 6 60 1831 1798 0 100

[15:43:46]	[Recv]	dm 2 4988592 594 1

[15:43:46]	[Recv]	ct 2 4988603 3 5021710 -1 -1 0

[15:43:46]	[Recv]	su 2 4988603 2 4988603 0 12 11 8360 0 0 1 78 0 2 0 15292 19451

[15:43:46]	[Recv]	st 2 5020852 94 0 100 100 92062 184124 92062 184124 0

[15:43:46]	[Recv]	cond 2 4988603 0 0 15

[15:43:46]	[Recv]	cond 2 4988592 0 0 15

[15:43:46]	[Send]	ptctl 5443 2 4988603 43 54 4988592 41 53 4988603 15
[15:43:46]	[Recv]	cond 2 4988603 0 0 15

[15:43:46]	[Recv]	cond 2 4988603 0 0 15

[15:43:46]	[Recv]	cond 2 4988592 0 0 15

[15:43:46]	[Send]	ptctl 5443 1 4988592 42 51 4988592 15
[15:43:46]	[Recv]	cond 1 2073308 0 0 18

[15:43:46]	[Recv]	cond 1 2073308 0 0 18

[15:43:46]	[Recv]	cond 2 4988592 0 0 15

[15:43:46]	[Recv]	ct 2 4988523 3 5021709 -1 -1 0

[15:43:46]	[Recv]	sr 0

[15:43:46]	[Recv]	cond 1 2073308 0 0 18

[15:43:46]	[Recv]	cond 1 2073308 0 0 18

[15:43:46]	[Recv]	cond 2 4988603 0 0 15

[15:43:46]	[Recv]	cond 2 4988592 0 0 15

[15:43:47]	[Send]	ncif 3 5021706
[15:43:47]	[Recv]	su 2 4988523 3 5021709 0 11 11 4742 0 0 1 100 0 4 0 32371 32371

[15:43:47]	[Recv]	cond 1 2073308 0 0 18

[15:43:47]	[Recv]	cond 1 2073308 0 0 18

[15:43:47]	[Recv]	cond 2 4988592 0 0 15

[15:43:47]	[Recv]	ct 3 5021693 2 5020850 -1 -1 0

[15:43:47]	[Recv]	su 3 5021693 2 5020850 0 16 11 7640 0 0 1 98 1108 0 0 90954 92062

[15:43:47]	[Recv]	st 3 5021706 99 0 100 100 266371 2828 266371 2828 0

[15:43:47]	[Recv]	ct 3 5021708 2 4988615 -1 -1 0

[15:43:47]	[Recv]	su 3 5021708 2 4988615 0 10 11 0 0 0 1 98 0 1 0 28472 28975

[15:43:47]	[Recv]	ct 3 5021707 2 4988614 -1 -1 0

[15:43:47]	[Recv]	su 3 5021707 2 4988614 0 10 11 0 0 0 1 97 251 0 0 38057 38913

[15:43:47]	[Recv]	st 2 5020850 94 0 98 100 90954 184124 92062 184124 0

[15:43:47]	[Recv]	dm 2 4988603 594 1

[15:43:47]	[Recv]	cond 1 2073308 0 0 18

[15:43:47]	[Recv]	cond 1 2073308 0 0 18

[15:43:47]	[Send]	ptctl 5443 1 4988592 42 46 4988592 15
[15:43:47]	[Send]	u_s 8 3 5021706
[15:43:47]	[Send]	ptctl 5443 1 4988603 43 52 4988603 15
[15:43:48]	[Recv]	st 2 5020851 94 0 100 100 92062 184124 92062 184124 0

[15:43:48]	[Recv]	cond 2 4988592 0 0 15

[15:43:48]	[Send]	ncif 3 5021706
[15:43:48]	[Recv]	ms_c 0

[15:43:48]	[Recv]	qslot 0 1.1.1 1.1.2 1.1.3 1.1.4 1.1.5 1.1.6 1.1.7 1.1.9 1.1.8 1.1.10 0.1.45 0.2.21 0.1.76 1.1.38 1.3.12 0.1.34 0.1.87 0.-1.-1 0.1.84 0.1.43 1.3.11 1.1.42 1.1.41 1.3.976 0.-1.-1 0.1.70 0.2.143 0.2.25 0.2.27 0.2.26

[15:43:48]	[Recv]	qslot 1 0.-1.-1 0.-1.-1 0.-1.-1 0.-1.-1 0.-1.-1 0.-1.-1 0.-1.-1 0.-1.-1 0.-1.-1 0.-1.-1 0.1.-1 0.1.-1 1.1.41 1.1.42 0.-1.-1 7.7.-1 7.7.-1 7.7.-1 7.7.-1 0.-1.-1 0.-1.-1 0.-1.-1 0.-1.-1 0.-1.-1 0.-1.-1 0.-1.-1 0.-1.-1 0.-1.-1 0.-1.-1 0.-1.-1

[15:43:48]	[Recv]	ct 2 4988615 3 5021708 -1 -1 0

[15:43:48]	[Recv]	su 2 4988615 3 5021708 0 12 11 7548 0 0 1 83 4884 0 0 100646 120121

[15:43:48]	[Recv]	dm 2 4988592 594 1

[15:43:48]	[Recv]	st 2 5020852 94 0 100 100 92062 184124 92062 184124 0

[15:43:48]	[Recv]	ct 1 2073308 3 5021706 -1 -1 1122

[15:43:48]	[Recv]	cond 2 4988603 0 0 15

[15:43:48]	[Send]	suctl 5443 1 4988603 3 5021706
[15:43:48]	[Recv]	eff 1 2073308 15

[15:43:48]	[Recv]	su 1 2073308 3 5021706 1122 150 41 4268 0 0 0 0 270964 3 0 0 266371

[15:43:48]	[Recv]	lev 99 0 99 0 2140719000 5991794 66992052 2 0 90 917705181 0

[15:43:48]	[Recv]	mslot 1125 -1

[15:43:48]	[Recv]	qset 0 8 1.1.11.0

[15:43:48]	[Recv]	eff 2 5020850 7739

[15:43:48]	[Send]	ptctl 5443 1 4988592 43 46 4988592 15
[15:43:48]	[Recv]	sp 414670 1000000 0 10000

[15:43:48]	[Recv]	cond 2 4988592 0 0 15

[15:43:48]	[Send]	ptctl 5443 2 4988603 38 53 4988592 42 51 4988603 15
[15:43:48]	[Recv]	cond 1 2073308 0 0 18

[15:43:48]	[Recv]	cond 1 2073308 0 0 18

[15:43:49]	[Send]	ptctl 5443 2 4988603 38 56 4988592 40 51 4988603 15
[15:43:49]	[Recv]	ct 3 5021696 2 5020850 -1 -1 0

[15:43:49]	[Recv]	su 3 5021696 2 5020850 0 16 11 7640 0 0 1 98 981 0 0 90893 92062

[15:43:49]	[Recv]	eff 2 5020851 7739

[15:43:49]	[Recv]	cond 2 4988603 0 0 15

[15:43:49]	[Recv]	cond 2 4988592 0 0 15

[15:43:49]	[Send]	ptctl 5443 2 4988603 38 57 4988592 40 52 4988603 15
[15:43:49]	[Recv]	cond 1 2073308 0 0 18

[15:43:49]	[Recv]	cond 1 2073308 0 0 18

[15:43:49]	[Recv]	eff 2 5020852 7739

[15:43:49]	[Recv]	cond 2 4988603 0 0 15

[15:43:49]	[Recv]	cond 2 4988592 0 0 15

[15:43:49]	[Recv]	cond 1 2073308 0 0 18

[15:43:49]	[Recv]	cond 1 2073308 0 0 18

[15:43:49]	[Recv]	ct 2 4988614 3 5021707 -1 -1 0

[15:43:49]	[Recv]	su 2 4988614 3 5021707 0 15 11 7538 0 0 1 82 7108 0 0 99268 120121

[15:43:49]	[Recv]	st 2 5020850 94 0 98 100 90893 184124 92062 184124 0

[15:43:49]	[Recv]	cond 2 4988603 0 0 15

[15:43:49]	[Recv]	cond 2 4988592 0 0 15

[15:43:49]	[Send]	ncif 3 5021701
[15:43:49]	[Send]	ptctl 5443 1 4988592 41 49 4988592 15
[15:43:49]	[Recv]	ct 3 5021708 2 4988615 -1 -1 0

[15:43:49]	[Recv]	su 3 5021708 2 4988615 0 10 11 0 0 0 1 98 52 3 0 28420 28975

[15:43:49]	[Recv]	ct 3 5021707 2 4988614 -1 -1 0

[15:43:49]	[Recv]	su 3 5021707 2 4988614 0 10 11 0 0 0 1 97 254 3 0 37803 38913

[15:43:49]	[Recv]	dm 2 4988603 594 1

[15:43:49]	[Recv]	st 3 5021701 99 0 100 100 266371 2828 266371 2828 0

[15:43:49]	[Send]	ptctl 5443 1 4988603 39 56 4988603 15
[15:43:49]	[Send]	suctl 5443 1 4988603 3 5021701
[15:43:49]	[Recv]	cond 2 4988592 0 0 15

[15:43:49]	[Send]	mtlist 0 
[15:43:49]	[Send]	u_s 11 3 5021701
[15:43:49]	[Recv]	ct 2 4988523 3 5021709 -1 -1 0

[15:43:49]	[Recv]	cond 2 4988603 0 0 15

[15:43:49]	[Send]	suctl 5443 1 4988592 3 5021701
[15:43:49]	[Recv]	eff 2 4988603 5005

[15:43:50]	[Recv]	su 2 4988523 3 5021709 0 11 11 4742 0 0 1 100 1 0 0 32370 32371

[15:43:50]	[Recv]	st 2 5020851 94 0 100 100 92062 184124 92062 184124 0

[15:43:50]	[Recv]	cond 1 2073308 0 0 18

[15:43:50]	[Recv]	cond 1 2073308 0 0 18

[15:43:50]	[Recv]	dm 2 4988592 594 1

[15:43:50]	[Recv]	ct 2 4988603 3 5021701 -1 -1 0

[15:43:50]	[Recv]	su 2 4988603 3 5021701 0 12 11 8360 0 0 1 97 6876 0 0 259495 266371

[15:43:50]	[Recv]	st 2 5020852 94 0 100 100 92062 184124 92062 184124 0

[15:43:50]	[Recv]	ms_c 0

[15:43:50]	[Recv]	qslot 0 1.1.1 1.1.2 1.1.3 1.1.4 1.1.5 1.1.6 1.1.7 1.1.9 1.1.8 1.1.10 0.1.45 0.2.21 0.1.76 1.1.38 1.3.12 0.1.34 0.1.87 0.-1.-1 0.1.84 0.1.43 1.3.11 1.1.42 1.1.41 1.3.976 0.-1.-1 0.1.70 0.2.143 0.2.25 0.2.27 0.2.26

[15:43:50]	[Recv]	qslot 1 0.-1.-1 0.-1.-1 0.-1.-1 0.-1.-1 0.-1.-1 0.-1.-1 0.-1.-1 0.-1.-1 0.-1.-1 0.-1.-1 0.1.-1 0.1.-1 1.1.41 1.1.42 0.-1.-1 7.7.-1 7.7.-1 7.7.-1 7.7.-1 0.-1.-1 0.-1.-1 0.-1.-1 0.-1.-1 0.-1.-1 0.-1.-1 0.-1.-1 0.-1.-1 0.-1.-1 0.-1.-1 0.-1.-1

[15:43:50]	[Send]	ptctl 5443 2 4988603 34 58 4988592 40 54 4988603 15
[15:43:50]	[Recv]	ct 1 2073308 3 5021701 -1 -1 1125

[15:43:50]	[Recv]	cond 1 2073308 0 0 21

[15:43:50]	[Recv]	bf 1 2073308 0.576.20 99

[15:43:50]	[Recv]	sayi 1 2073308 20 26 3 576 0 0 0

[15:43:50]	[Recv]	su 1 2073308 3 5021701 1125 3 22 4272 0 0 1 97 0 4 0 259495 266371

[15:43:50]	[Recv]	eff 2 4988592 5005

[15:43:50]	[Recv]	cond 2 4988603 0 0 15

[15:43:50]	[Recv]	cond 2 4988592 0 0 15

[15:43:50]	[Send]	ptctl 5443 2 4988603 33 58 4988592 40 55 4988603 15
[15:43:50]	[Recv]	cond 1 2073308 0 0 21

[15:43:50]	[Recv]	cond 1 2073308 0 0 21

[15:43:50]	[Send]	ncif 3 5021701
[15:43:50]	[Recv]	ct 3 5021693 2 5020850 -1 -1 0

[15:43:50]	[Recv]	su 3 5021693 2 5020850 0 16 11 7640 0 0 1 98 1001 0 0 90812 92062

[15:43:50]	[Recv]	eff 2 4988544 3007

[15:43:50]	[Recv]	ct 2 4988592 3 5021701 -1 -1 0

[15:43:50]	[Recv]	su 2 4988592 3 5021701 0 10 11 0 0 0 1 92 13142 0 0 246353 266371

[15:43:50]	[Recv]	sr 11

[15:43:50]	[Recv]	sr 1

[15:43:50]	[Recv]	cond 2 4988603 0 0 15

[15:43:50]	[Recv]	cond 2 4988592 0 0 15

[15:43:50]	[Send]	ptctl 5443 1 4988592 39 56 4988592 15
[15:43:50]	[Recv]	sayi 1 2073308 11 2065 0 0 0 0 0

[15:43:50]	[Recv]	psd 0

[15:43:50]	[Recv]	sayi 1 2073308 11 2065 0 0 0 0 0

[15:43:50]	[Recv]	psd 0

[15:43:50]	[Recv]	sayi 1 2073308 11 2065 0 0 0 0 0

[15:43:50]	[Recv]	psd 0

[15:43:50]	[Recv]	st 3 5021701 99 0 92 100 246353 2828 266371 2828 0

[15:43:50]	[Recv]	sc_p 8 567 4988523 1 2981 0 1 0 461 468 254 10 150 0 198 31 197 31 193 2 12 12 12 12 4368 4368 4224 4224 0 15 0 Hada^oval 0 7 3 30 1819 1797 0 1080

[15:43:50]	[Recv]	ct 2 4988615 3 5021708 -1 -1 0

[15:43:50]	[Recv]	su 2 4988615 3 5021708 0 12 11 7548 0 0 1 79 4927 0 0 95719 120121

[15:43:50]	[Recv]	cond 1 2073308 0 0 21

[15:43:50]	[Recv]	cond 1 2073308 0 0 21

[15:43:50]	[Send]	ptctl 5443 1 4988603 38 56 4988603 15
[15:43:50]	[Send]	suctl 5443 1 4988603 3 5021701
[15:43:50]	[Recv]	cond 2 4988592 0 0 15

[15:43:51]	[Send]	ptctl 5443 1 4988592 41 52 4988592 15
[15:43:51]	[Send]	u_s 0 3 5021701
[15:43:51]	[Recv]	cond 2 4988603 0 0 15

[15:43:51]	[Send]	ptctl 5443 1 4988592 41 53 4988592 15
[15:43:51]	[Recv]	eff 2 4988603 5005

[15:43:51]	[Recv]	cond 2 4988592 0 0 15

[15:43:51]	[Recv]	cond 1 2073308 0 0 21

[15:43:51]	[Recv]	cond 1 2073308 0 0 21

[15:43:51]	[Send]	ptctl 5443 2 4988603 33 58 4988592 37 54 4988603 15
[15:43:51]	[Recv]	st 2 5020850 94 0 98 100 90812 184124 92062 184124 0

[15:43:51]	[Send]	ptctl 5443 2 4988603 32 57 4988592 38 55 4988603 15
[15:43:51]	[Recv]	ct 1 2073308 3 5021701 -1 -1 1114

[15:43:51]	[Recv]	eff 1 2073308 15

[15:43:51]	[Recv]	su 1 2073308 3 5021701 1114 7 11 4260 0 0 0 0 252187 3 0 0 266371

[15:43:51]	[Recv]	lev 99 0 99 0 2140719000 5991794 66992052 2 0 90 917705181 0

[15:43:51]	[Recv]	bf 1 2073308 0.4254.80 99

[15:43:51]	[Recv]	cond 2 4988592 0 0 15

[15:43:51]	[Recv]	dm 2 4988603 594 1

[15:43:51]	[Recv]	cond 2 4988603 0 0 15

[15:43:51]	[Recv]	cond 2 4988592 0 0 15

[15:43:51]	[Send]	ptctl 5443 2 4988603 32 58 4988592 36 56 4988603 15
[15:43:51]	[Recv]	cond 2 4988603 0 0 15

[15:43:51]	[Recv]	cond 2 4988592 0 0 15

[15:43:51]	[Recv]	ct 3 5021708 2 4988615 -1 -1 0

[15:43:51]	[Recv]	su 3 5021708 2 4988615 0 10 11 0 0 0 1 98 0 1 0 28420 28975

[15:43:51]	[Recv]	ct 3 5021707 2 4988614 -1 -1 0

[15:43:51]	[Recv]	su 3 5021707 2 4988614 0 10 11 0 0 0 1 97 0 1 0 37803 38913

[15:43:51]	[Recv]	cond 1 2073308 0 0 21

[15:43:51]	[Recv]	cond 1 2073308 0 0 21

[15:43:51]	[Recv]	cond 2 4988603 0 0 15

[15:43:51]	[Recv]	cond 2 4988592 0 0 15

[15:43:52]	[Send]	ptctl 5443 2 4988603 30 58 4988592 34 56 4988603 15
[15:43:52]	[Recv]	st 2 5020851 94 0 100 100 92062 184124 92062 184124 0

[15:43:52]	[Recv]	cond 1 2073308 0 0 21

[15:43:52]	[Recv]	cond 1 2073308 0 0 21

[15:43:52]	[Send]	ncif 3 5021696
[15:43:52]	[Recv]	dm 2 4988592 594 1

[15:43:52]	[Recv]	st 2 5020852 94 0 100 100 92062 184124 92062 184124 0

[15:43:52]	[Recv]	sr 0

[15:43:52]	[Recv]	cond 1 2073308 0 0 18

[15:43:52]	[Recv]	sayi 1 2073308 20 22 3 576 0 0 0

[15:43:52]	[Recv]	bf 1 2073308 0.576.0 99

[15:43:52]	[Recv]	cond 2 4988603 0 0 15

[15:43:52]	[Recv]	cond 2 4988592 0 0 15

[15:43:52]	[Send]	u_s 1 3 5021696
[15:43:52]	[Recv]	st 3 5021696 99 0 100 100 266371 2828 266371 2828 0

[15:43:52]	[Send]	ptctl 5443 1 4988592 31 55 4988592 15
[15:43:52]	[Recv]	ct 3 5021696 2 5020850 -1 -1 0

[15:43:52]	[Recv]	su 3 5021696 2 5020850 0 16 11 7640 0 0 1 98 987 0 0 90745 92062

[15:43:52]	[Recv]	cond 1 2073308 0 0 18

[15:43:52]	[Recv]	cond 1 2073308 0 0 18

[15:43:52]	[Recv]	ms_c 0

[15:43:52]	[Recv]	qslot 0 1.1.1 1.1.2 1.1.3 1.1.4 1.1.5 1.1.6 1.1.7 1.1.9 1.1.8 1.1.10 0.1.45 0.2.21 0.1.76 1.1.38 1.3.12 0.1.34 0.1.87 0.-1.-1 0.1.84 0.1.43 1.3.11 1.1.42 1.1.41 1.3.976 0.-1.-1 0.1.70 0.2.143 0.2.25 0.2.27 0.2.26

[15:43:52]	[Recv]	qslot 1 0.-1.-1 0.-1.-1 0.-1.-1 0.-1.-1 0.-1.-1 0.-1.-1 0.-1.-1 0.-1.-1 0.-1.-1 0.-1.-1 0.1.-1 0.1.-1 1.1.41 1.1.42 0.-1.-1 7.7.-1 7.7.-1 7.7.-1 7.7.-1 0.-1.-1 0.-1.-1 0.-1.-1 0.-1.-1 0.-1.-1 0.-1.-1 0.-1.-1 0.-1.-1 0.-1.-1 0.-1.-1 0.-1.-1

[15:43:52]	[Recv]	ct 2 4988614 3 5021707 -1 -1 0

[15:43:52]	[Recv]	su 2 4988614 3 5021707 0 15 11 7538 0 0 1 76 6978 0 0 92290 120121

[15:43:52]	[Recv]	ct 1 2073308 3 5021696 14 4263 1115

[15:43:52]	[Recv]	cond 2 4988592 0 0 15

[15:43:52]	[Recv]	ct 2 4988523 3 5021709 -1 -1 0

[15:43:52]	[Send]	ptctl 5443 1 4988603 29 59 4988603 15
[15:43:52]	[Send]	suctl 5443 1 4988603 3 5021696
[15:43:52]	[Recv]	sayi 1 2073308 10 639 0 0 0 0 0

[15:43:52]	[Recv]	ivn 2 117.2083.316.0

[15:43:52]	[Recv]	su 1 2073308 3 5021696 1115 70 12 4264 0 0 1 63 97886 3 0 168485 266371

[15:43:52]	[Recv]	eff 1 2073308 15

[15:43:52]	[Recv]	su 1 2073308 3 5021697 1115 70 12 4264 0 0 1 7 110833 5 0 9288 120121

[15:43:52]	[Recv]	su 1 2073308 3 5021693 1115 70 12 4264 0 0 1 88 29746 5 0 236625 266371

[15:43:52]	[Recv]	su 1 2073308 3 5021693 -1 0 -1 7922 -1 -1 1 81 20822 0 1

[15:43:52]	[Recv]	bf 1 2073308 0.948.80 99

[15:43:52]	[Recv]	sayi 1 2073308 20 26 3 948 0 0 0

[15:43:52]	[Recv]	mslot 1127 -1

[15:43:52]	[Recv]	qset 0 0 1.1.13.0

[15:43:52]	[Recv]	bf 1 2073308 0.4254.80 99

[15:43:52]	[Recv]	sr 1

[15:43:52]	[Recv]	eff 1 2073308 4013

[15:43:53]	[Recv]	su 2 4988523 3 5021709 0 11 11 4742 0 0 1 100 0 4 0 32370 32371

[15:43:53]	[Recv]	cond 2 4988603 0 0 15

[15:43:53]	[Recv]	eff 2 4988603 5005

[15:43:53]	[Send]	ncif 3 5021696
[15:43:53]	[Recv]	st 3 5021696 99 0 63 100 168485 2828 266371 2828 0

[15:43:53]	[Recv]	ct 2 4988615 3 5021708 -1 -1 0

[15:43:53]	[Recv]	su 2 4988615 3 5021708 0 12 11 7548 0 0 1 64 17769 3 0 77950 120121

[15:43:53]	[Recv]	ct 2 4988603 3 5021696 -1 -1 0

[15:43:53]	[Recv]	su 2 4988603 3 5021696 0 12 11 8360 0 0 1 60 6943 0 0 161542 266371

[15:43:53]	[Recv]	st 2 5020850 94 0 98 100 90745 184124 92062 184124 0

[15:43:53]	[Recv]	eff 2 5020850 7739

[15:43:53]	[Send]	ptctl 5443 1 4988592 27 59 4988592 15
[15:43:53]	[Send]	ptctl 5443 2 4988603 27 64 4988592 30 61 4988603 15
[15:43:53]	[Recv]	cond 2 4988592 0 0 15

[15:43:53]	[Recv]	sp 414660 1000000 0 10000

[15:43:53]	[Recv]	dm 2 4988603 594 1

[15:43:53]	[Recv]	cond 1 2073308 0 0 18

[15:43:53]	[Recv]	cond 1 2073308 0 0 18

[15:43:53]	[Send]	ptctl 5443 1 4988592 26 60 4988592 15
[15:43:53]	[Recv]	cond 2 4988603 0 0 15

[15:43:53]	[Recv]	cond 2 4988592 0 0 15

[15:43:53]	[Recv]	ct 3 5021697 2 5020850 -1 -1 0

[15:43:53]	[Recv]	su 3 5021697 2 5020850 0 10 11 0 0 0 1 99 503 0 0 91162 92062

[15:43:53]	[Recv]	cond 2 4988592 0 0 15

[15:43:53]	[Send]	u_s 0 3 5021696
[15:43:53]	[Recv]	sr 13

[15:43:54]	[Recv]	ct 3 5021708 2 4988615 -1 -1 0

[15:43:54]	[Recv]	su 3 5021708 2 4988615 0 10 11 0 0 0 1 98 0 1 0 28420 28975

[15:43:54]	[Recv]	ct 3 5021707 2 4988614 -1 -1 0

[15:43:54]	[Recv]	su 3 5021707 2 4988614 0 10 11 0 0 0 1 96 251 0 0 37552 38913

[15:43:54]	[Recv]	ct 3 5021693 2 5020850 -1 -1 0

[15:43:54]	[Recv]	su 3 5021693 2 5020850 0 16 11 7640 0 0 1 98 980 0 0 90182 92062

[15:43:54]	[Recv]	st 2 5020851 94 0 100 100 92062 184124 92062 184124 0

[15:43:54]	[Recv]	eff 2 5020851 7739

[15:43:54]	[Recv]	cond 1 2073308 0 0 18

[15:43:54]	[Recv]	cond 1 2073308 0 0 18

[15:43:54]	[Send]	ptctl 5443 1 4988603 29 60 4988603 15
[15:43:54]	[Send]	suctl 5443 1 4988603 3 5021696
[15:43:54]	[Send]	ncif 3 5021696
[15:43:54]	[Recv]	dm 2 4988592 594 1

[15:43:54]	[Recv]	st 2 5020852 94 0 100 100 92062 184124 92062 184124 0

[15:43:54]	[Recv]	eff 2 5020852 7739

[15:43:54]	[Recv]	ct 1 2073308 3 5021696 -1 -1 1114

[15:43:54]	[Recv]	su 1 2073308 3 5021696 1114 7 11 4260 0 0 1 23 99767 3 0 61775 266371

[15:43:54]	[Recv]	bf 1 2073308 0.4254.80 99

[15:43:54]	[Recv]	sr 0

[15:43:54]	[Recv]	eff 1 2073308 4013

[15:43:54]	[Send]	ptctl 5443 2 4988603 26 63 4988592 28 63 4988603 15
[15:43:54]	[Recv]	cond 2 4988603 0 0 15

[15:43:54]	[Send]	ptctl 5443 2 4988603 28 64 4988592 26 63 4988603 15
[15:43:54]	[Recv]	eff 2 4988603 5005

[15:43:54]	[Send]	ptctl 5443 2 4988603 27 64 4988592 27 62 4988603 15
[15:43:54]	[Recv]	st 3 5021696 99 0 23 100 61775 2828 266371 2828 0

[15:43:54]	[Recv]	eff 3 5021703 5000

[15:43:54]	[Recv]	eff 3 5021698 5000

[15:43:54]	[Recv]	sayi 1 2073308 20 22 3 4126 0 0 0

[15:43:54]	[Recv]	bf 1 2073308 0.4126.0 99

[15:43:54]	[Recv]	cond 2 4988603 0 0 15

[15:43:54]	[Recv]	cond 2 4988592 0 0 15

[15:43:54]	[Send]	ptctl 5443 1 4988592 23 63 4988592 15
[15:43:54]	[Recv]	cond 1 2073308 0 0 18

[15:43:54]	[Recv]	cond 1 2073308 0 0 18

[15:43:54]	[Send]	u_s 0 3 5021696
[15:43:54]	[Recv]	ct 2 4988603 3 5021696 -1 -1 0

[15:43:54]	[Recv]	eff 2 4988603 15

[15:43:54]	[Recv]	su 2 4988603 3 5021696 0 12 11 8360 0 0 1 18 12036 0 0 49739 266371

[15:43:54]	[Recv]	cond 2 4988603 0 0 15

[15:43:54]	[Recv]	cond 2 4988592 0 0 15

[15:43:55]	[Recv]	cond 2 4988603 0 0 15

[15:43:55]	[Recv]	cond 2 4988592 0 0 15

[15:43:55]	[Recv]	cond 2 4988592 0 0 15

[15:43:55]	[Send]	ncif 3 5021696
[15:43:55]	[Recv]	cond 1 2073308 0 0 18

[15:43:55]	[Recv]	cond 1 2073308 0 0 18

[15:43:55]	[Send]	ptctl 5443 1 4988603 28 63 4988603 15
[15:43:55]	[Send]	suctl 5443 1 4988603 3 5021696
[15:43:55]	[Recv]	ct 1 2073308 3 5021696 -1 -1 1114

[15:43:55]	[Recv]	cond 1 2073308 0 0 19

[15:43:55]	[Recv]	bf 1 2073308 0.1925.80 99

[15:43:55]	[Recv]	eff 1 2073308 0

[15:43:55]	[Recv]	sayi 1 2073308 20 26 3 1925 0 0 0

[15:43:55]	[Recv]	eff_s 1 2073308 7688 0

[15:43:55]	[Recv]	eff 1 2073308 15

[15:43:55]	[Recv]	su 1 2073308 3 5021696 1114 7 11 4260 0 0 0 0 254881 3 0 0 266371

[15:43:55]	[Recv]	in 3 2371 5021773 29 56 2 100 100 0 0 0 -1 0 0 -1 - 0 -1 0 0 0 0 0 0 0 0 0 0 0 0

[15:43:55]	[Recv]	guri 31 1 2073308 29 56

[15:43:55]	[Recv]	lev 99 0 99 0 2140719000 5991794 66992052 2 0 90 917705181 0

[15:43:55]	[Recv]	ct 3 5021694 1 2073308 -1 -1 0

[15:43:55]	[Recv]	su 3 5021694 1 2073308 0 12 11 0 0 0 1 99 450 0 0 95047 95497

[15:43:55]	[Recv]	in 3 804 5021774 33 57 2 100 100 0 0 0 -1 0 0 -1 - 0 -1 0 0 0 0 0 0 0 0 0 0 0 0

[15:43:55]	[Recv]	in 3 804 5021775 32 57 2 100 100 0 0 0 -1 0 0 -1 - 0 -1 0 0 0 0 0 0 0 0 0 0 0 0

[15:43:55]	[Recv]	st 2 5020850 94 0 98 100 90182 184124 92062 184124 0

[15:43:55]	[Send]	suctl 5443 1 4988592 3 5021696
[15:43:55]	[Recv]	eff 3 5021775 5000

[15:43:55]	[Recv]	eff 2 4988544 3007

[15:43:55]	[Recv]	sc_p 6 2708 4988614 94 2981 150447 0 1 908 1116 696 14 90 4 460 550 428 550 375 3 65 65 75 55 37552 38913 5790 5790 0 72875950 0 Oso^polar^Grunidos 0 6 3 20 1797 1818 11 500

[15:43:55]	[Recv]	sc_p 0 2709 4988615 94 1792 11595282 1 0 1086 1264 1063 14 240 0 539 627 565 627 516 0 32 32 32 32 28420 28975 12890 12890 0 72875950 0 @ 0 8 4 28 1818 1825 201 930

[15:43:55]	[Recv]	dm 2 4988603 594 1

[15:43:55]	[Recv]	cond 2 4988603 0 0 15

[15:43:55]	[Recv]	die 3 5021773 3 5021773

[15:43:55]	[Recv]	ct 2 4988614 3 5021707 -1 -1 0

[15:43:55]	[Recv]	eff 3 5021707 6007

[15:43:55]	[Recv]	su 2 4988614 3 5021707 0 15 11 7538 0 0 1 71 7014 0 0 85276 120121

[15:43:56]	[Send]	ncif 3 5021693
[15:43:56]	[Recv]	ct 2 4988615 3 5021708 -1 -1 0

[15:43:56]	[Recv]	su 2 4988615 3 5021708 0 12 11 7548 0 0 1 60 4793 0 0 73157 120121

[15:43:56]	[Recv]	st 2 5020851 94 0 100 100 92062 184124 92062 184124 0

[15:43:56]	[Recv]	sr 0

[15:43:56]	[Recv]	st 3 5021693 99 0 81 100 215803 2828 266371 2828 0

[15:43:56]	[Recv]	ct 3 5021708 2 4988615 -1 -1 0

[15:43:56]	[Recv]	cond 2 4988615 0 1 11

[15:43:56]	[Recv]	cond 2 4988615 1 1 11

[15:43:56]	[Recv]	su 3 5021708 2 4988615 0 10 11 0 0 0 1 98 51 0 0 28369 28975

[15:43:56]	[Recv]	ct 3 5021707 2 4988614 -1 -1 0

[15:43:56]	[Recv]	cond 2 4988614 0 1 12

[15:43:56]	[Recv]	cond 2 4988614 1 1 12

[15:43:56]	[Recv]	su 3 5021707 2 4988614 0 10 11 0 0 0 1 96 101 0 0 37451 38913

[15:43:56]	[Recv]	sc_p 170 1548 4988592 96 582 24122488 0 0 1889 2049 1289 19 90 9 975 627 958 627 866 3 90 90 110 80 35867 57771 18100 18100 1 84982200 0 @ 0 0 6 60 1831 1798 0 100

[15:43:56]	[Recv]	dm 2 4988592 594 1

[15:43:56]	[Recv]	st 2 5020852 94 0 100 100 92062 184124 92062 184124 0

[15:43:56]	[Send]	u_s 0 3 5021693
[15:43:56]	[Recv]	ct 1 2073308 3 5021693 -1 -1 1114

[15:43:56]	[Recv]	rc 1 2073308 200 0

[15:43:56]	[Recv]	su 1 2073308 3 5021693 1114 7 11 4260 0 0 1 44 98476 3 0 117327 266371

[15:43:56]	[Recv]	sr 0

[15:43:56]	[Recv]	eff 1 2073308 4013

[15:43:56]	[Send]	ptctl 5443 2 4988603 33 63 4988592 28 63 4988603 15
[15:43:56]	[Recv]	ct 3 5021697 2 4988592 -1 -1 0

[15:43:56]	[Recv]	su 3 5021697 2 4988592 0 10 11 0 0 0 1 61 0 1 0 35273 57771

[15:43:56]	[Recv]	ct 2 4988523 3 5021709 -1 -1 0

[15:43:56]	[Recv]	cond 1 2073308 0 0 19

[15:43:56]	[Recv]	cond 1 2073308 0 0 19

[15:43:57]	[Send]	ncif 3 5021693
[15:43:57]	[Recv]	cond 2 4988603 0 0 15

[15:43:57]	[Recv]	cond 2 4988592 0 0 15

[15:43:57]	[Send]	ptctl 5443 2 4988603 31 63 4988592 22 63 4988603 15
[15:43:57]	[Send]	suctl 5443 1 4988603 3 5021693
[15:43:57]	[Send]	u_s 0 3 5021693
[15:43:57]	[Recv]	ct 3 5021775 1 2073308 -1 -1 779

[15:43:57]	[Recv]	su 2 4988523 3 5021709 0 11 11 4742 0 0 1 100 0 4 0 32370 32371

[15:43:57]	[Recv]	st 3 5021693 99 0 44 100 117327 2828 266371 2828 0

[15:43:57]	[Recv]	cond 2 4988603 0 0 15

[15:43:57]	[Recv]	cond 2 4988592 0 0 15

[15:43:57]	[Recv]	ct 3 5021693 2 5020850 -1 -1 0

[15:43:57]	[Recv]	su 3 5021693 2 5020850 0 16 11 7640 0 0 1 97 975 0 0 90127 92062

[15:43:57]	[Recv]	st 2 5020850 94 0 97 100 90127 184124 92062 184124 0

[15:43:57]	[Recv]	eff 2 4988603 5005

[15:43:57]	[Recv]	cond 1 2073308 0 0 19

[15:43:57]	[Recv]	cond 1 2073308 0 0 19

[15:43:57]	[Recv]	dm 2 4988603 594 1

[15:43:57]	[Recv]	ct 1 2073308 3 5021693 -1 -1 1114

[15:43:57]	[Recv]	su 1 2073308 3 5021693 1114 7 11 4260 0 0 1 44 0 4 0 117327 266371

[15:43:57]	[Recv]	ct 3 5021709 1 2073308 -1 -1 0

[15:43:57]	[Recv]	su 3 5021709 1 2073308 0 12 11 0 0 0 1 99 0 1 0 95247 95497

[15:43:57]	[Recv]	ct 2 4988603 3 5021693 -1 -1 0

[15:43:57]	[Recv]	su 2 4988603 3 5021693 0 12 11 8360 0 0 1 41 6831 0 0 110496 266371

[15:43:57]	[Send]	suctl 5443 1 4988592 3 5021693
[15:43:57]	[Recv]	ms_c 0

[15:43:57]	[Recv]	qslot 0 1.1.1 1.1.2 1.1.3 1.1.4 1.1.5 1.1.6 1.1.7 1.1.9 1.1.8 1.1.10 0.1.45 0.2.21 0.1.76 1.1.38 1.3.12 0.1.34 0.1.87 0.-1.-1 0.1.84 0.1.43 1.3.11 1.1.42 1.1.41 1.3.976 0.-1.-1 0.1.70 0.2.143 0.2.25 0.2.27 0.2.26

[15:43:57]	[Recv]	qslot 1 0.-1.-1 0.-1.-1 0.-1.-1 0.-1.-1 0.-1.-1 0.-1.-1 0.-1.-1 0.-1.-1 0.-1.-1 0.-1.-1 0.1.-1 0.1.-1 1.1.41 1.1.42 0.-1.-1 7.7.-1 7.7.-1 7.7.-1 7.7.-1 0.-1.-1 0.-1.-1 0.-1.-1 0.-1.-1 0.-1.-1 0.-1.-1 0.-1.-1 0.-1.-1 0.-1.-1 0.-1.-1 0.-1.-1

[15:43:58]	[Send]	ncif 3 5021693
[15:43:58]	[Recv]	ct 3 5021694 1 2073308 -1 -1 0

[15:43:58]	[Recv]	su 3 5021694 1 2073308 0 12 11 0 0 0 1 99 0 1 0 95247 95497

[15:43:58]	[Recv]	cond 2 4988614 1 0 12

[15:43:58]	[Recv]	cond 2 4988614 0 0 12

[15:43:58]	[Recv]	cond 2 4988615 1 0 11

[15:43:58]	[Recv]	cond 2 4988615 0 0 11

[15:43:58]	[Recv]	st 2 5020851 94 0 100 100 92062 184124 92062 184124 0

[15:43:58]	[Recv]	eff 2 4988592 5005

[15:43:58]	[Recv]	st 3 5021693 99 0 41 100 110496 2828 266371 2828 0

[15:43:58]	[Recv]	ct 3 5021774 1 2073308 -1 -1 779

[15:43:58]	[Recv]	dm 2 4988592 594 1

[15:43:58]	[Recv]	st 2 5020852 94 0 100 100 92062 184124 92062 184124 0

[15:43:58]	[Recv]	out 2 4988523

[15:43:58]	[Recv]	out 2 4988544

[15:43:58]	[Recv]	out 2 4988614

[15:43:58]	[Recv]	out 2 4988615

[15:43:58]	[Recv]	sayi 1 2073308 20 22 3 1026 0 0 0

[15:43:58]	[Recv]	bf 1 2073308 0.1026.0 99

[15:43:58]	[Send]	u_s 0 3 5021693
[15:43:58]	[Send]	suctl 5443 1 4988603 3 5021693
[15:43:58]	[Recv]	ct 3 5021708 2 4988615 -1 -1 0

[15:43:58]	[Recv]	su 3 5021708 3 5021708 0 10 11 0 0 0 1 60 0 2 0 73157 120121

[15:43:58]	[Recv]	ct 3 5021707 2 4988614 -1 -1 0

[15:43:58]	[Recv]	su 3 5021707 3 5021707 0 10 11 0 0 0 1 71 0 2 0 85276 120121

[15:43:58]	[Recv]	ct 2 4988592 3 5021693 -1 -1 0

[15:43:58]	[Recv]	su 2 4988592 3 5021693 0 10 11 0 0 0 1 36 13165 0 0 97331 266371

[15:43:58]	[Recv]	eff 2 5020850 7739

[15:43:58]	[Recv]	sr 0

[15:43:58]	[Recv]	sp 414650 1000000 0 10000

[15:43:58]	[Recv]	ct 1 2073308 3 5021693 -1 -1 1114

[15:43:58]	[Recv]	rc 1 2073308 200 0

[15:43:58]	[Recv]	su 1 2073308 3 5021693 1114 7 11 4260 0 0 1 24 31148 0 0 66183 266371

[15:43:58]	[Recv]	eff 2 4988603 5005

[15:43:58]	[Recv]	su 3 5021775 1 2073308 779 30 11 3617 0 0 1 99 409 0 0 95038 95497

[15:43:58]	[Recv]	dm 1 2073308 3000 1

[15:43:59]	[Send]	ncif 3 5021693
[15:43:59]	[Recv]	die 3 5021775 3 5021775

[15:43:59]	[Recv]	ct 3 5021697 2 5020850 -1 -1 0

[15:43:59]	[Recv]	su 3 5021697 2 5020850 0 10 11 0 0 0 1 98 503 0 0 90544 92062

[15:43:59]	[Recv]	ct 3 5021695 1 2073308 -1 -1 0

[15:43:59]	[Recv]	su 3 5021695 1 2073308 0 10 11 0 0 0 1 96 0 1 0 92038 95497

[15:43:59]	[Recv]	eff 2 5020851 7739

[15:43:59]	[Send]	suctl 5443 1 4988592 3 5021693
[15:43:59]	[Recv]	st 3 5021693 99 0 24 100 66183 2828 266371 2828 0

[15:43:59]	[Send]	ptctl 5443 2 4988603 26 62 4988592 26 60 4988603 15
[15:43:59]	[Recv]	eff 2 5020852 7739

[15:43:59]	[Recv]	eff 2 4988592 5005

[15:43:59]	[Send]	u_s 0 3 5021693
[15:43:59]	[Recv]	sr 0

[15:43:59]	[Recv]	cond 1 2073308 0 0 19

[15:43:59]	[Recv]	cond 1 2073308 0 0 19

[15:43:59]	[Recv]	eff 3 5021775 3617

[15:43:59]	[Recv]	st 2 5020850 94 0 98 100 90544 184124 92062 184124 0

[15:43:59]	[Recv]	cond 2 4988603 0 0 15

[15:43:59]	[Recv]	cond 2 4988592 0 0 15

[15:43:59]	[Recv]	cond 1 2073308 0 0 19

[15:43:59]	[Recv]	cond 1 2073308 0 0 19

[15:43:59]	[Recv]	ct 2 4988592 3 5021693 -1 -1 0

[15:43:59]	[Recv]	su 2 4988592 3 5021693 0 4 11 0 0 0 1 19 13226 0 0 52957 266371

[15:43:59]	[Recv]	dm 2 4988603 594 1

[15:43:59]	[Recv]	ct 1 2073308 3 5021693 -1 -1 1114

[15:43:59]	[Recv]	eff 1 2073308 15

[15:43:59]	[Recv]	rc 1 2073308 200 0

[15:43:59]	[Recv]	su 1 2073308 3 5021693 1114 7 11 4260 0 0 0 0 260460 3 0 0 266371

[15:43:59]	[Recv]	lev 99 0 99 0 2140719000 5991794 66992052 2 0 90 917705181 0

[15:43:59]	[Send]	ptctl 5443 1 4988603 27 63 4988603 15
[15:43:59]	[Send]	suctl 5443 1 4988603 3 5021693
[15:43:59]	[Recv]	cond 2 4988603 0 0 15

[15:44:00]	[Recv]	su 3 5021774 1 2073308 779 30 11 3617 0 0 1 96 408 0 0 91830 95497

[15:44:00]	[Recv]	dm 1 2073308 3000 1

[15:44:00]	[Recv]	st 2 5020851 94 0 100 100 92062 184124 92062 184124 0

[15:44:00]	[Send]	ptctl 5443 1 4988592 22 61 4988592 15
[15:44:00]	[Recv]	die 3 5021774 3 5021774

[15:44:00]	[Recv]	dm 2 4988592 594 1

[15:44:00]	[Recv]	st 2 5020852 94 0 100 100 92062 184124 92062 184124 0

[15:44:00]	[Recv]	cond 2 4988592 0 0 15

[15:44:00]	[Send]	ncif 3 5021695
[15:44:00]	[Send]	u_ts 777 40 52
[15:44:00]	[Recv]	ct 3 5021709 1 2073308 -1 -1 0

[15:44:00]	[Recv]	su 3 5021709 1 2073308 0 12 11 0 0 0 1 93 0 1 0 88830 95497

[15:44:00]	[Recv]	sr 0

[15:44:00]	[Recv]	st 3 5021695 99 0 100 100 120121 2828 120121 2828 0

[15:44:00]	[Send]	ptctl 5443 2 4988603 32 63 4988592 30 61 4988603 15
[15:44:00]	[Recv]	in 2 2731 4988617 40 53 2 100 100 0 0 3 2073308 0 0 -1 @ 2 -1 0 0 0 0 0 0 0 0 0 0 15 5

[15:44:00]	[Recv]	ctl 2 4988617 0 1

[15:44:00]	[Recv]	in 2 1538 4988590 39 52 2 100 100 0 0 3 2073308 0 0 -1 @ 2 -1 0 0 0 0 0 0 0 0 0 0 16 6

[15:44:00]	[Recv]	ctl 2 4988590 0 1

[15:44:00]	[Recv]	in 2 840 4988573 38 53 2 100 100 0 0 3 2073308 0 0 -1 @ 2 -1 0 0 0 0 0 0 0 0 0 0 14 4

[15:44:00]	[Recv]	ctl 2 4988573 0 1

[15:44:00]	[Recv]	in 2 64 4988460 40 54 2 100 100 0 0 3 2073308 0 0 -1 @ 2 -1 0 0 0 0 0 0 0 0 0 0 13 3

[15:44:00]	[Recv]	ctl 2 4988460 0 1

[15:44:00]	[Recv]	bf 1 2073308 0.1028.200 99

[15:44:00]	[Recv]	sayi 1 2073308 20 26 3 1028 0 0 0

[15:44:00]	[Recv]	team_cool 3 900

[15:44:00]	[Recv]	eff 3 5021774 3617

[15:44:00]	[Recv]	ct 3 5021694 1 2073308 -1 -1 0

[15:44:00]	[Recv]	su 3 5021694 1 2073308 0 12 11 0 0 0 1 93 0 1 0 88830 95497

[15:44:00]	[Recv]	cond 1 2073308 0 0 19

[15:44:00]	[Recv]	cond 1 2073308 0 0 19

[15:44:00]	[Send]	u_s 0 3 5021695
[15:44:00]	[Recv]	cond 2 4988603 0 0 15

[15:44:00]	[Recv]	cond 2 4988592 0 0 15

[15:44:00]	[Recv]	sayi 1 2073308 20 22 3 948 0 0 0

[15:44:00]	[Recv]	bf 1 2073308 0.948.0 99

[15:44:00]	[Recv]	cond 1 2073308 0 0 19

[15:44:00]	[Recv]	cond 1 2073308 0 0 19

[15:44:01]	[Recv]	ct 1 2073308 3 5021695 -1 -1 1114

[15:44:01]	[Recv]	su 1 2073308 3 5021695 1114 7 11 4260 0 0 1 100 0 4 0 120121 120121

[15:44:01]	[Send]	ptctl 5443 1 4988603 31 63 4988603 15
[15:44:01]	[Send]	suctl 5443 1 4988603 3 5021695
[15:44:01]	[Recv]	team_cool 2 0

[15:44:01]	[Recv]	ct 3 5021697 2 5020850 -1 -1 0

[15:44:01]	[Recv]	su 3 5021697 2 5020850 0 10 11 0 0 0 1 98 503 0 0 90961 92062

[15:44:01]	[Recv]	ct 3 5021695 2 4988592 -1 -1 0

[15:44:01]	[Recv]	su 3 5021695 2 4988592 0 10 11 0 0 0 1 59 0 1 0 34085 57771

[15:44:01]	[Recv]	ct 2 4988590 3 5021703 -1 -1 0

[15:44:01]	[Recv]	su 2 4988590 3 5021703 0 5 11 4841 0 0 1 100 0 1 0 90871 90871

[15:44:01]	[Recv]	cond 2 4988603 0 0 15

[15:44:01]	[Send]	ptctl 5443 2 4988603 36 61 4988592 35 61 4988603 15
[15:44:01]	[Send]	ncif 3 5021695
[15:44:01]	[Recv]	eff 2 4988603 5005

[15:44:01]	[Recv]	sc_p 74 1538 4988590 1 2975 0 0 0 1330 1388 730 18 150 0 622 74 624 74 619 2 90 110 100 100 15441 15441 15070 15070 0 15 0 @ 0 16 6 60 1819 1831 0 100

[15:44:01]	[Recv]	sc_p 77 2731 4988617 1 2974 0 0 0 820 850 450 15 80 0 345 38 350 38 360 4 83 93 73 108 7621 7621 7260 7260 0 15 0 @ 0 15 5 40 1805 1820 3 2130

[15:44:01]	[Recv]	st 2 5020850 94 0 98 100 90961 184124 92062 184124 0

[15:44:01]	[Recv]	cond 1 2073308 0 0 19

[15:44:01]	[Recv]	cond 1 2073308 0 0 19

[15:44:01]	[Recv]	cond 2 4988603 0 0 15

[15:44:01]	[Recv]	cond 2 4988592 0 0 15

[15:44:01]	[Send]	ptctl 5443 1 4988592 32 61 4988592 15
[15:44:01]	[Send]	suctl 5443 1 4988592 3 5021695
[15:44:01]	[Recv]	ct 2 4988603 3 5021695 -1 -1 0

[15:44:01]	[Recv]	su 2 4988603 3 5021695 0 12 11 8360 0 0 1 91 9642 0 0 110479 120121

[15:44:01]	[Recv]	dm 2 4988603 594 1

[15:44:01]	[Recv]	st 3 5021695 99 0 91 100 110479 2828 120121 2828 0

[15:44:01]	[Send]	u_s 0 3 5021695
[15:44:01]	[Recv]	sr 0

[15:44:01]	[Recv]	cond 2 4988592 0 0 15

[15:44:01]	[Recv]	dm 3 5021707 188 1

[15:44:01]	[Recv]	ct 2 4988460 3 5021704 -1 -1 0

[15:44:01]	[Recv]	eff 2 4988592 5005

[15:44:01]	[Recv]	cond 1 2073308 0 0 19

[15:44:01]	[Recv]	cond 1 2073308 0 0 19

[15:44:02]	[Recv]	su 2 4988460 3 5021704 0 12 11 1007 0 0 1 100 0 1 0 13203 13203

[15:44:02]	[Recv]	st 2 5020851 94 0 100 100 92062 184124 92062 184124 0

[15:44:02]	[Recv]	ct 1 2073308 3 5021695 -1 -1 1114

[15:44:02]	[Recv]	eff 1 2073308 15

[15:44:02]	[Recv]	rc 1 2073308 200 0

[15:44:02]	[Recv]	su 1 2073308 3 5021695 1114 7 11 4260 0 0 0 0 341701 3 0 0 120121

[15:44:02]	[Recv]	in 3 2371 5021800 37 56 2 100 100 0 0 0 -1 0 0 -1 - 0 -1 0 0 0 0 0 0 0 0 0 0 0 0

[15:44:02]	[Recv]	guri 31 1 2073308 37 56

[15:44:02]	[Recv]	lev 99 0 99 0 2140719000 5991794 66992052 2 0 90 917705181 0

[15:44:02]	[Recv]	cond 1 2073308 0 0 19

[15:44:02]	[Recv]	sayi 1 2073308 20 22 3 4254 0 0 0

[15:44:02]	[Recv]	bf 1 2073308 0.4254.0 99

[15:44:02]	[Send]	ncif 3 5021697
[15:44:02]	[Recv]	ct 3 5021703 2 4988590 -1 -1 0

[15:44:02]	[Recv]	su 3 5021703 2 4988590 0 10 11 4806 0 0 1 100 35 0 0 15406 15441

[15:44:02]	[Recv]	ct 2 4988592 3 5021695 -1 -1 0

[15:44:02]	[Recv]	su 2 4988592 2 4988592 0 10 11 0 0 0 1 59 0 2 0 34085 57771

[15:44:02]	[Recv]	dm 2 4988592 594 1

[15:44:02]	[Recv]	st 2 5020852 94 0 100 100 92062 184124 92062 184124 0

[15:44:02]	[Recv]	st 3 5021697 99 0 7 100 9288 2828 120121 2828 0

[15:44:02]	[Send]	ptctl 5443 2 4988603 31 64 4988592 33 66 4988603 15
[15:44:02]	[Recv]	ct 3 5021704 2 4988460 -1 -1 771

[15:44:02]	[Recv]	su 3 5021704 2 4988460 771 10 11 7722 0 0 1 28 3135 0 0 1221 4356

[15:44:02]	[Recv]	su 3 5021704 2 4988590 771 10 11 7722 0 0 1 95 762 5 0 14644 15441

[15:44:02]	[Recv]	cond 1 2073308 0 0 19

[15:44:02]	[Recv]	cond 1 2073308 0 0 19

[15:44:02]	[Recv]	cond 2 4988603 0 0 15

[15:44:02]	[Recv]	cond 2 4988592 0 0 15

[15:44:02]	[Send]	suctl 5443 1 4988603 3 5021697
[15:44:02]	[Send]	ptctl 5443 1 4988592 27 62 4988592 15
[15:44:02]	[Recv]	eff 2 4988603 5005

[15:44:02]	[Send]	u_s 0 3 5021697
[15:44:02]	[Recv]	die 3 5021800 3 5021800

[15:44:02]	[Recv]	sr 0

[15:44:02]	[Recv]	cond 2 4988592 0 0 15

[15:44:02]	[Recv]	cond 1 2073308 0 0 19

[15:44:02]	[Recv]	cond 1 2073308 0 0 19

[15:44:03]	[Recv]	ct 2 4988590 3 5021703 -1 -1 0

[15:44:03]	[Recv]	su 2 4988590 3 5021703 0 10 11 4841 0 0 1 100 0 1 0 90871 90871

[15:44:03]	[Recv]	ct 2 4988603 3 5021697 -1 -1 0

[15:44:03]	[Recv]	su 2 4988603 3 5021697 0 12 11 8360 0 0 0 0 9672 0 0 0 120121

[15:44:03]	[Recv]	lev 99 0 99 0 2140719000 5991794 66992052 2 0 90 917705181 0

[15:44:03]	[Recv]	cancel 0 0 -1

[15:44:03]	[Recv]	ct 2 4988573 3 5021705 -1 -1 0

[15:44:03]	[Recv]	su 2 4988573 3 5021705 0 10 11 200 0 0 1 100 0 1 0 90871 90871

[15:44:03]	[Recv]	cond 1 2073308 0 0 18

[15:44:03]	[Recv]	sayi 1 2073308 20 22 3 1925 0 0 0

[15:44:03]	[Recv]	bf 1 2073308 0.1925.0 99

[15:44:03]	[Send]	ptctl 5443 2 4988603 36 64 4988592 36 62 4988603 15
[15:44:03]	[Recv]	sr 8

[15:44:03]	[Recv]	dm 2 4988590 594 1

[15:44:03]	[Recv]	st 2 5020850 94 0 99 100 91881 184124 92062 184124 0

[15:44:03]	[Recv]	eff 2 5020850 7739

[15:44:03]	[Recv]	cond 1 2073308 0 0 18

[15:44:03]	[Recv]	cond 1 2073308 0 0 18

[15:44:03]	[Send]	ptctl 5443 2 4988603 37 64 4988592 37 62 4988603 15
[15:44:03]	[Recv]	cond 2 4988603 0 0 15

[15:44:03]	[Recv]	cond 2 4988592 0 0 15

[15:44:03]	[Recv]	sp 414640 1000000 0 10000

[15:44:03]	[Recv]	ct 3 5021709 1 2073308 -1 -1 0

[15:44:03]	[Recv]	su 3 5021709 1 2073308 0 12 11 0 0 0 1 93 0 1 0 89030 95497

[15:44:03]	[Recv]	ct 3 5021694 1 2073308 -1 -1 0

[15:44:03]	[Recv]	su 3 5021694 1 2073308 0 12 11 0 0 0 1 93 0 1 0 89030 95497

[15:44:03]	[Recv]	dm 2 4988460 594 1

[15:44:03]	[Recv]	dm 2 4988603 594 1

[15:44:03]	[Recv]	cond 1 2073308 0 0 18

[15:44:03]	[Recv]	cond 1 2073308 0 0 18

[15:44:03]	[Recv]	cond 2 4988603 0 0 15

[15:44:03]	[Recv]	cond 2 4988592 0 0 15

[15:44:03]	[Recv]	ct 3 5021698 2 4988592 -1 -1 0

[15:44:03]	[Recv]	su 3 5021698 2 4988592 0 10 11 4806 0 0 1 57 113 3 0 33378 57771

[15:44:03]	[Send]	ptctl 5443 1 4988592 40 62 4988592 15
[15:44:03]	[Recv]	cond 1 2073308 0 0 18

[15:44:03]	[Recv]	cond 1 2073308 0 0 18

[15:44:04]	[Recv]	ct 3 5021705 2 4988573 -1 -1 0

[15:44:04]	[Recv]	su 3 5021705 2 4988573 0 10 11 4806 0 0 1 91 347 0 0 3674 4021

[15:44:04]	[Recv]	st 2 5020851 94 0 100 100 92062 184124 92062 184124 0

[15:44:04]	[Recv]	eff 2 5020851 7739

[15:44:04]	[Recv]	cond 2 4988592 0 0 15

[15:44:04]	[Recv]	dm 2 4988592 594 1

[15:44:04]	[Recv]	st 2 5020852 94 0 100 100 92062 184124 92062 184124 0

[15:44:04]	[Recv]	eff 2 5020852 7739

[15:44:04]	[Send]	ncif 3 5021707
[15:44:04]	[Recv]	ct 3 5021703 2 4988590 -1 -1 0

[15:44:04]	[Recv]	su 3 5021703 2 4988590 0 10 11 4806 0 0 1 91 35 0 0 14015 15441

[15:44:04]	[Recv]	st 3 5021707 99 0 70 100 85088 2828 120121 2828 0 190.94

[15:44:04]	[Send]	ptctl 5443 1 4988592 44 62 4988592 15
[15:44:04]	[Send]	ptctl 5443 1 4988603 41 64 4988603 15
[15:44:04]	[Recv]	ct 3 5021704 2 4988460 -1 -1 771

[15:44:04]	[Recv]	su 3 5021704 2 4988460 771 10 11 7722 0 0 0 0 4210 0 0 0 4356

[15:44:04]	[Recv]	su 3 5021704 2 4988590 771 10 11 7722 0 0 1 75 2422 5 0 11593 15441

[15:44:04]	[Recv]	cond 2 4988592 0 0 15

[15:44:04]	[Send]	ptctl 5443 1 4988603 42 64 4988603 15
[15:44:04]	[Recv]	cond 2 4988603 0 0 15

[15:44:04]	[Recv]	cond 2 4988603 0 0 15

[15:44:05]	[Recv]	cond 1 2073308 0 0 18

[15:44:05]	[Recv]	cond 1 2073308 0 0 18

[15:44:05]	[Recv]	sc_p 78 840 4988573 1 2981 0 0 0 423 456 224 5 70 0 203 35 215 35 188 2 6 10 8 7 3674 4021 3740 3740 0 15 0 @ 0 14 4 23 1811 1797 629 630

[15:44:05]	[Recv]	ct 2 4988590 3 5021703 -1 -1 0

[15:44:05]	[Recv]	su 2 4988590 3 5021703 0 10 11 4841 0 0 1 100 1 0 0 90870 90871

[15:44:05]	[Send]	u_s 1 3 5021707
[15:44:05]	[Send]	ncif 3 5021707
[15:44:05]	[Recv]	ct 2 4988573 3 5021705 -1 -1 0

[15:44:05]	[Recv]	su 2 4988573 3 5021705 0 10 11 200 0 0 1 100 1 0 0 90870 90871

[15:44:05]	[Recv]	dm 2 4988590 594 1

[15:44:05]	[Recv]	st 2 5020850 94 0 100 100 92062 184124 92062 184124 0

[15:44:05]	[Recv]	ms_c 0

[15:44:05]	[Recv]	qslot 0 1.1.1 1.1.2 1.1.3 1.1.4 1.1.5 1.1.6 1.1.7 1.1.9 1.1.8 1.1.10 0.1.45 0.2.21 0.1.76 1.1.38 1.3.12 0.1.34 0.1.87 0.-1.-1 0.1.84 0.1.43 1.3.11 1.1.42 1.1.41 1.3.976 0.-1.-1 0.1.70 0.2.143 0.2.25 0.2.27 0.2.26

[15:44:05]	[Recv]	qslot 1 0.-1.-1 0.-1.-1 0.-1.-1 0.-1.-1 0.-1.-1 0.-1.-1 0.-1.-1 0.-1.-1 0.-1.-1 0.-1.-1 0.1.-1 0.1.-1 1.1.41 1.1.42 0.-1.-1 7.7.-1 7.7.-1 7.7.-1 7.7.-1 0.-1.-1 0.-1.-1 0.-1.-1 0.-1.-1 0.-1.-1 0.-1.-1 0.-1.-1 0.-1.-1 0.-1.-1 0.-1.-1 0.-1.-1

[15:44:05]	[Send]	ptctl 5443 1 4988592 48 59 4988592 15
[15:44:05]	[Recv]	ct 1 2073308 3 5021707 14 4263 1115

[15:44:05]	[Recv]	st 3 5021707 99 0 70 100 85088 2828 120121 2828 0 190.94

[15:44:05]	[Recv]	cond 2 4988592 0 0 15

[15:44:05]	[Send]	ptctl 5443 1 4988603 46 61 4988603 15
[15:44:05]	[Recv]	eff 1 2073308 15

[15:44:05]	[Recv]	rc 1 2073308 200 0

[15:44:05]	[Recv]	su 1 2073308 3 5021707 1115 70 12 4264 0 0 0 0 116316 0 0 0 120121

[15:44:05]	[Recv]	in 3 2371 5021835 49 60 2 100 100 0 0 0 -1 0 0 -1 - 0 -1 0 0 0 0 0 0 0 0 0 0 0 0

[15:44:05]	[Recv]	guri 31 1 2073308 49 60

[15:44:05]	[Recv]	lev 99 0 99 0 2140719000 5991794 66992052 2 0 90 917705181 0

[15:44:05]	[Recv]	cond 2 4988603 0 0 15

[15:44:06]	[Recv]	st 2 5020851 94 0 100 100 92062 184124 92062 184124 0

[15:44:06]	[Send]	ncif 3 5021708
[15:44:06]	[Recv]	ct 3 5021705 2 4988573 -1 -1 0

[15:44:06]	[Recv]	su 3 5021705 2 4988573 0 10 11 4806 0 0 1 82 355 3 0 3319 4021

[15:44:06]	[Recv]	out 2 4988460

[15:44:06]	[Recv]	sc_p 170 1548 4988592 96 581 24123048 0 0 1889 2049 1289 19 90 9 975 627 958 627 866 3 90 90 110 80 32784 57771 18100 18100 1 84982200 0 @ 0 0 6 60 1831 1798 0 100

[15:44:06]	[Recv]	st 2 5020852 94 0 100 100 92062 184124 92062 184124 0

[15:44:06]	[Recv]	st 3 5021708 99 0 60 100 73157 2828 120121 2828 0

[15:44:06]	[Send]	ptctl 5443 1 4988603 45 62 4988603 15
[15:44:06]	[Send]	ptctl 5443 2 4988603 42 66 4988592 46 64 4988603 15
[15:44:06]	[Recv]	cond 2 4988603 0 0 15

[15:44:06]	[Send]	ptctl 5443 1 4988603 44 59 4988603 15
[15:44:06]	[Recv]	cond 1 2073308 0 0 18

[15:44:06]	[Recv]	cond 1 2073308 0 0 18

[15:44:06]	[Send]	ptctl 5443 1 4988592 48 56 4988592 15
[15:44:06]	[Recv]	ct 3 5021703 2 4988590 -1 -1 0

[15:44:06]	[Recv]	su 3 5021703 2 4988590 0 10 11 4806 0 0 1 71 35 3 0 10964 15441

[15:44:06]	[Recv]	ct 2 4988617 3 5021702 -1 -1 0

[15:44:06]	[Recv]	su 2 4988617 3 5021702 0 7 11 8146 0 0 1 100 0 1 0 120121 120121

[15:44:06]	[Recv]	cond 2 4988603 0 0 15

[15:44:06]	[Recv]	cond 2 4988592 0 0 15

[15:44:06]	[Send]	u_s 0 3 5021708
[15:44:06]	[Recv]	cond 2 4988603 0 0 15

[15:44:06]	[Recv]	die 3 5021835 3 5021835

[15:44:06]	[Recv]	cond 2 4988592 0 0 15

[15:44:06]	[Recv]	cond 1 2073308 0 0 18

[15:44:06]	[Recv]	cond 1 2073308 0 0 18

[15:44:07]	[Send]	ptctl 5443 2 4988603 44 66 4988592 48 63 4988603 15
[15:44:07]	[Send]	ncif 3 5021708
[15:44:07]	[Recv]	ct 1 2073308 3 5021708 -1 -1 1114

[15:44:07]	[Recv]	rc 1 2073308 200 0

[15:44:07]	[Recv]	su 1 2073308 3 5021708 1114 7 11 4260 0 0 0 0 136189 3 0 0 120121

[15:44:07]	[Recv]	lev 99 0 99 0 2140719000 5991794 66992052 2 0 90 917705181 0

[15:44:07]	[Recv]	bf 1 2073308 0.4126.100 99

[15:44:07]	[Recv]	sayi 1 2073308 20 26 3 4126 0 0 0

[15:44:07]	[Send]	ptctl 5443 2 4988603 46 66 4988592 48 64 4988603 15
[15:44:07]	[Recv]	cond 2 4988603 0 0 15

[15:44:07]	[Recv]	cond 2 4988592 0 0 15

[15:44:07]	[Recv]	ct 3 5021704 2 4988603 -1 -1 771

[15:44:07]	[Recv]	su 3 5021704 2 4988603 771 10 11 7722 0 0 1 50 142 0 0 9804 19451

[15:44:07]	[Recv]	su 3 5021704 2 4988592 771 10 11 7722 0 0 1 56 0 4 0 32784 57771

[15:44:07]	[Recv]	ct 3 5021702 2 4988617 -1 -1 0

[15:44:07]	[Recv]	su 3 5021702 2 4988617 0 10 11 0 0 0 1 95 349 0 0 7272 7621

[15:44:07]	[Recv]	ct 2 4988590 3 5021703 -1 -1 0

[15:44:07]	[Recv]	su 2 4988590 3 5021703 0 10 11 4841 0 0 1 100 0 1 0 90870 90871

[15:44:07]	[Recv]	dm 2 4988590 594 1

[15:44:07]	[Recv]	st 2 5020850 94 0 100 100 92062 184124 92062 184124 0

[15:44:07]	[Recv]	cond 1 2073308 0 0 18

[15:44:07]	[Recv]	cond 1 2073308 0 0 18

[15:44:07]	[Recv]	cond 2 4988603 0 0 15

[15:44:07]	[Recv]	cond 2 4988592 0 0 15

[15:44:07]	[Recv]	ct 2 4988573 3 5021705 -1 -1 0

[15:44:07]	[Recv]	su 2 4988573 3 5021705 0 10 11 200 0 0 1 100 1 0 0 90869 90871

[15:44:07]	[Recv]	dm 2 4988603 594 1

[15:44:07]	[Recv]	ct 3 5021699 2 5020851 -1 -1 771

[15:44:07]	[Recv]	su 3 5021699 2 5020851 771 10 11 7722 0 0 1 99 505 0 0 91557 92062

[15:44:07]	[Recv]	sr 0

[15:44:08]	[Recv]	st 2 5020851 94 0 99 100 91557 184124 92062 184124 0

[15:44:08]	[Send]	ptctl 5443 2 4988603 47 67 4988592 47 67 4988603 15
[15:44:08]	[Recv]	ct 2 4988617 3 5021702 -1 -1 0

[15:44:08]	[Recv]	su 2 4988617 3 5021702 0 10 11 8146 0 0 1 100 0 1 0 120121 120121

[15:44:08]	[Recv]	st 2 5020852 94 0 100 100 92062 184124 92062 184124 0

[15:44:08]	[Recv]	sr 5

[15:44:08]	[Recv]	cond 2 4988603 0 0 15

[15:44:08]	[Recv]	cond 2 4988592 0 0 15

[15:44:08]	[Send]	ptctl 5443 1 4988603 48 66 4988603 15
[15:44:08]	[Recv]	ct 3 5021705 2 4988573 -1 -1 0

[15:44:08]	[Recv]	su 3 5021705 2 4988573 0 10 11 4806 0 0 1 74 346 0 0 2973 4021

[15:44:08]	[Recv]	eff 2 5020850 7739

[15:44:08]	[Send]	ptctl 5443 2 4988603 43 64 4988592 43 64 4988603 15
[15:44:08]	[Recv]	cond 2 4988603 0 0 15

[15:44:08]	[Recv]	in 3 776 5021843 6 38 5 100 100 0 0 0 -1 0 0 -1 - 0 -1 0 0 0 0 0 0 0 0 0 0 0 0

[15:44:08]	[Recv]	msgi 0 679 0 0 0 0 0

[15:44:08]	[Recv]	in 3 718 5021844 6 40 2 100 100 0 0 0 -1 0 0 -1 - 0 -1 0 0 0 0 0 0 0 0 0 0 0 0

[15:44:08]	[Recv]	msgi 0 679 0 0 0 0 0

[15:44:08]	[Recv]	in 3 702 5021845 6 42 2 100 100 0 0 0 -1 0 0 -1 - 0 -1 0 0 0 0 0 0 0 0 0 0 0 0

[15:44:08]	[Recv]	msgi 0 679 0 0 0 0 0

[15:44:08]	[Recv]	in 3 776 5021846 7 34 5 100 100 0 0 0 -1 0 0 -1 - 0 -1 0 0 0 0 0 0 0 0 0 0 0 0

[15:44:08]	[Recv]	msgi 0 679 0 0 0 0 0

[15:44:08]	[Recv]	in 3 702 5021847 7 40 4 100 100 0 0 0 -1 0 0 -1 - 0 -1 0 0 0 0 0 0 0 0 0 0 0 0

[15:44:08]	[Recv]	msgi 0 679 0 0 0 0 0

[15:44:08]	[Recv]	in 3 701 5021848 37 8 2 100 100 0 0 0 -1 0 0 -1 - 0 -1 0 0 0 0 0 0 0 0 0 0 0 0

[15:44:08]	[Recv]	msgi 0 679 0 0 0 0 0

[15:44:08]	[Recv]	in 3 713 5021849 38 6 5 100 100 0 0 0 -1 0 0 -1 - 0 -1 0 0 0 0 0 0 0 0 0 0 0 0

[15:44:08]	[Recv]	msgi 0 679 0 0 0 0 0

[15:44:08]	[Recv]	in 3 702 5021850 38 7 5 100 100 0 0 0 -1 0 0 -1 - 0 -1 0 0 0 0 0 0 0 0 0 0 0 0

[15:44:08]	[Recv]	msgi 0 679 0 0 0 0 0

[15:44:08]	[Recv]	in 3 776 5021851 40 6 4 100 100 0 0 0 -1 0 0 -1 - 0 -1 0 0 0 0 0 0 0 0 0 0 0 0

[15:44:08]	[Recv]	msgi 0 679 0 0 0 0 0

[15:44:08]	[Recv]	in 3 702 5021852 40 7 0 100 100 0 0 0 -1 0 0 -1 - 0 -1 0 0 0 0 0 0 0 0 0 0 0 0

[15:44:08]	[Recv]	msgi 0 679 0 0 0 0 0

[15:44:08]	[Recv]	in 3 701 5021853 40 9 6 100 100 0 0 0 -1 0 0 -1 - 0 -1 0 0 0 0 0 0 0 0 0 0 0 0

[15:44:08]	[Recv]	msgi 0 679 0 0 0 0 0

[15:44:08]	[Recv]	in 3 713 5021854 42 6 6 100 100 0 0 0 -1 0 0 -1 - 0 -1 0 0 0 0 0 0 0 0 0 0 0 0

[15:44:08]	[Recv]	msgi 0 679 0 0 0 0 0

[15:44:08]	[Recv]	in 3 701 5021855 42 8 5 100 100 0 0 0 -1 0 0 -1 - 0 -1 0 0 0 0 0 0 0 0 0 0 0 0

[15:44:08]	[Recv]	msgi 0 679 0 0 0 0 0

[15:44:08]	[Recv]	in 3 776 5021856 44 6 2 100 100 0 0 0 -1 0 0 -1 - 0 -1 0 0 0 0 0 0 0 0 0 0 0 0

[15:44:08]	[Recv]	msgi 0 679 0 0 0 0 0

[15:44:08]	[Recv]	in 3 702 5021857 70 40 1 100 100 0 0 0 -1 0 0 -1 - 0 -1 0 0 0 0 0 0 0 0 0 0 0 0

[15:44:08]	[Recv]	msgi 0 679 0 0 0 0 0

[15:44:08]	[Recv]	in 3 702 5021858 71 40 0 100 100 0 0 0 -1 0 0 -1 - 0 -1 0 0 0 0 0 0 0 0 0 0 0 0

[15:44:08]	[Recv]	msgi 0 679 0 0 0 0 0

[15:44:08]	[Recv]	in 3 718 5021859 72 40 6 100 100 0 0 0 -1 0 0 -1 - 0 -1 0 0 0 0 0 0 0 0 0 0 0 0

[15:44:08]	[Recv]	msgi 0 679 0 0 0 0 0

[15:44:08]	[Recv]	in 3 776 5021860 72 42 3 100 100 0 0 0 -1 0 0 -1 - 0 -1 0 0 0 0 0 0 0 0 0 0 0 0

[15:44:08]	[Recv]	msgi 0 679 0 0 0 0 0

[15:44:08]	[Recv]	sp 414630 1000000 0 10000

[15:44:08]	[Recv]	eff 3 5021860 5000

[15:44:08]	[Recv]	eff 3 5021859 5000

[15:44:08]	[Recv]	eff 3 5021857 5000

[15:44:08]	[Recv]	eff 3 5021855 5000

[15:44:08]	[Recv]	eff 3 5021852 5000

[15:44:08]	[Recv]	eff 3 5021849 5000

[15:44:08]	[Recv]	eff 3 5021846 5000

[15:44:08]	[Recv]	eff 3 5021844 5000

[15:44:08]	[Recv]	cond 1 2073308 0 0 18

[15:44:08]	[Recv]	cond 1 2073308 0 0 18

[15:44:08]	[Send]	ncif 3 5021709
[15:44:08]	[Recv]	cond 2 4988603 0 0 15

[15:44:08]	[Recv]	cond 2 4988592 0 0 15

[15:44:08]	[Recv]	ct 3 5021703 2 4988590 -1 -1 0

[15:44:08]	[Recv]	su 3 5021703 2 4988590 0 10 11 4806 0 0 1 65 355 3 0 10015 15441

[15:44:08]	[Recv]	ct 3 5021700 2 5020852 -1 -1 0

[15:44:08]	[Recv]	su 3 5021700 2 5020852 0 10 11 0 0 0 1 99 501 0 0 91561 92062

[15:44:08]	[Recv]	st 3 5021709 99 0 100 100 32370 2828 32371 2828 0

[15:44:08]	[Send]	u_ts 776 40 62
[15:44:08]	[Send]	ptctl 5443 2 4988603 44 65 4988592 46 65 4988603 15
[15:44:09]	[Recv]	eff 2 5020851 7739

[15:44:09]	[Recv]	cond 1 2073308 0 0 18

[15:44:09]	[Recv]	cond 1 2073308 0 0 18

[15:44:09]	[Send]	u_s 0 3 5021709
[15:44:09]	[Send]	ptctl 5443 1 4988603 45 66 4988603 15
[15:44:09]	[Send]	suctl 5443 1 4988603 3 5021709
[15:44:09]	[Send]	ptctl 5443 1 4988592 45 64 4988592 15
[15:44:09]	[Recv]	in 2 754 4988552 42 61 2 100 100 0 0 3 2073308 0 0 -1 @ 2 -1 0 0 0 0 0 0 0 0 0 0 10 2

[15:44:09]	[Recv]	ctl 2 4988552 0 1

[15:44:09]	[Recv]	in 2 668 4988542 40 63 2 100 100 0 0 3 2073308 0 0 -1 @ 2 -1 0 0 0 0 0 0 0 0 0 0 9 3

[15:44:09]	[Recv]	ctl 2 4988542 0 1

[15:44:09]	[Recv]	in 2 478 4988518 40 64 2 100 100 0 0 3 2073308 0 0 -1 @ 2 -1 0 0 0 0 0 0 0 0 0 0 11 2

[15:44:09]	[Recv]	ctl 2 4988518 0 1

[15:44:09]	[Recv]	in 2 181 4988472 38 61 2 100 100 0 0 3 2073308 0 0 -1 @ 2 -1 0 0 0 0 0 0 0 0 0 0 12 2

[15:44:09]	[Recv]	ctl 2 4988472 0 1

[15:44:09]	[Recv]	bf 1 2073308 0.1027.200 99

[15:44:09]	[Recv]	sayi 1 2073308 20 26 3 1027 0 0 0

[15:44:09]	[Recv]	team_cool 2 900

[15:44:09]	[Recv]	ct 2 4988518 3 5021494 -1 -1 0

[15:44:09]	[Recv]	su 2 4988518 2 4988518 0 9 11 4720 0 0 1 100 0 2 0 21388 21388

[15:44:09]	[Recv]	eff 2 5020852 7739

[15:44:09]	[Recv]	cond 2 4988603 0 0 15

[15:44:09]	[Recv]	cond 2 4988592 0 0 15

[15:44:09]	[Recv]	ct 3 5021709 1 2073308 -1 -1 0

[15:44:09]	[Recv]	su 3 5021709 1 2073308 0 12 11 0 0 0 1 93 0 1 0 89430 95497

[15:44:09]	[Recv]	ct 3 5021694 1 2073308 -1 -1 0

[15:44:09]	[Recv]	su 3 5021694 1 2073308 0 12 11 0 0 0 1 93 0 1 0 89430 95497

[15:44:09]	[Recv]	dm 2 4988590 594 1

[15:44:09]	[Recv]	st 2 5020850 94 0 100 100 92062 184124 92062 184124 0

[15:44:09]	[Recv]	ct 1 2073308 3 5021709 -1 -1 1114

[15:44:09]	[Recv]	rc 1 2073308 200 0

[15:44:09]	[Recv]	su 1 2073308 3 5021709 1114 7 11 4260 0 0 1 13 27995 0 0 4375 32371

[15:44:09]	[Recv]	su 1 2073308 3 5021709 -1 0 -1 7922 -1 -1 1 1 19596 0 1

[15:44:09]	[Recv]	bf 1 2073308 0.948.80 99

[15:44:09]	[Recv]	sayi 1 2073308 20 26 3 948 0 0 0

[15:44:09]	[Recv]	in 3 2371 5021862 46 69 2 100 100 0 0 0 -1 0 0 -1 - 0 -1 0 0 0 0 0 0 0 0 0 0 0 0

[15:44:09]	[Recv]	guri 31 1 2073308 46 69

[15:44:09]	[Recv]	cond 2 4988603 0 0 15

[15:44:09]	[Send]	suctl 5443 1 4988592 3 5021709
[15:44:09]	[Recv]	eff 2 4988603 5005

[15:44:09]	[Recv]	ct 3 5021702 2 4988617 -1 -1 0

[15:44:09]	[Recv]	su 3 5021702 2 4988617 0 10 11 0 0 0 1 91 348 0 0 6924 7621

[15:44:09]	[Recv]	ct 3 5021698 1 2073308 -1 -1 0

[15:44:09]	[Recv]	su 3 5021698 1 2073308 0 10 11 4806 0 0 1 93 449 3 0 89181 95497

[15:44:09]	[Recv]	su 3 5021698 2 4988552 0 10 11 4806 0 0 1 99 289 6 0 41599 41888

[15:44:09]	[Recv]	su 3 5021698 2 4988603 0 10 11 4806 0 0 1 46 113 5 0 9097 19451

[15:44:09]	[Recv]	ct 2 4988590 3 5021703 -1 -1 0

[15:44:09]	[Recv]	su 2 4988590 3 5021703 0 10 11 4841 0 0 1 100 0 1 0 90870 90871

[15:44:09]	[Recv]	dm 2 4988603 594 1

[15:44:09]	[Recv]	cond 2 4988592 0 0 15

[15:44:09]	[Send]	ncif 3 5021709
[15:44:09]	[Recv]	guri 31 1 2073308 46 69

[15:44:09]	[Recv]	su 3 5021862 3 5021709 -1 0 -1 4260 -1 -1 1 1 13997 0 0

[15:44:09]	[Recv]	eff 2 4988592 5005

[15:44:09]	[Recv]	die 3 5021862 3 5021862

[15:44:09]	[Recv]	ct 2 4988573 3 5021705 -1 -1 0

[15:44:09]	[Recv]	su 2 4988573 3 5021705 0 10 11 200 0 0 1 100 0 1 0 90869 90871

[15:44:09]	[Recv]	ct 2 4988603 3 5021709 -1 -1 0

[15:44:09]	[Recv]	su 2 4988603 3 5021709 0 12 11 8360 0 0 0 0 10957 0 0 0 32371

[15:44:09]	[Recv]	lev 99 0 99 0 2140719000 5991794 66992052 2 0 90 917705181 0

[15:44:09]	[Send]	ptctl 5443 2 4988603 40 66 4988592 40 64 4988603 15
[15:44:09]	[Recv]	team_cool 4 0

[15:44:10]	[Recv]	ct 3 5021699 2 5020851 -1 -1 771

[15:44:10]	[Recv]	su 3 5021699 2 5020851 771 10 11 7722 0 0 1 99 501 0 0 91561 92062

[15:44:10]	[Recv]	ct 2 4988592 3 5021709 -1 -1 0

[15:44:10]	[Recv]	su 2 4988592 2 4988592 0 10 11 0 0 0 1 56 0 2 0 32784 57771

[15:44:10]	[Recv]	st 2 5020851 94 0 99 100 91561 184124 92062 184124 0

[15:44:10]	[Recv]	cond 1 2073308 0 0 18

[15:44:10]	[Recv]	cond 1 2073308 0 0 18

[15:44:10]	[Send]	ptctl 5443 2 4988603 40 64 4988592 38 64 4988603 15
[15:44:10]	[Recv]	sr 0

[15:44:10]	[Recv]	cond 2 4988603 0 0 15

[15:44:10]	[Recv]	cond 2 4988592 0 0 15

[15:44:10]	[Send]	ncif 3 5021709
[15:44:10]	[Recv]	ct 2 4988552 3 5021698 -1 -1 0

[15:44:10]	[Recv]	su 2 4988552 3 5021698 0 3 11 1047 0 0 1 100 0 1 0 90871 90871

[15:44:10]	[Recv]	st 2 5020852 94 0 99 100 91561 184124 92062 184124 0

[15:44:10]	[Recv]	cond 1 2073308 0 0 18

[15:44:10]	[Recv]	cond 1 2073308 0 0 18

[15:44:10]	[Send]	u_s 0 3 5021709
[15:44:10]	[Recv]	cond 2 4988603 0 0 15

[15:44:10]	[Recv]	cond 2 4988592 0 0 15

[15:44:10]	[Send]	ptctl 5443 1 4988603 44 66 4988603 15
[15:44:10]	[Send]	suctl 5443 1 4988603 3 5021709
[15:44:10]	[Recv]	ct 3 5021704 1 2073308 -1 -1 771

[15:44:10]	[Recv]	bf 1 2073308 0.373.300 99

[15:44:10]	[Recv]	sayi 1 2073308 20 26 3 373 0 0 0

[15:44:10]	[Recv]	su 3 5021704 1 2073308 771 10 11 7722 0 0 1 93 447 0 0 88734 95497

[15:44:10]	[Recv]	su 3 5021704 2 4988472 771 10 11 7722 0 0 1 87 1473 5 0 10540 12013

[15:44:10]	[Recv]	su 3 5021704 2 4988518 771 10 11 7722 0 0 1 88 2439 5 0 18949 21388

[15:44:10]	[Recv]	su 3 5021704 2 4988552 771 10 11 7722 0 0 1 94 2135 5 0 39464 41888

[15:44:10]	[Recv]	su 3 5021704 2 4988592 771 10 11 7722 0 0 1 56 0 4 0 32784 57771

[15:44:10]	[Recv]	su 3 5021704 2 4988603 771 10 11 7722 0 0 1 43 0 4 0 8503 19451

[15:44:10]	[Recv]	ct 2 4988472 3 5021694 -1 -1 0

[15:44:10]	[Recv]	su 2 4988472 3 5021694 0 5 11 1006 0 0 1 100 0 1 0 32371 32371

[15:44:10]	[Recv]	ct 2 4988617 3 5021702 -1 -1 0

[15:44:10]	[Recv]	su 2 4988617 3 5021702 0 10 11 8146 0 0 1 100 1 0 0 120120 120121

[15:44:10]	[Recv]	cond 1 2073308 0 0 18

[15:44:10]	[Recv]	cond 1 2073308 0 0 18

[15:44:10]	[Recv]	ct 3 5021705 2 4988573 -1 -1 0

[15:44:10]	[Recv]	su 3 5021705 2 4988573 0 10 11 4806 0 0 1 65 350 3 0 2623 4021

[15:44:10]	[Recv]	cancel 0 0 -1

[15:44:10]	[Send]	ptctl 5443 1 4988592 43 64 4988592 15
[15:44:10]	[Send]	suctl 5443 1 4988592 3 5021698
[15:44:10]	[Recv]	cond 2 4988603 0 0 15

[15:44:10]	[Send]	ncif 3 5021698
[15:44:10]	[Recv]	sc_p 62 181 4988472 55 2978 0 0 0 578 754 422 6 160 0 257 301 261 301 250 3 19 14 34 -6 10540 12013 3369 3369 0 850664 0 @ 0 12 2 20 1811 1825 0 500

[15:44:10]	[Recv]	dm 2 4988472 594 1

[15:44:10]	[Recv]	sc_p 63 478 4988518 60 2983 0 0 0 639 803 452 17 150 0 295 341 336 341 287 2 24 36 49 27 18949 21388 3531 3531 0 1371320 0 @ 0 11 2 20 1811 1818 0 500

[15:44:10]	[Recv]	dm 2 4988518 594 1

[15:44:10]	[Recv]	sc_p 68 668 4988542 52 2981 0 0 0 952 1077 502 6 120 0 329 286 343 286 322 0 37 37 37 37 16600 16600 5077 5077 0 678201 0 @ 0 9 3 30 1826 1818 0 1080

[15:44:10]	[Recv]	sc_p 69 754 4988552 53 2980 0 0 0 542 634 617 9 165 0 263 301 280 301 250 2 38 38 38 38 39464 41888 3307 3307 0 733605 0 @ 0 10 2 20 1825 1797 0 500

[15:44:10]	[Recv]	dm 2 4988552 594 1

[15:44:10]	[Recv]	cond 2 4988592 0 0 15

[15:44:11]	[Recv]	ct 3 5021703 2 4988590 -1 -1 0

[15:44:11]	[Recv]	su 3 5021703 2 4988590 0 10 11 4806 0 0 1 58 352 3 0 9069 15441

[15:44:11]	[Recv]	ct 3 5021700 2 5020852 -1 -1 0

[15:44:11]	[Recv]	su 3 5021700 2 5020852 0 10 11 0 0 0 1 99 506 3 0 91556 92062

[15:44:11]	[Recv]	eff 2 4988592 5005

[15:44:11]	[Recv]	st 3 5021698 99 0 100 100 90871 2828 90871 2828 0

[15:44:11]	[Send]	u_s 0 3 5021698
[15:44:11]	[Send]	ncif 3 5021699
[15:44:11]	[Send]	ptctl 5443 2 4988603 44 61 4988592 44 59 4988603 15
[15:44:11]	[Recv]	ct 1 2073308 3 5021698 -1 -1 1114

[15:44:11]	[Recv]	rc 1 2073308 200 0

[15:44:11]	[Recv]	su 1 2073308 3 5021698 1114 7 11 4260 0 0 0 0 112544 3 0 0 90871

[15:44:11]	[Recv]	lev 99 0 99 0 2140719000 5991794 66992052 2 0 90 917705181 0

[15:44:11]	[Recv]	sc_p 74 1538 4988590 1 2974 0 0 0 1330 1388 730 18 150 0 622 74 624 74 619 2 90 110 100 100 9069 15441 15070 15070 0 15 0 @ 0 16 6 60 1819 1831 0 100

[15:44:11]	[Recv]	dm 2 4988590 594 1

[15:44:11]	[Recv]	sc_p 77 2731 4988617 1 2973 0 0 0 820 850 450 15 80 0 345 38 350 38 360 4 83 93 73 108 6924 7621 7260 7260 0 15 0 @ 0 15 5 40 1805 1820 3 2130

[15:44:11]	[Recv]	ct 2 4988592 3 5021698 -1 -1 0

[15:44:11]	[Recv]	su 2 4988592 2 4988592 0 3 11 0 0 0 1 56 0 2 0 32784 57771

[15:44:11]	[Recv]	st 2 5020850 94 0 100 100 92062 184124 92062 184124 0

[15:44:11]	[Recv]	st 3 5021699 99 0 100 100 13203 2828 13203 2828 0

[15:44:11]	[Recv]	cond 2 4988603 0 0 15

[15:44:11]	[Recv]	cond 2 4988592 0 0 15

[15:44:11]	[Recv]	ct 2 4988472 3 5021694 -1 -1 0

[15:44:11]	[Recv]	su 2 4988472 3 5021694 0 9 11 1006 0 0 1 100 0 1 0 32371 32371

[15:44:11]	[Recv]	dm 2 4988603 594 1

[15:44:11]	[Send]	ptctl 5443 1 4988603 44 63 4988603 15
[15:44:11]	[Send]	suctl 5443 1 4988603 3 5021699
[15:44:11]	[Send]	ptctl 5443 1 4988592 38 63 4988592 15
[15:44:11]	[Recv]	dm 1 2073308 594 1

[15:44:11]	[Recv]	ct 3 5021702 2 4988617 -1 -1 0

[15:44:11]	[Recv]	cond 2 4988617 0 1 13

[15:44:11]	[Recv]	cond 2 4988617 1 1 13

[15:44:11]	[Recv]	su 3 5021702 2 4988617 0 10 11 0 0 0 1 86 347 0 0 6577 7621

[15:44:11]	[Recv]	ct 2 4988542 3 5021703 -1 -1 0

[15:44:11]	[Recv]	su 2 4988542 3 5021703 0 10 11 4755 0 0 1 100 0 1 0 90870 90871

[15:44:11]	[Recv]	ct 2 4988590 3 5021703 -1 -1 0

[15:44:11]	[Recv]	su 2 4988590 3 5021703 0 10 11 4841 0 0 1 100 1 3 0 90869 90871

[15:44:11]	[Recv]	cond 2 4988603 0 0 15

[15:44:11]	[Recv]	eff 2 4988603 5005

[15:44:11]	[Send]	u_s 0 3 5021699
[15:44:12]	[Send]	ptctl 5443 2 4988603 47 60 4988592 46 59 4988603 15
[15:44:12]	[Recv]	ct 3 5021694 1 2073308 -1 -1 0

[15:44:12]	[Recv]	su 3 5021694 1 2073308 0 12 11 0 0 0 1 92 448 0 0 87892 95497

[15:44:12]	[Recv]	in 3 804 5021898 42 63 2 100 100 0 0 0 -1 0 0 -1 - 0 -1 0 0 0 0 0 0 0 0 0 0 0 0

[15:44:12]	[Recv]	in 3 804 5021899 40 63 2 100 100 0 0 0 -1 0 0 -1 - 0 -1 0 0 0 0 0 0 0 0 0 0 0 0

[15:44:12]	[Recv]	ct 2 4988518 3 5021704 -1 -1 0

[15:44:12]	[Recv]	su 2 4988518 3 5021704 0 9 11 4720 0 0 1 64 4711 0 0 8492 13203

[15:44:12]	[Recv]	ct 2 4988573 3 5021705 -1 -1 0

[15:44:12]	[Recv]	su 2 4988573 3 5021705 0 10 11 200 0 0 1 100 0 1 0 90869 90871

[15:44:12]	[Recv]	st 2 5020851 94 0 100 100 92062 184124 92062 184124 0

[15:44:12]	[Recv]	sr 0

[15:44:12]	[Recv]	cond 2 4988592 0 0 15

[15:44:12]	[Send]	ncif 3 5021699
[15:44:12]	[Send]	ptctl 5443 2 4988603 46 60 4988592 47 59 4988603 15
[15:44:12]	[Recv]	ct 3 5021699 2 5020851 -1 -1 771

[15:44:12]	[Recv]	su 3 5021699 2 5020851 771 10 11 7722 0 0 1 99 503 0 0 91559 92062

[15:44:12]	[Recv]	su 3 5021699 1 2073308 771 10 11 7722 0 0 1 92 0 4 0 87892 95497

[15:44:12]	[Recv]	ct 2 4988603 3 5021699 -1 -1 0

[15:44:12]	[Recv]	su 2 4988603 3 5021699 0 12 11 8360 0 0 1 34 8594 0 0 4609 13203

[15:44:12]	[Recv]	st 2 5020852 94 0 99 100 91556 184124 92062 184124 0

[15:44:12]	[Recv]	ct 1 2073308 3 5021699 -1 -1 1114

[15:44:12]	[Recv]	rc 1 2073308 200 0

[15:44:12]	[Recv]	su 1 2073308 3 5021699 1114 7 11 4260 0 0 0 0 133676 3 0 0 13203

[15:44:12]	[Recv]	lev 99 0 99 0 2140719000 5991794 66992052 2 0 90 917705181 0

[15:44:12]	[Recv]	sr 0

[15:44:12]	[Recv]	eff 1 2073308 4013

[15:44:12]	[Recv]	cond 2 4988603 0 0 15

[15:44:12]	[Recv]	cond 2 4988592 0 0 15

[15:44:12]	[Send]	ptctl 5443 2 4988603 47 60 4988592 47 58 4988603 15
[15:44:12]	[Recv]	cond 2 4988603 0 0 15

[15:44:12]	[Recv]	cond 2 4988592 0 0 15

[15:44:12]	[Send]	ptctl 5443 2 4988603 50 61 4988592 49 61 4988603 15
[15:44:12]	[Recv]	cond 1 2073308 0 0 18

[15:44:12]	[Recv]	cond 1 2073308 0 0 18

[15:44:12]	[Recv]	ct 3 5021704 2 4988518 -1 -1 771

[15:44:12]	[Recv]	su 3 5021704 2 4988518 771 10 11 7722 0 0 1 69 3603 0 0 14752 21388

[15:44:12]	[Recv]	su 3 5021704 1 2073308 771 10 11 7722 0 0 1 92 0 4 0 88092 95497

[15:44:12]	[Recv]	su 3 5021704 2 4988472 771 10 11 7722 0 0 1 65 2118 5 0 7828 12013

[15:44:12]	[Recv]	su 3 5021704 2 4988552 771 10 11 7722 0 0 1 85 3333 5 0 35537 41888

[15:44:12]	[Recv]	su 3 5021704 2 4988603 771 10 11 7722 0 0 1 40 0 4 0 7909 19451

[15:44:12]	[Recv]	cond 2 4988603 0 0 15

[15:44:12]	[Recv]	cond 2 4988592 0 0 15

[15:44:12]	[Send]	ptctl 5443 2 4988603 50 62 4988592 50 61 4988603 15
[15:44:12]	[Recv]	cond 1 2073308 0 0 18

[15:44:12]	[Recv]	cond 1 2073308 0 0 18

[15:44:12]	[Send]	ptctl 5443 1 4988592 51 61 4988592 15
[15:44:12]	[Recv]	ct 3 5021705 2 4988573 -1 -1 0

[15:44:12]	[Recv]	su 3 5021705 2 4988573 0 10 11 4806 0 0 1 56 350 3 0 2273 4021

[15:44:12]	[Recv]	dm 2 4988472 594 1

[15:44:12]	[Recv]	dm 2 4988518 594 1

[15:44:12]	[Recv]	dm 2 4988552 594 1

[15:44:12]	[Recv]	sr 1

[15:44:12]	[Recv]	cond 2 4988603 0 0 15

[15:44:12]	[Recv]	cond 2 4988592 0 0 15

[15:44:12]	[Recv]	cond 1 2073308 0 0 18

[15:44:12]	[Recv]	cond 1 2073308 0 0 18

[15:44:13]	[Recv]	cond 2 4988603 0 0 15

[15:44:13]	[Recv]	cond 2 4988592 0 0 15

[15:44:13]	[Send]	ncif 3 5021860
[15:44:13]	[Recv]	cond 2 4988592 0 0 15

[15:44:13]	[Recv]	ct 3 5021703 2 4988590 -1 -1 0

[15:44:13]	[Recv]	su 3 5021703 2 4988590 0 10 11 4806 0 0 1 52 348 0 0 8127 15441

[15:44:13]	[Recv]	ct 3 5021700 2 5020852 -1 -1 0

[15:44:13]	[Recv]	su 3 5021700 2 5020852 0 10 11 0 0 0 1 99 503 0 0 91559 92062

[15:44:13]	[Recv]	st 3 5021860 99 0 100 100 266371 2828 266371 2828 0

[15:44:13]	[Send]	ptctl 5443 1 4988592 55 61 4988592 15
[15:44:13]	[Recv]	dm 2 4988590 594 1

[15:44:13]	[Recv]	st 2 5020850 94 0 100 100 92062 184124 92062 184124 0

[15:44:13]	[Recv]	eff 2 5020850 7739

[15:44:13]	[Recv]	cond 2 4988592 0 0 15

[15:44:13]	[Recv]	sp 414620 1000000 0 10000

[15:44:13]	[Recv]	cond 2 4988617 1 0 13

[15:44:13]	[Recv]	cond 2 4988617 0 0 13

[15:44:13]	[Recv]	dm 2 4988603 594 1

[15:44:13]	[Recv]	dm 1 2073308 594 1

[15:44:13]	[Recv]	ct 2 4988472 3 5021704 -1 -1 0

[15:44:13]	[Recv]	su 2 4988472 3 5021704 0 9 11 1006 0 0 1 36 3626 0 0 4866 13203

[15:44:13]	[Send]	ptctl 5443 1 4988603 55 62 4988603 15
[15:44:14]	[Recv]	ct 3 5021702 2 4988617 -1 -1 0

[15:44:14]	[Recv]	su 3 5021702 2 4988617 0 10 11 0 0 0 1 85 70 0 0 6507 7621

[15:44:14]	[Recv]	ct 2 4988518 3 5021704 -1 -1 0

[15:44:14]	[Recv]	su 2 4988518 3 5021704 0 9 11 4720 0 0 1 36 0 1 0 4866 13203

[15:44:14]	[Recv]	ct 2 4988542 3 5021703 -1 -1 0

[15:44:14]	[Recv]	su 2 4988542 3 5021703 0 10 11 4755 0 0 1 100 0 1 0 90869 90871

[15:44:14]	[Recv]	ct 2 4988552 3 5021704 -1 -1 0

[15:44:14]	[Recv]	su 2 4988552 3 5021704 0 11 11 1047 0 0 1 36 0 1 0 4866 13203

[15:44:14]	[Recv]	ct 2 4988590 3 5021703 -1 -1 0

[15:44:14]	[Recv]	su 2 4988590 3 5021703 0 10 11 4841 0 0 1 100 1 0 0 90868 90871

[15:44:14]	[Recv]	ct 2 4988617 3 5021702 -1 -1 0

[15:44:14]	[Recv]	su 2 4988617 3 5021702 0 10 11 8146 0 0 1 100 0 1 0 120120 120121

[15:44:14]	[Recv]	st 2 5020851 94 0 99 100 91559 184124 92062 184124 0

[15:44:14]	[Recv]	eff 2 5020851 7739

[15:44:14]	[Recv]	cond 2 4988603 0 0 15

[15:44:14]	[Send]	ncif 3 5021860
[15:44:14]	[Recv]	cond 1 2073308 0 0 18

[15:44:14]	[Recv]	cond 1 2073308 0 0 18

[15:44:14]	[Recv]	ct 2 4988573 3 5021705 -1 -1 0

[15:44:14]	[Recv]	su 2 4988573 3 5021705 0 10 11 200 0 0 1 100 0 1 0 90869 90871

[15:44:14]	[Recv]	st 2 5020852 94 0 99 100 91559 184124 92062 184124 0

[15:44:14]	[Recv]	eff 2 5020852 7739

[15:44:14]	[Recv]	st 3 5021860 99 0 100 100 266371 2828 266371 2828 0

[15:44:14]	[Send]	ptctl 5443 1 4988592 60 59 4988592 15
[15:44:14]	[Send]	ptctl 5443 1 4988603 54 62 4988603 15
[15:44:14]	[Send]	suctl 5443 1 4988603 3 5021860
[15:44:14]	[Recv]	cond 2 4988592 0 0 15

[15:44:14]	[Send]	u_s 8 3 5021860
[15:44:14]	[Recv]	cond 2 4988603 0 0 15

[15:44:14]	[Recv]	eff 2 4988603 5005

[15:44:14]	[Recv]	cond 1 2073308 0 0 18

[15:44:14]	[Recv]	cond 1 2073308 0 0 18

[15:44:14]	[Recv]	ct 3 5021704 2 4988518 -1 -1 771

[15:44:14]	[Recv]	su 3 5021704 2 4988518 771 10 11 7722 0 0 1 49 3670 0 0 10488 21388

[15:44:14]	[Recv]	su 3 5021704 2 4988472 771 10 11 7722 0 0 1 42 2107 5 0 5127 12013

[15:44:14]	[Recv]	su 3 5021704 2 4988552 771 10 11 7722 0 0 1 75 3327 5 0 31616 41888

[15:44:14]	[Recv]	dm 2 4988472 594 1

[15:44:14]	[Recv]	dm 2 4988518 594 1

[15:44:14]	[Recv]	dm 2 4988552 594 1

[15:44:14]	[Recv]	ms_c 0

[15:44:14]	[Recv]	qslot 0 1.1.1 1.1.2 1.1.3 1.1.4 1.1.5 1.1.6 1.1.7 1.1.9 1.1.8 1.1.10 0.1.45 0.2.21 0.1.76 1.1.38 1.3.12 0.1.34 0.1.87 0.-1.-1 0.1.84 0.1.43 1.3.11 1.1.42 1.1.41 1.3.976 0.-1.-1 0.1.70 0.2.143 0.2.25 0.2.27 0.2.26

[15:44:14]	[Recv]	qslot 1 0.-1.-1 0.-1.-1 0.-1.-1 0.-1.-1 0.-1.-1 0.-1.-1 0.-1.-1 0.-1.-1 0.-1.-1 0.-1.-1 0.1.-1 0.1.-1 1.1.41 1.1.42 0.-1.-1 7.7.-1 7.7.-1 7.7.-1 7.7.-1 0.-1.-1 0.-1.-1 0.-1.-1 0.-1.-1 0.-1.-1 0.-1.-1 0.-1.-1 0.-1.-1 0.-1.-1 0.-1.-1 0.-1.-1

[15:44:14]	[Recv]	ct 1 2073308 3 5021860 -1 -1 1122

[15:44:15]	[Recv]	ct 3 5021705 2 4988573 -1 -1 0

[15:44:15]	[Recv]	su 3 5021705 2 4988573 0 10 11 4806 0 0 1 48 350 3 0 1923 4021

[15:44:15]	[Recv]	ct 2 4988603 3 5021860 -1 -1 0

[15:44:15]	[Recv]	su 2 4988603 3 5021860 0 12 11 8360 0 0 1 97 6900 0 0 259471 266371

[15:44:15]	[Recv]	rc 1 2073308 200 0

[15:44:15]	[Recv]	su 1 2073308 3 5021860 1122 150 41 4268 0 0 1 85 32316 0 0 227155 266371

[15:44:15]	[Recv]	mslot 1125 -1

[15:44:15]	[Recv]	qset 0 8 1.1.11.0

[15:44:15]	[Send]	mtlist 2 2 4988592 2 4988603 
[15:44:15]	[Send]	u_s 11 3 5021860
[15:44:15]	[Send]	ncif 3 5021860
[15:44:15]	[Recv]	sc_p 78 840 4988573 1 2980 0 0 0 423 456 224 5 70 0 203 35 215 35 188 2 6 10 8 7 1923 4021 3740 3740 0 15 0 @ 0 14 4 23 1811 1797 629 630

[15:44:15]	[Recv]	ms_c 0

[15:44:15]	[Recv]	qslot 0 1.1.1 1.1.2 1.1.3 1.1.4 1.1.5 1.1.6 1.1.7 1.1.9 1.1.8 1.1.10 0.1.45 0.2.21 0.1.76 1.1.38 1.3.12 0.1.34 0.1.87 0.-1.-1 0.1.84 0.1.43 1.3.11 1.1.42 1.1.41 1.3.976 0.-1.-1 0.1.70 0.2.143 0.2.25 0.2.27 0.2.26

[15:44:15]	[Recv]	qslot 1 0.-1.-1 0.-1.-1 0.-1.-1 0.-1.-1 0.-1.-1 0.-1.-1 0.-1.-1 0.-1.-1 0.-1.-1 0.-1.-1 0.1.-1 0.1.-1 1.1.41 1.1.42 0.-1.-1 7.7.-1 7.7.-1 7.7.-1 7.7.-1 0.-1.-1 0.-1.-1 0.-1.-1 0.-1.-1 0.-1.-1 0.-1.-1 0.-1.-1 0.-1.-1 0.-1.-1 0.-1.-1 0.-1.-1

[15:44:15]	[Send]	ptctl 5443 1 4988592 61 58 4988592 15
[15:44:15]	[Send]	suctl 5443 1 4988592 3 5021860
[15:44:15]	[Recv]	ct 3 5021899 2 5020851 -1 -1 779

[15:44:15]	[Recv]	ct 3 5021898 2 5020851 -1 -1 779

[15:44:15]	[Recv]	ct 3 5021703 2 4988590 -1 -1 0

[15:44:15]	[Recv]	su 3 5021703 2 4988590 0 10 11 4806 0 0 1 46 349 0 0 7184 15441

[15:44:15]	[Recv]	ct 3 5021700 2 5020852 -1 -1 0

[15:44:15]	[Recv]	su 3 5021700 2 5020852 0 10 11 0 0 0 1 99 501 0 0 91561 92062

[15:44:15]	[Recv]	dm 2 4988590 594 1

[15:44:15]	[Recv]	st 2 5020850 94 0 100 100 92062 184124 92062 184124 0

[15:44:15]	[Recv]	ct 1 2073308 3 5021860 -1 -1 1125

[15:44:15]	[Recv]	cond 1 2073308 0 0 21

[15:44:15]	[Recv]	bf 1 2073308 0.576.20 99

[15:44:15]	[Recv]	sayi 1 2073308 20 26 3 576 0 0 0

[15:44:15]	[Recv]	eff 1 2073308 15

[15:44:15]	[Recv]	rc 1 2073308 200 0

[15:44:15]	[Recv]	su 1 2073308 3 5021860 1125 3 22 4272 0 0 0 0 251464 3 0 0 266371

[15:44:15]	[Recv]	lev 99 0 99 0 2140719000 5991794 66992052 2 0 90 917705181 0

[15:44:15]	[Recv]	mslot 1126 -1

[15:44:15]	[Recv]	qset 0 8 1.1.12.0

[15:44:15]	[Recv]	cond 2 4988592 0 0 15

[15:44:15]	[Recv]	dm 2 4988603 594 1

[15:44:15]	[Send]	mtlist 1 2 4988603 
[15:44:15]	[Send]	u_s 12 3 5021860
[15:44:15]	[Recv]	sr 11

[15:44:15]	[Recv]	dm 1 2073308 594 1

[15:44:15]	[Send]	suctl 5443 1 4988603 3 5021860
[15:44:15]	[Recv]	ct 2 4988472 3 5021704 -1 -1 0

[15:44:15]	[Recv]	su 2 4988472 3 5021704 0 9 11 1006 0 0 1 36 0 1 0 4866 13203

[15:44:15]	[Recv]	cancel 0 12 -1

[15:44:15]	[Send]	u_s 0 3 5021860
[15:44:16]	[Recv]	ct 2 4988518 3 5021704 -1 -1 0

[15:44:16]	[Recv]	su 2 4988518 3 5021704 0 9 11 4720 0 0 1 36 0 1 0 4866 13203

[15:44:16]	[Recv]	st 2 5020851 94 0 100 100 92062 184124 92062 184124 0

[15:44:16]	[Recv]	cancel 0 0 -1

[15:44:16]	[Recv]	ct 3 5021702 1 2073308 -1 -1 0

[15:44:16]	[Recv]	su 3 5021702 1 2073308 0 10 11 0 0 0 1 91 0 1 0 87304 95497

[15:44:16]	[Recv]	ct 2 4988542 3 5021703 -1 -1 0

[15:44:16]	[Recv]	su 2 4988542 3 5021703 0 10 11 4755 0 0 1 97 2208 0 0 88660 90871

[15:44:16]	[Recv]	ct 2 4988590 3 5021703 -1 -1 0

[15:44:16]	[Recv]	su 2 4988590 3 5021703 0 10 11 4841 0 0 1 97 0 1 0 88660 90871

[15:44:16]	[Recv]	ct 2 4988617 3 5021702 -1 -1 0

[15:44:16]	[Recv]	su 2 4988617 3 5021702 0 10 11 8146 0 0 1 100 1 0 0 120119 120121

[15:44:16]	[Recv]	sc_p 170 1548 4988592 96 580 24123748 0 0 1889 2049 1289 19 90 9 975 627 958 627 866 3 90 90 110 80 32784 57771 18100 18100 1 84982200 0 @ 0 0 6 60 1831 1798 0 100

[15:44:16]	[Recv]	st 2 5020852 94 0 99 100 91561 184124 92062 184124 0

[15:44:16]	[Recv]	ct 2 4988552 3 5021704 -1 -1 0

[15:44:16]	[Recv]	su 2 4988552 3 5021704 0 11 11 1047 0 0 1 36 0 1 0 4866 13203

[15:44:16]	[Recv]	ct 2 4988573 3 5021705 -1 -1 0

[15:44:16]	[Recv]	eff 3 5021705 6003

[15:44:16]	[Recv]	su 2 4988573 3 5021705 0 10 11 200 0 0 1 100 1 0 0 90868 90871

[15:44:16]	[Recv]	msgi2 0 905 14 #Devil_Boy# 2049 

[15:44:16]	[Send]	ptctl 5443 2 4988603 49 62 4988592 56 58 4988603 15
[15:44:16]	[Recv]	ct 3 5021694 1 2073308 -1 -1 0

[15:44:16]	[Recv]	su 3 5021694 1 2073308 0 12 11 0 0 0 1 91 447 0 0 86857 95497

[15:44:16]	[Recv]	in 3 804 5021933 51 61 2 100 100 0 0 0 -1 0 0 -1 - 0 -1 0 0 0 0 0 0 0 0 0 0 0 0

[15:44:16]	[Recv]	in 3 804 5021934 52 62 2 100 100 0 0 0 -1 0 0 -1 - 0 -1 0 0 0 0 0 0 0 0 0 0 0 0

[15:44:16]	[Recv]	dm 2 4988472 594 1

[15:44:16]	[Recv]	dm 2 4988518 594 1

[15:44:16]	[Recv]	dm 2 4988552 594 1

[15:44:16]	[Recv]	cond 1 2073308 0 0 21

[15:44:16]	[Recv]	cond 1 2073308 0 0 21

[15:44:16]	[Recv]	cond 2 4988603 0 0 15

[15:44:16]	[Recv]	cond 2 4988592 0 0 15

[15:44:17]	[Send]	ptctl 5443 2 4988603 47 62 4988592 54 58 4988603 15
[15:44:17]	[Recv]	eff 3 5021934 5000

[15:44:17]	[Recv]	ct 3 5021704 2 4988518 -1 -1 771

[15:44:17]	[Recv]	su 3 5021704 2 4988518 771 10 11 7722 0 0 1 26 3598 0 0 5702 21388

[15:44:17]	[Recv]	su 3 5021704 1 2073308 771 10 11 7722 0 0 1 91 0 4 0 86857 95497

[15:44:17]	[Recv]	su 3 5021704 2 4988472 771 10 11 7722 0 0 1 15 2090 5 0 1849 12013

[15:44:17]	[Recv]	su 3 5021704 2 4988552 771 10 11 7722 0 0 1 64 3400 5 0 27028 41888

[15:44:17]	[Recv]	sayi 1 2073308 20 22 3 4126 0 0 0

[15:44:17]	[Recv]	bf 1 2073308 0.4126.0 99

[15:44:17]	[Recv]	cond 1 2073308 0 0 21

[15:44:17]	[Recv]	cond 1 2073308 0 0 21

[15:44:17]	[Recv]	su 3 5021899 2 5020851 779 30 11 3617 0 0 1 97 2646 0 0 89416 92062

[15:44:17]	[Recv]	dm 2 5020851 3000 1

[15:44:17]	[Recv]	su 3 5021898 2 5020851 779 30 11 3617 0 0 1 90 2760 0 0 83656 92062

[15:44:17]	[Recv]	dm 2 5020851 3000 1

[15:44:17]	[Recv]	ct 3 5021843 2 5020850 -1 -1 0

[15:44:17]	[Recv]	su 3 5021843 2 5020850 0 16 11 7640 0 0 1 98 1041 0 0 91021 92062

[15:44:17]	[Recv]	cond 2 4988603 0 0 15

[15:44:17]	[Recv]	cond 2 4988592 0 0 15

[15:44:17]	[Recv]	cond 1 2073308 0 0 18

[15:44:17]	[Recv]	sayi 1 2073308 20 22 3 576 0 0 0

[15:44:17]	[Recv]	bf 1 2073308 0.576.0 99

[15:44:17]	[Recv]	sayi 1 2073308 20 22 3 948 0 0 0

[15:44:17]	[Recv]	bf 1 2073308 0.948.0 99

[15:44:17]	[Recv]	die 3 5021899 3 5021899

[15:44:17]	[Recv]	die 3 5021898 3 5021898

[15:44:17]	[Recv]	dm 2 4988590 594 1

[15:44:17]	[Recv]	ct 2 5020851 3 5021899 -1 -1 0

[15:44:17]	[Recv]	su 2 5020851 2 5020851 0 10 11 0 0 0 1 87 0 2 0 80656 92062

[15:44:17]	[Recv]	st 2 5020850 94 0 98 100 91021 184124 92062 184124 0

[15:44:17]	[Recv]	ct 3 5021703 2 4988590 -1 -1 0

[15:44:17]	[Recv]	su 3 5021703 2 4988590 0 10 11 4806 0 0 1 38 35 3 0 5961 15441

[15:44:17]	[Recv]	ct 3 5021700 2 5020852 -1 -1 0

[15:44:17]	[Recv]	su 3 5021700 2 5020852 0 10 11 0 0 0 1 99 508 3 0 91554 92062

[15:44:17]	[Recv]	dm 2 4988603 594 1

[15:44:17]	[Recv]	dm 1 2073308 594 1

[15:44:17]	[Recv]	eff 3 5021899 3617

[15:44:17]	[Recv]	eff 3 5021898 3617

[15:44:17]	[Recv]	ct 2 4988472 3 5021704 -1 -1 0

[15:44:17]	[Recv]	su 2 4988472 3 5021704 0 9 11 1006 0 0 1 9 3601 0 0 1265 13203

[15:44:17]	[Send]	ptctl 5443 2 4988603 42 62 4988592 49 58 4988603 15
[15:44:18]	[Recv]	ct 2 4988518 3 5021704 -1 -1 0

[15:44:18]	[Recv]	su 2 4988518 3 5021704 0 9 11 4720 0 0 0 0 4668 0 0 0 13203

[15:44:18]	[Recv]	lev 99 0 99 0 2140719000 5991794 66992052 2 0 90 917705181 0

[15:44:18]	[Recv]	st 2 5020851 94 0 87 100 80656 184124 92062 184124 0

[15:44:18]	[Recv]	cond 2 4988603 0 0 15

[15:44:18]	[Recv]	cond 2 4988592 0 0 15

[15:44:18]	[Recv]	st 2 5020852 94 0 99 100 91554 184124 92062 184124 0

[15:44:18]	[Recv]	cond 1 2073308 0 0 18

[15:44:18]	[Recv]	cond 1 2073308 0 0 18

[15:44:18]	[Send]	u_ts 778 34 61
[15:44:18]	[Send]	ptctl 5443 2 4988603 42 61 4988592 46 58 4988603 15
[15:44:18]	[Recv]	ct 3 5021702 2 4988617 -1 -1 0

[15:44:18]	[Recv]	su 3 5021702 2 4988617 0 10 11 0 0 0 1 81 347 0 0 6160 7621

[15:44:18]	[Recv]	ct 2 4988542 3 5021703 -1 -1 0

[15:44:18]	[Recv]	su 2 4988542 3 5021703 0 10 11 4755 0 0 1 97 0 1 0 88660 90871

[15:44:18]	[Recv]	ct 2 4988590 3 5021703 -1 -1 0

[15:44:18]	[Recv]	su 2 4988590 3 5021703 0 10 11 4841 0 0 1 97 1 0 0 88659 90871

[15:44:18]	[Recv]	ct 2 4988617 3 5021702 -1 -1 0

[15:44:18]	[Recv]	su 2 4988617 3 5021702 0 10 11 8146 0 0 1 100 0 1 0 120119 120121

[15:44:18]	[Recv]	eff 2 5020850 7739

[15:44:18]	[Send]	ptctl 5443 2 4988603 38 62 4988592 45 58 4988603 15
[15:44:18]	[Recv]	cond 1 2073308 0 0 18

[15:44:18]	[Recv]	cond 1 2073308 0 0 18

[15:44:18]	[Recv]	sp 414610 1000000 0 10000

[15:44:18]	[Recv]	ct 2 4988573 3 5021705 -1 -1 0

[15:44:18]	[Recv]	su 2 4988573 3 5021705 0 10 11 200 0 0 1 100 1 0 0 90867 90871

[15:44:18]	[Recv]	in 2 669 4988543 36 60 2 100 100 0 0 3 2073308 0 0 -1 @ 2 -1 0 0 0 0 0 0 0 0 0 0 19 4

[15:44:18]	[Recv]	ctl 2 4988543 0 1

[15:44:18]	[Recv]	in 2 643 4988539 35 61 2 100 100 0 0 0 2073308 0 0 -1 @ 2 -1 0 0 0 0 0 0 0 0 0 0 20 4

[15:44:18]	[Recv]	ctl 2 4988539 0 1

[15:44:18]	[Recv]	in 2 639 4988535 35 63 2 100 100 0 0 3 2073308 0 0 -1 @ 2 -1 0 0 0 0 0 0 0 0 0 0 18 4

[15:44:18]	[Recv]	ctl 2 4988535 0 1

[15:44:18]	[Recv]	in 2 638 4988534 35 63 2 100 100 0 0 0 2073308 0 0 -1 @ 2 -1 0 0 0 0 0 0 0 0 0 0 17 4

[15:44:18]	[Recv]	ctl 2 4988534 0 1

[15:44:18]	[Recv]	bf 1 2073308 0.1029.200 99

[15:44:18]	[Recv]	sayi 1 2073308 20 26 3 1029 0 0 0

[15:44:18]	[Recv]	team_cool 4 900

[15:44:18]	[Send]	ptctl 5443 2 4988603 37 62 4988592 44 58 4988603 15
[15:44:18]	[Recv]	cond 2 4988603 0 0 15

[15:44:18]	[Recv]	cond 2 4988592 0 0 15

[15:44:18]	[Recv]	dm 2 4988472 594 1

[15:44:18]	[Recv]	dm 2 4988518 594 1

[15:44:18]	[Recv]	dm 2 4988552 594 1

[15:44:18]	[Recv]	cond 2 4988603 0 0 15

[15:44:18]	[Recv]	cond 2 4988592 0 0 15

[15:44:18]	[Send]	ncif 3 5021846
[15:44:18]	[Recv]	cond 1 2073308 0 0 18

[15:44:18]	[Recv]	cond 1 2073308 0 0 18

[15:44:19]	[Recv]	ct 3 5021846 2 5020850 -1 -1 0

[15:44:19]	[Recv]	su 3 5021846 2 5020850 0 16 11 7640 0 0 1 98 994 0 0 90947 92062

[15:44:19]	[Recv]	eff 2 5020851 7739

[15:44:19]	[Recv]	cond 1 2073308 0 0 18

[15:44:19]	[Recv]	cond 1 2073308 0 0 18

[15:44:19]	[Recv]	cond 2 4988603 0 0 15

[15:44:19]	[Recv]	cond 2 4988592 0 0 15

[15:44:19]	[Recv]	eff 2 5020852 7739

[15:44:19]	[Recv]	cond 1 2073308 0 0 18

[15:44:19]	[Recv]	cond 1 2073308 0 0 18

[15:44:19]	[Recv]	st 3 5021846 99 0 100 100 266371 2828 266371 2828 0

[15:44:19]	[Recv]	dm 2 4988590 594 1

[15:44:19]	[Recv]	st 2 5020850 94 0 98 100 90947 184124 92062 184124 0

[15:44:19]	[Send]	ptctl 5443 2 4988603 32 62 4988592 39 58 4988603 15
[15:44:19]	[Recv]	sc_p 86 643 4988539 1 2981 0 2 0 144 201 70 4 70 0 27 35 29 35 25 3 60 50 80 50 501 501 220 220 0 15 0 @ 0 20 4 1 0 0 0 90

[15:44:19]	[Recv]	dm 2 4988603 594 1

[15:44:19]	[Send]	ptctl 5443 1 4988592 37 58 4988592 15
[15:44:19]	[Recv]	dm 1 2073308 594 1

[15:44:19]	[Recv]	cond 2 4988603 0 0 15

[15:44:19]	[Recv]	cond 2 4988592 0 0 15

[15:44:19]	[Send]	mtlist 0 
[15:44:19]	[Send]	u_s 12 3 5021846
[15:44:19]	[Recv]	ct 3 5021703 2 4988542 -1 -1 0

[15:44:19]	[Recv]	su 3 5021703 2 4988542 0 10 11 4806 0 0 1 98 284 0 0 16316 16600

[15:44:19]	[Recv]	ct 3 5021700 2 5020852 -1 -1 0

[15:44:19]	[Recv]	su 3 5021700 2 5020852 0 10 11 0 0 0 1 99 503 0 0 91559 92062

[15:44:19]	[Recv]	ct 2 4988543 3 5021694 -1 -1 0

[15:44:19]	[Recv]	su 2 4988543 3 5021694 0 1 11 4948 0 0 1 100 1 0 0 32370 32371

[15:44:19]	[Recv]	ct 2 4988472 3 5021694 -1 -1 0

[15:44:19]	[Recv]	su 2 4988472 3 5021694 0 9 11 1006 0 0 1 100 0 1 0 32370 32371

[15:44:19]	[Recv]	cond 1 2073308 0 0 18

[15:44:19]	[Recv]	cond 1 2073308 0 0 18

[15:44:19]	[Recv]	cond 2 4988592 0 0 15

[15:44:19]	[Send]	ncif 3 5021846
[15:44:20]	[Recv]	ct 2 4988518 3 5021933 -1 -1 0

[15:44:20]	[Recv]	su 2 4988518 3 5021933 0 9 11 4720 0 0 1 101 0 1 0 5154 5170

[15:44:20]	[Recv]	ct 2 4988552 3 5021933 -1 -1 0

[15:44:20]	[Recv]	su 2 4988552 3 5021933 0 11 11 1047 0 0 1 101 0 1 0 5154 5170

[15:44:20]	[Recv]	st 2 5020851 94 0 88 100 81576 184124 92062 184124 0

[15:44:20]	[Recv]	ms_c 0

[15:44:20]	[Recv]	qslot 0 1.1.1 1.1.2 1.1.3 1.1.4 1.1.5 1.1.6 1.1.7 1.1.9 1.1.8 1.1.10 0.1.45 0.2.21 0.1.76 1.1.38 1.3.12 0.1.34 0.1.87 0.-1.-1 0.1.84 0.1.43 1.3.11 1.1.42 1.1.41 1.3.976 0.-1.-1 0.1.70 0.2.143 0.2.25 0.2.27 0.2.26

[15:44:20]	[Recv]	qslot 1 0.-1.-1 0.-1.-1 0.-1.-1 0.-1.-1 0.-1.-1 0.-1.-1 0.-1.-1 0.-1.-1 0.-1.-1 0.-1.-1 0.1.-1 0.1.-1 1.1.41 1.1.42 0.-1.-1 7.7.-1 7.7.-1 7.7.-1 7.7.-1 0.-1.-1 0.-1.-1 0.-1.-1 0.-1.-1 0.-1.-1 0.-1.-1 0.-1.-1 0.-1.-1 0.-1.-1 0.-1.-1 0.-1.-1

[15:44:20]	[Recv]	st 2 5020852 94 0 99 100 91559 184124 92062 184124 0

[15:44:20]	[Recv]	ct 1 2073308 3 5021846 -1 -1 1126

[15:44:20]	[Recv]	su 1 2073308 3 5021846 1126 3 26 4273 0 0 1 100 0 4 0 266371 266371

[15:44:20]	[Recv]	cond 1 2073308 0 0 19

[15:44:20]	[Recv]	bf 1 2073308 0.567.400 99

[15:44:20]	[Recv]	eff 1 2073308 0

[15:44:20]	[Recv]	sayi 1 2073308 20 26 3 567 0 0 0

[15:44:20]	[Recv]	cond 1 2073308 0 0 19

[15:44:20]	[Recv]	cond 1 2073308 0 0 19

[15:44:20]	[Recv]	st 3 5021846 99 0 100 100 266371 2828 266371 2828 0

[15:44:20]	[Send]	ptctl 5443 1 4988603 31 62 4988603 15
[15:44:20]	[Send]	suctl 5443 1 4988603 3 5021846
[15:44:20]	[Recv]	ct 2 4988534 3 5021694 -1 -1 0

[15:44:20]	[Recv]	eff 3 5021694 6003

[15:44:20]	[Recv]	su 2 4988534 3 5021694 0 11 11 4948 0 0 1 100 1 0 0 32369 32371

[15:44:20]	[Send]	mtlist 0 
[15:44:20]	[Send]	u_s 12 3 5021846
[15:44:20]	[Recv]	sr 12

[15:44:20]	[Recv]	out 2 4988573

[15:44:20]	[Recv]	out 2 4988590

[15:44:20]	[Recv]	out 2 4988617

[15:44:20]	[Recv]	sayi 1 2073308 20 22 3 1028 0 0 0

[15:44:20]	[Recv]	bf 1 2073308 0.1028.0 99

[15:44:20]	[Recv]	cond 2 4988603 0 0 15

[15:44:20]	[Recv]	ct 3 5021933 2 4988518 -1 -1 779

[15:44:20]	[Recv]	ct 3 5021843 2 5020850 -1 -1 0

[15:44:20]	[Recv]	su 3 5021843 2 5020850 0 16 11 7640 0 0 1 98 1097 0 0 90770 92062

[15:44:20]	[Recv]	ct 3 5021702 2 4988617 -1 -1 0

[15:44:20]	[Recv]	su 3 5021702 3 5021702 0 10 11 0 0 0 1 100 0 2 0 120119 120121

[15:44:20]	[Recv]	ct 2 4988539 3 5021933 -1 -1 0

[15:44:20]	[Recv]	eff 3 5021933 6003

[15:44:20]	[Recv]	su 2 4988539 3 5021933 0 11 11 4948 0 0 1 89 578 0 0 4573 5170

[15:44:20]	[Recv]	ct 2 4988543 3 5021694 -1 -1 0

[15:44:20]	[Recv]	su 2 4988543 3 5021694 0 11 11 4948 0 0 1 100 1 0 0 32368 32371

[15:44:20]	[Recv]	ct 2 4988542 3 5021703 -1 -1 0

[15:44:20]	[Recv]	su 2 4988542 3 5021703 0 10 11 4755 0 0 1 95 2183 0 0 86476 90871

[15:44:20]	[Recv]	eff 2 4988603 5005

[15:44:20]	[Send]	ptctl 5443 1 4988592 32 58 4988592 15
[15:44:20]	[Recv]	ct 2 4988535 3 5021703 -1 -1 0

[15:44:20]	[Recv]	su 2 4988535 3 5021703 0 1 11 4948 0 0 1 95 1 0 0 86475 90871

[15:44:20]	[Recv]	sc_p 62 181 4988472 55 2977 0 0 0 578 754 422 6 160 0 257 301 261 301 250 3 19 14 34 -6 1255 12013 3369 3369 0 850664 0 @ 0 12 2 20 1811 1825 0 500

[15:44:20]	[Recv]	dm 2 4988472 594 1

[15:44:20]	[Recv]	sc_p 63 478 4988518 60 2982 0 0 0 639 803 452 17 150 0 295 341 336 341 287 2 24 36 49 27 5108 21388 3531 3531 0 1371320 0 @ 0 11 2 20 1811 1818 0 500

[15:44:20]	[Recv]	dm 2 4988518 594 1

[15:44:20]	[Recv]	sc_p 68 668 4988542 52 2980 0 0 0 952 1077 502 6 120 0 329 286 343 286 322 0 37 37 37 37 16316 16600 5077 5077 0 678201 0 @ 0 9 3 30 1826 1818 0 1080

[15:44:20]	[Recv]	sc_p 69 754 4988552 53 2979 0 0 0 542 634 617 9 165 0 263 301 280 301 250 2 38 38 38 38 26434 41888 3307 3307 0 733605 0 @ 0 10 2 20 1825 1797 0 500

[15:44:20]	[Recv]	dm 2 4988552 594 1

[15:44:20]	[Recv]	ms_c 0

[15:44:20]	[Recv]	cancel 0 12 -1

[15:44:20]	[Send]	u_s 0 3 5021846
[15:44:20]	[Recv]	cond 2 4988592 0 0 15

[15:44:21]	[Send]	ncif 3 5021846
[15:44:21]	[Recv]	ct 2 4988603 3 5021846 -1 -1 0

[15:44:21]	[Recv]	su 2 4988603 3 5021846 0 12 11 8360 0 0 1 97 6887 0 0 259484 266371

[15:44:21]	[Recv]	ct 1 2073308 3 5021846 -1 -1 1114

[15:44:21]	[Recv]	eff 1 2073308 15

[15:44:21]	[Recv]	rc 1 2073308 200 0

[15:44:21]	[Recv]	su 1 2073308 3 5021846 1114 7 11 4260 0 0 1 70 70884 0 0 188600 266371

[15:44:21]	[Recv]	st 3 5021846 99 0 70 100 188600 2828 266371 2828 0

[15:44:21]	[Send]	ptctl 5443 2 4988603 30 66 4988592 33 63 4988603 15
[15:44:21]	[Recv]	st 2 5020850 94 0 98 100 90770 184124 92062 184124 0

[15:44:21]	[Recv]	cond 1 2073308 0 0 19

[15:44:21]	[Recv]	cond 1 2073308 0 0 19

[15:44:21]	[Send]	ptctl 5443 2 4988603 32 63 4988592 32 64 4988603 15
[15:44:21]	[Recv]	cond 2 4988603 0 0 15

[15:44:21]	[Recv]	cond 2 4988592 0 0 15

[15:44:21]	[Send]	ptctl 5443 1 4988592 28 60 4988592 15
[15:44:21]	[Recv]	ct 2 4988535 3 5021703 -1 -1 0

[15:44:21]	[Recv]	su 2 4988535 3 5021703 0 11 11 4948 0 0 1 95 1 0 0 86474 90871

[15:44:21]	[Recv]	dm 2 4988603 594 1

[15:44:21]	[Recv]	cond 1 2073308 0 0 19

[15:44:21]	[Recv]	cond 1 2073308 0 0 19

[15:44:21]	[Recv]	dm 1 2073308 594 1

[15:44:21]	[Recv]	cond 2 4988603 0 0 15

[15:44:21]	[Recv]	cond 2 4988592 0 0 15

[15:44:21]	[Send]	ptctl 5443 1 4988603 31 63 4988603 15
[15:44:21]	[Send]	suctl 5443 1 4988603 3 5021846
[15:44:21]	[Send]	u_s 1 3 5021846
[15:44:21]	[Recv]	ct 2 4988472 3 5021694 -1 -1 0

[15:44:21]	[Recv]	su 2 4988472 3 5021694 0 9 11 1006 0 0 1 100 0 1 0 32368 32371

[15:44:21]	[Recv]	sr 0

[15:44:21]	[Recv]	cond 2 4988592 0 0 15

[15:44:21]	[Recv]	cond 2 4988603 0 0 15

[15:44:22]	[Send]	ncif 3 5021846
[15:44:22]	[Recv]	ct 3 5021703 2 4988542 -1 -1 0

[15:44:22]	[Recv]	su 3 5021703 2 4988542 0 10 11 4806 0 0 1 96 284 0 0 16032 16600

[15:44:22]	[Recv]	ct 2 4988518 3 5021933 -1 -1 0

[15:44:22]	[Recv]	su 2 4988518 3 5021933 0 9 11 4720 0 0 1 89 0 1 0 4566 5170

[15:44:22]	[Recv]	st 2 5020851 94 0 89 100 82496 184124 92062 184124 0

[15:44:22]	[Recv]	eff 2 4988603 5005

[15:44:22]	[Recv]	cond 1 2073308 0 0 19

[15:44:22]	[Recv]	cond 1 2073308 0 0 19

[15:44:22]	[Recv]	st 2 5020852 94 0 100 100 92062 184124 92062 184124 0

[15:44:22]	[Recv]	ct 2 5020852 3 5021700 -1 -1 0

[15:44:22]	[Recv]	su 2 5020852 3 5021700 0 10 11 0 0 0 1 100 1 0 0 120120 120121

[15:44:22]	[Recv]	ms_c 0

[15:44:22]	[Recv]	qslot 0 1.1.1 1.1.2 1.1.3 1.1.4 1.1.5 1.1.6 1.1.7 1.1.9 1.1.8 1.1.10 0.1.45 0.2.21 0.1.76 1.1.38 1.3.12 0.1.34 0.1.87 0.-1.-1 0.1.84 0.1.43 1.3.11 1.1.42 1.1.41 1.3.976 0.-1.-1 0.1.70 0.2.143 0.2.25 0.2.27 0.2.26

[15:44:22]	[Recv]	qslot 1 0.-1.-1 0.-1.-1 0.-1.-1 0.-1.-1 0.-1.-1 0.-1.-1 0.-1.-1 0.-1.-1 0.-1.-1 0.-1.-1 0.1.-1 0.1.-1 1.1.41 1.1.42 0.-1.-1 7.7.-1 7.7.-1 7.7.-1 7.7.-1 0.-1.-1 0.-1.-1 0.-1.-1 0.-1.-1 0.-1.-1 0.-1.-1 0.-1.-1 0.-1.-1 0.-1.-1 0.-1.-1 0.-1.-1

[15:44:22]	[Recv]	ct 1 2073308 3 5021846 14 4263 1115

[15:44:22]	[Recv]	st 3 5021846 99 0 70 100 188600 2828 266371 2828 0

[15:44:22]	[Recv]	su 3 5021933 2 4988518 779 30 11 3617 0 0 1 9 2490 0 0 2024 21388

[15:44:22]	[Recv]	dm 2 4988518 2023 1

[15:44:22]	[Recv]	ct 3 5021846 2 5020850 -1 -1 0

[15:44:22]	[Recv]	su 3 5021846 2 5020850 0 16 11 7640 0 0 1 98 1033 0 0 90657 92062

[15:44:22]	[Recv]	ct 2 4988552 3 5021933 10 -1 960

[15:44:22]	[Recv]	ct 2 4988603 3 5021846 -1 -1 0

[15:44:22]	[Recv]	su 2 4988603 3 5021846 0 12 11 8360 0 0 1 68 6862 0 0 181738 266371

[15:44:22]	[Send]	ptctl 5443 1 4988592 24 62 4988592 15
[15:44:22]	[Recv]	die 3 5021933 3 5021933

[15:44:22]	[Recv]	rc 1 2073308 200 0

[15:44:22]	[Recv]	su 1 2073308 3 5021846 1115 70 12 4264 0 0 1 30 100156 3 0 81582 266371

[15:44:22]	[Recv]	su 1 2073308 3 5021847 1115 70 12 4264 0 0 0 0 135498 6 0 0 120121

[15:44:22]	[Recv]	lev 99 0 99 0 2140719000 5991794 66992052 2 0 90 917705181 0

[15:44:22]	[Recv]	su 1 2073308 3 5021845 1115 70 12 4264 0 0 1 63 44374 5 0 75747 120121

[15:44:22]	[Recv]	su 1 2073308 3 5021843 1115 70 12 4264 0 0 1 61 101753 6 0 164618 266371

[15:44:22]	[Recv]	cond 2 4988592 0 0 15

[15:44:22]	[Recv]	ct 3 5021702 2 5020852 -1 -1 0

[15:44:22]	[Recv]	su 3 5021702 2 5020852 0 10 11 0 0 0 1 99 502 0 0 91560 92062

[15:44:22]	[Recv]	ct 3 5021700 2 5020852 -1 -1 0

[15:44:22]	[Recv]	su 3 5021700 2 5020852 0 10 11 0 0 0 1 98 502 0 0 91058 92062

[15:44:22]	[Recv]	ct 2 4988534 3 5021694 -1 -1 0

[15:44:22]	[Recv]	su 2 4988534 3 5021694 0 11 11 4948 0 0 1 100 1 0 0 32367 32371

[15:44:22]	[Recv]	dm 2 4988472 594 1

[15:44:22]	[Recv]	ct 2 4988542 3 5021703 -1 -1 0

[15:44:22]	[Recv]	su 2 4988542 3 5021703 0 10 11 4755 0 0 1 95 0 1 0 86474 90871

[15:44:22]	[Recv]	dm 2 4988552 594 1

[15:44:23]	[Send]	ncif 3 5021846
[15:44:23]	[Recv]	eff 3 5021933 3617

[15:44:23]	[Recv]	ct 2 4988543 3 5021694 -1 -1 0

[15:44:23]	[Recv]	su 2 4988543 3 5021694 0 11 11 4948 0 0 1 100 1 0 0 32366 32371

[15:44:23]	[Recv]	su 2 4988552 2 4988552 960 12 11 1047 0 0 1 60 0 2 0 25246 41888

[15:44:23]	[Send]	suctl 5443 1 4988603 3 5021846
[15:44:23]	[Recv]	st 3 5021846 99 0 30 100 81582 2828 266371 2828 0

[15:44:23]	[Send]	ptctl 5443 2 4988603 35 65 4988592 30 61 4988603 15
[15:44:23]	[Recv]	eff 2 4988603 5005

[15:44:23]	[Send]	ptctl 5443 1 4988592 23 63 4988592 15
[15:44:23]	[Recv]	cond 1 2073308 0 0 19

[15:44:23]	[Recv]	cond 1 2073308 0 0 19

[15:44:23]	[Send]	u_s 0 3 5021846
[15:44:23]	[Recv]	st 2 5020850 94 0 98 100 90657 184124 92062 184124 0

[15:44:23]	[Recv]	eff 2 5020850 7739

[15:44:23]	[Recv]	cond 2 4988603 0 0 15

[15:44:23]	[Recv]	cond 2 4988592 0 0 15

[15:44:23]	[Recv]	cond 2 4988592 0 0 15

[15:44:23]	[Recv]	sp 414600 1000000 0 10000

[15:44:23]	[Recv]	ct 2 4988539 3 5021934 -1 -1 0

[15:44:23]	[Recv]	su 2 4988539 3 5021934 0 11 11 4948 0 0 1 89 573 0 0 4563 5170

[15:44:23]	[Recv]	dm 2 4988603 594 1

[15:44:23]	[Recv]	cond 1 2073308 0 0 19

[15:44:23]	[Recv]	cond 1 2073308 0 0 19

[15:44:23]	[Recv]	dm 1 2073308 594 1

[15:44:23]	[Recv]	ct 2 4988472 3 5021694 -1 -1 0

[15:44:23]	[Recv]	su 2 4988472 3 5021694 0 9 11 1006 0 0 1 100 0 1 0 32366 32371

[15:44:23]	[Recv]	ct 1 2073308 3 5021846 -1 -1 1114

[15:44:23]	[Recv]	rc 1 2073308 200 0

[15:44:23]	[Recv]	su 1 2073308 3 5021846 1114 7 11 4260 0 0 0 0 99421 3 0 0 266371

[15:44:23]	[Recv]	lev 99 0 99 0 2140719000 5991794 66992052 2 0 90 917705181 0

[15:44:24]	[Recv]	ct 3 5021856 2 5020851 -1 -1 0

[15:44:24]	[Recv]	su 3 5021856 2 5020851 0 16 11 7640 0 0 1 89 1036 0 0 82380 92062

[15:44:24]	[Recv]	ct 3 5021845 2 4988592 -1 -1 0

[15:44:24]	[Recv]	su 3 5021845 2 4988592 0 10 11 0 0 0 1 56 0 1 0 32784 57771

[15:44:24]	[Recv]	ct 3 5021843 2 5020850 -1 -1 0

[15:44:24]	[Recv]	su 3 5021843 2 5020850 0 16 11 7640 0 0 1 98 1001 0 0 90576 92062

[15:44:24]	[Recv]	ct 2 4988535 3 5021703 -1 -1 0

[15:44:24]	[Recv]	su 2 4988535 3 5021703 0 11 11 4948 0 0 1 95 1 0 0 86473 90871

[15:44:24]	[Recv]	ct 2 4988518 3 5021859 -1 -1 0

[15:44:24]	[Recv]	su 2 4988518 3 5021859 0 9 11 4720 0 0 1 100 0 1 0 32371 32371

[15:44:24]	[Recv]	st 2 5020851 94 0 89 100 82380 184124 92062 184124 0

[15:44:24]	[Recv]	eff 2 5020851 7739

[15:44:24]	[Send]	ptctl 5443 2 4988603 36 66 4988592 29 62 4988603 15
[15:44:24]	[Recv]	cond 1 2073308 0 0 19

[15:44:24]	[Recv]	cond 1 2073308 0 0 19

[15:44:24]	[Recv]	ct 3 5021844 1 2073308 -1 -1 0

[15:44:24]	[Recv]	su 3 5021844 1 2073308 0 12 11 0 0 0 1 88 450 0 0 84631 95497

[15:44:24]	[Recv]	in 3 804 5021943 30 59 2 100 100 0 0 0 -1 0 0 -1 - 0 -1 0 0 0 0 0 0 0 0 0 0 0 0

[15:44:24]	[Recv]	in 3 804 5021944 28 60 2 100 100 0 0 0 -1 0 0 -1 - 0 -1 0 0 0 0 0 0 0 0 0 0 0 0

[15:44:24]	[Recv]	ct 3 5021703 2 4988542 -1 -1 0

[15:44:24]	[Recv]	su 3 5021703 2 4988542 0 10 11 4806 0 0 1 94 284 3 0 15748 16600

[15:44:24]	[Recv]	st 2 5020852 94 0 98 100 91058 184124 92062 184124 0

[15:44:24]	[Recv]	eff 2 5020852 7739

[15:44:24]	[Recv]	cond 2 4988603 0 0 15

[15:44:24]	[Recv]	cond 2 4988592 0 0 15

[15:44:24]	[Send]	ncif 3 5021844
[15:44:24]	[Recv]	st 3 5021844 99 0 100 100 32371 2828 32371 2828 0

[15:44:24]	[Send]	suctl 5443 1 4988603 3 5021844
[15:44:24]	[Recv]	ct 3 5021851 2 5020851 -1 -1 0

[15:44:24]	[Recv]	su 3 5021851 2 5020851 0 16 11 7640 0 0 1 89 1044 0 0 82256 92062

[15:44:24]	[Recv]	ct 2 5020852 3 5021700 -1 -1 0

[15:44:24]	[Recv]	su 2 5020852 3 5021700 0 10 11 0 0 0 1 100 1 0 0 120119 120121

[15:44:24]	[Send]	u_s 0 3 5021844
[15:44:24]	[Recv]	sr 0

[15:44:24]	[Recv]	eff 2 4988603 5005

[15:44:24]	[Send]	ptctl 5443 1 4988592 28 61 4988592 15
[15:44:24]	[Recv]	eff 3 5021853 5000

[15:44:24]	[Recv]	eff 3 5021848 5000

[15:44:24]	[Recv]	cond 1 2073308 0 0 19

[15:44:24]	[Recv]	cond 1 2073308 0 0 19

[15:44:24]	[Send]	suctl 5443 1 4988592 3 5021844
[15:44:24]	[Recv]	dm 2 4988472 66 1

[15:44:24]	[Recv]	dm 2 4988552 594 1

[15:44:24]	[Recv]	ct 2 4988603 3 5021844 -1 -1 0

[15:44:24]	[Recv]	su 2 4988603 3 5021844 0 12 11 8360 0 0 1 66 10769 0 0 21602 32371

[15:44:24]	[Recv]	ct 1 2073308 3 5021844 -1 -1 1114

[15:44:24]	[Recv]	eff 1 2073308 15

[15:44:24]	[Recv]	rc 1 2073308 200 0

[15:44:24]	[Recv]	su 1 2073308 3 5021844 1114 7 11 4260 0 0 0 0 69927 0 0 0 32371

[15:44:24]	[Recv]	lev 99 0 99 0 2140719000 5991794 66992052 2 0 90 917705181 0

[15:44:24]	[Recv]	cond 2 4988592 0 0 15

[15:44:24]	[Send]	ncif 3 5021844
[15:44:25]	[Recv]	ct 3 5021702 2 5020852 -1 -1 0

[15:44:25]	[Recv]	su 3 5021702 2 5020852 0 10 11 0 0 0 1 99 505 0 0 91473 92062

[15:44:25]	[Recv]	ct 3 5021700 2 5020852 -1 -1 0

[15:44:25]	[Recv]	su 3 5021700 2 5020852 0 10 11 0 0 0 1 98 501 0 0 90972 92062

[15:44:25]	[Recv]	ct 2 4988542 3 5021703 -1 -1 0

[15:44:25]	[Recv]	su 2 4988542 3 5021703 0 10 11 4755 0 0 1 89 5394 3 0 81079 90871

[15:44:25]	[Recv]	ct 2 4988534 3 5021694 -1 -1 0

[15:44:25]	[Recv]	su 2 4988534 3 5021694 0 11 11 4948 0 0 1 100 1 0 0 32365 32371

[15:44:25]	[Recv]	ct 2 4988543 3 5021694 -1 -1 0

[15:44:25]	[Recv]	su 2 4988543 3 5021694 0 11 11 4948 0 0 1 100 1 0 0 32364 32371

[15:44:25]	[Recv]	ct 2 4988552 3 5021858 -1 -1 0

[15:44:25]	[Recv]	su 2 4988552 3 5021858 0 11 11 1047 0 0 1 100 0 1 0 120121 120121

[15:44:25]	[Recv]	st 2 5020850 94 0 98 100 90576 184124 92062 184124 0

[15:44:25]	[Recv]	sr 0

[15:44:25]	[Recv]	ct 3 5021934 2 4988539 -1 -1 779

[15:44:25]	[Recv]	ct 3 5021705 2 5020852 -1 -1 0

[15:44:25]	[Recv]	su 3 5021705 2 5020852 0 10 11 4806 0 0 1 98 511 3 0 90461 92062

[15:44:25]	[Recv]	dm 2 4988603 594 1

[15:44:25]	[Send]	u_s 5 1 2073308
[15:44:25]	[Recv]	dm 1 2073308 594 1

[15:44:25]	[Recv]	ms_c 0

[15:44:25]	[Recv]	qslot 0 1.1.1 1.1.2 1.1.3 1.1.4 1.1.5 1.1.6 1.1.7 1.1.9 1.1.8 1.1.10 0.1.45 0.2.21 0.1.76 1.1.38 1.3.12 0.1.34 0.1.87 0.-1.-1 0.1.84 0.1.43 1.3.11 1.1.42 1.1.41 1.3.976 0.-1.-1 0.1.70 0.2.143 0.2.25 0.2.27 0.2.26

[15:44:25]	[Recv]	qslot 1 0.-1.-1 0.-1.-1 0.-1.-1 0.-1.-1 0.-1.-1 0.-1.-1 0.-1.-1 0.-1.-1 0.-1.-1 0.-1.-1 0.1.-1 0.1.-1 1.1.41 1.1.42 0.-1.-1 7.7.-1 7.7.-1 7.7.-1 7.7.-1 0.-1.-1 0.-1.-1 0.-1.-1 0.-1.-1 0.-1.-1 0.-1.-1 0.-1.-1 0.-1.-1 0.-1.-1 0.-1.-1 0.-1.-1

[15:44:25]	[Recv]	ct 3 5021858 2 4988552 -1 -1 0

[15:44:25]	[Recv]	su 3 5021858 2 4988552 0 10 11 0 0 0 1 58 0 1 0 24652 41888

[15:44:25]	[Recv]	ct 1 2073308 1 2073308 -1 -1 1119

[15:44:25]	[Recv]	bf 1 2073308 0.561.3000 99

[15:44:25]	[Recv]	bf 1 2073308 0.578.1200 99

[15:44:25]	[Recv]	bf 1 2073308 0.941.0 99

[15:44:25]	[Recv]	bf 1 2073308 0.830.60 99

[15:44:25]	[Recv]	eff 1 2073308 0

[15:44:25]	[Recv]	sayi 1 2073308 20 26 3 830 0 0 0

[15:44:25]	[Recv]	su 1 2073308 1 2073308 1119 600 25 4265 0 0 1 88 0 -1 0 84237 95497

[15:44:26]	[Recv]	ct 2 4988539 3 5021934 -1 -1 0

[15:44:26]	[Recv]	su 2 4988539 3 5021934 0 11 11 4948 0 0 1 77 578 0 0 3973 5170

[15:44:26]	[Recv]	st 2 5020851 94 0 89 100 82256 184124 92062 184124 0

[15:44:26]	[Recv]	ct 3 5021845 2 5020850 -1 -1 0

[15:44:26]	[Recv]	su 3 5021845 2 5020850 0 10 11 0 0 0 1 98 505 0 0 90991 92062

[15:44:26]	[Recv]	sc_p 170 1548 4988592 96 579 24124308 0 0 1889 2049 1289 19 90 9 975 627 958 627 866 3 90 90 110 80 32784 57771 18100 18100 1 84982200 0 @ 0 0 6 60 1831 1798 0 100

[15:44:26]	[Recv]	st 2 5020852 94 0 98 100 90461 184124 92062 184124 0

[15:44:26]	[Recv]	ct 3 5021703 2 4988542 -1 -1 0

[15:44:26]	[Recv]	su 3 5021703 2 4988542 0 10 11 4806 0 0 1 93 290 3 0 15458 16600

[15:44:26]	[Recv]	ct 2 4988535 3 5021703 -1 -1 0

[15:44:26]	[Recv]	su 2 4988535 3 5021703 0 11 11 4948 0 0 1 89 1 0 0 81078 90871

[15:44:26]	[Send]	ncif 3 5021851
[15:44:26]	[Recv]	st 3 5021851 99 0 100 100 266371 2828 266371 2828 0

[15:44:26]	[Send]	ptctl 5443 1 4988592 33 61 4988592 15
[15:44:26]	[Send]	suctl 5443 1 4988603 3 5021851
[15:44:26]	[Recv]	ct 2 4988472 3 5021694 -1 -1 0

[15:44:26]	[Recv]	su 2 4988472 3 5021694 0 9 11 1006 0 0 1 90 3019 0 0 29345 32371

[15:44:26]	[Recv]	ct 2 5020852 3 5021700 -1 -1 0

[15:44:26]	[Recv]	su 2 5020852 3 5021700 0 10 11 0 0 0 1 100 1 0 0 120118 120121

[15:44:26]	[Recv]	cond 2 4988592 0 0 15

[15:44:26]	[Recv]	eff 2 4988603 5005

[15:44:26]	[Recv]	ct 2 4988518 3 5021859 -1 -1 0

[15:44:26]	[Recv]	su 2 4988518 3 5021859 0 9 11 4720 0 0 1 100 0 1 0 32371 32371

[15:44:26]	[Recv]	dm 2 4988552 594 1

[15:44:27]	[Send]	u_s 0 3 5021851
[15:44:27]	[Recv]	ct 2 4988603 3 5021851 -1 -1 0

[15:44:27]	[Recv]	su 2 4988603 3 5021851 0 12 11 8360 0 0 1 97 6910 0 0 259461 266371

[15:44:27]	[Recv]	ct 3 5021702 2 5020852 -1 -1 0

[15:44:27]	[Recv]	su 3 5021702 2 5020852 0 10 11 0 0 0 1 98 502 0 0 90879 92062

[15:44:27]	[Recv]	ct 3 5021700 2 5020852 -1 -1 0

[15:44:27]	[Recv]	su 3 5021700 2 5020852 0 10 11 0 0 0 1 98 501 0 0 90378 92062

[15:44:27]	[Recv]	ct 2 4988542 3 5021703 -1 -1 0

[15:44:27]	[Recv]	su 2 4988542 3 5021703 0 10 11 4755 0 0 1 89 0 1 0 81078 90871

[15:44:27]	[Recv]	ct 1 2073308 3 5021851 -1 -1 1114

[15:44:27]	[Recv]	eff 1 2073308 15

[15:44:27]	[Recv]	rc 1 2073308 200 0

[15:44:27]	[Recv]	su 1 2073308 3 5021851 1114 7 11 4260 0 0 1 6 242064 3 0 17397 266371

[15:44:27]	[Send]	ptctl 5443 1 4988592 37 63 4988592 15
[15:44:27]	[Recv]	su 3 5021934 2 4988539 779 30 11 3617 0 0 0 0 3788 0 0 0 501

[15:44:27]	[Recv]	ct 3 5021843 2 5020850 -1 -1 0

[15:44:27]	[Recv]	su 3 5021843 2 5020850 0 16 11 7640 0 0 1 97 1089 0 0 89902 92062

[15:44:27]	[Recv]	ct 2 5020851 3 5021856 -1 -1 0

[15:44:27]	[Recv]	su 2 5020851 3 5021856 0 10 11 0 0 0 1 100 1 0 0 266370 266371

[15:44:27]	[Recv]	st 2 5020850 94 0 97 100 89902 184124 92062 184124 0

[15:44:27]	[Send]	ncif 3 5021851
[15:44:27]	[Recv]	cond 2 4988592 0 0 15

[15:44:27]	[Recv]	die 3 5021934 3 5021934

[15:44:27]	[Recv]	ct 2 4988534 3 5021694 -1 -1 0

[15:44:27]	[Recv]	su 2 4988534 3 5021694 0 11 11 4948 0 0 1 90 1 0 0 29344 32371

[15:44:27]	[Recv]	dm 2 4988603 594 1

[15:44:27]	[Recv]	st 3 5021851 99 0 6 100 17397 2828 266371 2828 0

[15:44:27]	[Recv]	dm 1 2073308 594 1

[15:44:27]	[Recv]	ct 3 5021851 2 5020851 -1 -1 0

[15:44:27]	[Recv]	su 3 5021851 2 5020851 0 16 11 7640 0 0 1 89 997 0 0 82179 92062

[15:44:27]	[Recv]	ct 3 5021705 2 5020852 -1 -1 0

[15:44:27]	[Recv]	su 3 5021705 2 5020852 0 10 11 4806 0 0 1 97 505 0 0 89873 92062

[15:44:27]	[Recv]	ct 2 4988552 3 5021858 10 -1 960

[15:44:27]	[Send]	suctl 5443 1 4988603 3 5021851
[15:44:27]	[Recv]	sr 0

[15:44:27]	[Recv]	eff 2 4988603 5005

[15:44:28]	[Recv]	ct 3 5021943 2 5020850 -1 -1 779

[15:44:28]	[Recv]	eff 3 5021934 3617

[15:44:28]	[Recv]	ct 3 5021858 2 4988552 -1 -1 0

[15:44:28]	[Recv]	su 3 5021858 2 4988552 0 10 11 0 0 0 1 56 283 0 0 23775 41888

[15:44:28]	[Recv]	st 2 5020851 94 0 89 100 82179 184124 92062 184124 0

[15:44:28]	[Send]	mtlist 0 
[15:44:28]	[Send]	u_s 10 3 5021851
[15:44:28]	[Send]	ptctl 5443 1 4988592 39 65 4988592 15
[15:44:28]	[Recv]	ct 3 5021856 2 5020851 -1 -1 0

[15:44:28]	[Recv]	su 3 5021856 2 5020851 0 16 11 7640 0 0 1 89 1036 0 0 82063 92062

[15:44:28]	[Recv]	st 2 5020852 94 0 97 100 89873 184124 92062 184124 0

[15:44:28]	[Recv]	ms_c 0

[15:44:28]	[Recv]	qslot 0 1.1.1 1.1.2 1.1.3 1.1.4 1.1.5 1.1.6 1.1.7 1.1.9 1.1.8 1.1.10 0.1.45 0.2.21 0.1.76 1.1.38 1.3.12 0.1.34 0.1.87 0.-1.-1 0.1.84 0.1.43 1.3.11 1.1.42 1.1.41 1.3.976 0.-1.-1 0.1.70 0.2.143 0.2.25 0.2.27 0.2.26

[15:44:28]	[Recv]	qslot 1 0.-1.-1 0.-1.-1 0.-1.-1 0.-1.-1 0.-1.-1 0.-1.-1 0.-1.-1 0.-1.-1 0.-1.-1 0.-1.-1 0.1.-1 0.1.-1 1.1.41 1.1.42 0.-1.-1 7.7.-1 7.7.-1 7.7.-1 7.7.-1 0.-1.-1 0.-1.-1 0.-1.-1 0.-1.-1 0.-1.-1 0.-1.-1 0.-1.-1 0.-1.-1 0.-1.-1 0.-1.-1 0.-1.-1

[15:44:28]	[Recv]	ct 3 5021845 2 5020850 -1 -1 0

[15:44:28]	[Recv]	su 3 5021845 2 5020850 0 10 11 0 0 0 1 98 502 0 0 90320 92062

[15:44:28]	[Recv]	sc_p 81 639 4988535 1 2980 0 2 0 144 201 70 4 70 0 27 35 29 35 25 3 60 50 80 50 501 501 220 220 0 15 0 @ 0 18 4 1 0 0 0 90

[15:44:28]	[Recv]	sc_p 83 669 4988543 1 2980 0 2 0 144 201 70 4 70 0 27 35 29 35 25 3 60 50 80 50 501 501 220 220 0 15 0 @ 0 19 4 1 0 0 0 90

[15:44:28]	[Recv]	su 2 4988552 3 5021858 960 12 11 1047 0 0 1 97 3273 0 0 116848 120121

[15:44:28]	[Recv]	eff 2 5020850 7739

[15:44:28]	[Recv]	ct 1 2073308 3 5021851 21 4267 1124

[15:44:28]	[Recv]	cond 2 4988592 0 0 15

[15:44:28]	[Send]	ncif 3 5021851
[15:44:28]	[Recv]	sp 414590 1000000 0 10000

[15:44:28]	[Recv]	ct 3 5021703 2 4988542 -1 -1 0

[15:44:28]	[Recv]	su 3 5021703 2 4988542 0 10 11 4806 0 0 1 91 284 3 0 15174 16600

[15:44:28]	[Recv]	ct 2 4988543 3 5021694 -1 -1 0

[15:44:28]	[Recv]	su 2 4988543 3 5021694 0 11 11 4948 0 0 1 90 1 0 0 29343 32371

[15:44:28]	[Recv]	ct 2 4988472 3 5021694 -1 -1 0

[15:44:28]	[Recv]	su 2 4988472 3 5021694 0 9 11 1006 0 0 1 81 2923 0 0 26420 32371

[15:44:28]	[Recv]	st 3 5021851 99 0 6 100 17397 2828 266371 2828 0

[15:44:28]	[Send]	suctl 5443 1 4988592 3 5021851
[15:44:28]	[Recv]	sc_p 80 638 4988534 1 2985 0 2 0 144 201 70 4 70 0 27 35 29 35 25 3 60 50 80 50 501 501 220 220 0 15 0 @ 0 17 4 1 0 0 0 90

[15:44:28]	[Recv]	ct 2 4988535 3 5021703 -1 -1 0

[15:44:28]	[Recv]	su 2 4988535 3 5021703 0 11 11 4948 0 0 1 89 1 0 0 81077 90871

[15:44:28]	[Recv]	ct 2 4988518 3 5021859 -1 -1 0

[15:44:28]	[Recv]	su 2 4988518 3 5021859 0 9 11 4720 0 0 1 89 3406 0 0 28965 32371

[15:44:28]	[Recv]	dm 2 4988552 594 1

[15:44:28]	[Recv]	ct 2 5020852 3 5021700 -1 -1 0

[15:44:28]	[Recv]	su 2 5020852 3 5021700 0 10 11 0 0 0 1 100 0 1 0 120118 120121

[15:44:28]	[Recv]	eff 2 4988592 5005

[15:44:29]	[Recv]	out 2 4988539

[15:44:29]	[Recv]	eff 2 5020851 7739

[15:44:29]	[Recv]	out 2 4988472

[15:44:29]	[Recv]	out 2 4988518

[15:44:29]	[Recv]	out 2 4988542

[15:44:29]	[Recv]	out 2 4988552

[15:44:29]	[Recv]	sayi 1 2073308 20 22 3 1027 0 0 0

[15:44:29]	[Recv]	bf 1 2073308 0.1027.0 99

[15:44:29]	[Send]	suctl 5443 1 4988603 3 5021851
[15:44:29]	[Recv]	ct 2 4988592 3 5021851 -1 -1 0

[15:44:29]	[Recv]	su 2 4988592 3 5021851 0 10 11 0 0 0 1 1 13223 0 0 4174 266371

[15:44:29]	[Recv]	eff 2 5020852 7739

[15:44:29]	[Recv]	eff 1 2073308 15

[15:44:29]	[Recv]	rc 1 2073308 200 0

[15:44:29]	[Recv]	su 1 2073308 3 5021851 1124 500 42 4261 0 0 0 0 324758 3 0 0 266371

[15:44:29]	[Recv]	lev 99 0 99 0 2140719000 5991794 66992052 2 0 90 917705181 0

[15:44:29]	[Recv]	ct 3 5021702 2 5020852 -1 -1 0

[15:44:29]	[Recv]	su 3 5021702 2 5020852 0 10 11 0 0 0 1 98 504 0 0 90289 92062

[15:44:29]	[Recv]	ct 3 5021700 2 5020852 -1 -1 0

[15:44:29]	[Recv]	su 3 5021700 2 5020852 0 10 11 0 0 0 1 97 504 0 0 89785 92062

[15:44:29]	[Recv]	st 2 5020850 94 0 98 100 90320 184124 92062 184124 0

[15:44:29]	[Send]	ncif 3 5021694
[15:44:29]	[Recv]	ct 3 5021694 1 2073308 -1 -1 0

[15:44:29]	[Recv]	su 3 5021694 1 2073308 0 12 11 0 0 0 1 88 0 1 0 84043 95497

[15:44:29]	[Recv]	dm 2 4988603 594 1

[15:44:29]	[Recv]	ct 2 5020851 3 5021856 -1 -1 0

[15:44:29]	[Recv]	su 2 5020851 3 5021856 0 10 11 0 0 0 1 100 0 1 0 266370 266371

[15:44:29]	[Recv]	sr 1

[15:44:29]	[Recv]	st 3 5021694 99 0 81 100 26420 2828 32371 2828 0

[15:44:29]	[Recv]	dm 1 2073308 594 1

[15:44:29]	[Send]	ptctl 5443 1 4988592 39 68 4988592 15
[15:44:29]	[Recv]	su 3 5021943 2 5020850 779 30 11 3617 0 0 1 96 2849 0 0 88391 92062

[15:44:29]	[Recv]	dm 2 5020850 3000 1

[15:44:29]	[Recv]	ct 3 5021859 1 2073308 -1 -1 0

[15:44:29]	[Recv]	su 3 5021859 1 2073308 0 12 11 0 0 0 1 87 0 1 0 83449 95497

[15:44:29]	[Recv]	cond 2 4988592 0 0 15

[15:44:30]	[Recv]	ct 3 5021944 2 5020851 -1 -1 779

[15:44:30]	[Recv]	die 3 5021943 3 5021943

[15:44:30]	[Recv]	ct 3 5021705 2 5020852 -1 -1 0

[15:44:30]	[Recv]	su 3 5021705 2 5020852 0 10 11 4806 0 0 1 97 503 0 0 89282 92062

[15:44:30]	[Recv]	ct 2 4988534 3 5021694 -1 -1 0

[15:44:30]	[Recv]	su 2 4988534 3 5021694 0 11 11 4948 0 0 1 81 1 0 0 26419 32371

[15:44:30]	[Recv]	st 2 5020851 94 0 89 100 82063 184124 92062 184124 0

[15:44:30]	[Recv]	sr 8

[15:44:30]	[Send]	ncif 3 5021856
[15:44:30]	[Recv]	st 2 5020852 94 0 97 100 89282 184124 92062 184124 0

[15:44:30]	[Recv]	st 3 5021856 99 0 100 100 266370 2828 266371 2828 0

[15:44:30]	[Send]	u_s 1 3 5021856
[15:44:30]	[Recv]	ms_c 0

[15:44:30]	[Recv]	qslot 0 1.1.1 1.1.2 1.1.3 1.1.4 1.1.5 1.1.6 1.1.7 1.1.9 1.1.8 1.1.10 0.1.45 0.2.21 0.1.76 1.1.38 1.3.12 0.1.34 0.1.87 0.-1.-1 0.1.84 0.1.43 1.3.11 1.1.42 1.1.41 1.3.976 0.-1.-1 0.1.70 0.2.143 0.2.25 0.2.27 0.2.26

[15:44:30]	[Recv]	qslot 1 0.-1.-1 0.-1.-1 0.-1.-1 0.-1.-1 0.-1.-1 0.-1.-1 0.-1.-1 0.-1.-1 0.-1.-1 0.-1.-1 0.1.-1 0.1.-1 1.1.41 1.1.42 0.-1.-1 7.7.-1 7.7.-1 7.7.-1 7.7.-1 0.-1.-1 0.-1.-1 0.-1.-1 0.-1.-1 0.-1.-1 0.-1.-1 0.-1.-1 0.-1.-1 0.-1.-1 0.-1.-1 0.-1.-1

[15:44:30]	[Recv]	eff 3 5021943 3617

[15:44:30]	[Recv]	ct 1 2073308 3 5021856 14 4263 1115

[15:44:30]	[Send]	suctl 5443 1 4988592 3 5021856
[15:44:30]	[Send]	suctl 5443 1 4988603 3 5021856
[15:44:30]	[Send]	ncif 3 5021856
[15:44:30]	[Recv]	ct 3 5021845 2 5020850 -1 -1 0

[15:44:30]	[Recv]	su 3 5021845 2 5020850 0 10 11 0 0 0 1 92 505 0 0 84886 92062

[15:44:30]	[Recv]	eff 2 4988592 5005

[15:44:30]	[Recv]	rc 1 2073308 200 0

[15:44:30]	[Recv]	su 1 2073308 3 5021856 1115 70 12 4264 0 0 1 88 29364 0 0 237006 266371

[15:44:30]	[Recv]	bf 3 5021856 0.4253.100 99

[15:44:30]	[Recv]	su 1 2073308 3 5021944 1115 70 12 4264 0 0 0 0 135195 6 0 0 5170

[15:44:30]	[Recv]	lev 99 0 99 0 2140719000 5991794 66992052 2 0 90 917705181 0

[15:44:30]	[Recv]	eff 2 4988603 5005

[15:44:30]	[Recv]	ct 3 5021843 2 5020850 -1 -1 0

[15:44:30]	[Recv]	su 3 5021843 2 5020850 0 16 11 7640 0 0 1 91 1118 0 0 83768 92062

[15:44:30]	[Recv]	ct 3 5021703 2 4988535 -1 -1 0

[15:44:30]	[Recv]	su 3 5021703 2 4988535 0 10 11 4806 0 0 1 24 377 0 0 124 501

[15:44:30]	[Recv]	st 3 5021856 99 0 88 100 237006 2828 266371 2828 0 4253.99

[15:44:31]	[Recv]	eff 3 5021944 3617

[15:44:31]	[Recv]	ct 2 4988543 3 5021694 -1 -1 0

[15:44:31]	[Recv]	su 2 4988543 3 5021694 0 11 11 4948 0 0 1 81 1 0 0 26418 32371

[15:44:31]	[Recv]	ct 2 4988592 3 5021856 -1 -1 0

[15:44:31]	[Recv]	su 2 4988592 3 5021856 0 1 11 0 0 0 1 83 14523 0 0 222483 266371

[15:44:31]	[Recv]	ct 2 4988603 3 5021856 -1 -1 0

[15:44:31]	[Recv]	su 2 4988603 3 5021856 0 12 11 8360 0 0 1 80 7398 0 0 215085 266371

[15:44:31]	[Recv]	ct 2 5020852 3 5021700 -1 -1 0

[15:44:31]	[Recv]	su 2 5020852 3 5021700 0 10 11 0 0 0 1 100 0 1 0 120118 120121

[15:44:31]	[Recv]	ct 2 4988535 3 5021703 -1 -1 0

[15:44:31]	[Recv]	su 2 4988535 3 5021703 0 11 11 4948 0 0 1 89 1 0 0 81076 90871

[15:44:31]	[Recv]	cond 2 4988539 0 0 9

[15:44:31]	[Recv]	petski 334 1831 1798

[15:44:31]	[Recv]	pet_cool2  0 0 0

[15:44:31]	[Recv]	pinit 2 2|4988603|0|94|@|-1|3206|1|2723|0|0 2|4988592|1|96|@|-1|1548|0|0|0|60

[15:44:31]	[Send]	ncif 3 5021843
[15:44:31]	[Recv]	st 3 5021843 99 0 61 100 164618 2828 266371 2828 0

[15:44:31]	[Recv]	st 2 5020850 94 0 91 100 83768 184124 92062 184124 0

[15:44:31]	[Send]	u_s 0 3 5021843
[15:44:31]	[Send]	ptctl 5443 1 4988592 34 68 4988592 15
[15:44:31]	[Recv]	ct 3 5021856 2 5020851 -1 -1 0

[15:44:31]	[Recv]	su 3 5021856 2 5020851 0 16 11 7640 0 0 1 89 990 0 0 81993 92062

[15:44:31]	[Recv]	ct 3 5021702 2 5020852 -1 -1 0

[15:44:31]	[Recv]	su 3 5021702 2 5020852 0 10 11 0 0 0 1 97 503 0 0 89699 92062

[15:44:31]	[Recv]	ct 3 5021700 2 5020852 -1 -1 0

[15:44:31]	[Recv]	su 3 5021700 2 5020852 0 10 11 0 0 0 1 96 504 0 0 89195 92062

[15:44:31]	[Recv]	dm 2 4988603 594 1

[15:44:31]	[Recv]	ct 1 2073308 3 5021843 -1 -1 1114

[15:44:31]	[Recv]	eff 1 2073308 15

[15:44:31]	[Recv]	rc 1 2073308 200 0

[15:44:31]	[Recv]	su 1 2073308 3 5021843 1114 7 11 4260 0 0 0 0 245617 3 0 0 266371

[15:44:31]	[Recv]	lev 99 0 99 0 2140719000 5991794 66992052 2 0 90 917705181 0

[15:44:31]	[Recv]	dm 1 2073308 594 1

[15:44:31]	[Recv]	cond 2 4988592 0 0 15

[15:44:31]	[Send]	ptctl 5443 1 4988603 31 66 4988603 15
[15:44:31]	[Recv]	ct 2 5020851 3 5021856 -1 -1 0

[15:44:31]	[Recv]	su 2 5020851 3 5021856 0 10 11 0 0 0 1 80 1 0 0 215084 266371

[15:44:31]	[Recv]	sayi 1 2073308 20 22 3 830 0 0 0

[15:44:31]	[Recv]	bf 1 2073308 0.830.0 99

[15:44:31]	[Recv]	bf 1 2073308 0.941.3000 99

[15:44:31]	[Recv]	sayi 1 2073308 20 26 3 941 0 0 0

[15:44:31]	[Send]	ncif 3 5021694
[15:44:31]	[Recv]	cond 2 4988603 0 0 15

[15:44:31]	[Send]	ptctl 5443 1 4988592 35 63 4988592 15
[15:44:32]	[Recv]	st 2 5020851 94 0 89 100 81993 184124 92062 184124 0

[15:44:32]	[Recv]	st 3 5021694 99 0 81 100 26418 2828 32371 2828 0

[15:44:32]	[Send]	ptctl 5443 2 4988603 30 64 4988592 32 66 4988603 15
[15:44:32]	[Recv]	cond 2 4988592 0 0 15

[15:44:32]	[Recv]	ct 3 5021705 2 5020852 -1 -1 0

[15:44:32]	[Recv]	su 3 5021705 2 5020852 0 10 11 4806 0 0 1 96 506 3 0 88689 92062

[15:44:32]	[Recv]	ct 3 5021694 1 2073308 -1 -1 0

[15:44:32]	[Recv]	su 3 5021694 1 2073308 0 12 11 0 0 0 1 86 448 3 0 82807 95497

[15:44:32]	[Recv]	in 3 804 5021950 35 62 2 100 100 0 0 0 -1 0 0 -1 - 0 -1 0 0 0 0 0 0 0 0 0 0 0 0

[15:44:32]	[Recv]	in 3 804 5021951 33 63 2 100 100 0 0 0 -1 0 0 -1 - 0 -1 0 0 0 0 0 0 0 0 0 0 0 0

[15:44:32]	[Recv]	cond 1 2073308 0 0 23

[15:44:32]	[Recv]	cond 1 2073308 0 0 23

[15:44:32]	[Recv]	bf 1 2073308 0.4117.50 99

[15:44:32]	[Recv]	eff 1 2073308 0

[15:44:32]	[Recv]	sayi 1 2073308 20 26 3 4117 0 0 0

[15:44:32]	[Recv]	st 2 5020852 94 0 96 100 88689 184124 92062 184124 0

[15:44:32]	[Recv]	cond 1 2073308 0 0 23

[15:44:32]	[Recv]	cond 1 2073308 0 0 23

[15:44:32]	[Send]	ptctl 5443 2 4988603 31 66 4988592 33 66 4988603 15
[15:44:32]	[Recv]	cond 2 4988603 0 0 15

[15:44:32]	[Recv]	cond 2 4988592 0 0 15

[15:44:32]	[Recv]	eff 3 5021951 5000

[15:44:32]	[Recv]	ct 3 5021859 1 2073308 -1 -1 0

[15:44:32]	[Recv]	su 3 5021859 1 2073308 0 12 11 0 0 0 1 86 0 1 0 82807 95497

[15:44:32]	[Recv]	sr 0

[15:44:32]	[Recv]	cond 1 2073308 0 0 23

[15:44:32]	[Recv]	cond 1 2073308 0 0 23

[15:44:32]	[Send]	ptctl 5443 1 4988592 35 63 4988592 15
[15:44:32]	[Send]	u_s 0 3 5021694
[15:44:32]	[Send]	ncif 3 5021856
[15:44:32]	[Recv]	cond 2 4988603 0 0 15

[15:44:32]	[Recv]	cond 2 4988592 0 0 15

[15:44:32]	[Recv]	cond 2 4988592 0 0 15

[15:44:32]	[Recv]	cond 1 2073308 0 0 23

[15:44:32]	[Recv]	cond 1 2073308 0 0 23

[15:44:32]	[Send]	ptctl 5443 1 4988592 39 68 4988592 15
[15:44:32]	[Recv]	ct 3 5021845 2 5020850 -1 -1 0

[15:44:32]	[Recv]	su 3 5021845 2 5020850 0 10 11 0 0 0 1 91 502 0 0 84186 92062

[15:44:32]	[Recv]	ct 1 2073308 3 5021694 -1 -1 1114

[15:44:32]	[Recv]	rc 1 2073308 200 0

[15:44:32]	[Recv]	su 1 2073308 3 5021694 1114 7 11 4260 0 0 0 0 28942 0 0 0 32371

[15:44:32]	[Recv]	lev 99 0 99 0 2140719000 5991794 66992052 2 0 90 917705181 0

[15:44:32]	[Recv]	cond 1 2073308 0 0 23

[15:44:32]	[Recv]	bf 1 2073308 0.4254.80 99

[15:44:32]	[Recv]	sayi 1 2073308 20 26 3 4254 0 0 0

[15:44:32]	[Recv]	sayi 1 2073308 20 23 3 4254 0 0 0

[15:44:32]	[Recv]	st 3 5021856 99 0 80 100 215084 2828 266371 2828 0 4253.99

[15:44:33]	[Recv]	ct 3 5021703 2 4988535 -1 -1 0

[15:44:33]	[Recv]	su 3 5021703 2 4988535 0 10 11 4806 0 0 0 0 542 3 0 0 501

[15:44:33]	[Recv]	cond 2 4988592 0 0 15

[15:44:33]	[Send]	ptctl 5443 2 4988603 36 68 4988592 35 68 4988603 15
[15:44:33]	[Recv]	ct 3 5021951 2 4988592 -1 -1 779

[15:44:33]	[Recv]	ct 2 5020852 3 5021700 -1 -1 0

[15:44:33]	[Recv]	su 2 5020852 3 5021700 0 10 11 0 0 0 1 100 1 0 0 120117 120121

[15:44:33]	[Recv]	cond 1 2073308 0 0 23

[15:44:33]	[Recv]	cond 1 2073308 0 0 23

[15:44:33]	[Send]	ptctl 5443 1 4988592 39 68 4988592 15
[15:44:33]	[Recv]	cond 2 4988603 0 0 15

[15:44:33]	[Recv]	cond 2 4988592 0 0 15

[15:44:33]	[Recv]	ct 3 5021950 2 4988534 -1 -1 779

[15:44:33]	[Recv]	st 2 5020850 94 0 91 100 84186 184124 92062 184124 0

[15:44:33]	[Recv]	eff 2 5020850 7739

[15:44:33]	[Recv]	cond 2 4988592 0 0 15

[15:44:33]	[Send]	pulse 6600 0
[15:44:33]	[Send]	ncif 3 5021856
[15:44:33]	[Send]	u_s 0 3 5021856
[15:44:33]	[Recv]	sp 414580 1000000 0 10000

[15:44:33]	[Recv]	umi 5060.340 5676.-1 5797.-1 13459.-2

[15:44:33]	[Recv]	ct 2 4988534 3 5021951 -1 -1 0

[15:44:33]	[Recv]	su 2 4988534 3 5021951 0 11 11 4948 0 0 1 89 580 0 0 4583 5170

[15:44:33]	[Recv]	dm 2 4988603 594 1

[15:44:33]	[Recv]	sr 0

[15:44:33]	[Recv]	dm 1 2073308 594 1

[15:44:33]	[Recv]	st 3 5021856 99 0 80 100 215084 2828 266371 2828 0 4253.99

[15:44:33]	[Recv]	ct 3 5021702 2 5020852 -1 -1 0

[15:44:33]	[Recv]	su 3 5021702 2 5020852 0 10 11 0 0 0 1 96 505 0 0 89104 92062

[15:44:33]	[Recv]	ct 3 5021700 2 5020852 -1 -1 0

[15:44:33]	[Recv]	su 3 5021700 2 5020852 0 10 11 0 0 0 1 96 503 0 0 88601 92062

[15:44:33]	[Recv]	cond 1 2073308 0 0 23

[15:44:33]	[Recv]	cond 1 2073308 0 0 23

[15:44:34]	[Recv]	ct 2 4988543 3 5021950 -1 -1 0

[15:44:34]	[Recv]	su 2 4988543 3 5021950 0 11 11 4948 0 0 1 89 580 0 0 4581 5170

[15:44:34]	[Recv]	st 2 5020851 94 0 90 100 82913 184124 92062 184124 0

[15:44:34]	[Recv]	ct 2 5020851 3 5021856 -1 -1 0

[15:44:34]	[Recv]	su 2 5020851 3 5021856 0 10 11 0 0 0 1 80 0 1 0 215084 266371

[15:44:34]	[Recv]	eff 2 5020851 7739

[15:44:34]	[Recv]	ct 1 2073308 3 5021856 -1 -1 1114

[15:44:34]	[Recv]	eff 1 2073308 15

[15:44:34]	[Recv]	rc 1 2073308 200 0

[15:44:34]	[Recv]	su 1 2073308 3 5021856 1114 7 11 4260 0 0 0 0 257695 3 0 0 266371

[15:44:34]	[Recv]	lev 99 0 99 0 2140719000 5991794 66992052 2 0 90 917705181 0

[15:44:34]	[Send]	ptctl 5443 1 4988603 37 69 4988603 15
[15:44:34]	[Send]	ncif 3 5021951
[15:44:34]	[Send]	ptctl 5443 1 4988592 35 65 4988592 15
[15:44:34]	[Recv]	ct 3 5021853 2 4988534 -1 -1 0

[15:44:34]	[Recv]	su 3 5021853 2 4988534 0 10 11 4806 0 0 1 15 425 0 0 76 501

[15:44:34]	[Recv]	su 3 5021853 2 4988543 0 10 11 4806 0 0 1 2 488 6 0 13 501

[15:44:34]	[Recv]	st 2 5020852 94 0 96 100 88601 184124 92062 184124 0

[15:44:34]	[Recv]	eff 2 5020852 7739

[15:44:34]	[Recv]	cond 2 4988603 0 0 15

[15:44:34]	[Recv]	st 3 5021951 90 0 89 100 4580 2369 5170 2369 0

[15:44:34]	[Send]	ptctl 5443 2 4988603 32 69 4988592 32 67 4988603 15
[15:44:34]	[Recv]	ct 3 5021705 2 5020852 -1 -1 0

[15:44:34]	[Recv]	su 3 5021705 2 5020852 0 10 11 4806 0 0 1 96 502 0 0 89019 92062

[15:44:34]	[Recv]	cond 2 4988592 0 0 15

[15:44:34]	[Recv]	cond 1 2073308 0 0 23

[15:44:34]	[Recv]	cond 1 2073308 0 0 23

[15:44:34]	[Send]	ptctl 5443 1 4988592 34 64 4988592 15
[15:44:34]	[Recv]	out 2 4988535

[15:44:34]	[Recv]	cond 2 4988603 0 0 15

[15:44:34]	[Recv]	cond 2 4988592 0 0 15

[15:44:34]	[Send]	u_s 0 3 5021951
[15:44:34]	[Recv]	sr 0

[15:44:34]	[Recv]	cond 2 4988592 0 0 15

[15:44:34]	[Recv]	ct 3 5021857 2 4988592 -1 -1 0

[15:44:34]	[Recv]	su 3 5021857 2 4988592 0 10 11 0 0 0 1 56 113 0 0 32671 57771

[15:44:34]	[Recv]	ct 3 5021849 2 4988592 -1 -1 771

[15:44:34]	[Recv]	su 3 5021849 2 4988592 771 10 11 7722 0 0 1 56 150 0 0 32521 57771

[15:44:34]	[Recv]	su 3 5021849 2 4988534 771 10 11 7722 0 0 0 0 353 5 0 0 501

[15:44:34]	[Recv]	su 3 5021849 2 4988543 771 10 11 7722 0 0 0 0 1176 5 0 0 501

[15:44:34]	[Recv]	su 3 5021849 2 4988603 771 10 11 7722 0 0 1 7 0 4 0 1375 19451

[15:44:34]	[Recv]	cond 1 2073308 0 0 23

[15:44:34]	[Recv]	cond 1 2073308 0 0 23

[15:44:34]	[Send]	ptctl 5443 1 4988603 31 65 4988603 15
[15:44:35]	[Recv]	su 3 5021951 2 4988592 779 30 11 3617 0 0 1 55 295 0 0 32226 57771

[15:44:35]	[Recv]	dm 2 4988592 3000 1

[15:44:35]	[Recv]	ct 3 5021855 2 4988592 -1 -1 0

[15:44:35]	[Recv]	su 3 5021855 2 4988592 0 10 11 4806 0 0 1 50 113 0 0 29113 57771

[15:44:35]	[Recv]	ct 3 5021848 2 4988592 -1 -1 0

[15:44:35]	[Recv]	su 3 5021848 2 4988592 0 10 11 4806 0 0 1 50 113 3 0 29000 57771

[15:44:35]	[Recv]	ct 3 5021845 2 5020850 -1 -1 0

[15:44:35]	[Recv]	su 3 5021845 2 5020850 0 10 11 0 0 0 1 91 501 0 0 84605 92062

[15:44:35]	[Recv]	ct 1 2073308 3 5021951 -1 -1 1114

[15:44:35]	[Recv]	eff 1 2073308 15

[15:44:35]	[Recv]	rc 1 2073308 200 0

[15:44:35]	[Recv]	su 1 2073308 3 5021951 1114 7 11 4260 0 0 0 0 110136 0 0 0 5170

[15:44:35]	[Recv]	lev 99 0 99 0 2140719000 5991794 66992052 2 0 90 917705181 0

[15:44:35]	[Recv]	cond 2 4988603 0 0 15

[15:44:35]	[Send]	ptctl 5443 2 4988603 38 67 4988592 40 65 4988603 15
[15:44:35]	[Recv]	cond 1 2073308 0 0 23

[15:44:35]	[Recv]	cond 1 2073308 0 0 23

[15:44:35]	[Send]	ptctl 5443 1 4988592 41 65 4988592 15
[15:44:35]	[Recv]	die 3 5021951 3 5021951

[15:44:35]	[Recv]	su 3 5021950 3 5021950 779 30 11 3617 0 0 1 89 0 2 0 4575 5170

[15:44:35]	[Recv]	cond 2 4988603 0 0 15

[15:44:35]	[Recv]	cond 2 4988592 0 0 15

[15:44:35]	[Recv]	cond 1 2073308 0 0 23

[15:44:35]	[Recv]	cond 1 2073308 0 0 23

[15:44:35]	[Send]	ptctl 5443 2 4988603 39 67 4988592 42 65 4988603 15
[15:44:35]	[Recv]	ct 2 5020852 3 5021700 -1 -1 0

[15:44:35]	[Recv]	su 2 5020852 3 5021700 0 10 11 0 0 0 1 100 1 0 0 120116 120121

[15:44:35]	[Recv]	st 2 5020850 94 0 91 100 84605 184124 92062 184124 0

[15:44:35]	[Recv]	cond 2 4988592 0 0 15

[15:44:35]	[Recv]	cond 2 4988603 0 0 15

[15:44:35]	[Recv]	cond 2 4988592 0 0 15

[15:44:35]	[Send]	ptctl 5443 2 4988603 40 67 4988592 43 65 4988603 15
[15:44:35]	[Recv]	eff 3 5021951 3617

[15:44:35]	[Recv]	dm 2 4988603 594 1

[15:44:35]	[Recv]	sr 0

[15:44:35]	[Recv]	dm 1 2073308 594 1

[15:44:35]	[Recv]	cond 2 4988603 0 0 15

[15:44:35]	[Recv]	cond 2 4988592 0 0 15

[15:44:35]	[Send]	ptctl 5443 2 4988603 41 67 4988592 44 65 4988603 15
[15:44:35]	[Recv]	cond 2 4988603 0 0 15

[15:44:35]	[Recv]	cond 2 4988592 0 0 15

[15:44:36]	[Send]	ncif 3 5021702
[15:44:36]	[Recv]	ct 3 5021702 2 5020852 -1 -1 0

[15:44:36]	[Recv]	su 3 5021702 2 5020852 0 10 11 0 0 0 1 96 505 0 0 88514 92062

[15:44:36]	[Recv]	ct 3 5021700 2 5020852 -1 -1 0

[15:44:36]	[Recv]	su 3 5021700 2 5020852 0 10 11 0 0 0 1 95 502 0 0 88012 92062

[15:44:36]	[Recv]	st 2 5020851 94 0 91 100 83833 184124 92062 184124 0

[15:44:36]	[Recv]	st 3 5021702 99 0 100 100 120119 2828 120121 2828 0

[15:44:36]	[Recv]	ct 3 5021858 1 2073308 -1 -1 0

[15:44:36]	[Recv]	su 3 5021858 1 2073308 0 10 11 0 0 0 1 86 0 1 0 82219 95497

[15:44:36]	[Recv]	ct 3 5021854 2 5020852 -1 -1 771

[15:44:36]	[Recv]	su 3 5021854 2 5020852 771 10 11 7722 0 0 1 95 502 0 0 87510 92062

[15:44:36]	[Recv]	sc_p 170 1548 4988592 96 578 24124870 0 0 1889 2049 1289 19 90 9 975 627 958 627 866 3 90 90 110 80 29000 57771 18100 18100 1 84982200 0 @ 0 0 6 60 1831 1798 0 100

[15:44:36]	[Recv]	dm 2 4988592 594 1

[15:44:36]	[Recv]	st 2 5020852 94 0 95 100 87510 184124 92062 184124 0

[15:44:36]	[Send]	ptctl 5443 1 4988592 48 65 4988592 15
[15:44:36]	[Recv]	out 2 4988534

[15:44:36]	[Recv]	out 2 4988543

[15:44:36]	[Recv]	cond 2 4988592 0 0 15

[15:44:36]	[Send]	ptctl 5443 1 4988603 46 67 4988603 15
[15:44:36]	[Recv]	ct 3 5021705 2 5020852 -1 -1 0

[15:44:36]	[Recv]	su 3 5021705 2 5020852 0 10 11 4806 0 0 1 95 503 0 0 87927 92062

[15:44:36]	[Recv]	cond 2 4988603 0 0 15

[15:44:36]	[Send]	u_s 0 3 5021702
[15:44:36]	[Recv]	cond 2 4988535 0 0 9

[15:44:36]	[Recv]	petski 334 1831 1798

[15:44:36]	[Recv]	pet_cool2  0 0 0

[15:44:36]	[Recv]	pinit 2 2|4988603|0|94|@|-1|3206|1|2723|0|0 2|4988592|1|96|@|-1|1548|0|0|0|60

[15:44:36]	[Recv]	cond 1 2073308 0 0 23

[15:44:36]	[Recv]	cond 1 2073308 0 0 23

[15:44:37]	[Send]	ncif 3 5021702
[15:44:37]	[Recv]	ct 3 5021849 1 2073308 -1 -1 771

[15:44:37]	[Recv]	sayi 1 2073308 20 24 0 0 0 0 0

[15:44:37]	[Recv]	su 3 5021849 1 2073308 771 10 11 7722 0 0 1 85 447 0 0 81772 95497

[15:44:37]	[Recv]	su 3 5021849 2 4988592 771 10 11 7722 0 0 1 49 0 4 0 28406 57771

[15:44:37]	[Recv]	su 3 5021849 2 4988603 771 10 11 7722 0 0 1 2 329 5 0 452 19451

[15:44:37]	[Recv]	su 3 5021849 2 5020852 771 10 11 7722 0 0 1 95 504 5 0 87423 92062

[15:44:37]	[Recv]	ct 1 2073308 3 5021702 -1 -1 1114

[15:44:37]	[Recv]	su 1 2073308 3 5021702 1114 7 11 4260 0 0 1 100 0 4 0 120119 120121

[15:44:37]	[Recv]	cond 1 2073308 0 0 23

[15:44:37]	[Recv]	cond 1 2073308 0 0 23

[15:44:37]	[Send]	ptctl 5443 1 4988603 41 64 4988603 15
[15:44:37]	[Recv]	cond 1 2073308 0 0 19

[15:44:37]	[Recv]	cond 1 2073308 0 0 19

[15:44:37]	[Recv]	sayi 1 2073308 20 22 3 4117 0 0 0

[15:44:37]	[Recv]	bf 1 2073308 0.4117.0 99

[15:44:37]	[Recv]	st 3 5021702 99 0 100 100 120119 2828 120121 2828 0

[15:44:37]	[Recv]	ct 3 5021845 2 5020850 -1 -1 0

[15:44:37]	[Recv]	su 3 5021845 2 5020850 0 10 11 0 0 0 1 92 504 3 0 85021 92062

[15:44:37]	[Recv]	cond 2 4988603 0 0 15

[15:44:37]	[Send]	ptctl 5443 1 4988592 52 65 4988592 15
[15:44:37]	[Recv]	st 2 5020850 94 0 92 100 85021 184124 92062 184124 0

[15:44:37]	[Recv]	cond 2 4988592 0 0 15

[15:44:37]	[Send]	ncif 3 5021855
[15:44:37]	[Send]	ptctl 5443 1 4988592 46 65 4988592 15
[15:44:37]	[Recv]	dm 2 4988603 451 1

[15:44:37]	[Recv]	ct 2 5020852 3 5021700 -1 -1 0

[15:44:37]	[Recv]	su 2 5020852 3 5021700 0 10 11 0 0 0 1 100 1 0 0 120115 120121

[15:44:37]	[Recv]	st 3 5021855 99 0 100 100 90871 2828 90871 2828 0

[15:44:37]	[Recv]	sr 0

[15:44:37]	[Recv]	sr 1

[15:44:37]	[Recv]	dm 1 2073308 594 1

[15:44:37]	[Recv]	cond 2 4988592 0 0 15

[15:44:37]	[Recv]	ct 3 5021857 1 2073308 -1 -1 0

[15:44:37]	[Recv]	cond 1 2073308 0 1 19

[15:44:37]	[Recv]	cond 1 2073308 1 1 19

[15:44:37]	[Recv]	bf 1 2073308 0.100.20 99

[15:44:37]	[Recv]	sayi 1 2073308 20 26 3 100 0 0 0

[15:44:37]	[Recv]	su 3 5021857 1 2073308 0 10 11 0 0 0 1 84 448 0 0 80730 95497

[15:44:37]	[Recv]	ct 3 5021855 2 4988603 -1 -1 0

[15:44:37]	[Recv]	su 3 5021855 2 4988603 0 10 11 4806 0 0 0 0 114 0 0 0 19451

[15:44:37]	[Recv]	ctl 2 4988603 3 0

[15:44:37]	[Recv]	ivn 2 112.2329.522.0

[15:44:37]	[Recv]	su 3 5021855 1 2073308 0 10 11 4806 0 0 1 84 450 5 0 80280 95497

[15:44:37]	[Recv]	ct 3 5021848 2 4988603 -1 -1 0

[15:44:37]	[Recv]	su 3 5021848 3 5021848 0 10 11 4806 0 0 1 100 0 2 0 90871 90871

[15:44:37]	[Recv]	ct 3 5021703 2 4988603 -1 -1 0

[15:44:37]	[Recv]	su 3 5021703 3 5021703 0 10 11 4806 0 0 1 89 0 2 0 81076 90871

[15:44:37]	[Send]	suctl 5443 1 4988603 3 5021855
[15:44:38]	[Recv]	st 2 5020851 94 0 92 100 84753 184124 92062 184124 0

[15:44:38]	[Recv]	ct 3 5021702 2 5020852 -1 -1 0

[15:44:38]	[Recv]	su 3 5021702 2 5020852 0 10 11 0 0 0 1 94 503 0 0 86920 92062

[15:44:38]	[Recv]	ct 3 5021700 2 5020852 -1 -1 0

[15:44:38]	[Recv]	su 3 5021700 2 5020852 0 10 11 0 0 0 1 93 505 0 0 86415 92062

[15:44:38]	[Recv]	dm 2 4988592 594 1

[15:44:38]	[Recv]	st 2 5020852 94 0 93 100 86415 184124 92062 184124 0

[15:44:38]	[Recv]	ct 3 5021854 2 5020852 -1 -1 771

[15:44:38]	[Recv]	su 3 5021854 2 5020852 771 10 11 7722 0 0 1 94 501 0 0 86834 92062

[15:44:38]	[Recv]	eff 2 5020850 7739

[15:44:38]	[Recv]	msgi2 0 905 14 Nikus666 3027 

[15:44:38]	[Recv]	in 3 776 5021959 6 38 7 100 100 0 0 0 -1 0 0 -1 - 0 -1 0 0 0 0 0 0 0 0 0 0 0 0

[15:44:38]	[Recv]	msgi 0 679 0 0 0 0 0

[15:44:38]	[Recv]	in 3 718 5021960 6 40 2 100 100 0 0 0 -1 0 0 -1 - 0 -1 0 0 0 0 0 0 0 0 0 0 0 0

[15:44:38]	[Recv]	msgi 0 679 0 0 0 0 0

[15:44:38]	[Recv]	in 3 702 5021961 6 42 1 100 100 0 0 0 -1 0 0 -1 - 0 -1 0 0 0 0 0 0 0 0 0 0 0 0

[15:44:38]	[Recv]	msgi 0 679 0 0 0 0 0

[15:44:38]	[Recv]	in 3 776 5021962 7 34 6 100 100 0 0 0 -1 0 0 -1 - 0 -1 0 0 0 0 0 0 0 0 0 0 0 0

[15:44:38]	[Recv]	msgi 0 679 0 0 0 0 0

[15:44:38]	[Recv]	in 3 702 5021963 7 40 3 100 100 0 0 0 -1 0 0 -1 - 0 -1 0 0 0 0 0 0 0 0 0 0 0 0

[15:44:38]	[Recv]	msgi 0 679 0 0 0 0 0

[15:44:38]	[Recv]	in 3 701 5021964 37 8 6 100 100 0 0 0 -1 0 0 -1 - 0 -1 0 0 0 0 0 0 0 0 0 0 0 0

[15:44:38]	[Recv]	msgi 0 679 0 0 0 0 0

[15:44:38]	[Recv]	in 3 713 5021965 38 6 2 100 100 0 0 0 -1 0 0 -1 - 0 -1 0 0 0 0 0 0 0 0 0 0 0 0

[15:44:38]	[Recv]	msgi 0 679 0 0 0 0 0

[15:44:38]	[Recv]	in 3 702 5021966 38 7 3 100 100 0 0 0 -1 0 0 -1 - 0 -1 0 0 0 0 0 0 0 0 0 0 0 0

[15:44:38]	[Recv]	msgi 0 679 0 0 0 0 0

[15:44:38]	[Recv]	in 3 776 5021967 40 6 7 100 100 0 0 0 -1 0 0 -1 - 0 -1 0 0 0 0 0 0 0 0 0 0 0 0

[15:44:38]	[Recv]	msgi 0 679 0 0 0 0 0

[15:44:38]	[Recv]	in 3 702 5021968 40 7 7 100 100 0 0 0 -1 0 0 -1 - 0 -1 0 0 0 0 0 0 0 0 0 0 0 0

[15:44:38]	[Recv]	msgi 0 679 0 0 0 0 0

[15:44:38]	[Recv]	in 3 701 5021969 40 9 4 100 100 0 0 0 -1 0 0 -1 - 0 -1 0 0 0 0 0 0 0 0 0 0 0 0

[15:44:38]	[Recv]	msgi 0 679 0 0 0 0 0

[15:44:38]	[Recv]	in 3 713 5021970 42 6 5 100 100 0 0 0 -1 0 0 -1 - 0 -1 0 0 0 0 0 0 0 0 0 0 0 0

[15:44:38]	[Recv]	msgi 0 679 0 0 0 0 0

[15:44:38]	[Recv]	in 3 701 5021971 42 8 2 100 100 0 0 0 -1 0 0 -1 - 0 -1 0 0 0 0 0 0 0 0 0 0 0 0

[15:44:38]	[Recv]	msgi 0 679 0 0 0 0 0

[15:44:38]	[Recv]	in 3 776 5021972 44 6 7 100 100 0 0 0 -1 0 0 -1 - 0 -1 0 0 0 0 0 0 0 0 0 0 0 0

[15:44:38]	[Recv]	msgi 0 679 0 0 0 0 0

[15:44:38]	[Recv]	in 3 702 5021973 70 40 1 100 100 0 0 0 -1 0 0 -1 - 0 -1 0 0 0 0 0 0 0 0 0 0 0 0

[15:44:38]	[Recv]	msgi 0 679 0 0 0 0 0

[15:44:38]	[Recv]	in 3 702 5021974 71 40 4 100 100 0 0 0 -1 0 0 -1 - 0 -1 0 0 0 0 0 0 0 0 0 0 0 0

[15:44:38]	[Recv]	msgi 0 679 0 0 0 0 0

[15:44:38]	[Recv]	in 3 776 5021975 72 39 5 100 100 0 0 0 -1 0 0 -1 - 0 -1 0 0 0 0 0 0 0 0 0 0 0 0

[15:44:38]	[Recv]	msgi 0 679 0 0 0 0 0

[15:44:38]	[Recv]	in 3 718 5021976 72 40 5 100 100 0 0 0 -1 0 0 -1 - 0 -1 0 0 0 0 0 0 0 0 0 0 0 0

[15:44:38]	[Recv]	msgi 0 679 0 0 0 0 0

[15:44:38]	[Recv]	in 3 776 5021977 72 42 6 100 100 0 0 0 -1 0 0 -1 - 0 -1 0 0 0 0 0 0 0 0 0 0 0 0

[15:44:38]	[Recv]	msgi 0 679 0 0 0 0 0

[15:44:38]	[Recv]	sp 414570 1000000 0 10000

[15:44:38]	[Recv]	eff 3 5021976 5000

[15:44:38]	[Recv]	eff 3 5021972 5000

[15:44:38]	[Recv]	eff 3 5021970 5000

[15:44:38]	[Recv]	eff 3 5021968 5000

[15:44:38]	[Recv]	eff 3 5021965 5000

[15:44:38]	[Recv]	eff 3 5021962 5000

[15:44:38]	[Recv]	ct 3 5021859 1 2073308 -1 -1 0

[15:44:38]	[Recv]	su 3 5021859 1 2073308 0 12 11 0 0 0 1 83 450 0 0 79830 95497

[15:44:38]	[Recv]	in 3 804 5021978 41 66 2 100 100 0 0 0 -1 0 0 -1 - 0 -1 0 0 0 0 0 0 0 0 0 0 0 0

[15:44:38]	[Recv]	in 3 804 5021979 41 65 2 100 100 0 0 0 -1 0 0 -1 - 0 -1 0 0 0 0 0 0 0 0 0 0 0 0

[15:44:38]	[Recv]	cond 2 4988543 0 0 9

[15:44:38]	[Recv]	petski 334 1831 1798

[15:44:38]	[Recv]	pet_cool2  0 0 0

[15:44:38]	[Recv]	pinit 2 2|4988603|0|94|@|-1|3206|1|2723|0|0 2|4988592|1|96|@|-1|1548|0|0|0|60

[15:44:38]	[Send]	ncif 3 5021855
[15:44:38]	[Send]	ptctl 5443 1 4988592 41 65 4988592 15
[15:44:38]	[Recv]	cond 2 4988534 0 0 9

[15:44:38]	[Recv]	petski 334 1831 1798

[15:44:38]	[Recv]	pet_cool2  0 0 0

[15:44:38]	[Recv]	pinit 2 2|4988603|0|94|@|-1|3206|1|2723|0|0 2|4988592|1|96|@|-1|1548|0|0|0|60

[15:44:38]	[Recv]	sayi 1 2073308 20 22 3 1029 0 0 0

[15:44:38]	[Recv]	bf 1 2073308 0.1029.0 99

[15:44:38]	[Recv]	sayi 1 2073308 10 25 3 3097 0 0 0

[15:44:38]	[Recv]	bf 1 2073308 0.3097.0 99

[15:44:38]	[Recv]	st 3 5021855 99 0 100 100 90871 2828 90871 2828 0

[15:44:38]	[Recv]	eff 3 5021979 5000

[15:44:38]	[Recv]	ct 3 5021705 2 5020852 -1 -1 0

[15:44:38]	[Recv]	su 3 5021705 2 5020852 0 10 11 4806 0 0 1 93 504 0 0 86330 92062

[15:44:38]	[Recv]	cond 2 4988592 0 0 15

[15:44:39]	[Recv]	ct 3 5021858 1 2073308 -1 -1 0

[15:44:39]	[Recv]	su 3 5021858 1 2073308 0 10 11 0 0 0 1 83 450 0 0 79380 95497

[15:44:39]	[Recv]	ct 3 5021853 1 2073308 -1 -1 0

[15:44:39]	[Recv]	su 3 5021853 1 2073308 0 10 11 4806 0 0 1 82 450 3 0 78930 95497

[15:44:39]	[Recv]	su 3 5021853 2 4988592 0 10 11 4806 0 0 1 48 23 6 0 27789 57771

[15:44:39]	[Recv]	eff 2 5020851 7739

[15:44:39]	[Send]	ptctl 5443 1 4988592 46 69 4988592 15
[15:44:39]	[Recv]	ct 3 5021979 2 4988592 -1 -1 779

[15:44:39]	[Recv]	ct 3 5021849 1 2073308 -1 -1 771

[15:44:39]	[Recv]	sayi 1 2073308 20 24 0 0 0 0 0

[15:44:39]	[Recv]	su 3 5021849 1 2073308 771 10 11 7722 0 0 1 82 448 0 0 78482 95497

[15:44:39]	[Recv]	su 3 5021849 2 4988592 771 10 11 7722 0 0 1 48 0 4 0 27789 57771

[15:44:39]	[Recv]	out 2 4988603

[15:44:39]	[Recv]	in 2 2673 4988603 40 63 2 49 100 0 0 3 2073308 1 0 3206 @ 1 6 1 1880 1881 1882 4237 4238 4239 0 2723 0 0 0

[15:44:39]	[Recv]	cond 2 4988603 0 0 11

[15:44:39]	[Recv]	pski 1880 1881 1882

[15:44:39]	[Recv]	pinit 2 2|4988603|0|94|@|-1|3206|1|2723|0|0 2|4988592|1|96|@|-1|1548|0|0|0|60

[15:44:39]	[Recv]	eff 2 5020852 7739

[15:44:39]	[Recv]	cond 2 4988592 0 0 15

[15:44:39]	[Send]	suctl 5443 1 4988603 3 5021855
[15:44:39]	[Recv]	ct 3 5021845 2 5020850 -1 -1 0

[15:44:39]	[Recv]	su 3 5021845 2 5020850 0 10 11 0 0 0 1 92 504 0 0 85437 92062

[15:44:39]	[Recv]	st 2 5020850 94 0 92 100 85437 184124 92062 184124 0

[15:44:39]	[Recv]	eff 2 4988603 5005

[15:44:39]	[Send]	ptctl 5443 1 4988592 40 64 4988592 15
[15:44:39]	[Send]	ncif 3 5021855
[15:44:39]	[Recv]	ct 3 5021852 2 4988603 -1 -1 0

[15:44:39]	[Recv]	su 3 5021852 2 4988603 0 10 11 0 0 0 1 50 0 1 0 9725 19451

[15:44:39]	[Recv]	cond 2 4988592 0 0 15

[15:44:39]	[Recv]	bf 1 2073308 0.3097.3000 94

[15:44:39]	[Recv]	sayi 1 2073308 20 26 3 3097 0 0 0

[15:44:39]	[Recv]	eff_t 2 4988603 1 2073308 4766

[15:44:39]	[Recv]	cond 1 2073308 1 0 19

[15:44:39]	[Recv]	cond 1 2073308 0 0 19

[15:44:39]	[Recv]	sayi 1 2073308 20 22 3 100 0 0 0

[15:44:39]	[Recv]	bf 1 2073308 0.100.0 99

[15:44:39]	[Recv]	dm 1 2073308 594 1

[15:44:39]	[Recv]	st 3 5021855 99 0 100 100 90871 2828 90871 2828 0

[15:44:39]	[Recv]	ct 2 4988603 3 5021855 -1 -1 0

[15:44:39]	[Recv]	su 2 4988603 3 5021855 0 12 11 8360 0 0 1 88 10707 0 0 80164 90871

[15:44:39]	[Recv]	ct 2 5020852 3 5021700 -1 -1 0

[15:44:39]	[Recv]	su 2 5020852 3 5021700 0 10 11 0 0 0 1 100 1 0 0 120114 120121

[15:44:39]	[Send]	ptctl 5443 2 4988592 46 66 4988603 44 63 4988592 15
[15:44:39]	[Recv]	cond 1 2073308 0 0 19

[15:44:39]	[Recv]	cond 1 2073308 0 0 19

[15:44:40]	[Recv]	ct 3 5021857 1 2073308 -1 -1 0

[15:44:40]	[Recv]	su 3 5021857 1 2073308 0 10 11 0 0 0 1 81 0 1 0 77888 95497

[15:44:40]	[Recv]	ct 3 5021855 2 4988592 -1 -1 0

[15:44:40]	[Recv]	su 3 5021855 2 4988592 0 10 11 4806 0 0 1 47 113 0 0 27676 57771

[15:44:40]	[Recv]	su 3 5021855 2 4988603 0 10 11 4806 0 0 1 49 115 6 0 9610 19451

[15:44:40]	[Recv]	ct 3 5021848 2 4988603 -1 -1 0

[15:44:40]	[Recv]	su 3 5021848 2 4988603 0 10 11 4806 0 0 1 48 114 0 0 9496 19451

[15:44:40]	[Recv]	su 3 5021848 2 4988592 0 10 11 4806 0 0 1 47 114 6 0 27562 57771

[15:44:40]	[Recv]	ct 3 5021703 2 4988603 -1 -1 0

[15:44:40]	[Recv]	su 3 5021703 2 4988603 0 10 11 4806 0 0 1 48 113 0 0 9383 19451

[15:44:40]	[Recv]	su 3 5021703 2 4988592 0 10 11 4806 0 0 1 47 113 5 0 27449 57771

[15:44:40]	[Recv]	st 2 5020851 94 0 93 100 85673 184124 92062 184124 0

[15:44:40]	[Recv]	cond 2 4988592 0 0 15

[15:44:40]	[Recv]	cond 2 4988603 0 0 15

[15:44:40]	[Send]	ptctl 5443 1 4988592 41 65 4988592 15
[15:44:40]	[Send]	u_s 1 3 5021855
[15:44:40]	[Recv]	dm 2 4988592 594 1

[15:44:40]	[Recv]	st 2 5020852 94 0 93 100 86330 184124 92062 184124 0

[15:44:40]	[Recv]	cond 2 4988592 0 0 15

[15:44:40]	[Recv]	sayi 1 2073308 20 22 3 373 0 0 0

[15:44:40]	[Recv]	bf 1 2073308 0.373.0 99

[15:44:40]	[Recv]	cond 1 2073308 0 0 19

[15:44:40]	[Recv]	cond 1 2073308 0 0 19

[15:44:40]	[Recv]	ct 3 5021702 2 5020852 -1 -1 0

[15:44:40]	[Recv]	su 3 5021702 2 5020852 0 10 11 0 0 0 1 94 504 0 0 86746 92062

[15:44:40]	[Recv]	ct 3 5021700 2 5020852 -1 -1 0

[15:44:40]	[Recv]	su 3 5021700 2 5020852 0 10 11 0 0 0 1 93 505 0 0 86241 92062

[15:44:40]	[Recv]	ms_c 0

[15:44:40]	[Recv]	qslot 0 1.1.1 1.1.2 1.1.3 1.1.4 1.1.5 1.1.6 1.1.7 1.1.9 1.1.8 1.1.10 0.1.45 0.2.21 0.1.76 1.1.38 1.3.12 0.1.34 0.1.87 0.-1.-1 0.1.84 0.1.43 1.3.11 1.1.42 1.1.41 1.3.976 0.-1.-1 0.1.70 0.2.143 0.2.25 0.2.27 0.2.26

[15:44:40]	[Recv]	qslot 1 0.-1.-1 0.-1.-1 0.-1.-1 0.-1.-1 0.-1.-1 0.-1.-1 0.-1.-1 0.-1.-1 0.-1.-1 0.-1.-1 0.1.-1 0.1.-1 1.1.41 1.1.42 0.-1.-1 7.7.-1 7.7.-1 7.7.-1 7.7.-1 0.-1.-1 0.-1.-1 0.-1.-1 0.-1.-1 0.-1.-1 0.-1.-1 0.-1.-1 0.-1.-1 0.-1.-1 0.-1.-1 0.-1.-1

[15:44:40]	[Recv]	ct 1 2073308 3 5021855 14 4263 1115

[15:44:40]	[Recv]	ct 3 5021854 2 5020852 -1 -1 771

[15:44:40]	[Recv]	su 3 5021854 2 5020852 771 10 11 7722 0 0 1 93 502 0 0 85739 92062

[15:44:40]	[Send]	ncif 3 5021855
[15:44:40]	[Recv]	st 3 5021855 99 0 88 100 80164 2828 90871 2828 0

[15:44:40]	[Send]	ptctl 5443 1 4988603 42 63 4988603 15
[15:44:40]	[Send]	suctl 5443 1 4988603 3 5021855
[15:44:40]	[Recv]	rc 1 2073308 200 0

[15:44:40]	[Recv]	su 1 2073308 3 5021855 1115 70 12 4264 0 0 0 0 115509 3 0 0 90871

[15:44:40]	[Recv]	lev 99 0 99 0 2140719000 5991794 66992052 2 0 90 917705181 0

[15:44:40]	[Recv]	su 1 2073308 3 5021853 1115 70 12 4264 0 0 0 0 116661 6 0 0 90871

[15:44:40]	[Recv]	lev 99 0 99 0 2140719000 5991794 66992052 2 0 90 917705181 0

[15:44:40]	[Recv]	eff 1 2073308 15

[15:44:40]	[Recv]	su 1 2073308 3 5021852 1115 70 12 4264 0 0 0 0 356249 6 0 0 120121

[15:44:40]	[Recv]	lev 99 0 99 0 2140719000 5991794 66992052 2 0 90 917705181 0

[15:44:40]	[Recv]	su 1 2073308 3 5021848 1115 70 12 4264 0 0 1 55 40134 5 0 50737 90871

[15:44:40]	[Recv]	su 1 2073308 3 5021703 1115 70 12 4264 0 0 0 0 113444 6 0 0 90871

[15:44:40]	[Recv]	lev 99 0 99 0 2140719000 5991794 66992052 2 0 90 917705181 0

[15:44:40]	[Recv]	cond 1 2073308 0 0 19

[15:44:40]	[Recv]	sayi 1 2073308 20 22 3 4254 0 0 0

[15:44:40]	[Recv]	bf 1 2073308 0.4254.0 99

[15:44:40]	[Recv]	cond 2 4988603 0 0 15

[15:44:41]	[Recv]	su 3 5021979 2 4988592 779 30 11 3617 0 0 1 46 307 0 0 26548 57771

[15:44:41]	[Recv]	dm 2 4988592 3000 1

[15:44:41]	[Recv]	ct 3 5021850 2 5020851 -1 -1 0

[15:44:41]	[Recv]	su 3 5021850 2 5020851 0 10 11 0 0 0 1 93 502 0 0 86091 92062

[15:44:41]	[Recv]	ct 3 5021705 2 5020852 -1 -1 0

[15:44:41]	[Recv]	su 3 5021705 2 5020852 0 10 11 4806 0 0 1 92 501 0 0 85238 92062

[15:44:41]	[Send]	ptctl 5443 1 4988592 40 64 4988592 15
[15:44:41]	[Recv]	die 3 5021979 3 5021979

[15:44:41]	[Recv]	ct 3 5021859 1 2073308 -1 -1 0

[15:44:41]	[Recv]	su 3 5021859 1 2073308 0 12 11 0 0 0 1 81 450 3 0 77638 95497

[15:44:41]	[Recv]	in 3 804 5021985 44 66 2 100 100 0 0 0 -1 0 0 -1 - 0 -1 0 0 0 0 0 0 0 0 0 0 0 0

[15:44:41]	[Recv]	in 3 804 5021986 44 64 2 100 100 0 0 0 -1 0 0 -1 - 0 -1 0 0 0 0 0 0 0 0 0 0 0 0

[15:44:41]	[Recv]	ct 3 5021858 2 4988592 -1 -1 0

[15:44:41]	[Recv]	su 3 5021858 2 4988592 0 10 11 0 0 0 1 40 113 0 0 23435 57771

[15:44:41]	[Recv]	cond 2 4988592 0 0 15

[15:44:41]	[Recv]	eff 3 5021986 5000

[15:44:41]	[Recv]	eff 3 5021985 5000

[15:44:41]	[Recv]	ct 3 5021950 2 5020851 -1 -1 779

[15:44:41]	[Recv]	ct 3 5021849 2 4988603 -1 -1 771

[15:44:41]	[Recv]	su 3 5021849 2 4988603 771 10 11 7722 0 0 1 48 0 4 0 9383 19451

[15:44:41]	[Recv]	bf 1 2073308 0.373.300 99

[15:44:41]	[Recv]	sayi 1 2073308 20 26 3 373 0 0 0

[15:44:41]	[Recv]	su 3 5021849 1 2073308 771 10 11 7722 0 0 1 80 447 5 0 77191 95497

[15:44:41]	[Recv]	su 3 5021849 2 4988592 771 10 11 7722 0 0 1 40 0 4 0 23435 57771

[15:44:41]	[Recv]	st 2 5020850 94 0 93 100 86357 184124 92062 184124 0

[15:44:41]	[Send]	ptctl 5443 1 4988592 38 62 4988592 15
[15:44:41]	[Send]	ncif 3 5021978
[15:44:41]	[Recv]	cond 2 4988592 0 0 15

[15:44:41]	[Recv]	eff 3 5021979 3617

[15:44:41]	[Recv]	ct 3 5021845 2 5020850 -1 -1 0

[15:44:41]	[Recv]	su 3 5021845 2 5020850 0 10 11 0 0 0 1 94 504 0 0 86773 92062

[15:44:41]	[Recv]	st 3 5021978 90 0 100 100 5155 2369 5170 2369 0

[15:44:41]	[Recv]	dm 1 2073308 594 1

[15:44:41]	[Send]	u_s 0 3 5021978
[15:44:41]	[Recv]	ct 3 5021986 1 2073308 -1 -1 779

[15:44:41]	[Recv]	ct 3 5021985 1 2073308 -1 -1 779

[15:44:41]	[Recv]	ct 1 2073308 3 5021978 -1 -1 1114

[15:44:41]	[Recv]	eff 1 2073308 15

[15:44:41]	[Recv]	rc 1 2073308 200 0

[15:44:41]	[Recv]	su 1 2073308 3 5021978 1114 7 11 4260 0 0 0 0 313909 3 0 0 5170

[15:44:41]	[Recv]	lev 99 0 99 0 2140719000 5991794 66992052 2 0 90 917705181 0

[15:44:41]	[Send]	ptctl 5443 1 4988592 43 62 4988592 15
[15:44:42]	[Recv]	ct 2 5020852 3 5021700 -1 -1 0

[15:44:42]	[Recv]	su 2 5020852 3 5021700 0 10 11 0 0 0 1 100 1 0 0 120113 120121

[15:44:42]	[Recv]	st 2 5020851 94 0 93 100 86091 184124 92062 184124 0

[15:44:42]	[Send]	suctl 5443 1 4988603 3 5021978
[15:44:42]	[Recv]	cond 2 4988592 0 0 15

[15:44:42]	[Send]	ptctl 5443 2 4988592 45 62 4988603 47 65 4988592 15
[15:44:42]	[Recv]	eff 3 5021978 3617

[15:44:42]	[Recv]	ct 3 5021857 2 4988603 -1 -1 0

[15:44:42]	[Recv]	su 3 5021857 2 4988603 0 10 11 0 0 0 1 48 0 1 0 9383 19451

[15:44:42]	[Recv]	dm 2 4988592 594 1

[15:44:42]	[Recv]	st 2 5020852 94 0 92 100 85238 184124 92062 184124 0

[15:44:42]	[Recv]	cond 1 2073308 0 0 19

[15:44:42]	[Recv]	cond 1 2073308 0 0 19

[15:44:42]	[Send]	ptctl 5443 2 4988592 46 64 4988603 48 64 4988592 15
[15:44:42]	[Recv]	cond 2 4988592 0 0 15

[15:44:42]	[Recv]	cond 2 4988603 0 0 15

[15:44:42]	[Send]	ncif 3 5021978
[15:44:42]	[Recv]	cond 2 4988592 0 0 15

[15:44:42]	[Recv]	cond 2 4988603 0 0 15

[15:44:42]	[Recv]	ct 3 5021702 2 5020852 -1 -1 0

[15:44:42]	[Recv]	su 3 5021702 2 5020852 0 10 11 0 0 0 1 93 502 0 0 85656 92062

[15:44:42]	[Recv]	ct 3 5021700 2 5020852 -1 -1 0

[15:44:42]	[Recv]	su 3 5021700 2 5020852 0 10 11 0 0 0 1 92 504 0 0 85152 92062

[15:44:42]	[Recv]	sr 0

[15:44:42]	[Send]	ptctl 5443 2 4988592 48 62 4988603 51 63 4988592 15
[15:44:42]	[Recv]	ct 3 5021854 2 5020852 -1 -1 771

[15:44:42]	[Recv]	su 3 5021854 2 5020852 771 10 11 7722 0 0 1 92 505 0 0 84647 92062

[15:44:42]	[Recv]	su 3 5021854 1 2073308 771 10 11 7722 0 0 1 80 0 4 0 76797 95497

[15:44:42]	[Recv]	cond 1 2073308 0 0 19

[15:44:42]	[Recv]	cond 1 2073308 0 0 19

[15:44:42]	[Recv]	cond 2 4988592 0 0 15

[15:44:42]	[Recv]	cond 2 4988603 0 0 15

[15:44:43]	[Send]	ncif 3 5021977
[15:44:43]	[Recv]	st 3 5021977 99 0 100 100 266371 2828 266371 2828 0

[15:44:43]	[Recv]	su 3 5021950 2 5020851 779 30 11 3617 0 0 1 91 2863 0 0 84148 92062

[15:44:43]	[Recv]	dm 2 5020851 3000 1

[15:44:43]	[Recv]	ct 3 5021705 2 5020852 -1 -1 0

[15:44:43]	[Recv]	su 3 5021705 2 5020852 0 10 11 4806 0 0 1 91 508 3 0 84139 92062

[15:44:43]	[Recv]	su 3 5021705 1 2073308 0 10 11 4806 0 0 1 80 450 6 0 76347 95497

[15:44:43]	[Send]	ptctl 5443 1 4988592 52 62 4988592 15
[15:44:43]	[Recv]	die 3 5021950 3 5021950

[15:44:43]	[Recv]	st 2 5020850 94 0 94 100 86773 184124 92062 184124 0

[15:44:43]	[Recv]	eff 2 5020850 7739

[15:44:43]	[Recv]	cond 2 4988592 0 0 15

[15:44:43]	[Send]	u_s 8 3 5021977
[15:44:43]	[Recv]	sp 414560 1000000 0 10000

[15:44:43]	[Recv]	su 3 5021986 1 2073308 779 30 11 3617 0 0 1 79 410 0 0 75937 95497

[15:44:43]	[Recv]	dm 1 2073308 3000 1

[15:44:43]	[Recv]	su 3 5021985 1 2073308 779 30 11 3617 0 0 1 76 408 0 0 72529 95497

[15:44:43]	[Recv]	dm 1 2073308 3000 1

[15:44:43]	[Send]	ptctl 5443 1 4988603 56 63 4988603 15
[15:44:43]	[Recv]	dm 1 2073308 594 1

[15:44:43]	[Recv]	ms_c 0

[15:44:43]	[Recv]	qslot 0 1.1.1 1.1.2 1.1.3 1.1.4 1.1.5 1.1.6 1.1.7 1.1.9 1.1.8 1.1.10 0.1.45 0.2.21 0.1.76 1.1.38 1.3.12 0.1.34 0.1.87 0.-1.-1 0.1.84 0.1.43 1.3.11 1.1.42 1.1.41 1.3.976 0.-1.-1 0.1.70 0.2.143 0.2.25 0.2.27 0.2.26

[15:44:43]	[Recv]	qslot 1 0.-1.-1 0.-1.-1 0.-1.-1 0.-1.-1 0.-1.-1 0.-1.-1 0.-1.-1 0.-1.-1 0.-1.-1 0.-1.-1 0.1.-1 0.1.-1 1.1.41 1.1.42 0.-1.-1 7.7.-1 7.7.-1 7.7.-1 7.7.-1 0.-1.-1 0.-1.-1 0.-1.-1 0.-1.-1 0.-1.-1 0.-1.-1 0.-1.-1 0.-1.-1 0.-1.-1 0.-1.-1 0.-1.-1

[15:44:43]	[Recv]	die 3 5021986 3 5021986

[15:44:43]	[Recv]	die 3 5021985 3 5021985

[15:44:43]	[Recv]	eff 3 5021950 3617

[15:44:43]	[Recv]	ct 3 5021845 2 5020850 -1 -1 0

[15:44:43]	[Recv]	su 3 5021845 2 5020850 0 10 11 0 0 0 1 94 503 0 0 87190 92062

[15:44:43]	[Recv]	ct 2 5020851 3 5021850 -1 -1 0

[15:44:43]	[Recv]	su 2 5020851 3 5021850 0 10 11 0 0 0 1 100 0 1 0 120121 120121

[15:44:43]	[Recv]	ct 1 2073308 3 5021977 -1 -1 1122

[15:44:43]	[Recv]	cond 2 4988603 0 0 15

[15:44:43]	[Recv]	rc 1 2073308 200 0

[15:44:43]	[Recv]	su 1 2073308 3 5021977 1122 150 41 4268 0 0 1 88 31568 0 0 234803 266371

[15:44:43]	[Recv]	mslot 1125 -1

[15:44:43]	[Recv]	qset 0 8 1.1.11.0

[15:44:43]	[Recv]	bf 1 2073308 0.4126.100 99

[15:44:43]	[Recv]	sayi 1 2073308 20 26 3 4126 0 0 0

[15:44:44]	[Recv]	ct 3 5021850 2 5020851 -1 -1 0

[15:44:44]	[Recv]	su 3 5021850 2 5020851 0 10 11 0 0 0 1 87 505 0 0 80643 92062

[15:44:44]	[Recv]	st 2 5020851 94 0 87 100 80643 184124 92062 184124 0

[15:44:44]	[Recv]	eff 2 5020851 7739

[15:44:44]	[Send]	ncif 3 5021977
[15:44:44]	[Send]	mtlist 1 3 5021702 
[15:44:44]	[Send]	u_s 11 3 5021977
[15:44:44]	[Send]	ptctl 5443 1 4988603 54 63 4988603 15
[15:44:44]	[Send]	suctl 5443 1 4988603 3 5021977
[15:44:44]	[Recv]	st 3 5021977 99 0 88 100 234803 2828 266371 2828 0

[15:44:44]	[Send]	ptctl 5443 1 4988592 57 62 4988592 15
[15:44:44]	[Recv]	eff 3 5021986 3617

[15:44:44]	[Recv]	eff 3 5021985 3617

[15:44:44]	[Recv]	dm 2 4988592 594 1

[15:44:44]	[Recv]	st 2 5020852 94 0 91 100 84139 184124 92062 184124 0

[15:44:44]	[Recv]	ct 2 5020852 3 5021700 -1 -1 0

[15:44:44]	[Recv]	su 2 5020852 3 5021700 0 10 11 0 0 0 1 100 1 0 0 120112 120121

[15:44:44]	[Recv]	eff 2 5020852 7739

[15:44:44]	[Recv]	ms_c 0

[15:44:44]	[Recv]	qslot 0 1.1.1 1.1.2 1.1.3 1.1.4 1.1.5 1.1.6 1.1.7 1.1.9 1.1.8 1.1.10 0.1.45 0.2.21 0.1.76 1.1.38 1.3.12 0.1.34 0.1.87 0.-1.-1 0.1.84 0.1.43 1.3.11 1.1.42 1.1.41 1.3.976 0.-1.-1 0.1.70 0.2.143 0.2.25 0.2.27 0.2.26

[15:44:44]	[Recv]	qslot 1 0.-1.-1 0.-1.-1 0.-1.-1 0.-1.-1 0.-1.-1 0.-1.-1 0.-1.-1 0.-1.-1 0.-1.-1 0.-1.-1 0.1.-1 0.1.-1 1.1.41 1.1.42 0.-1.-1 7.7.-1 7.7.-1 7.7.-1 7.7.-1 0.-1.-1 0.-1.-1 0.-1.-1 0.-1.-1 0.-1.-1 0.-1.-1 0.-1.-1 0.-1.-1 0.-1.-1 0.-1.-1 0.-1.-1

[15:44:44]	[Recv]	cond 2 4988460 0 0 9

[15:44:44]	[Recv]	petski 334 1831 1798

[15:44:44]	[Recv]	pet_cool2  0 0 0

[15:44:44]	[Recv]	pinit 2 2|4988603|0|94|@|-1|3206|1|2723|0|0 2|4988592|1|96|@|-1|1548|0|0|0|60

[15:44:44]	[Recv]	ct 1 2073308 3 5021977 -1 -1 1125

[15:44:44]	[Recv]	cond 1 2073308 0 0 22

[15:44:44]	[Recv]	bf 1 2073308 0.576.20 99

[15:44:44]	[Recv]	sayi 1 2073308 20 26 3 576 0 0 0

[15:44:44]	[Recv]	eff 1 2073308 15

[15:44:44]	[Recv]	rc 1 2073308 200 0

[15:44:44]	[Recv]	su 1 2073308 3 5021977 1125 3 22 4272 0 0 0 0 250981 3 0 0 266371

[15:44:44]	[Recv]	lev 99 0 99 0 2140719000 5991794 66992052 2 0 90 917705181 0

[15:44:44]	[Recv]	eff 1 2073308 15

[15:44:44]	[Recv]	su 1 2073308 3 5021702 1125 3 22 4272 0 0 0 0 263615 6 0 0 120121

[15:44:44]	[Recv]	lev 99 0 99 0 2140719000 5991794 66992052 2 0 90 917705181 0

[15:44:44]	[Recv]	mslot 1126 -1

[15:44:44]	[Recv]	qset 0 8 1.1.12.0

[15:44:44]	[Recv]	cond 2 4988603 0 0 15

[15:44:44]	[Recv]	cond 2 4988592 0 0 15

[15:44:44]	[Send]	mtlist 2 3 5021702 2 4988603 
[15:44:44]	[Send]	u_s 12 3 5021977
[15:44:44]	[Recv]	sr 11

[15:44:44]	[Recv]	ct 3 5021700 2 5020852 -1 -1 0

[15:44:44]	[Recv]	su 3 5021700 2 5020852 0 10 11 0 0 0 1 91 502 0 0 84557 92062

[15:44:44]	[Recv]	cancel 0 12 -1

[15:44:44]	[Send]	ncif 3 5021975
[15:44:44]	[Send]	mtlist 3 3 5021702 2 4988592 2 4988603 
[15:44:44]	[Send]	u_s 12 3 5021975
[15:44:44]	[Send]	ptctl 5443 1 4988592 59 58 4988592 15
[15:44:45]	[Recv]	ct 3 5021854 2 5020852 -1 -1 771

[15:44:45]	[Recv]	su 3 5021854 2 5020852 771 10 11 7722 0 0 1 91 505 0 0 84052 92062

[15:44:45]	[Recv]	su 3 5021854 1 2073308 771 10 11 7722 0 0 1 72 0 4 0 69335 95497

[15:44:45]	[Recv]	su 3 5021854 2 4988603 771 10 11 7722 0 0 1 47 141 5 0 9242 19451

[15:44:45]	[Recv]	su 3 5021854 2 4988592 771 10 11 7722 0 0 1 38 0 4 0 22247 57771

[15:44:45]	[Recv]	ct 3 5021848 2 5020851 -1 -1 0

[15:44:45]	[Recv]	su 3 5021848 2 5020851 0 10 11 4806 0 0 1 88 504 3 0 81059 92062

[15:44:45]	[Recv]	st 3 5021975 99 0 100 100 266371 2828 266371 2828 0

[15:44:45]	[Recv]	ms_c 0

[15:44:45]	[Recv]	qslot 0 1.1.1 1.1.2 1.1.3 1.1.4 1.1.5 1.1.6 1.1.7 1.1.9 1.1.8 1.1.10 0.1.45 0.2.21 0.1.76 1.1.38 1.3.12 0.1.34 0.1.87 0.-1.-1 0.1.84 0.1.43 1.3.11 1.1.42 1.1.41 1.3.976 0.-1.-1 0.1.70 0.2.143 0.2.25 0.2.27 0.2.26

[15:44:45]	[Recv]	qslot 1 0.-1.-1 0.-1.-1 0.-1.-1 0.-1.-1 0.-1.-1 0.-1.-1 0.-1.-1 0.-1.-1 0.-1.-1 0.-1.-1 0.1.-1 0.1.-1 1.1.41 1.1.42 0.-1.-1 7.7.-1 7.7.-1 7.7.-1 7.7.-1 0.-1.-1 0.-1.-1 0.-1.-1 0.-1.-1 0.-1.-1 0.-1.-1 0.-1.-1 0.-1.-1 0.-1.-1 0.-1.-1 0.-1.-1

[15:44:45]	[Recv]	sayi2 1 -1  10 1992 17 iCyberTwitch 918 

[15:44:45]	[Recv]	gcon 7652060|1|0

[15:44:45]	[Recv]	ct 1 2073308 3 5021975 -1 -1 1126

[15:44:45]	[Recv]	rc 1 2073308 200 0

[15:44:45]	[Recv]	su 1 2073308 3 5021975 1126 3 26 4273 0 0 1 89 27577 0 0 238794 266371

[15:44:45]	[Recv]	in 3 2371 5022067 57 67 2 100 100 0 0 0 -1 0 0 -1 - 0 -1 0 0 0 0 0 0 0 0 0 0 0 0

[15:44:45]	[Recv]	guri 31 1 2073308 57 67

[15:44:45]	[Recv]	cond 1 2073308 0 0 21

[15:44:45]	[Recv]	bf 1 2073308 0.567.0 99

[15:44:45]	[Recv]	cond 1 2073308 0 0 23

[15:44:45]	[Recv]	bf 1 2073308 0.568.400 99

[15:44:45]	[Recv]	eff 1 2073308 0

[15:44:45]	[Recv]	sayi 1 2073308 20 26 3 568 0 0 0

[15:44:45]	[Recv]	mslot 1125 -1

[15:44:45]	[Recv]	qset 0 8 1.1.11.0

[15:44:45]	[Recv]	cond 2 4988592 0 0 15

[15:44:45]	[Send]	suctl 5443 1 4988603 3 5021975
[15:44:45]	[Recv]	ct 3 5021859 1 2073308 -1 -1 0

[15:44:45]	[Recv]	su 3 5021859 1 2073308 0 12 11 0 0 0 1 72 0 1 0 69535 95497

[15:44:45]	[Recv]	ct 3 5021705 2 5020852 -1 -1 0

[15:44:45]	[Recv]	su 3 5021705 2 5020852 0 10 11 4806 0 0 1 90 506 3 0 83546 92062

[15:44:45]	[Recv]	su 3 5021705 1 2073308 0 10 11 4806 0 0 1 72 0 7 0 69535 95497

[15:44:45]	[Recv]	st 2 5020850 94 0 94 100 87190 184124 92062 184124 0

[15:44:45]	[Recv]	eff 2 4988603 5005

[15:44:45]	[Send]	mtlist 2 2 4988592 2 4988603 
[15:44:45]	[Send]	u_s 11 3 5021975
[15:44:45]	[Recv]	dm 2 4988603 594 1

[15:44:45]	[Recv]	sr 12

[15:44:45]	[Send]	suctl 5443 1 4988592 3 5021975
[15:44:45]	[Recv]	guri 31 1 2073308 57 66

[15:44:45]	[Recv]	su 3 5022067 3 5021975 -1 0 -1 4273 -1 -1 1 84 13788 0 0

[15:44:45]	[Recv]	dm 1 2073308 594 1

[15:44:45]	[Recv]	ms_c 0

[15:44:45]	[Recv]	qslot 0 1.1.1 1.1.2 1.1.3 1.1.4 1.1.5 1.1.6 1.1.7 1.1.9 1.1.8 1.1.10 0.1.45 0.2.21 0.1.76 1.1.38 1.3.12 0.1.34 0.1.87 0.-1.-1 0.1.84 0.1.43 1.3.11 1.1.42 1.1.41 1.3.976 0.-1.-1 0.1.70 0.2.143 0.2.25 0.2.27 0.2.26

[15:44:45]	[Recv]	qslot 1 0.-1.-1 0.-1.-1 0.-1.-1 0.-1.-1 0.-1.-1 0.-1.-1 0.-1.-1 0.-1.-1 0.-1.-1 0.-1.-1 0.1.-1 0.1.-1 1.1.41 1.1.42 0.-1.-1 7.7.-1 7.7.-1 7.7.-1 7.7.-1 0.-1.-1 0.-1.-1 0.-1.-1 0.-1.-1 0.-1.-1 0.-1.-1 0.-1.-1 0.-1.-1 0.-1.-1 0.-1.-1 0.-1.-1

[15:44:45]	[Recv]	die 3 5022067 3 5022067

[15:44:45]	[Recv]	ct 2 4988603 3 5021975 -1 -1 0

[15:44:45]	[Recv]	su 2 4988603 3 5021975 0 12 11 8360 0 0 1 81 6974 0 0 218032 266371

[15:44:45]	[Recv]	ct 1 2073308 3 5021975 -1 -1 1125

[15:44:45]	[Recv]	bf 1 2073308 0.576.20 99

[15:44:45]	[Recv]	rc 1 2073308 200 0

[15:44:45]	[Recv]	su 1 2073308 3 5021975 1125 3 22 4272 0 0 1 43 101943 3 0 116089 266371

[15:44:45]	[Recv]	mslot 1126 -1

[15:44:45]	[Recv]	qset 0 8 1.1.12.0

[15:44:45]	[Recv]	eff 2 4988592 5005

[15:44:45]	[Send]	ncif 3 5021975
[15:44:46]	[Recv]	ct 3 5021845 2 5020850 -1 -1 0

[15:44:46]	[Recv]	su 3 5021845 2 5020850 0 10 11 0 0 0 1 95 504 0 0 87606 92062

[15:44:46]	[Recv]	st 2 5020851 94 0 88 100 81059 184124 92062 184124 0

[15:44:46]	[Recv]	ct 2 5020851 3 5021850 -1 -1 0

[15:44:46]	[Recv]	su 2 5020851 3 5021850 0 10 11 0 0 0 1 100 0 1 0 120121 120121

[15:44:46]	[Recv]	st 3 5021975 99 0 43 100 116089 2828 266371 2828 0

[15:44:46]	[Send]	mtlist 2 2 4988592 2 4988603 
[15:44:46]	[Send]	u_s 12 3 5021975
[15:44:46]	[Recv]	sr 11

[15:44:46]	[Recv]	ct 3 5021850 2 5020851 -1 -1 0

[15:44:46]	[Recv]	su 3 5021850 2 5020851 0 10 11 0 0 0 1 88 504 0 0 81475 92062

[15:44:46]	[Recv]	ct 2 4988592 3 5021975 -1 -1 0

[15:44:46]	[Recv]	sc_p 170 1548 4988592 96 577 24125711 0 0 1889 2049 1289 19 90 9 975 627 958 627 866 3 90 90 110 80 22247 57771 18100 18100 1 84982200 0 @ 0 0 6 60 1831 1798 0 100

[15:44:46]	[Recv]	su 2 4988592 3 5021975 0 10 11 0 0 0 1 38 13271 0 0 102818 266371

[15:44:46]	[Recv]	dm 2 4988592 594 1

[15:44:46]	[Recv]	st 2 5020852 94 0 90 100 83546 184124 92062 184124 0

[15:44:46]	[Recv]	ms_c 0

[15:44:46]	[Recv]	qslot 0 1.1.1 1.1.2 1.1.3 1.1.4 1.1.5 1.1.6 1.1.7 1.1.9 1.1.8 1.1.10 0.1.45 0.2.21 0.1.76 1.1.38 1.3.12 0.1.34 0.1.87 0.-1.-1 0.1.84 0.1.43 1.3.11 1.1.42 1.1.41 1.3.976 0.-1.-1 0.1.70 0.2.143 0.2.25 0.2.27 0.2.26

[15:44:46]	[Recv]	qslot 1 0.-1.-1 0.-1.-1 0.-1.-1 0.-1.-1 0.-1.-1 0.-1.-1 0.-1.-1 0.-1.-1 0.-1.-1 0.-1.-1 0.1.-1 0.1.-1 1.1.41 1.1.42 0.-1.-1 7.7.-1 7.7.-1 7.7.-1 7.7.-1 0.-1.-1 0.-1.-1 0.-1.-1 0.-1.-1 0.-1.-1 0.-1.-1 0.-1.-1 0.-1.-1 0.-1.-1 0.-1.-1 0.-1.-1

[15:44:46]	[Recv]	ct 1 2073308 3 5021975 -1 -1 1126

[15:44:46]	[Recv]	su 1 2073308 3 5021975 1126 3 26 4273 0 0 1 38 0 4 0 102818 266371

[15:44:46]	[Recv]	bf 1 2073308 0.568.400 99

[15:44:46]	[Recv]	ct 2 5020852 3 5021700 -1 -1 0

[15:44:46]	[Recv]	su 2 5020852 3 5021700 0 10 11 0 0 0 1 100 0 1 0 120112 120121

[15:44:46]	[Send]	mtlist 1 2 4988603 
[15:44:46]	[Send]	u_s 12 3 5021975
[15:44:46]	[Recv]	sr 12

[15:44:46]	[Send]	suctl 5443 1 4988603 3 5021975
[15:44:46]	[Send]	ptctl 5443 1 4988592 57 62 4988592 15
[15:44:46]	[Send]	ptctl 5443 2 4988592 54 59 4988603 49 63 4988592 15
[15:44:46]	[Recv]	ct 3 5021959 2 5020850 -1 -1 0

[15:44:46]	[Recv]	su 3 5021959 2 5020850 0 16 11 7640 0 0 1 94 1119 0 0 86487 92062

[15:44:46]	[Recv]	ms_c 0

[15:44:46]	[Recv]	cancel 0 12 -1

[15:44:46]	[Recv]	eff 2 4988603 5005

[15:44:46]	[Send]	ncif 3 5021975
[15:44:47]	[Recv]	ct 3 5021975 2 5020852 -1 -1 0

[15:44:47]	[Recv]	su 3 5021975 2 5020852 0 16 11 7640 0 0 1 90 1029 0 0 83437 92062

[15:44:47]	[Recv]	ct 3 5021700 2 5020852 -1 -1 0

[15:44:47]	[Recv]	su 3 5021700 2 5020852 0 10 11 0 0 0 1 90 503 0 0 82934 92062

[15:44:47]	[Recv]	cond 2 4988592 0 0 15

[15:44:47]	[Send]	u_s 0 3 5021975
[15:44:47]	[Send]	ptctl 5443 1 4988592 57 62 4988592 15
[15:44:47]	[Recv]	cond 2 4988592 0 0 15

[15:44:47]	[Recv]	cond 2 4988603 0 0 15

[15:44:47]	[Recv]	ct 3 5021854 2 5020852 -1 -1 771

[15:44:47]	[Recv]	su 3 5021854 2 5020852 771 10 11 7722 0 0 1 89 505 0 0 82429 92062

[15:44:47]	[Recv]	su 3 5021854 1 2073308 771 10 11 7722 0 0 1 72 0 4 0 69141 95497

[15:44:47]	[Recv]	ct 3 5021848 2 5020851 -1 -1 0

[15:44:47]	[Recv]	su 3 5021848 2 5020851 0 10 11 4806 0 0 1 88 511 3 0 80964 92062

[15:44:47]	[Recv]	ct 2 4988603 3 5021975 -1 -1 0

[15:44:47]	[Recv]	su 2 4988603 3 5021975 0 12 11 8360 0 0 1 36 6923 0 0 95895 266371

[15:44:47]	[Recv]	st 3 5021975 99 0 36 100 95895 2828 266371 2828 0

[15:44:47]	[Send]	ptctl 5443 2 4988592 53 60 4988603 46 64 4988592 15
[15:44:47]	[Recv]	st 2 5020850 94 0 94 100 86487 184124 92062 184124 0

[15:44:47]	[Recv]	ct 1 2073308 3 5021975 -1 -1 1114

[15:44:47]	[Recv]	rc 1 2073308 200 0

[15:44:47]	[Recv]	su 1 2073308 3 5021975 1114 7 11 4260 0 0 0 0 98660 3 0 0 266371

[15:44:47]	[Recv]	lev 99 0 99 0 2140719000 5991794 66992052 2 0 90 917705181 0

[15:44:47]	[Recv]	cond 2 4988592 0 0 15

[15:44:47]	[Recv]	cond 2 4988592 0 0 15

[15:44:47]	[Recv]	cond 2 4988603 0 0 15

[15:44:47]	[Send]	ptctl 5443 1 4988592 52 60 4988592 15
[15:44:47]	[Recv]	ct 3 5021849 2 4988603 -1 -1 771

[15:44:47]	[Recv]	su 3 5021849 2 4988603 771 10 11 7722 0 0 1 42 331 0 0 8317 19451

[15:44:47]	[Recv]	ct 3 5021705 2 5020852 -1 -1 0

[15:44:47]	[Recv]	su 3 5021705 2 5020852 0 10 11 4806 0 0 1 89 501 0 0 81928 92062

[15:44:47]	[Recv]	su 3 5021705 1 2073308 0 10 11 4806 0 0 1 72 450 6 0 68891 95497

[15:44:47]	[Recv]	dm 2 4988603 594 1

[15:44:47]	[Recv]	cond 1 2073308 0 0 23

[15:44:47]	[Recv]	cond 1 2073308 0 0 23

[15:44:47]	[Recv]	cond 1 2073308 0 0 20

[15:44:47]	[Recv]	sayi 1 2073308 20 22 3 576 0 0 0

[15:44:47]	[Recv]	bf 1 2073308 0.576.0 99

[15:44:47]	[Recv]	dm 1 2073308 594 1

[15:44:47]	[Recv]	cond 2 4988592 0 0 15

[15:44:47]	[Recv]	sr 1

[15:44:47]	[Send]	ptctl 5443 2 4988592 50 60 4988603 46 63 4988592 15
[15:44:48]	[Recv]	st 2 5020851 94 0 88 100 80964 184124 92062 184124 0

[15:44:48]	[Recv]	cond 1 2073308 0 0 20

[15:44:48]	[Recv]	cond 1 2073308 0 0 20

[15:44:48]	[Recv]	sr 0

[15:44:48]	[Recv]	cond 2 4988592 0 0 15

[15:44:48]	[Recv]	cond 2 4988603 0 0 15

[15:44:48]	[Recv]	ct 3 5021845 2 5020850 -1 -1 0

[15:44:48]	[Recv]	su 3 5021845 2 5020850 0 10 11 0 0 0 1 94 505 0 0 86902 92062

[15:44:48]	[Recv]	dm 2 4988592 594 1

[15:44:48]	[Recv]	st 2 5020852 94 0 89 100 81928 184124 92062 184124 0

[15:44:48]	[Recv]	ct 2 5020851 3 5021850 -1 -1 0

[15:44:48]	[Recv]	su 2 5020851 3 5021850 0 10 11 0 0 0 1 100 1 0 0 120120 120121

[15:44:48]	[Recv]	ct 3 5021850 2 5020851 -1 -1 0

[15:44:48]	[Recv]	su 3 5021850 2 5020851 0 10 11 0 0 0 1 88 505 0 0 81379 92062

[15:44:48]	[Recv]	eff 2 5020850 7739

[15:44:48]	[Send]	ncif 3 5021859
[15:44:48]	[Recv]	st 3 5021859 99 0 89 100 28965 2828 32371 2828 0

[15:44:48]	[Recv]	ct 2 5020852 3 5021700 -1 -1 0

[15:44:48]	[Recv]	su 2 5020852 3 5021700 0 10 11 0 0 0 1 100 0 1 0 120112 120121

[15:44:48]	[Send]	ptctl 5443 1 4988603 47 63 4988603 15
[15:44:48]	[Send]	suctl 5443 1 4988603 3 5021859
[15:44:48]	[Send]	ptctl 5443 1 4988592 49 64 4988592 15
[15:44:48]	[Send]	u_s 1 3 5021859
[15:44:48]	[Recv]	cond 2 4988603 0 0 15

[15:44:48]	[Recv]	ct 3 5021859 1 2073308 -1 -1 0

[15:44:48]	[Recv]	su 3 5021859 1 2073308 0 12 11 0 0 0 1 71 0 1 0 68297 95497

[15:44:48]	[Recv]	eff 2 4988603 5005

[15:44:48]	[Recv]	cond 2 4988592 0 0 15

[15:44:49]	[Recv]	eff 2 5020851 7739

[15:44:49]	[Recv]	cond 1 2073308 0 0 20

[15:44:49]	[Recv]	cond 1 2073308 0 0 20

[15:44:49]	[Recv]	ms_c 0

[15:44:49]	[Recv]	qslot 0 1.1.1 1.1.2 1.1.3 1.1.4 1.1.5 1.1.6 1.1.7 1.1.9 1.1.8 1.1.10 0.1.45 0.2.21 0.1.76 1.1.38 1.3.12 0.1.34 0.1.87 0.-1.-1 0.1.84 0.1.43 1.3.11 1.1.42 1.1.41 1.3.976 0.-1.-1 0.1.70 0.2.143 0.2.25 0.2.27 0.2.26

[15:44:49]	[Recv]	qslot 1 0.-1.-1 0.-1.-1 0.-1.-1 0.-1.-1 0.-1.-1 0.-1.-1 0.-1.-1 0.-1.-1 0.-1.-1 0.-1.-1 0.1.-1 0.1.-1 1.1.41 1.1.42 0.-1.-1 7.7.-1 7.7.-1 7.7.-1 7.7.-1 0.-1.-1 0.-1.-1 0.-1.-1 0.-1.-1 0.-1.-1 0.-1.-1 0.-1.-1 0.-1.-1 0.-1.-1 0.-1.-1 0.-1.-1

[15:44:49]	[Recv]	ct 3 5021700 2 5020852 -1 -1 0

[15:44:49]	[Recv]	su 3 5021700 2 5020852 0 10 11 0 0 0 1 89 501 0 0 82347 92062

[15:44:49]	[Recv]	ct 2 4988603 3 5021859 -1 -1 0

[15:44:49]	[Recv]	su 2 4988603 3 5021859 0 12 11 8360 0 0 1 56 10807 0 0 18158 32371

[15:44:49]	[Recv]	eff 2 5020852 7739

[15:44:49]	[Recv]	ct 1 2073308 3 5021859 14 4263 1115

[15:44:49]	[Send]	ncif 3 5021858
[15:44:49]	[Recv]	ct 3 5021962 2 5020850 -1 -1 0

[15:44:49]	[Recv]	su 3 5021962 2 5020850 0 16 11 7640 0 0 1 93 1113 0 0 85789 92062

[15:44:49]	[Recv]	ct 3 5021854 2 5020852 -1 -1 771

[15:44:49]	[Recv]	su 3 5021854 2 5020852 771 10 11 7722 0 0 1 88 503 0 0 81844 92062

[15:44:49]	[Recv]	su 3 5021854 2 4988592 771 10 11 7722 0 0 1 36 0 4 0 21059 57771

[15:44:49]	[Recv]	ct 3 5021848 2 5020851 -1 -1 0

[15:44:49]	[Recv]	su 3 5021848 2 5020851 0 10 11 4806 0 0 1 87 504 0 0 80875 92062

[15:44:49]	[Recv]	st 2 5020850 94 0 93 100 85789 184124 92062 184124 0

[15:44:49]	[Recv]	st 3 5021858 99 0 97 100 116848 2828 120121 2828 0

[15:44:49]	[Recv]	rc 1 2073308 200 0

[15:44:49]	[Recv]	su 1 2073308 3 5021859 1115 70 12 4264 0 0 0 0 80859 3 0 0 32371

[15:44:49]	[Recv]	lev 99 0 99 0 2140719000 5991794 66992052 2 0 90 917705181 0

[15:44:49]	[Recv]	su 1 2073308 3 5021849 1115 70 12 4264 0 0 0 0 133261 6 0 0 13203

[15:44:49]	[Recv]	lev 99 0 99 0 2140719000 5991794 66992052 2 0 90 917705181 0

[15:44:49]	[Recv]	mslot 1127 -1

[15:44:49]	[Recv]	qset 0 0 1.1.13.0

[15:44:49]	[Recv]	bf 1 2073308 0.4126.100 99

[15:44:49]	[Send]	suctl 5443 1 4988592 3 5021858
[15:44:49]	[Recv]	sp 414548 1000000 0 10000

[15:44:49]	[Recv]	dm 2 4988603 594 1

[15:44:49]	[Recv]	eff 2 4988592 5005

[15:44:49]	[Send]	u_s 13 3 5021858
[15:44:49]	[Recv]	dm 1 2073308 594 1

[15:44:49]	[Recv]	ms_c 0

[15:44:49]	[Recv]	qslot 0 1.1.1 1.1.2 1.1.3 1.1.4 1.1.5 1.1.6 1.1.7 1.1.9 1.1.8 1.1.10 0.1.45 0.2.21 0.1.76 1.1.38 1.3.12 0.1.34 0.1.87 0.-1.-1 0.1.84 0.1.43 1.3.11 1.1.42 1.1.41 1.3.976 0.-1.-1 0.1.70 0.2.143 0.2.25 0.2.27 0.2.26

[15:44:49]	[Recv]	qslot 1 0.-1.-1 0.-1.-1 0.-1.-1 0.-1.-1 0.-1.-1 0.-1.-1 0.-1.-1 0.-1.-1 0.-1.-1 0.-1.-1 0.1.-1 0.1.-1 1.1.41 1.1.42 0.-1.-1 7.7.-1 7.7.-1 7.7.-1 7.7.-1 0.-1.-1 0.-1.-1 0.-1.-1 0.-1.-1 0.-1.-1 0.-1.-1 0.-1.-1 0.-1.-1 0.-1.-1 0.-1.-1 0.-1.-1

[15:44:49]	[Recv]	ct 3 5021705 2 5020852 -1 -1 0

[15:44:49]	[Recv]	su 3 5021705 2 5020852 0 10 11 4806 0 0 1 88 504 0 0 81340 92062

[15:44:49]	[Recv]	ct 1 2073308 3 5021858 -1 -1 1127

[15:44:49]	[Recv]	eff 1 2073308 15

[15:44:49]	[Recv]	rc 1 2073308 200 0

[15:44:49]	[Recv]	su 1 2073308 3 5021858 1127 100 22 4284 0 0 0 0 347994 3 0 0 120121

[15:44:49]	[Recv]	lev 99 0 99 0 2140719000 5991794 66992052 2 0 90 917705181 0

[15:44:49]	[Recv]	su 1 2073308 3 5021857 1127 100 22 4284 0 0 0 0 142831 6 0 0 120121

[15:44:49]	[Recv]	lev 99 0 99 0 2140719000 5991794 66992052 2 0 90 917705181 0

[15:44:49]	[Recv]	eff 1 2073308 15

[15:44:49]	[Recv]	su 1 2073308 3 5021705 1127 100 22 4284 0 0 0 0 294188 6 0 0 90871

[15:44:49]	[Recv]	lev 99 0 99 0 2140719000 5991794 66992052 2 0 90 917705181 0

[15:44:49]	[Send]	suctl 5443 1 4988603 3 5021858
[15:44:50]	[Recv]	ct 2 4988592 3 5021858 -1 -1 0

[15:44:50]	[Recv]	su 2 4988592 2 4988592 0 10 11 0 0 0 1 36 0 2 0 21059 57771

[15:44:50]	[Recv]	st 2 5020851 94 0 87 100 80875 184124 92062 184124 0

[15:44:50]	[Send]	u_s 0 3 5021858
[15:44:50]	[Send]	ptctl 5443 2 4988592 44 64 4988603 42 64 4988592 15
[15:44:50]	[Recv]	ct 3 5021959 2 5020850 -1 -1 0

[15:44:50]	[Recv]	su 3 5021959 2 5020850 0 16 11 7640 0 0 1 93 978 0 0 85731 92062

[15:44:50]	[Recv]	dm 2 4988592 594 1

[15:44:50]	[Recv]	st 2 5020852 94 0 88 100 81340 184124 92062 184124 0

[15:44:50]	[Recv]	cancel 0 0 -1

[15:44:50]	[Send]	ptctl 5443 2 4988592 43 64 4988603 42 65 4988592 15
[15:44:50]	[Recv]	cond 2 4988592 0 0 15

[15:44:50]	[Recv]	cond 2 4988603 0 0 15

[15:44:50]	[Recv]	ct 3 5021845 2 5020850 -1 -1 0

[15:44:50]	[Recv]	su 3 5021845 2 5020850 0 10 11 0 0 0 1 92 501 0 0 85230 92062

[15:44:50]	[Recv]	ct 2 5020851 3 5021850 -1 -1 0

[15:44:50]	[Recv]	su 2 5020851 3 5021850 0 10 11 0 0 0 1 100 0 1 0 120120 120121

[15:44:50]	[Recv]	cond 1 2073308 0 0 20

[15:44:50]	[Recv]	cond 1 2073308 0 0 20

[15:44:50]	[Send]	ptctl 5443 2 4988592 43 65 4988603 40 65 4988592 15
[15:44:50]	[Recv]	cond 2 4988592 0 0 15

[15:44:50]	[Recv]	cond 2 4988603 0 0 15

[15:44:50]	[Recv]	ct 3 5021850 2 5020851 -1 -1 0

[15:44:50]	[Recv]	su 3 5021850 2 5020851 0 10 11 0 0 0 1 88 502 0 0 81293 92062

[15:44:50]	[Recv]	cond 2 4988592 0 0 15

[15:44:50]	[Recv]	cond 2 4988603 0 0 15

[15:44:50]	[Send]	ncif 3 5021972
[15:44:50]	[Recv]	ct 2 5020852 3 5021700 -1 -1 0

[15:44:50]	[Recv]	su 2 5020852 3 5021700 0 10 11 0 0 0 1 100 0 1 0 120112 120121

[15:44:50]	[Send]	u_s 0 3 5021972
[15:44:50]	[Recv]	st 3 5021972 99 0 100 100 266371 2828 266371 2828 0

[15:44:50]	[Send]	ptctl 5443 1 4988592 47 59 4988592 15
[15:44:51]	[Recv]	cond 1 2073308 0 0 20

[15:44:51]	[Recv]	cond 1 2073308 0 0 20

[15:44:51]	[Send]	ptctl 5443 1 4988592 47 58 4988592 15
[15:44:51]	[Send]	suctl 5443 1 4988603 3 5021972
[15:44:51]	[Recv]	team_cool 0 0

[15:44:51]	[Recv]	ct 1 2073308 3 5021972 -1 -1 1114

[15:44:51]	[Recv]	rc 1 2073308 200 0

[15:44:51]	[Recv]	su 1 2073308 3 5021972 1114 7 11 4260 0 0 1 63 97406 3 0 168965 266371

[15:44:51]	[Recv]	cond 1 2073308 0 0 20

[15:44:51]	[Recv]	bf 1 2073308 0.4254.80 99

[15:44:51]	[Recv]	sayi 1 2073308 20 26 3 4254 0 0 0

[15:44:51]	[Recv]	sayi 1 2073308 20 23 3 4254 0 0 0

[15:44:51]	[Recv]	cond 2 4988592 0 0 15

[15:44:51]	[Recv]	cond 2 4988592 0 0 15

[15:44:51]	[Recv]	ct 3 5021700 2 5020852 -1 -1 0

[15:44:51]	[Recv]	su 3 5021700 2 5020852 0 10 11 0 0 0 1 88 504 0 0 81756 92062

[15:44:51]	[Recv]	st 2 5020850 94 0 92 100 85230 184124 92062 184124 0

[15:44:51]	[Recv]	eff 2 4988603 5005

[15:44:51]	[Send]	ptctl 5443 2 4988592 42 62 4988603 36 61 4988592 15
[15:44:51]	[Recv]	cond 1 2073308 0 0 20

[15:44:51]	[Recv]	cond 1 2073308 0 0 20

[15:44:51]	[Send]	ptctl 5443 2 4988592 41 62 4988603 35 60 4988592 15
[15:44:51]	[Recv]	ct 3 5021854 2 5020852 -1 -1 771

[15:44:51]	[Recv]	su 3 5021854 2 5020852 771 10 11 7722 0 0 1 88 502 0 0 81254 92062

[15:44:51]	[Recv]	ct 3 5021848 2 4988603 -1 -1 0

[15:44:51]	[Recv]	su 3 5021848 2 4988603 0 10 11 4806 0 0 1 36 113 0 0 7016 19451

[15:44:51]	[Recv]	dm 2 4988603 594 1

[15:44:51]	[Recv]	cond 2 4988592 0 0 15

[15:44:51]	[Recv]	cond 2 4988603 0 0 15

[15:44:51]	[Recv]	dm 1 2073308 594 1

[15:44:51]	[Recv]	cond 2 4988592 0 0 15

[15:44:51]	[Recv]	cond 2 4988603 0 0 15

[15:44:51]	[Send]	ptctl 5443 1 4988592 44 57 4988592 15
[15:44:51]	[Send]	ncif 3 5021972
[15:44:51]	[Recv]	ct 2 4988603 3 5021972 -1 -1 0

[15:44:51]	[Recv]	su 2 4988603 3 5021972 0 12 11 8360 0 0 1 60 6861 0 0 162104 266371

[15:44:51]	[Send]	u_s 0 3 5021972
[15:44:51]	[Recv]	sr 0

[15:44:51]	[Recv]	cond 2 4988592 0 0 15

[15:44:52]	[Recv]	st 2 5020851 94 0 88 100 81293 184124 92062 184124 0

[15:44:52]	[Recv]	st 3 5021972 99 0 60 100 162104 2828 266371 2828 0

[15:44:52]	[Recv]	cond 1 2073308 0 0 20

[15:44:52]	[Recv]	cond 1 2073308 0 0 20

[15:44:52]	[Recv]	dm 2 4988592 594 1

[15:44:52]	[Recv]	st 2 5020852 94 0 88 100 81254 184124 92062 184124 0

[15:44:52]	[Send]	ptctl 5443 2 4988592 39 60 4988603 35 62 4988592 15
[15:44:52]	[Recv]	ct 1 2073308 3 5021972 -1 -1 1114

[15:44:52]	[Recv]	rc 1 2073308 200 0

[15:44:52]	[Recv]	su 1 2073308 3 5021972 1114 7 11 4260 0 0 1 25 95104 3 0 67000 266371

[15:44:52]	[Recv]	cond 2 4988592 0 0 15

[15:44:52]	[Recv]	cond 2 4988603 0 0 15

[15:44:52]	[Send]	ptctl 5443 1 4988592 38 60 4988592 15
[15:44:52]	[Recv]	cond 1 2073308 0 0 20

[15:44:52]	[Recv]	cond 1 2073308 0 0 20

[15:44:52]	[Send]	ptctl 5443 1 4988592 37 60 4988592 15
[15:44:52]	[Recv]	ct 3 5021845 2 5020850 -1 -1 0

[15:44:52]	[Recv]	su 3 5021845 2 5020850 0 10 11 0 0 0 1 93 504 0 0 85646 92062

[15:44:52]	[Recv]	ct 2 5020851 3 5021850 -1 -1 0

[15:44:52]	[Recv]	su 2 5020851 3 5021850 0 10 11 0 0 0 1 100 0 1 0 120120 120121

[15:44:52]	[Recv]	cond 2 4988592 0 0 15

[15:44:52]	[Send]	ptctl 5443 1 4988603 37 63 4988603 15
[15:44:52]	[Send]	suctl 5443 1 4988603 3 5021972
[15:44:52]	[Recv]	cond 2 4988592 0 0 15

[15:44:52]	[Send]	ptctl 5443 1 4988592 40 60 4988592 15
[15:44:52]	[Send]	ncif 3 5021972
[15:44:52]	[Recv]	ct 3 5021962 2 5020850 -1 -1 0

[15:44:52]	[Recv]	su 3 5021962 2 5020850 0 16 11 7640 0 0 1 92 1005 0 0 84641 92062

[15:44:52]	[Recv]	ct 3 5021850 2 5020851 -1 -1 0

[15:44:52]	[Recv]	su 3 5021850 2 5020851 0 10 11 0 0 0 1 88 503 0 0 81710 92062

[15:44:52]	[Recv]	cond 2 4988603 0 0 15

[15:44:52]	[Send]	suctl 5443 1 4988592 3 5021972
[15:44:52]	[Recv]	eff 2 4988603 5005

[15:44:52]	[Send]	u_s 0 3 5021972
[15:44:53]	[Recv]	ct 2 5020852 3 5021700 -1 -1 0

[15:44:53]	[Recv]	su 2 5020852 3 5021700 0 10 11 0 0 0 1 100 0 1 0 120112 120121

[15:44:53]	[Recv]	sr 0

[15:44:53]	[Recv]	cond 2 4988592 0 0 15

[15:44:53]	[Recv]	st 3 5021972 99 0 25 100 67000 2828 266371 2828 0

[15:44:53]	[Recv]	ct 2 4988603 3 5021972 -1 -1 0

[15:44:53]	[Recv]	su 2 4988603 3 5021972 0 12 11 8360 0 0 1 22 6892 0 0 60108 266371

[15:44:53]	[Recv]	eff 2 4988592 5005

[15:44:53]	[Recv]	cond 1 2073308 0 0 20

[15:44:53]	[Recv]	cond 1 2073308 0 0 20

[15:44:53]	[Recv]	st 2 5020850 94 0 92 100 84641 184124 92062 184124 0

[15:44:53]	[Recv]	eff 2 5020850 7739

[15:44:53]	[Recv]	ct 1 2073308 3 5021972 -1 -1 1114

[15:44:53]	[Recv]	rc 1 2073308 200 0

[15:44:53]	[Recv]	su 1 2073308 3 5021972 1114 7 11 4260 0 0 0 0 76391 3 0 0 266371

[15:44:53]	[Recv]	in 3 2371 5022105 43 67 2 100 100 0 0 0 -1 0 0 -1 - 0 -1 0 0 0 0 0 0 0 0 0 0 0 0

[15:44:53]	[Recv]	guri 31 1 2073308 43 67

[15:44:53]	[Recv]	lev 99 0 99 0 2140719000 5991794 66992052 2 0 90 917705181 0

[15:44:53]	[Recv]	ct 3 5021959 2 5020850 -1 -1 0

[15:44:53]	[Recv]	su 3 5021959 2 5020850 0 16 11 7640 0 0 1 90 2012 3 0 83549 92062

[15:44:53]	[Recv]	ct 3 5021700 2 5020852 -1 -1 0

[15:44:53]	[Recv]	su 3 5021700 2 5020852 0 10 11 0 0 0 1 88 501 0 0 81673 92062

[15:44:53]	[Recv]	dm 2 4988603 594 1

[15:44:53]	[Recv]	ct 2 4988592 3 5021972 -1 -1 0

[15:44:53]	[Recv]	su 2 4988592 2 4988592 0 10 11 0 0 0 1 34 0 2 0 19871 57771

[15:44:53]	[Recv]	dm 1 2073308 594 1

[15:44:53]	[Recv]	die 3 5022105 3 5022105

[15:44:53]	[Recv]	ct 3 5021967 2 5020851 -1 -1 0

[15:44:53]	[Recv]	su 3 5021967 2 5020851 0 16 11 7640 0 0 1 87 997 0 0 80713 92062

[15:44:53]	[Recv]	ct 3 5021854 2 5020852 -1 -1 771

[15:44:53]	[Recv]	su 3 5021854 2 5020852 771 10 11 7722 0 0 1 88 503 0 0 81170 92062

[15:44:53]	[Recv]	ct 3 5021848 1 2073308 -1 -1 0

[15:44:53]	[Recv]	su 3 5021848 1 2073308 0 10 11 4806 0 0 1 70 0 1 0 67515 95497

[15:44:53]	[Send]	ptctl 5443 1 4988592 40 63 4988592 15
[15:44:54]	[Recv]	st 2 5020851 94 0 87 100 80713 184124 92062 184124 0

[15:44:54]	[Recv]	eff 2 5020851 7739

[15:44:54]	[Recv]	cond 2 4988592 0 0 15

[15:44:54]	[Send]	suctl 5443 1 4988603 3 5021972
[15:44:54]	[Send]	ptctl 5443 1 4988592 40 64 4988592 15
[15:44:54]	[Send]	u_ts 758 23 61
[15:44:54]	[Recv]	dm 2 4988592 594 1

[15:44:54]	[Recv]	st 2 5020852 94 0 88 100 81170 184124 92062 184124 0

[15:44:54]	[Recv]	eff 2 5020852 7739

[15:44:54]	[Recv]	sr 0

[15:44:54]	[Recv]	cond 2 4988592 0 0 15

[15:44:54]	[Send]	ptctl 5443 1 4988592 40 61 4988592 15
[15:44:54]	[Recv]	cond 2 4988602 0 0 12

[15:44:54]	[Recv]	c_mode 2 4988602 2343 0 0

[15:44:54]	[Recv]	sc_n 4 2640 4988602 94 1000 473672 991.2.4 996.0.10 317.0.5 321.0.5 0 0 1 4 566 686 820 9 160 10 201 555 264 555 248 3 7 7 110 2 17310 17310 10544 10544 0 291503800 @ 2343 0 4812.100 1318.3 1319.3 1320.7 2138 3 0

[15:44:54]	[Recv]	out 2 4988602

[15:44:54]	[Recv]	in 2 2640 4988602 25 63 2 100 100 0 0 3 2073308 1 0 2343 @ 1 4 0 0 0 0 0 0 0 0 2138 0 3 0

[15:44:54]	[Recv]	pinit 2 2|4988603|0|94|@|-1|3206|1|2723|0|0 2|4988592|1|96|@|-1|1548|0|0|0|60


[15:44:54]	[Recv]	in 2 2640 4988602 25 63 2 100 100 0 0 3 2073308 0 0 2343 @ 1 4 0 0 0 0 0 0 0 0 2138 0 3 0

[15:44:54]	[Recv]	ctl 2 4988602 0 1

[15:44:54]	[Recv]	in 2 822 4988567 25 62 2 100 100 0 0 3 2073308 0 0 -1 @ 1 3 0 0 0 0 0 0 0 0 0 0 4 0

[15:44:54]	[Recv]	ctl 2 4988567 0 1

[15:44:54]	[Recv]	cond 2 4988487 0 0 12

[15:44:54]	[Recv]	c_mode 2 4988487 2323 0 0

[15:44:54]	[Recv]	sc_n 2 319 4988487 99 1000 398653210 990.4.5 997.5.6 -1 -1 0 0 0 5 661 711 543 10 150 6 592 586 461 586 372 2 9 15 9 11 38176 38176 11281 11281 0 428143800 Kliff 2323 0 4809.100 1299.2 1300.4 1301.7 2127 1 0

[15:44:54]	[Recv]	out 2 4988487

[15:44:54]	[Recv]	in 2 319 4988487 21 63 2 100 100 0 0 3 2073308 1 0 2323 Kliff 1 2 0 0 0 0 0 0 0 0 2127 0 1 0

[15:44:54]	[Recv]	pinit 2 2|4988603|0|94|@|-1|3206|1|2723|0|0 2|4988592|1|96|@|-1|1548|0|0|0|60


[15:44:54]	[Recv]	in 2 319 4988487 21 63 2 100 100 0 0 3 2073308 0 0 2323 Kliff 1 2 0 0 0 0 0 0 0 0 2127 0 1 0

[15:44:54]	[Recv]	ctl 2 4988487 0 1

[15:44:54]	[Recv]	cond 2 4988486 0 0 11

[15:44:54]	[Recv]	c_mode 2 4988486 2367 0 0

[15:44:54]	[Recv]	sc_n 0 317 4988486 94 1000 202328 991.2.4 -1 -1 -1 0 0 1 4 558 678 801 9 160 0 88 214 107 214 79 2 1 5 1 1 16921 16921 6757 6757 0 291503800 Bob 2367 0 8239.0 0.0 0.0 0.0 2181 2 0

[15:44:54]	[Recv]	out 2 4988486

[15:44:54]	[Recv]	in 2 317 4988486 24 61 2 100 100 0 0 3 2073308 1 0 2367 Bob 1 0 0 0 0 0 0 0 0 0 2181 0 2 0

[15:44:54]	[Recv]	pinit 2 2|4988603|0|94|@|-1|3206|1|2723|0|0 2|4988592|1|96|@|-1|1548|0|0|0|60


[15:44:54]	[Recv]	in 2 317 4988486 24 61 2 100 100 0 0 3 2073308 0 0 2367 Bob 1 0 0 0 0 0 0 0 0 0 2181 0 2 0

[15:44:54]	[Recv]	ctl 2 4988486 0 1

[15:44:54]	[Recv]	bf 1 2073308 0.1025.200 99

[15:44:54]	[Recv]	sayi 1 2073308 20 26 3 1025 0 0 0

[15:44:54]	[Recv]	team_cool 0 900

[15:44:54]	[Send]	ptctl 5443 2 4988592 35 62 4988603 32 63 4988592 15
[15:44:54]	[Recv]	cond 2 4988592 0 0 15

[15:44:54]	[Recv]	cond 1 2073308 0 0 20

[15:44:54]	[Recv]	cond 1 2073308 0 0 20

[15:44:54]	[Send]	ncif 3 5021848
[15:44:54]	[Recv]	sp 414538 1000000 0 10000

[15:44:54]	[Recv]	eff 3 5021976 5000

[15:44:54]	[Recv]	eff 3 5021974 5000

[15:44:54]	[Recv]	eff 3 5021971 5000

[15:44:54]	[Recv]	eff 3 5021968 5000

[15:44:54]	[Recv]	eff 3 5021966 5000

[15:44:54]	[Recv]	eff 3 5021963 5000

[15:44:54]	[Recv]	cond 2 4988592 0 0 15

[15:44:54]	[Recv]	cond 2 4988603 0 0 15

[15:44:54]	[Recv]	st 3 5021848 99 0 55 100 50737 2828 90871 2828 0

[15:44:54]	[Send]	u_s 0 3 5021848
[15:44:54]	[Recv]	ct 3 5021845 2 5020850 -1 -1 0

[15:44:54]	[Recv]	su 3 5021845 2 5020850 0 10 11 0 0 0 1 90 502 0 0 83047 92062

[15:44:54]	[Recv]	ct 2 4988486 3 5021963 -1 -1 0

[15:44:54]	[Recv]	ct 2 5020851 3 5021850 -1 -1 0

[15:44:54]	[Recv]	su 2 5020851 3 5021850 0 10 11 0 0 0 1 100 0 1 0 120120 120121

[15:44:54]	[Recv]	cond 1 2073308 0 0 20

[15:44:54]	[Recv]	cond 1 2073308 0 0 20

[15:44:54]	[Send]	ptctl 5443 1 4988592 38 65 4988592 15
[15:44:55]	[Recv]	ct 3 5021850 2 5020851 -1 -1 0

[15:44:55]	[Recv]	su 3 5021850 2 5020851 0 10 11 0 0 0 1 88 503 0 0 81130 92062

[15:44:55]	[Recv]	su 2 4988486 3 5021963 0 6 11 7130 0 0 1 96 4767 0 0 115354 120121

[15:44:55]	[Recv]	ct 2 4988602 3 5021962 -1 -1 0

[15:44:55]	[Recv]	su 2 4988602 3 5021962 0 11 11 4085 0 0 1 97 7299 0 0 259072 266371

[15:44:55]	[Recv]	ct 1 2073308 3 5021848 -1 -1 1114

[15:44:55]	[Recv]	su 1 2073308 3 5021848 1114 7 11 4260 0 0 1 55 0 4 0 50737 90871

[15:44:55]	[Recv]	cond 2 4988592 0 0 15

[15:44:55]	[Send]	ptctl 5443 1 4988603 31 63 4988603 15
[15:44:55]	[Recv]	ct 2 4988567 3 5021960 -1 -1 0

[15:44:55]	[Recv]	ct 2 5020852 3 5021700 -1 -1 0

[15:44:55]	[Recv]	su 2 5020852 3 5021700 0 10 11 0 0 0 1 100 0 1 0 120112 120121

[15:44:55]	[Recv]	cond 2 4988603 0 0 15

[15:44:55]	[Send]	ptctl 5443 2 4988592 42 63 4988603 36 63 4988592 15
[15:44:55]	[Recv]	ct 3 5021963 2 4988487 -1 -1 0

[15:44:55]	[Recv]	su 3 5021963 2 4988487 0 10 11 0 0 0 1 99 248 0 0 37928 38176

[15:44:55]	[Recv]	eff 2 4988567 15

[15:44:55]	[Recv]	su 2 4988567 3 5021960 0 6 11 3601 0 0 1 81 6138 0 0 26233 32371

[15:44:55]	[Recv]	st 2 5020850 94 0 90 100 83047 184124 92062 184124 0

[15:44:55]	[Recv]	cond 1 2073308 0 0 20

[15:44:55]	[Recv]	cond 1 2073308 0 0 20

[15:44:55]	[Send]	ncif 3 5021967
[15:44:55]	[Recv]	cond 2 4988592 0 0 15

[15:44:55]	[Recv]	cond 2 4988603 0 0 15

[15:44:55]	[Recv]	dm 2 4988603 594 1

[15:44:55]	[Recv]	st 3 5021967 99 0 100 100 266371 2828 266371 2828 0

[15:44:55]	[Send]	u_s 0 3 5021967
[15:44:55]	[Send]	ptctl 5443 1 4988603 34 63 4988603 15
[15:44:55]	[Send]	suctl 5443 1 4988603 3 5021967
[15:44:55]	[Send]	ptctl 5443 1 4988592 40 65 4988592 15
[15:44:55]	[Recv]	sr 0

[15:44:55]	[Recv]	dm 1 2073308 594 1

[15:44:55]	[Recv]	ct 3 5021700 2 5020852 -1 -1 0

[15:44:55]	[Recv]	su 3 5021700 2 5020852 0 10 11 0 0 0 1 88 502 3 0 81588 92062

[15:44:55]	[Recv]	ct 2 4988486 3 5021963 -1 -1 0

[15:44:55]	[Recv]	cond 1 2073308 0 0 20

[15:44:55]	[Recv]	cond 1 2073308 0 0 20

[15:44:56]	[Recv]	ct 3 5021976 1 2073308 -1 -1 0

[15:44:56]	[Recv]	su 3 5021976 1 2073308 0 12 11 0 0 0 1 70 0 1 0 66921 95497

[15:44:56]	[Recv]	ct 3 5021854 2 5020852 -1 -1 771

[15:44:56]	[Recv]	su 3 5021854 2 5020852 771 10 11 7722 0 0 1 88 505 0 0 81083 92062

[15:44:56]	[Recv]	ct 3 5021848 1 2073308 -1 -1 0

[15:44:56]	[Recv]	su 3 5021848 1 2073308 0 10 11 4806 0 0 1 70 0 1 0 66921 95497

[15:44:56]	[Recv]	su 2 4988486 3 5021963 0 6 11 7130 0 0 1 91 4863 0 0 110491 120121

[15:44:56]	[Recv]	ct 2 4988487 3 5021963 -1 -1 0

[15:44:56]	[Recv]	st 2 5020851 94 0 88 100 81130 184124 92062 184124 0

[15:44:56]	[Recv]	ct 1 2073308 3 5021967 -1 -1 1114

[15:44:56]	[Recv]	eff 1 2073308 15

[15:44:56]	[Recv]	rc 1 2073308 200 0

[15:44:56]	[Recv]	su 1 2073308 3 5021967 1114 7 11 4260 0 0 1 73 71953 0 0 194418 266371

[15:44:56]	[Recv]	bf 1 2073308 0.4126.100 99

[15:44:56]	[Recv]	cond 2 4988603 0 0 15

[15:44:56]	[Recv]	eff 2 4988603 5005

[15:44:56]	[Send]	ptctl 5443 2 4988592 44 64 4988603 39 63 4988592 15
[15:44:56]	[Recv]	ct 3 5021962 2 5020850 -1 -1 0

[15:44:56]	[Recv]	su 3 5021962 2 5020850 0 16 11 7640 0 0 1 90 1043 0 0 82924 92062

[15:44:56]	[Recv]	su 2 4988487 3 5021963 0 6 11 4035 0 0 1 87 5019 0 0 105472 120121

[15:44:56]	[Recv]	sc_p 170 1548 4988592 96 576 24126691 0 0 1889 2049 1289 19 90 9 975 627 958 627 866 3 90 90 110 80 19277 57771 18100 18100 1 84982200 0 @ 0 0 6 60 1831 1798 0 100

[15:44:56]	[Recv]	dm 2 4988592 594 1

[15:44:56]	[Recv]	st 2 5020852 94 0 88 100 81083 184124 92062 184124 0

[15:44:56]	[Recv]	cond 2 4988592 0 0 15

[15:44:56]	[Send]	ptctl 5443 2 4988592 45 65 4988603 40 63 4988592 15
[15:44:56]	[Recv]	cond 1 2073308 0 0 20

[15:44:56]	[Recv]	cond 1 2073308 0 0 20

[15:44:56]	[Recv]	ct 2 4988602 3 5021962 -1 -1 0

[15:44:56]	[Recv]	eff 2 4988602 15

[15:44:56]	[Recv]	su 2 4988602 3 5021962 0 11 11 4085 0 0 1 93 8807 0 0 250265 266371

[15:44:56]	[Recv]	ct 2 4988603 3 5021967 -1 -1 0

[15:44:56]	[Recv]	su 2 4988603 3 5021967 0 12 11 8360 0 0 1 70 6941 0 0 187477 266371

[15:44:56]	[Recv]	cond 2 4988592 0 0 15

[15:44:56]	[Recv]	cond 2 4988603 0 0 15

[15:44:56]	[Recv]	sr 1

[15:44:56]	[Recv]	cond 1 2073308 0 0 20

[15:44:56]	[Recv]	cond 1 2073308 0 0 20

[15:44:56]	[Send]	ptctl 5443 1 4988592 41 65 4988592 15
[15:44:56]	[Send]	ncif 3 5021967
[15:44:56]	[Recv]	cond 2 4988592 0 0 15

[15:44:56]	[Recv]	cond 2 4988603 0 0 15

[15:44:56]	[Send]	u_s 2 1 2073308
[15:44:56]	[Recv]	sr 0

[15:44:56]	[Recv]	cond 2 4988592 0 0 15

[15:44:56]	[Recv]	ct 2 4988486 3 5021963 -1 -1 0

[15:44:56]	[Recv]	st 3 5021967 99 0 70 100 187477 2828 266371 2828 0

[15:44:56]	[Recv]	cond 1 2073308 0 0 20

[15:44:56]	[Recv]	cond 1 2073308 0 0 20

[15:44:57]	[Send]	ptctl 5443 1 4988603 36 63 4988603 15
[15:44:57]	[Send]	suctl 5443 1 4988603 3 5021967
[15:44:57]	[Recv]	ct 3 5021959 2 5020850 -1 -1 0

[15:44:57]	[Recv]	su 3 5021959 2 5020850 0 16 11 7640 0 0 1 88 1114 0 0 81810 92062

[15:44:57]	[Recv]	ct 3 5021845 2 5020850 -1 -1 0

[15:44:57]	[Recv]	su 3 5021845 2 5020850 0 10 11 0 0 0 1 88 503 0 0 81307 92062

[15:44:57]	[Recv]	su 2 4988486 3 5021963 0 6 11 7130 0 0 1 87 0 4 0 105472 120121

[15:44:57]	[Recv]	ct 2 4988487 3 5021963 -1 -1 0

[15:44:57]	[Recv]	ct 2 5020851 3 5021850 -1 -1 0

[15:44:57]	[Recv]	su 2 5020851 3 5021850 0 10 11 0 0 0 1 100 0 1 0 120120 120121

[15:44:57]	[Recv]	ms_c 0

[15:44:57]	[Recv]	qslot 0 1.1.1 1.1.2 1.1.3 1.1.4 1.1.5 1.1.6 1.1.7 1.1.9 1.1.8 1.1.10 0.1.45 0.2.21 0.1.76 1.1.38 1.3.12 0.1.34 0.1.87 0.-1.-1 0.1.84 0.1.43 1.3.11 1.1.42 1.1.41 1.3.976 0.-1.-1 0.1.70 0.2.143 0.2.25 0.2.27 0.2.26

[15:44:57]	[Recv]	qslot 1 0.-1.-1 0.-1.-1 0.-1.-1 0.-1.-1 0.-1.-1 0.-1.-1 0.-1.-1 0.-1.-1 0.-1.-1 0.-1.-1 0.1.-1 0.1.-1 1.1.41 1.1.42 0.-1.-1 7.7.-1 7.7.-1 7.7.-1 7.7.-1 0.-1.-1 0.-1.-1 0.-1.-1 0.-1.-1 0.-1.-1 0.-1.-1 0.-1.-1 0.-1.-1 0.-1.-1 0.-1.-1 0.-1.-1

[15:44:57]	[Recv]	ct 1 2073308 1 2073308 -1 -1 1116

[15:44:57]	[Recv]	in 3 1436 5022107 37 65 2 100 100 0 0 0 -1 1 0 -1 - 0 -1 0 0 0 0 0 0 0 1 0 0 0 0

[15:44:57]	[Recv]	su 1 2073308 1 2073308 1116 120 13 4277 0 0 1 70 0 -2 0 67121 95497

[15:44:57]	[Recv]	cond 2 4988603 0 0 15

[15:44:57]	[Send]	suctl 5443 1 4988592 3 5021967
[15:44:57]	[Recv]	ct 3 5021967 2 5020851 -1 -1 0

[15:44:57]	[Recv]	su 3 5021967 2 5020851 0 16 11 7640 0 0 1 88 1070 0 0 80980 92062

[15:44:57]	[Recv]	ct 3 5021850 2 5020851 -1 -1 0

[15:44:57]	[Recv]	su 3 5021850 2 5020851 0 10 11 0 0 0 1 87 503 0 0 80477 92062

[15:44:57]	[Recv]	su 2 4988487 3 5021963 0 6 11 4035 0 0 1 83 5052 0 0 100420 120121

[15:44:57]	[Recv]	ct 2 4988567 3 5021960 -1 -1 0

[15:44:57]	[Recv]	eff 2 4988603 5005

[15:44:57]	[Recv]	eff 2 4988592 5005

[15:44:57]	[Recv]	su 2 4988567 3 5021960 0 6 11 3601 0 0 1 65 5050 0 0 21183 32371

[15:44:57]	[Recv]	ct 2 5020852 3 5021700 -1 -1 0

[15:44:57]	[Recv]	su 2 5020852 3 5021700 0 10 11 0 0 0 1 100 0 1 0 120112 120121

[15:44:57]	[Recv]	st 2 5020850 94 0 88 100 81307 184124 92062 184124 0

[15:44:57]	[Send]	ncif 3 5021967
[15:44:57]	[Recv]	ct 3 5022107 3 5021976 -1 -1 1250

[15:44:57]	[Recv]	su 3 5022107 3 5022107 1250 600 11 4270 0 0 1 97 0 -2 0 97 100

[15:44:57]	[Recv]	su 3 5022107 3 5021976 1250 600 11 4270 0 0 1 100 0 5 0 32371 32371

[15:44:57]	[Recv]	eff 3 5021976 0

[15:44:57]	[Recv]	su 3 5022107 3 5021967 1250 600 11 4270 0 0 1 70 0 5 0 187477 266371

[15:44:57]	[Recv]	eff 3 5021967 0

[15:44:57]	[Recv]	su 3 5022107 3 5021960 1250 600 11 4270 0 0 1 65 0 5 0 21183 32371

[15:44:57]	[Recv]	eff 3 5021960 0

[15:44:57]	[Recv]	su 3 5022107 3 5021848 1250 600 11 4270 0 0 1 55 0 5 0 50737 90871

[15:44:57]	[Recv]	eff 3 5021848 0

[15:44:57]	[Recv]	ct 3 5021963 2 4988487 -1 -1 0

[15:44:57]	[Recv]	su 3 5021963 2 4988487 0 10 11 0 0 0 1 99 0 1 0 37928 38176

[15:44:57]	[Recv]	dm 2 4988603 594 1

[15:44:57]	[Recv]	ct 2 4988592 3 5021967 -1 -1 0

[15:44:57]	[Recv]	su 2 4988592 3 5021967 0 10 11 0 0 0 1 63 18604 3 0 168873 266371

[15:44:57]	[Recv]	st 3 5021967 99 0 63 100 168873 2828 266371 2828 0 572.99 557.99

[15:44:57]	[Send]	ptctl 5443 2 4988592 45 64 4988603 41 63 4988592 15
[15:44:57]	[Recv]	dm 1 2073308 594 1

[15:44:57]	[Recv]	die 3 5022107 3 5022107

[15:44:57]	[Recv]	ct 3 5021960 1 2073308 -1 -1 0

[15:44:57]	[Recv]	ct 2 4988486 3 5021963 -1 -1 0

[15:44:57]	[Recv]	ct 2 4988602 3 5021962 -1 -1 0

[15:44:57]	[Recv]	su 2 4988602 3 5021962 0 11 11 4085 0 0 1 91 7235 0 0 243030 266371

[15:44:57]	[Recv]	cond 1 2073308 0 0 20

[15:44:57]	[Recv]	cond 1 2073308 0 0 20

[15:44:57]	[Recv]	cond 2 4988592 0 0 15

[15:44:57]	[Recv]	cond 2 4988603 0 0 15

[15:44:58]	[Recv]	su 3 5021960 1 2073308 0 12 11 0 0 0 1 69 450 0 0 66077 95497

[15:44:58]	[Recv]	in 3 804 5022112 37 61 2 100 100 0 0 0 -1 0 0 -1 - 0 -1 0 0 0 0 0 0 0 0 0 0 0 0

[15:44:58]	[Recv]	in 3 804 5022113 37 61 2 100 100 0 0 0 -1 0 0 -1 - 0 -1 0 0 0 0 0 0 0 0 0 0 0 0

[15:44:58]	[Recv]	ct 3 5021700 2 5020852 -1 -1 0

[15:44:58]	[Recv]	su 3 5021700 2 5020852 0 10 11 0 0 0 1 88 505 0 0 81498 92062

[15:44:58]	[Recv]	su 2 4988486 3 5021963 0 6 11 7130 0 0 1 79 4791 0 0 95629 120121

[15:44:58]	[Recv]	ct 2 4988487 3 5021963 -1 -1 0

[15:44:58]	[Recv]	st 2 5020851 94 0 87 100 80477 184124 92062 184124 0

[15:44:58]	[Send]	u_s 1 3 5021967
[15:44:58]	[Send]	ptctl 5443 1 4988592 42 65 4988592 15
[15:44:58]	[Send]	suctl 5443 1 4988592 3 5021967
[15:44:58]	[Recv]	ct 3 5021854 2 5020852 -1 -1 771

[15:44:58]	[Recv]	su 3 5021854 2 5020852 771 10 11 7722 0 0 1 88 504 0 0 80994 92062

[15:44:58]	[Recv]	ct 3 5021848 2 4988603 -1 -1 0

[15:44:58]	[Recv]	su 2 4988487 3 5021963 0 6 11 4035 0 0 1 75 5052 0 0 90577 120121

[15:44:58]	[Recv]	ct 2 4988567 3 5021960 -1 -1 0

[15:44:58]	[Recv]	dm 2 4988592 594 1

[15:44:58]	[Recv]	st 2 5020852 94 0 88 100 80994 184124 92062 184124 0

[15:44:58]	[Recv]	cond 1 2073308 0 0 20

[15:44:58]	[Recv]	cond 1 2073308 0 0 20

[15:44:58]	[Recv]	ms_c 0

[15:44:58]	[Recv]	qslot 0 1.1.1 1.1.2 1.1.3 1.1.4 1.1.5 1.1.6 1.1.7 1.1.9 1.1.8 1.1.10 0.1.45 0.2.21 0.1.76 1.1.38 1.3.12 0.1.34 0.1.87 0.-1.-1 0.1.84 0.1.43 1.3.11 1.1.42 1.1.41 1.3.976 0.-1.-1 0.1.70 0.2.143 0.2.25 0.2.27 0.2.26

[15:44:58]	[Recv]	qslot 1 0.-1.-1 0.-1.-1 0.-1.-1 0.-1.-1 0.-1.-1 0.-1.-1 0.-1.-1 0.-1.-1 0.-1.-1 0.-1.-1 0.1.-1 0.1.-1 1.1.41 1.1.42 0.-1.-1 7.7.-1 7.7.-1 7.7.-1 7.7.-1 0.-1.-1 0.-1.-1 0.-1.-1 0.-1.-1 0.-1.-1 0.-1.-1 0.-1.-1 0.-1.-1 0.-1.-1 0.-1.-1 0.-1.-1

[15:44:58]	[Send]	suctl 5443 1 4988603 3 5021967
[15:44:58]	[Recv]	su 3 5021848 2 4988603 0 10 11 4806 0 0 1 23 113 0 0 4527 19451

[15:44:58]	[Recv]	su 2 4988567 3 5021960 0 6 11 3601 0 0 1 50 4957 0 0 16226 32371

[15:44:58]	[Recv]	eff 2 5020850 7739

[15:44:58]	[Recv]	ct 1 2073308 3 5021967 14 4263 1115

[15:44:58]	[Recv]	cond 2 4988592 0 0 15

[15:44:58]	[Recv]	eff 2 4988592 5005

[15:44:58]	[Send]	ncif 3 5021967
[15:44:58]	[Recv]	eff 2 4988603 5005

[15:44:58]	[Recv]	bf 3 5021967 0.4110.80 99

[15:44:58]	[Recv]	eff 3 5021967 0

[15:44:58]	[Recv]	rc 1 2073308 200 0

[15:44:58]	[Recv]	su 1 2073308 3 5021967 1115 70 12 4264 0 0 1 25 99872 3 0 69001 266371

[15:44:58]	[Recv]	su 1 2073308 3 5021848 1115 70 12 4264 0 0 1 16 35569 5 0 15168 90871

[15:44:58]	[Recv]	bf 3 5021848 0.4253.100 99

[15:44:58]	[Recv]	mslot 1127 -1

[15:44:58]	[Recv]	qset 0 0 1.1.13.0

[15:44:58]	[Recv]	st 3 5021967 99 0 25 100 69001 2828 266371 2828 0 4110.99 572.99 557.99

[15:44:58]	[Recv]	ct 2 4988486 3 5021963 -1 -1 0

[15:44:58]	[Recv]	ct 2 4988592 3 5021967 -1 -1 0

[15:44:58]	[Recv]	su 2 4988592 3 5021967 0 4 11 0 0 0 1 20 13814 0 0 55187 266371

[15:44:58]	[Recv]	sr 8

[15:44:59]	[Recv]	ct 3 5021976 1 2073308 -1 -1 0

[15:44:59]	[Recv]	su 2 4988486 3 5021963 0 6 11 7130 0 0 1 71 4779 0 0 85798 120121

[15:44:59]	[Recv]	ct 2 4988487 3 5021963 -1 -1 0

[15:44:59]	[Recv]	ct 2 4988603 3 5021967 -1 -1 0

[15:44:59]	[Recv]	su 2 4988603 3 5021967 0 12 11 8360 0 0 1 17 7569 0 0 47618 266371

[15:44:59]	[Recv]	eff 2 5020851 7739

[15:44:59]	[Recv]	cond 1 2073308 0 0 20

[15:44:59]	[Recv]	sayi 1 2073308 20 22 3 4254 0 0 0

[15:44:59]	[Recv]	bf 1 2073308 0.4254.0 99

[15:44:59]	[Recv]	su 3 5021976 1 2073308 0 12 11 0 0 0 1 69 447 0 0 65830 95497

[15:44:59]	[Recv]	in 3 804 5022114 40 64 2 100 100 0 0 0 -1 0 0 -1 - 0 -1 0 0 0 0 0 0 0 0 0 0 0 0

[15:44:59]	[Recv]	in 3 804 5022115 39 64 2 100 100 0 0 0 -1 0 0 -1 - 0 -1 0 0 0 0 0 0 0 0 0 0 0 0

[15:44:59]	[Recv]	ct 3 5021845 2 5020850 -1 -1 0

[15:44:59]	[Recv]	su 3 5021845 2 5020850 0 10 11 0 0 0 1 88 505 0 0 81722 92062

[15:44:59]	[Recv]	su 2 4988487 3 5021963 0 6 11 4035 0 0 1 60 12676 3 0 73122 120121

[15:44:59]	[Recv]	ct 2 4988567 3 5021960 -1 -1 0

[15:44:59]	[Recv]	ct 2 4988602 3 5021962 -1 -1 0

[15:44:59]	[Recv]	eff 2 4988602 15

[15:44:59]	[Recv]	su 2 4988602 3 5021962 0 11 11 4085 0 0 1 87 8996 0 0 234034 266371

[15:44:59]	[Recv]	eff 2 5020852 7739

[15:44:59]	[Recv]	ct 2 5020851 3 5021850 -1 -1 0

[15:44:59]	[Recv]	su 2 5020851 3 5021850 0 10 11 0 0 0 1 100 0 1 0 120120 120121

[15:44:59]	[Send]	ptctl 5443 1 4988592 41 65 4988592 15
[15:44:59]	[Recv]	ct 3 5021850 2 5020851 -1 -1 0

[15:44:59]	[Recv]	su 3 5021850 2 5020851 0 10 11 0 0 0 1 87 502 0 0 80895 92062

[15:44:59]	[Recv]	su 2 4988567 3 5021960 0 6 11 3601 0 0 1 34 4968 0 0 11258 32371

[15:44:59]	[Recv]	st 2 5020850 94 0 88 100 81722 184124 92062 184124 0

[15:44:59]	[Recv]	cond 2 4988592 0 0 15

[15:44:59]	[Send]	u_s 0 3 5021967
[15:44:59]	[Send]	ncif 3 5021967
[15:44:59]	[Recv]	sp 414528 1000000 0 10000

[15:44:59]	[Recv]	ct 3 5021962 2 5020850 -1 -1 0

[15:44:59]	[Recv]	su 3 5021962 2 5020850 0 16 11 7640 0 0 1 88 1121 0 0 81521 92062

[15:44:59]	[Recv]	dm 2 4988603 594 1

[15:44:59]	[Recv]	ct 2 5020852 3 5021700 -1 -1 0

[15:44:59]	[Recv]	su 2 5020852 3 5021700 0 10 11 0 0 0 1 100 0 1 0 120112 120121

[15:44:59]	[Send]	u_ps 4988603 3 5021967 0
[15:44:59]	[Recv]	ct 1 2073308 3 5021967 -1 -1 1114

[15:44:59]	[Recv]	su 1 2073308 3 5021967 1114 7 11 4260 0 0 1 17 0 4 0 47618 266371

[15:44:59]	[Recv]	dm 1 2073308 594 1

[15:44:59]	[Recv]	st 3 5021967 99 0 17 100 47618 2828 266371 2828 0 4110.99 572.99 557.99

[15:44:59]	[Send]	suctl 5443 1 4988592 3 5021967
[15:44:59]	[Send]	ptctl 5443 2 4988592 46 67 4988603 46 63 4988592 15
[15:44:59]	[Recv]	ct 3 5021963 2 4988487 -1 -1 0

[15:44:59]	[Recv]	cond 2 4988487 0 1 12

[15:44:59]	[Recv]	cond 2 4988487 1 1 12

[15:44:59]	[Recv]	su 3 5021963 2 4988487 0 10 11 0 0 0 1 98 249 0 0 37679 38176

[15:44:59]	[Recv]	ct 2 4988486 3 5021963 -1 -1 0

[15:44:59]	[Recv]	sr 13

[15:44:59]	[Recv]	eff 2 4988603 5005

[15:44:59]	[Send]	ptctl 5443 2 4988592 47 65 4988603 46 66 4988592 15
[15:44:59]	[Recv]	eff 2 4988592 5005

[15:45:00]	[Recv]	su 2 4988486 3 5021963 0 6 11 7130 0 0 1 56 4853 0 0 68269 120121

[15:45:00]	[Recv]	ct 2 4988603 3 5021967 -1 -1 1880

[15:45:00]	[Recv]	cond 2 4988603 0 0 16

[15:45:00]	[Recv]	cond 1 2073308 0 0 21

[15:45:00]	[Recv]	bf 1 2073308 0.3069.300 94

[15:45:00]	[Recv]	sayi 1 2073308 20 26 3 3069 0 0 0

[15:45:00]	[Recv]	su 2 4988603 3 5021967 1880 480 12 8366 0 0 1 14 8069 0 0 39549 266371

[15:45:00]	[Recv]	st 2 5020851 94 0 87 100 80895 184124 92062 184124 0

[15:45:00]	[Recv]	cond 1 2073308 0 0 21

[15:45:00]	[Recv]	cond 1 2073308 0 0 21

[15:45:00]	[Recv]	cond 2 4988592 0 0 15

[15:45:00]	[Recv]	cond 2 4988603 0 0 16

[15:45:00]	[Send]	ptctl 5443 2 4988592 49 65 4988603 49 63 4988603 16
[15:45:00]	[Recv]	ct 3 5021700 2 5020852 -1 -1 0

[15:45:00]	[Recv]	su 3 5021700 2 5020852 0 10 11 0 0 0 1 88 505 0 0 81409 92062

[15:45:00]	[Recv]	ct 2 4988567 3 5021960 -1 -1 0

[15:45:00]	[Recv]	ct 2 4988592 3 5021967 -1 -1 0

[15:45:00]	[Recv]	su 2 4988592 3 5021967 0 3 11 0 0 0 1 8 16051 0 0 23498 266371

[15:45:00]	[Recv]	dm 2 4988592 594 1

[15:45:00]	[Recv]	st 2 5020852 94 0 88 100 81409 184124 92062 184124 0

[15:45:00]	[Recv]	cond 1 2073308 0 0 21

[15:45:00]	[Recv]	cond 1 2073308 0 0 21

[15:45:00]	[Recv]	cond 2 4988592 0 0 15

[15:45:00]	[Recv]	cond 2 4988603 0 0 16

[15:45:00]	[Send]	ncif 3 5021700
[15:45:00]	[Recv]	ct 3 5021959 2 5020850 -1 -1 0

[15:45:00]	[Recv]	su 3 5021959 2 5020850 0 16 11 7640 0 0 1 87 994 0 0 80527 92062

[15:45:00]	[Recv]	ct 3 5021854 2 5020852 -1 -1 771

[15:45:00]	[Recv]	su 3 5021854 2 5020852 771 10 11 7722 0 0 1 88 503 0 0 81826 92062

[15:45:00]	[Recv]	su 2 4988567 3 5021960 0 6 11 3601 0 0 1 19 4973 0 0 6285 32371

[15:45:00]	[Recv]	sr 0

[15:45:00]	[Recv]	cond 1 2073308 0 0 21

[15:45:00]	[Recv]	cond 1 2073308 0 0 21

[15:45:00]	[Recv]	cond 2 4988592 0 0 15

[15:45:00]	[Recv]	cond 2 4988603 0 0 16

[15:45:00]	[Send]	u_s 13 3 5021700
[15:45:00]	[Recv]	ct 3 5021967 2 5020851 -1 -1 0

[15:45:00]	[Recv]	ct 3 5021848 2 5020851 -1 -1 0

[15:45:00]	[Recv]	ct 2 4988602 3 5021962 -1 -1 0

[15:45:00]	[Recv]	su 2 4988602 3 5021962 0 11 11 4085 0 0 1 82 14378 3 0 219656 266371

[15:45:00]	[Recv]	st 3 5021700 99 0 100 100 120112 2828 120121 2828 0

[15:45:00]	[Recv]	cond 1 2073308 0 0 21

[15:45:00]	[Recv]	cond 1 2073308 0 0 21

[15:45:00]	[Recv]	su 3 5021967 2 5020851 0 16 11 7640 0 0 1 87 1043 0 0 80772 92062

[15:45:00]	[Recv]	su 3 5021848 2 5020851 0 10 11 4806 0 0 1 87 502 3 0 80270 92062

[15:45:00]	[Recv]	ct 2 4988486 3 5021963 -1 -1 0

[15:45:00]	[Recv]	ms_c 0

[15:45:00]	[Recv]	qslot 0 1.1.1 1.1.2 1.1.3 1.1.4 1.1.5 1.1.6 1.1.7 1.1.9 1.1.8 1.1.10 0.1.45 0.2.21 0.1.76 1.1.38 1.3.12 0.1.34 0.1.87 0.-1.-1 0.1.84 0.1.43 1.3.11 1.1.42 1.1.41 1.3.976 0.-1.-1 0.1.70 0.2.143 0.2.25 0.2.27 0.2.26

[15:45:00]	[Recv]	qslot 1 0.-1.-1 0.-1.-1 0.-1.-1 0.-1.-1 0.-1.-1 0.-1.-1 0.-1.-1 0.-1.-1 0.-1.-1 0.-1.-1 0.1.-1 0.1.-1 1.1.41 1.1.42 0.-1.-1 7.7.-1 7.7.-1 7.7.-1 7.7.-1 0.-1.-1 0.-1.-1 0.-1.-1 0.-1.-1 0.-1.-1 0.-1.-1 0.-1.-1 0.-1.-1 0.-1.-1 0.-1.-1 0.-1.-1

[15:45:00]	[Recv]	ct 1 2073308 3 5021700 -1 -1 1127

[15:45:00]	[Recv]	rc 1 2073308 200 0

[15:45:00]	[Recv]	su 1 2073308 3 5021700 1127 80 22 4284 0 0 1 58 50132 0 0 69980 120121

[15:45:00]	[Recv]	bf 3 5021700 0.572.120 99

[15:45:01]	[Recv]	su 2 4988486 3 5021963 0 6 11 7130 0 0 1 52 4791 0 0 63478 120121

[15:45:01]	[Send]	u_s 13 3 5021700
[15:45:01]	[Send]	ptctl 5443 1 4988603 45 63 4988603 16
[15:45:01]	[Send]	suctl 5443 1 4988603 3 5021700
[15:45:01]	[Recv]	ct 3 5021974 2 4988603 -1 -1 0

[15:45:01]	[Recv]	su 3 5021974 2 4988603 0 10 11 0 0 0 1 20 0 1 0 3933 19451

[15:45:01]	[Recv]	ct 2 4988567 3 5021960 -1 -1 0

[15:45:01]	[Recv]	cancel 0 13 -1

[15:45:01]	[Recv]	cond 2 4988603 0 0 16

[15:45:01]	[Send]	ncif 3 5021700
[15:45:01]	[Recv]	ct 3 5021845 2 5020850 -1 -1 0

[15:45:01]	[Recv]	su 3 5021845 2 5020850 0 10 11 0 0 0 1 86 502 3 0 80025 92062

[15:45:01]	[Recv]	su 2 4988567 3 5021960 0 6 11 3601 0 0 1 4 4983 0 0 1302 32371

[15:45:01]	[Recv]	ct 2 5020851 3 5021850 -1 -1 0

[15:45:01]	[Recv]	su 2 5020851 3 5021850 0 10 11 0 0 0 1 100 0 1 0 120120 120121

[15:45:01]	[Recv]	st 2 5020850 94 0 86 100 80025 184124 92062 184124 0

[15:45:01]	[Recv]	eff 2 4988603 5005

[15:45:01]	[Send]	u_s 0 3 5021967
[15:45:01]	[Send]	ptctl 5443 1 4988592 43 65 4988592 15
[15:45:01]	[Recv]	cond 1 2073308 0 0 21

[15:45:01]	[Recv]	cond 1 2073308 0 0 21

[15:45:01]	[Recv]	ct 3 5021850 2 5020851 -1 -1 0

[15:45:01]	[Recv]	su 3 5021850 2 5020851 0 10 11 0 0 0 1 86 501 0 0 79769 92062

[15:45:01]	[Recv]	cond 2 4988487 1 0 12

[15:45:01]	[Recv]	cond 2 4988487 0 0 12

[15:45:01]	[Recv]	rc 2 4988603 2910 0

[15:45:01]	[Recv]	dm 2 4988603 594 1

[15:45:01]	[Recv]	st 3 5021700 99 0 58 100 69980 2828 120121 2828 0 572.99

[15:45:01]	[Recv]	rc 1 2073308 14310 0

[15:45:01]	[Recv]	dm 1 2073308 594 1

[15:45:01]	[Recv]	ct 3 5022115 2 5020851 -1 -1 779

[15:45:01]	[Recv]	ct 3 5021976 1 2073308 -1 -1 0

[15:45:01]	[Recv]	ct 2 4988486 3 5021963 -1 -1 0

[15:45:01]	[Recv]	ct 2 4988487 3 5021963 -1 -1 0

[15:45:01]	[Recv]	ct 2 4988603 3 5021700 -1 -1 0

[15:45:01]	[Recv]	su 2 4988603 3 5021700 0 12 11 8360 0 0 1 50 9596 0 0 60384 120121

[15:45:01]	[Recv]	ct 2 5020852 3 5021700 -1 -1 0

[15:45:01]	[Recv]	su 2 5020852 3 5021700 0 10 11 0 0 0 1 50 1 0 0 60383 120121

[15:45:01]	[Recv]	ct 1 2073308 3 5021967 -1 -1 1114

[15:45:01]	[Recv]	eff 1 2073308 15

[15:45:01]	[Recv]	rc 1 2073308 200 0

[15:45:01]	[Recv]	su 1 2073308 3 5021967 1114 7 11 4260 0 0 0 0 317552 3 0 0 266371

[15:45:01]	[Recv]	lev 99 0 99 0 2140719000 5991794 66992052 2 0 90 917705181 0

[15:45:01]	[Recv]	cond 2 4988592 0 0 15

[15:45:01]	[Send]	ncif 3 5021967
[15:45:02]	[Recv]	su 3 5021976 1 2073308 0 12 11 0 0 0 1 83 0 1 0 79352 95497

[15:45:02]	[Recv]	ct 3 5021965 2 4988603 -1 -1 771

[15:45:02]	[Recv]	su 3 5021965 2 4988603 771 10 11 7722 0 0 1 32 0 4 0 6249 19451

[15:45:02]	[Recv]	su 3 5021965 1 2073308 771 10 11 7722 0 0 1 83 0 4 0 79352 95497

[15:45:02]	[Recv]	su 3 5021965 2 4988592 771 10 11 7722 0 0 1 29 300 5 0 17195 57771

[15:45:02]	[Recv]	ct 3 5021963 2 4988487 -1 -1 0

[15:45:02]	[Recv]	su 3 5021963 2 4988487 0 10 11 0 0 0 1 98 0 1 0 37679 38176

[15:45:02]	[Recv]	su 2 4988486 3 5021963 0 6 11 7130 0 0 1 48 4856 0 0 58622 120121

[15:45:02]	[Recv]	su 2 4988487 3 5021963 0 6 11 4035 0 0 1 44 5066 0 0 53556 120121

[15:45:02]	[Recv]	ct 2 4988602 3 5021962 -1 -1 0

[15:45:02]	[Recv]	su 2 4988602 3 5021962 0 11 11 4085 0 0 1 79 7235 0 0 212421 266371

[15:45:02]	[Recv]	st 2 5020851 94 0 86 100 79769 184124 92062 184124 0

[15:45:02]	[Recv]	ct 2 4988567 3 5021960 -1 -1 0

[15:45:02]	[Recv]	dm 2 4988592 594 1

[15:45:02]	[Recv]	st 2 5020852 94 0 88 100 81826 184124 92062 184124 0

[15:45:02]	[Send]	ptctl 5443 2 4988592 39 65 4988603 39 63 4988603 16
[15:45:02]	[Recv]	cond 1 2073308 0 0 21

[15:45:02]	[Recv]	cond 1 2073308 0 0 21

[15:45:02]	[Send]	ptctl 5443 2 4988592 38 65 4988603 38 63 4988603 16
[15:45:02]	[Recv]	ct 3 5021961 2 5020852 -1 -1 0

[15:45:02]	[Recv]	su 3 5021961 2 5020852 0 10 11 0 0 0 1 89 504 3 0 82242 92062

[15:45:02]	[Recv]	ct 3 5021700 2 5020852 -1 -1 0

[15:45:02]	[Recv]	su 2 4988567 3 5021960 0 6 11 3601 0 0 1 4 0 4 0 1302 32371

[15:45:02]	[Recv]	cond 2 4988592 0 0 15

[15:45:02]	[Recv]	cond 2 4988603 0 0 16

[15:45:02]	[Send]	ncif 3 5022113
[15:45:02]	[Recv]	sr 0

[15:45:02]	[Recv]	cond 1 2073308 0 0 21

[15:45:02]	[Recv]	cond 1 2073308 0 0 21

[15:45:02]	[Send]	ptctl 5443 1 4988592 37 65 4988592 15
[15:45:02]	[Recv]	ct 3 5021854 2 5020852 -1 -1 771

[15:45:02]	[Recv]	su 3 5021854 2 5020852 771 10 11 7722 0 0 1 88 505 0 0 81737 92062

[15:45:02]	[Recv]	su 3 5021700 2 5020852 0 10 11 0 0 0 1 88 501 0 0 81236 92062

[15:45:02]	[Recv]	cond 2 4988592 0 0 15

[15:45:02]	[Recv]	cond 2 4988603 0 0 16

[15:45:02]	[Recv]	st 3 5022113 90 0 100 100 5147 2369 5170 2369 0

[15:45:02]	[Recv]	ct 2 4988486 3 5021963 -1 -1 0

[15:45:02]	[Recv]	ct 2 4988487 3 5021963 -1 -1 0

[15:45:02]	[Recv]	cond 1 2073308 0 0 21

[15:45:02]	[Recv]	cond 1 2073308 0 0 21

[15:45:02]	[Recv]	cond 2 4988592 0 0 15

[15:45:02]	[Send]	ncif 3 5022113
[15:45:03]	[Recv]	ct 3 5021962 2 5020850 -1 -1 0

[15:45:03]	[Recv]	su 3 5021962 2 5020850 0 16 11 7640 0 0 1 86 1112 0 0 79833 92062

[15:45:03]	[Recv]	ct 3 5021848 2 4988592 -1 -1 0

[15:45:03]	[Recv]	su 2 4988486 3 5021963 0 6 11 7130 0 0 1 40 4803 0 0 48753 120121

[15:45:03]	[Recv]	su 2 4988487 3 5021963 0 6 11 4035 0 0 1 36 5044 0 0 43709 120121

[15:45:03]	[Recv]	st 3 5022113 90 0 100 100 5145 2369 5170 2369 0

[15:45:03]	[Send]	ptctl 5443 2 4988592 34 65 4988603 35 63 4988603 16
[15:45:03]	[Recv]	su 3 5021848 2 4988592 0 10 11 4806 0 0 1 28 113 3 0 16488 57771

[15:45:03]	[Recv]	ct 2 4988567 3 5021960 -1 -1 0

[15:45:03]	[Recv]	cond 1 2073308 0 0 21

[15:45:03]	[Recv]	cond 1 2073308 0 0 21

[15:45:03]	[Recv]	cond 2 4988592 0 0 15

[15:45:03]	[Recv]	cond 2 4988603 0 0 16

[15:45:03]	[Send]	ptctl 5443 1 4988592 32 65 4988592 15
[15:45:03]	[Send]	u_s 0 3 5021962
[15:45:03]	[Recv]	su 2 4988567 3 5021960 0 6 11 3601 0 0 1 4 0 4 0 1302 32371

[15:45:03]	[Recv]	ct 2 4988602 3 5021962 -1 -1 0

[15:45:03]	[Recv]	su 2 4988602 3 5021962 0 11 11 4085 0 0 1 77 7223 0 0 205198 266371

[15:45:03]	[Recv]	st 2 5020850 94 0 86 100 79833 184124 92062 184124 0

[15:45:03]	[Recv]	eff 2 5020850 7739

[15:45:03]	[Send]	ncif 3 5021962
[15:45:03]	[Recv]	cond 2 4988592 0 0 15

[15:45:03]	[Recv]	su 3 5022115 2 5020851 779 30 11 3617 0 0 1 84 2676 0 0 78013 92062

[15:45:03]	[Recv]	dm 2 5020851 3000 1

[15:45:03]	[Recv]	dm 3 5021976 198 1

[15:45:03]	[Recv]	dm 3 5021848 198 1

[15:45:03]	[Recv]	ct 3 5021845 2 5020850 -1 -1 0

[15:45:03]	[Recv]	su 3 5021845 2 5020850 0 10 11 0 0 0 1 87 505 0 0 80248 92062

[15:45:03]	[Recv]	dm 2 4988603 594 1

[15:45:03]	[Recv]	ct 2 5020851 3 5021850 -1 -1 0

[15:45:03]	[Recv]	su 2 5020851 3 5021850 0 10 11 0 0 0 1 100 0 1 0 120120 120121

[15:45:03]	[Recv]	cond 1 2073308 0 0 21

[15:45:03]	[Recv]	cond 1 2073308 0 0 21

[15:45:03]	[Recv]	dm 1 2073308 594 1

[15:45:03]	[Send]	ptctl 5443 2 4988592 31 66 4988603 32 65 4988603 16
[15:45:03]	[Recv]	die 3 5022115 3 5022115

[15:45:03]	[Recv]	dm 3 5021960 198 1

[15:45:03]	[Recv]	ct 3 5021959 2 5020850 -1 -1 0

[15:45:03]	[Recv]	su 3 5021959 2 5020850 0 16 11 7640 0 0 1 86 1075 0 0 79173 92062

[15:45:03]	[Recv]	ct 3 5021850 2 5020851 -1 -1 0

[15:45:03]	[Recv]	su 3 5021850 2 5020851 0 10 11 0 0 0 1 80 503 0 0 74510 92062

[15:45:03]	[Recv]	ct 2 4988486 3 5021963 -1 -1 0

[15:45:03]	[Recv]	ct 2 4988487 3 5021963 -1 -1 0

[15:45:03]	[Recv]	ct 1 2073308 3 5021962 -1 -1 1114

[15:45:03]	[Recv]	su 1 2073308 3 5021962 -1 0 -1 7687 -1 -1 1 76 1683 0 0

[15:45:03]	[Recv]	bf 3 5021962 0.1921.100 99

[15:45:03]	[Recv]	eff 3 5021962 0

[15:45:03]	[Recv]	rc 1 2073308 200 0

[15:45:03]	[Recv]	su 1 2073308 3 5021962 1114 7 11 4260 0 0 1 40 95301 3 0 108214 266371

[15:45:03]	[Recv]	st 3 5021962 99 0 40 100 108214 2828 266371 2828 0 1921.99

[15:45:03]	[Recv]	cond 2 4988592 0 0 15

[15:45:03]	[Recv]	cond 2 4988603 0 0 16

[15:45:04]	[Send]	ncif 3 5021962
[15:45:04]	[Recv]	eff 2 4988486 15

[15:45:04]	[Recv]	su 2 4988486 3 5021963 0 6 11 7130 0 0 1 31 5979 0 0 37730 120121

[15:45:04]	[Recv]	su 2 4988487 3 5021963 0 6 11 4035 0 0 1 27 4998 0 0 32732 120121

[15:45:04]	[Recv]	ct 2 5020852 3 5021700 -1 -1 0

[15:45:04]	[Recv]	su 2 5020852 3 5021700 0 10 11 0 0 0 1 50 1 0 0 60382 120121

[15:45:04]	[Recv]	st 2 5020851 94 0 80 100 74510 184124 92062 184124 0

[15:45:04]	[Recv]	eff 2 5020851 7739

[15:45:04]	[Recv]	st 3 5021962 99 0 40 100 108214 2828 266371 2828 0 1921.99

[15:45:04]	[Send]	ptctl 5443 1 4988592 27 65 4988592 15
[15:45:04]	[Recv]	eff 3 5022115 3617

[15:45:04]	[Recv]	ct 3 5021973 2 5020850 -1 -1 0

[15:45:04]	[Recv]	su 3 5021973 2 5020850 0 10 11 0 0 0 1 85 504 0 0 78669 92062

[15:45:04]	[Recv]	ct 3 5021963 2 4988487 -1 -1 0

[15:45:04]	[Recv]	su 3 5021963 2 4988487 0 10 11 0 0 0 1 98 250 0 0 37429 38176

[15:45:04]	[Recv]	ct 3 5021960 1 2073308 -1 -1 0

[15:45:04]	[Recv]	ct 2 4988567 3 5021960 -1 -1 0

[15:45:04]	[Recv]	dm 2 4988592 594 1

[15:45:04]	[Recv]	st 2 5020852 94 0 88 100 81236 184124 92062 184124 0

[15:45:04]	[Recv]	eff 2 5020852 7739

[15:45:04]	[Recv]	cond 2 4988592 0 0 15

[15:45:04]	[Recv]	su 3 5021960 1 2073308 0 12 11 0 0 0 1 82 0 1 0 78958 95497

[15:45:04]	[Recv]	su 2 4988567 3 5021960 0 6 11 3601 0 0 1 3 0 4 0 1104 32371

[15:45:04]	[Send]	u_s 8 3 5021962
[15:45:04]	[Recv]	sr 0

[15:45:04]	[Recv]	sp 414518 1000000 0 10000

[15:45:04]	[Recv]	ct 3 5021961 2 5020852 -1 -1 0

[15:45:04]	[Recv]	su 3 5021961 2 5020852 0 10 11 0 0 0 1 88 504 0 0 81652 92062

[15:45:04]	[Recv]	ms_c 0

[15:45:04]	[Recv]	qslot 0 1.1.1 1.1.2 1.1.3 1.1.4 1.1.5 1.1.6 1.1.7 1.1.9 1.1.8 1.1.10 0.1.45 0.2.21 0.1.76 1.1.38 1.3.12 0.1.34 0.1.87 0.-1.-1 0.1.84 0.1.43 1.3.11 1.1.42 1.1.41 1.3.976 0.-1.-1 0.1.70 0.2.143 0.2.25 0.2.27 0.2.26

[15:45:04]	[Recv]	qslot 1 0.-1.-1 0.-1.-1 0.-1.-1 0.-1.-1 0.-1.-1 0.-1.-1 0.-1.-1 0.-1.-1 0.-1.-1 0.-1.-1 0.1.-1 0.1.-1 1.1.41 1.1.42 0.-1.-1 7.7.-1 7.7.-1 7.7.-1 7.7.-1 0.-1.-1 0.-1.-1 0.-1.-1 0.-1.-1 0.-1.-1 0.-1.-1 0.-1.-1 0.-1.-1 0.-1.-1 0.-1.-1 0.-1.-1

[15:45:04]	[Recv]	ct 1 2073308 3 5021962 -1 -1 1122

[15:45:04]	[Send]	ptctl 5443 1 4988603 31 66 4988603 16
[15:45:04]	[Send]	suctl 5443 1 4988603 3 5021962
[15:45:04]	[Recv]	ct 3 5021976 1 2073308 -1 -1 0

[15:45:04]	[Recv]	ct 3 5021854 2 5020852 -1 -1 771

[15:45:04]	[Recv]	su 3 5021854 2 5020852 771 10 11 7722 0 0 1 88 501 0 0 81151 92062

[15:45:04]	[Recv]	ct 3 5021700 2 5020852 -1 -1 0

[15:45:04]	[Recv]	ct 2 4988486 3 5021963 -1 -1 0

[15:45:04]	[Recv]	ct 2 4988487 3 5021963 -1 -1 0

[15:45:04]	[Recv]	ct 2 4988602 3 5021962 -1 -1 0

[15:45:04]	[Recv]	su 2 4988602 3 5021962 0 11 11 4085 0 0 1 40 0 4 0 108214 266371

[15:45:04]	[Recv]	rc 1 2073308 200 0

[15:45:04]	[Recv]	su 1 2073308 3 5021962 1122 120 41 4268 0 0 1 3 98898 3 0 9316 266371

[15:45:04]	[Recv]	mslot 1125 -1

[15:45:04]	[Recv]	qset 0 8 1.1.11.0

[15:45:04]	[Recv]	cond 1 2073308 0 0 21

[15:45:04]	[Recv]	bf 1 2073308 0.4254.80 99

[15:45:04]	[Recv]	sayi 1 2073308 20 26 3 4254 0 0 0

[15:45:04]	[Recv]	sayi 1 2073308 20 23 3 4254 0 0 0

[15:45:04]	[Send]	mtlist 5 3 5021973 3 5022112 3 5022114 2 4988592 2 4988603 
[15:45:04]	[Send]	u_s 11 3 5021962
[15:45:04]	[Recv]	cond 2 4988603 0 0 16

[15:45:05]	[Send]	ncif 3 5021962
[15:45:05]	[Recv]	ct 3 5022112 2 5020850 -1 -1 779

[15:45:05]	[Recv]	su 3 5021976 1 2073308 0 12 11 0 0 0 1 82 0 1 0 79158 95497

[15:45:05]	[Recv]	su 3 5021700 2 5020852 0 10 11 0 0 0 1 87 503 0 0 80648 92062

[15:45:05]	[Recv]	su 2 4988486 3 5021963 0 6 11 7130 0 0 1 23 4876 0 0 27856 120121

[15:45:05]	[Recv]	su 2 4988487 3 5021963 0 6 11 4035 0 0 1 19 5028 0 0 22828 120121

[15:45:05]	[Recv]	eff 2 4988603 5005

[15:45:05]	[Send]	ptctl 5443 1 4988592 23 65 4988592 15
[15:45:05]	[Recv]	ct 2 4988567 3 5021960 -1 -1 0

[15:45:05]	[Recv]	ms_c 0

[15:45:05]	[Recv]	qslot 0 1.1.1 1.1.2 1.1.3 1.1.4 1.1.5 1.1.6 1.1.7 1.1.9 1.1.8 1.1.10 0.1.45 0.2.21 0.1.76 1.1.38 1.3.12 0.1.34 0.1.87 0.-1.-1 0.1.84 0.1.43 1.3.11 1.1.42 1.1.41 1.3.976 0.-1.-1 0.1.70 0.2.143 0.2.25 0.2.27 0.2.26

[15:45:05]	[Recv]	qslot 1 0.-1.-1 0.-1.-1 0.-1.-1 0.-1.-1 0.-1.-1 0.-1.-1 0.-1.-1 0.-1.-1 0.-1.-1 0.-1.-1 0.1.-1 0.1.-1 1.1.41 1.1.42 0.-1.-1 7.7.-1 7.7.-1 7.7.-1 7.7.-1 0.-1.-1 0.-1.-1 0.-1.-1 0.-1.-1 0.-1.-1 0.-1.-1 0.-1.-1 0.-1.-1 0.-1.-1 0.-1.-1 0.-1.-1

[15:45:05]	[Recv]	ct 1 2073308 3 5021962 -1 -1 1125

[15:45:05]	[Recv]	cond 1 2073308 0 0 24

[15:45:05]	[Recv]	bf 1 2073308 0.576.20 99

[15:45:05]	[Recv]	sayi 1 2073308 20 26 3 576 0 0 0

[15:45:05]	[Recv]	rc 1 2073308 200 0

[15:45:05]	[Recv]	su 1 2073308 3 5021962 1125 3 22 4272 0 0 0 0 103298 3 0 0 266371

[15:45:05]	[Recv]	lev 99 0 99 0 2140719000 5991794 66992052 2 0 90 917705181 0

[15:45:05]	[Recv]	su 1 2073308 3 5022114 1125 3 22 4272 0 0 0 0 135964 6 0 0 5170

[15:45:05]	[Recv]	lev 99 0 99 0 2140719000 5991794 66992052 2 0 90 917705181 0

[15:45:05]	[Recv]	eff 1 2073308 15

[15:45:05]	[Recv]	su 1 2073308 3 5022112 1125 3 22 4272 0 0 0 0 105202 5 0 0 5170

[15:45:05]	[Recv]	lev 99 0 99 0 2140719000 5991794 66992052 2 0 90 917705181 0

[15:45:05]	[Recv]	su 1 2073308 3 5021973 1125 3 22 4272 0 0 0 0 135456 6 0 0 120121

[15:45:05]	[Recv]	lev 99 0 99 0 2140719000 5991794 66992052 2 0 90 917705181 0

[15:45:05]	[Recv]	mslot 1126 -1

[15:45:05]	[Recv]	qset 0 8 1.1.12.0

[15:45:05]	[Recv]	ct 3 5021965 1 2073308 -1 -1 771

[15:45:05]	[Recv]	sayi 1 2073308 20 24 0 0 0 0 0

[15:45:05]	[Recv]	su 3 5021965 1 2073308 771 10 11 7722 0 0 1 82 448 0 0 78910 95497

[15:45:05]	[Recv]	su 3 5021965 2 4988567 771 10 11 7722 0 0 1 91 1616 5 0 16997 18613

[15:45:05]	[Recv]	su 3 5021965 2 4988603 771 10 11 7722 0 0 1 29 0 4 0 5655 19451

[15:45:05]	[Recv]	ct 3 5021848 2 5020851 -1 -1 0

[15:45:05]	[Recv]	su 2 4988567 3 5021960 0 6 11 3601 0 0 0 0 5031 0 0 0 32371

[15:45:05]	[Recv]	lev 99 0 99 0 2140719000 5991794 66992052 2 0 90 917705181 0

[15:45:05]	[Recv]	ct 2 4988603 3 5021962 -1 -1 0

[15:45:05]	[Recv]	su 2 4988603 2 4988603 0 10 11 8360 0 0 1 29 0 2 0 5655 19451

[15:45:05]	[Recv]	st 2 5020850 94 0 85 100 78669 184124 92062 184124 0

[15:45:05]	[Recv]	cond 2 4988592 0 0 15

[15:45:05]	[Send]	mtlist 4 3 5021973 3 5022112 3 5022114 2 4988592 
[15:45:05]	[Send]	u_s 12 3 5021962
[15:45:05]	[Recv]	eff 3 5022114 3617

[15:45:05]	[Recv]	eff 3 5022112 3617

[15:45:05]	[Recv]	dm 3 5021976 198 1

[15:45:05]	[Recv]	su 3 5021848 2 5020851 0 10 11 4806 0 0 1 81 504 3 0 74926 92062

[15:45:05]	[Recv]	dm 3 5021848 198 1

[15:45:05]	[Recv]	rc 2 4988603 2910 0

[15:45:05]	[Recv]	dm 2 4988603 594 1

[15:45:05]	[Recv]	sr 11

[15:45:05]	[Recv]	sr 1

[15:45:05]	[Recv]	rc 1 2073308 14310 0

[15:45:05]	[Recv]	dm 1 2073308 594 1

[15:45:05]	[Recv]	cancel 0 12 -1

[15:45:05]	[Send]	mtlist 4 3 5021973 3 5022112 3 5022114 2 4988592 
[15:45:05]	[Send]	u_s 12 3 5021962
[15:45:05]	[Recv]	ct 3 5021845 2 4988592 -1 -1 0

[15:45:05]	[Recv]	cond 2 4988592 0 1 15

[15:45:05]	[Recv]	cond 2 4988592 1 1 15

[15:45:05]	[Recv]	su 3 5021845 2 4988592 0 10 11 0 0 0 1 27 23 0 0 15871 57771

[15:45:05]	[Recv]	ct 2 4988486 3 5021963 -1 -1 0

[15:45:05]	[Recv]	ct 2 4988487 3 5021963 -1 -1 0

[15:45:05]	[Recv]	ct 2 5020851 3 5021850 -1 -1 0

[15:45:05]	[Recv]	su 2 5020851 3 5021850 0 10 11 0 0 0 1 100 0 1 0 120120 120121

[15:45:05]	[Recv]	sayi 1 2073308 20 22 3 4126 0 0 0

[15:45:05]	[Recv]	bf 1 2073308 0.4126.0 99

[15:45:06]	[Recv]	ct 3 5021850 2 5020851 -1 -1 0

[15:45:06]	[Recv]	su 3 5021850 2 5020851 0 10 11 0 0 0 1 80 506 3 0 74420 92062

[15:45:06]	[Recv]	su 2 4988486 3 5021963 0 6 11 7130 0 0 1 14 4905 0 0 17923 120121

[15:45:06]	[Recv]	su 2 4988487 3 5021963 0 6 11 4035 0 0 1 10 5011 0 0 12912 120121

[15:45:06]	[Recv]	st 2 5020851 94 0 80 100 74420 184124 92062 184124 0

[15:45:06]	[Recv]	cancel 0 12 -1

[15:45:06]	[Recv]	ct 3 5021964 2 5020852 -1 -1 0

[15:45:06]	[Recv]	su 3 5021964 2 5020852 0 10 11 4806 0 0 1 87 502 0 0 80146 92062

[15:45:06]	[Recv]	ct 2 4988567 3 5021965 -1 -1 0

[15:45:06]	[Recv]	ct 2 4988602 3 5022113 -1 -1 0

[15:45:06]	[Recv]	su 2 4988602 3 5022113 0 11 11 4085 0 0 0 0 6209 0 0 0 5170

[15:45:06]	[Recv]	lev 99 0 99 0 2140719000 5991794 66992052 2 0 90 917705181 0

[15:45:06]	[Recv]	sc_p 170 1548 4988592 96 575 24127254 0 0 1889 2049 1289 19 90 9 975 627 958 627 866 3 90 90 110 80 15871 57771 18100 18100 1 84982200 0 @ 0 0 6 60 1831 1798 0 100

[15:45:06]	[Recv]	dm 2 4988592 594 1

[15:45:06]	[Recv]	st 2 5020852 94 0 87 100 80146 184124 92062 184124 0

[15:45:06]	[Recv]	ct 2 5020852 3 5021700 -1 -1 0

[15:45:06]	[Recv]	su 2 5020852 3 5021700 0 10 11 0 0 0 1 50 0 1 0 60382 120121

[15:45:06]	[Recv]	ct 3 5021963 2 4988487 -1 -1 0

[15:45:06]	[Recv]	su 3 5021963 2 4988487 0 10 11 0 0 0 1 97 248 0 0 37181 38176

[15:45:06]	[Recv]	su 2 4988567 3 5021965 0 6 11 3601 0 0 1 54 6007 0 0 7196 13203

[15:45:06]	[Recv]	eff 3 5022113 3617

[15:45:06]	[Recv]	ct 3 5021961 2 5020852 -1 -1 0

[15:45:06]	[Recv]	su 3 5021961 2 5020852 0 10 11 0 0 0 1 87 502 3 0 80564 92062

[15:45:06]	[Recv]	ct 2 4988486 3 5021963 -1 -1 0

[15:45:06]	[Recv]	ct 2 4988487 3 5021963 -1 -1 0

[15:45:06]	[Recv]	dm 2 4988567 594 1

[15:45:07]	[Recv]	ct 3 5021854 2 5020852 -1 -1 771

[15:45:07]	[Recv]	su 3 5021854 2 5020852 771 10 11 7722 0 0 1 87 505 0 0 80059 92062

[15:45:07]	[Recv]	su 2 4988486 3 5021963 0 6 11 7130 0 0 1 10 0 4 0 12912 120121

[15:45:07]	[Recv]	su 2 4988487 3 5021963 0 6 11 4035 0 0 1 10 0 1 0 12912 120121

[15:45:07]	[Send]	ncif 3 5021959
[15:45:07]	[Send]	suctl 5443 1 4988603 3 5021959
[15:45:07]	[Send]	mtlist 1 2 4988602 
[15:45:07]	[Send]	u_s 12 3 5021959
[15:45:07]	[Recv]	ct 3 5021959 2 5020850 -1 -1 0

[15:45:07]	[Recv]	su 3 5021959 2 5020850 0 16 11 7640 0 0 1 85 1081 0 0 78508 92062

[15:45:07]	[Recv]	ct 3 5021700 2 5020852 -1 -1 0

[15:45:07]	[Recv]	ct 2 4988567 3 5021965 -1 -1 0

[15:45:07]	[Recv]	cond 1 2073308 0 0 21

[15:45:07]	[Recv]	sayi 1 2073308 20 22 3 576 0 0 0

[15:45:07]	[Recv]	bf 1 2073308 0.576.0 99

[15:45:07]	[Recv]	sayi 1 2073308 20 22 3 1647 0 0 0

[15:45:07]	[Recv]	bf 1 2073308 0.1647.0 99

[15:45:07]	[Recv]	st 3 5021959 99 0 100 100 266371 2828 266371 2828 0

[15:45:07]	[Recv]	su 3 5021700 2 5020852 0 10 11 0 0 0 1 86 501 0 0 79558 92062

[15:45:07]	[Recv]	su 2 4988567 3 5021965 0 6 11 3601 0 0 1 9 5943 0 0 1253 13203

[15:45:07]	[Recv]	st 2 5020850 94 0 85 100 78508 184124 92062 184124 0

[15:45:07]	[Recv]	eff 2 4988603 5005

[15:45:07]	[Recv]	ct 3 5021976 1 2073308 -1 -1 0

[15:45:07]	[Recv]	dm 3 5021976 198 1

[15:45:07]	[Recv]	dm 3 5021848 198 1

[15:45:07]	[Recv]	ct 2 4988602 3 5021976 -1 -1 0

[15:45:07]	[Recv]	su 2 4988602 3 5021976 0 11 11 4085 0 0 1 81 5442 0 0 26335 32371

[15:45:07]	[Recv]	dm 2 4988603 594 1

[15:45:07]	[Recv]	cond 2 4988592 1 0 15

[15:45:07]	[Recv]	cond 2 4988592 0 0 15

[15:45:07]	[Recv]	ms_c 0

[15:45:07]	[Recv]	qslot 0 1.1.1 1.1.2 1.1.3 1.1.4 1.1.5 1.1.6 1.1.7 1.1.9 1.1.8 1.1.10 0.1.45 0.2.21 0.1.76 1.1.38 1.3.12 0.1.34 0.1.87 0.-1.-1 0.1.84 0.1.43 1.3.11 1.1.42 1.1.41 1.3.976 0.-1.-1 0.1.70 0.2.143 0.2.25 0.2.27 0.2.26

[15:45:07]	[Recv]	qslot 1 0.-1.-1 0.-1.-1 0.-1.-1 0.-1.-1 0.-1.-1 0.-1.-1 0.-1.-1 0.-1.-1 0.-1.-1 0.-1.-1 0.1.-1 0.1.-1 1.1.41 1.1.42 0.-1.-1 7.7.-1 7.7.-1 7.7.-1 7.7.-1 0.-1.-1 0.-1.-1 0.-1.-1 0.-1.-1 0.-1.-1 0.-1.-1 0.-1.-1 0.-1.-1 0.-1.-1 0.-1.-1 0.-1.-1

[15:45:07]	[Send]	ptctl 5443 1 4988592 22 63 4988592 15
[15:45:07]	[Recv]	ct 1 2073308 3 5021959 -1 -1 1126

[15:45:07]	[Recv]	eff 1 2073308 15

[15:45:07]	[Recv]	rc 1 2073308 200 0

[15:45:07]	[Recv]	su 1 2073308 3 5021959 1126 3 26 4273 0 0 1 9 241796 3 0 24575 266371

[15:45:07]	[Recv]	bf 1 2073308 0.568.400 99

[15:45:07]	[Recv]	mslot 1125 -1

[15:45:07]	[Recv]	qset 0 8 1.1.11.0

[15:45:07]	[Recv]	dm 1 2073308 594 1

[15:45:07]	[Recv]	cond 2 4988592 0 0 15

[15:45:07]	[Recv]	su 3 5021976 1 2073308 0 12 11 0 0 0 1 96 450 0 0 91782 95497

[15:45:07]	[Recv]	in 3 804 5022126 36 64 2 100 100 0 0 0 -1 0 0 -1 - 0 -1 0 0 0 0 0 0 0 0 0 0 0 0

[15:45:07]	[Recv]	in 3 804 5022127 37 65 2 100 100 0 0 0 -1 0 0 -1 - 0 -1 0 0 0 0 0 0 0 0 0 0 0 0

[15:45:07]	[Recv]	ct 3 5021970 1 2073308 -1 -1 771

[15:45:07]	[Recv]	su 3 5021970 1 2073308 771 10 11 7722 0 0 1 96 0 4 0 91782 95497

[15:45:07]	[Recv]	su 3 5021970 2 4988567 771 10 11 7722 0 0 1 76 2138 5 0 14265 18613

[15:45:07]	[Recv]	su 3 5021970 2 4988603 771 10 11 7722 0 0 1 36 329 5 0 7048 19451

[15:45:07]	[Recv]	ct 3 5021969 2 5020851 -1 -1 0

[15:45:07]	[Recv]	su 3 5021969 2 5020851 0 10 11 4806 0 0 1 81 501 0 0 74839 92062

[15:45:07]	[Recv]	ct 3 5021848 2 5020851 -1 -1 0

[15:45:07]	[Recv]	ct 2 4988486 3 5021963 -1 -1 0

[15:45:07]	[Recv]	ct 2 4988487 3 5021963 -1 -1 0

[15:45:07]	[Recv]	ct 2 4988603 3 5021959 -1 -1 0

[15:45:07]	[Recv]	eff 2 4988603 15

[15:45:07]	[Recv]	su 2 4988603 3 5021959 0 12 11 8360 0 0 1 4 11838 0 0 12737 266371

[15:45:07]	[Recv]	sayi 1 2073308 20 22 3 1676 0 0 0

[15:45:07]	[Recv]	bf 1 2073308 0.1676.0 99

[15:45:07]	[Send]	mtlist 1 2 4988602 
[15:45:07]	[Send]	u_s 11 3 5021959
[15:45:08]	[Recv]	su 3 5021848 2 5020851 0 10 11 4806 0 0 1 80 504 0 0 74335 92062

[15:45:08]	[Recv]	ct 3 5021845 2 4988592 -1 -1 0

[15:45:08]	[Recv]	su 3 5021845 2 4988592 0 10 11 0 0 0 1 26 23 0 0 15254 57771

[15:45:08]	[Recv]	dm 3 5021700 198 1

[15:45:08]	[Recv]	su 2 4988486 3 5021963 0 6 11 7130 0 0 1 6 4892 0 0 8020 120121

[15:45:08]	[Recv]	su 2 4988487 3 5021963 0 6 11 4035 0 0 1 2 5045 0 0 2975 120121

[15:45:08]	[Recv]	st 2 5020851 94 0 80 100 74335 184124 92062 184124 0

[15:45:08]	[Recv]	ct 2 5020851 3 5021850 -1 -1 0

[15:45:08]	[Recv]	su 2 5020851 3 5021850 0 10 11 0 0 0 1 100 0 1 0 120120 120121

[15:45:08]	[Recv]	sr 12

[15:45:08]	[Send]	suctl 5443 1 4988592 3 5021959
[15:45:08]	[Recv]	ms_c 0

[15:45:08]	[Recv]	qslot 0 1.1.1 1.1.2 1.1.3 1.1.4 1.1.5 1.1.6 1.1.7 1.1.9 1.1.8 1.1.10 0.1.45 0.2.21 0.1.76 1.1.38 1.3.12 0.1.34 0.1.87 0.-1.-1 0.1.84 0.1.43 1.3.11 1.1.42 1.1.41 1.3.976 0.-1.-1 0.1.70 0.2.143 0.2.25 0.2.27 0.2.26

[15:45:08]	[Recv]	qslot 1 0.-1.-1 0.-1.-1 0.-1.-1 0.-1.-1 0.-1.-1 0.-1.-1 0.-1.-1 0.-1.-1 0.-1.-1 0.-1.-1 0.1.-1 0.1.-1 1.1.41 1.1.42 0.-1.-1 7.7.-1 7.7.-1 7.7.-1 7.7.-1 0.-1.-1 0.-1.-1 0.-1.-1 0.-1.-1 0.-1.-1 0.-1.-1 0.-1.-1 0.-1.-1 0.-1.-1 0.-1.-1 0.-1.-1

[15:45:08]	[Recv]	ct 3 5021850 2 5020851 -1 -1 0

[15:45:08]	[Recv]	su 3 5021850 2 5020851 0 10 11 0 0 0 1 81 505 0 0 74750 92062

[15:45:08]	[Recv]	ct 2 4988567 3 5021965 -1 -1 0

[15:45:08]	[Recv]	dm 2 4988592 594 1

[15:45:08]	[Recv]	st 2 5020852 94 0 86 100 79558 184124 92062 184124 0

[15:45:08]	[Recv]	ct 1 2073308 3 5021959 -1 -1 1125

[15:45:08]	[Recv]	cond 1 2073308 0 0 24

[15:45:08]	[Recv]	bf 1 2073308 0.576.20 99

[15:45:08]	[Recv]	sayi 1 2073308 20 26 3 576 0 0 0

[15:45:08]	[Recv]	eff 1 2073308 15

[15:45:08]	[Recv]	rc 1 2073308 200 0

[15:45:08]	[Recv]	su 1 2073308 3 5021959 1125 3 22 4272 0 0 0 0 219422 3 0 0 266371

[15:45:08]	[Recv]	lev 99 0 99 0 2140719000 5991794 66992052 2 0 90 917705181 0

[15:45:08]	[Recv]	mslot 1126 -1

[15:45:08]	[Recv]	qset 0 8 1.1.12.0

[15:45:08]	[Recv]	bf 1 2073308 0.4126.100 99

[15:45:08]	[Recv]	sayi 1 2073308 20 26 3 4126 0 0 0

[15:45:08]	[Recv]	team_cool 1 0

[15:45:08]	[Recv]	ct 3 5021965 1 2073308 -1 -1 771

[15:45:08]	[Recv]	su 3 5021965 1 2073308 771 10 11 7722 0 0 1 96 0 4 0 91982 95497

[15:45:08]	[Recv]	su 3 5021965 2 4988567 771 10 11 7722 0 0 1 65 2154 5 0 12111 18613

[15:45:08]	[Recv]	su 3 5021965 2 4988603 771 10 11 7722 0 0 1 36 0 4 0 7048 19451

[15:45:08]	[Recv]	ct 3 5021964 2 5020852 -1 -1 0

[15:45:08]	[Recv]	su 3 5021964 2 5020852 0 10 11 4806 0 0 1 86 504 3 0 79974 92062

[15:45:08]	[Recv]	su 2 4988567 3 5021965 0 6 11 3601 0 0 1 9 0 4 0 1253 13203

[15:45:08]	[Recv]	ct 2 5020852 3 5021700 -1 -1 0

[15:45:08]	[Recv]	su 2 5020852 3 5021700 0 10 11 0 0 0 1 50 0 1 0 60184 120121

[15:45:08]	[Recv]	eff 2 5020850 7739

[15:45:08]	[Send]	mtlist 1 2 4988602 
[15:45:08]	[Send]	u_s 12 3 5021959
[15:45:08]	[Send]	suctl 5443 1 4988603 3 5021959
[15:45:08]	[Recv]	sr 11

[15:45:08]	[Recv]	ct 3 5021974 2 5020851 -1 -1 0

[15:45:08]	[Recv]	su 3 5021974 2 5020851 0 10 11 0 0 0 1 80 505 0 0 74245 92062

[15:45:08]	[Recv]	ct 3 5021963 2 4988487 -1 -1 0

[15:45:08]	[Recv]	cond 2 4988487 0 1 12

[15:45:08]	[Recv]	cond 2 4988487 1 1 12

[15:45:08]	[Recv]	su 3 5021963 2 4988487 0 10 11 0 0 0 1 96 250 0 0 36931 38176

[15:45:08]	[Recv]	cancel 0 12 -1

[15:45:08]	[Send]	mtlist 1 2 4988602 
[15:45:08]	[Send]	u_s 12 3 5021959
[15:45:08]	[Send]	ncif 3 5021971
[15:45:08]	[Recv]	ct 2 4988486 3 5021963 -1 -1 0

[15:45:08]	[Recv]	dm 2 4988567 594 1

[15:45:08]	[Recv]	sr 13

[15:45:08]	[Recv]	cancel 0 12 -1

[15:45:09]	[Send]	mtlist 5 3 5021965 3 5021966 3 5021968 3 5021970 3 5022126 
[15:45:09]	[Send]	u_s 12 3 5021971
[15:45:09]	[Recv]	ct 3 5021961 2 5020852 -1 -1 0

[15:45:09]	[Recv]	su 3 5021961 2 5020852 0 10 11 0 0 0 1 86 501 0 0 79473 92062

[15:45:09]	[Recv]	eff 2 4988486 15

[15:45:09]	[Recv]	su 2 4988486 3 5021963 0 6 11 7130 0 0 0 0 5941 0 0 0 120121

[15:45:09]	[Recv]	lev 99 0 99 0 2140719000 5991794 66992052 2 0 90 917705181 0

[15:45:09]	[Recv]	ct 2 4988602 3 5021976 -1 -1 0

[15:45:09]	[Recv]	su 2 4988602 3 5021976 0 11 11 4085 0 0 1 64 5482 0 0 20853 32371

[15:45:09]	[Recv]	eff 2 5020851 7739

[15:45:09]	[Recv]	st 3 5021971 99 0 100 100 90871 2828 90871 2828 0

[15:45:09]	[Recv]	sr 2

[15:45:09]	[Send]	ptctl 5443 1 4988592 27 63 4988592 15
[15:45:09]	[Recv]	ct 3 5021854 2 5020852 -1 -1 771

[15:45:09]	[Recv]	su 3 5021854 2 5020852 771 10 11 7722 0 0 1 85 503 0 0 78970 92062

[15:45:09]	[Recv]	ct 2 4988567 3 5021965 -1 -1 0

[15:45:09]	[Recv]	eff 2 5020852 7739

[15:45:09]	[Recv]	ms_c 0

[15:45:09]	[Recv]	qslot 0 1.1.1 1.1.2 1.1.3 1.1.4 1.1.5 1.1.6 1.1.7 1.1.9 1.1.8 1.1.10 0.1.45 0.2.21 0.1.76 1.1.38 1.3.12 0.1.34 0.1.87 0.-1.-1 0.1.84 0.1.43 1.3.11 1.1.42 1.1.41 1.3.976 0.-1.-1 0.1.70 0.2.143 0.2.25 0.2.27 0.2.26

[15:45:09]	[Recv]	qslot 1 0.-1.-1 0.-1.-1 0.-1.-1 0.-1.-1 0.-1.-1 0.-1.-1 0.-1.-1 0.-1.-1 0.-1.-1 0.-1.-1 0.1.-1 0.1.-1 1.1.41 1.1.42 0.-1.-1 7.7.-1 7.7.-1 7.7.-1 7.7.-1 0.-1.-1 0.-1.-1 0.-1.-1 0.-1.-1 0.-1.-1 0.-1.-1 0.-1.-1 0.-1.-1 0.-1.-1 0.-1.-1 0.-1.-1

[15:45:09]	[Recv]	ct 1 2073308 3 5021971 -1 -1 1126

[15:45:09]	[Recv]	eff 1 2073308 15

[15:45:09]	[Recv]	rc 1 2073308 200 0

[15:45:09]	[Recv]	su 1 2073308 3 5021971 1126 3 26 4273 0 0 1 1 89871 0 0 1000 90871

[15:45:09]	[Recv]	in 3 2371 5022131 31 61 2 100 100 0 0 0 -1 0 0 -1 - 0 -1 0 0 0 0 0 0 0 0 0 0 0 0

[15:45:09]	[Recv]	guri 31 1 2073308 31 61

[15:45:09]	[Recv]	bf 1 2073308 0.568.400 99

[15:45:09]	[Recv]	eff 1 2073308 15

[15:45:09]	[Recv]	su 1 2073308 3 5022126 1126 3 26 4273 0 0 0 0 216871 6 0 0 5170

[15:45:09]	[Recv]	lev 99 0 99 0 2140719000 5991794 66992052 2 0 90 917705181 0

[15:45:09]	[Recv]	su 1 2073308 3 5021970 1126 3 26 4273 0 0 0 0 51945 5 0 0 13203

[15:45:09]	[Recv]	lev 99 0 99 0 2140719000 5991794 66992052 2 0 90 917705181 0

[15:45:09]	[Recv]	su 1 2073308 3 5021968 1126 3 26 4273 0 0 1 62 44705 5 0 75416 120121

[15:45:09]	[Recv]	bf 3 5021966 0.4110.80 99

[15:45:09]	[Recv]	eff 3 5021966 0

[15:45:09]	[Recv]	eff 1 2073308 15

[15:45:09]	[Recv]	su 1 2073308 3 5021966 1126 3 26 4273 0 0 1 12 105276 5 0 14845 120121

[15:45:09]	[Recv]	su 1 2073308 3 5021965 1126 3 26 4273 0 0 1 9 0 4 0 1253 13203

[15:45:09]	[Recv]	mslot 1125 -1

[15:45:09]	[Recv]	qset 0 8 1.1.11.0

[15:45:09]	[Recv]	cond 2 4988592 0 0 15

[15:45:09]	[Recv]	su 2 4988567 3 5021965 0 6 11 3601 0 0 0 0 6039 0 0 0 13203

[15:45:09]	[Recv]	lev 99 0 99 0 2140719000 5991794 66992052 2 0 90 917705181 0

[15:45:09]	[Recv]	st 2 5020850 94 0 86 100 79428 184124 92062 184124 0

[15:45:09]	[Send]	mtlist 5 3 5021965 3 5021966 3 5021968 3 5021970 3 5022126 
[15:45:09]	[Send]	u_s 11 3 5021971
[15:45:09]	[Recv]	sp 414508 1000000 0 10000

[15:45:09]	[Recv]	eff 3 5022126 3617

[15:45:09]	[Recv]	ct 3 5021700 2 5020852 -1 -1 0

[15:45:09]	[Recv]	rc 2 4988603 2910 0

[15:45:09]	[Recv]	dm 2 4988603 594 1

[15:45:09]	[Recv]	sr 12

[15:45:09]	[Send]	ncif 3 5021971
[15:45:09]	[Recv]	guri 31 1 2073308 31 61

[15:45:09]	[Recv]	su 3 5022131 3 5021971 -1 0 -1 4273 -1 -1 1 1 44935 0 0

[15:45:09]	[Recv]	su 3 5022131 3 5021968 -1 0 -1 1047 -1 -1 1 25 44935 0 0

[15:45:09]	[Recv]	su 3 5022131 3 5021966 -1 0 -1 1047 -1 -1 1 1 44935 0 0

[15:45:09]	[Recv]	rc 1 2073308 3315 0

[15:45:09]	[Recv]	dm 1 2073308 594 1

[15:45:09]	[Recv]	ms_c 0

[15:45:09]	[Recv]	qslot 0 1.1.1 1.1.2 1.1.3 1.1.4 1.1.5 1.1.6 1.1.7 1.1.9 1.1.8 1.1.10 0.1.45 0.2.21 0.1.76 1.1.38 1.3.12 0.1.34 0.1.87 0.-1.-1 0.1.84 0.1.43 1.3.11 1.1.42 1.1.41 1.3.976 0.-1.-1 0.1.70 0.2.143 0.2.25 0.2.27 0.2.26

[15:45:09]	[Recv]	qslot 1 0.-1.-1 0.-1.-1 0.-1.-1 0.-1.-1 0.-1.-1 0.-1.-1 0.-1.-1 0.-1.-1 0.-1.-1 0.-1.-1 0.1.-1 0.1.-1 1.1.41 1.1.42 0.-1.-1 7.7.-1 7.7.-1 7.7.-1 7.7.-1 0.-1.-1 0.-1.-1 0.-1.-1 0.-1.-1 0.-1.-1 0.-1.-1 0.-1.-1 0.-1.-1 0.-1.-1 0.-1.-1 0.-1.-1

[15:45:09]	[Recv]	die 3 5022131 3 5022131

[15:45:09]	[Recv]	su 3 5021700 2 5020852 0 10 11 0 0 0 1 85 502 3 0 78468 92062

[15:45:09]	[Recv]	ct 1 2073308 3 5021971 -1 -1 1125

[15:45:09]	[Recv]	bf 1 2073308 0.576.20 99

[15:45:09]	[Recv]	rc 1 2073308 200 0

[15:45:09]	[Recv]	su 1 2073308 3 5021971 1125 3 22 4272 0 0 0 0 98855 3 0 0 90871

[15:45:09]	[Recv]	in 3 2371 5022132 30 61 2 100 100 0 0 0 -1 0 0 -1 - 0 -1 0 0 0 0 0 0 0 0 0 0 0 0

[15:45:09]	[Recv]	guri 31 1 2073308 30 61

[15:45:09]	[Recv]	lev 99 0 99 0 2140719000 5991794 66992052 2 0 90 917705181 0

[15:45:09]	[Recv]	su 1 2073308 3 5021968 1125 3 22 4272 0 0 0 0 43205 5 0 0 120121

[15:45:09]	[Recv]	lev 99 0 99 0 2140719000 5991794 66992052 2 0 90 917705181 0

[15:45:09]	[Recv]	eff 1 2073308 15

[15:45:09]	[Recv]	su 1 2073308 3 5021966 1125 3 22 4272 0 0 0 0 394870 6 0 0 120121

[15:45:09]	[Recv]	lev 99 0 99 0 2140719000 5991794 66992052 2 0 90 917705181 0

[15:45:09]	[Send]	suctl 5443 1 4988603 3 5021971
[15:45:10]	[Recv]	ct 3 5021969 2 5020851 -1 -1 0

[15:45:10]	[Recv]	su 3 5021969 2 5020851 0 10 11 4806 0 0 1 80 508 3 0 73737 92062

[15:45:10]	[Recv]	dm 3 5021700 198 1

[15:45:10]	[Recv]	st 2 5020851 94 0 80 100 73737 184124 92062 184124 0

[15:45:10]	[Send]	mtlist 3 3 5021965 3 5021966 3 5021968 
[15:45:10]	[Send]	u_s 11 3 5021971
[15:45:10]	[Send]	ptctl 5443 1 4988592 32 63 4988592 15
[15:45:10]	[Recv]	sr 11

[15:45:10]	[Recv]	ct 3 5021848 2 5020851 -1 -1 0

[15:45:10]	[Recv]	su 3 5021848 2 5020851 0 10 11 4806 0 0 1 80 504 3 0 74153 92062

[15:45:10]	[Recv]	ct 3 5021845 2 5020850 -1 -1 0

[15:45:10]	[Recv]	su 3 5021845 2 5020850 0 10 11 0 0 0 1 86 502 3 0 79846 92062

[15:45:10]	[Recv]	dm 2 4988592 594 1

[15:45:10]	[Recv]	st 2 5020852 94 0 85 100 78468 184124 92062 184124 0

[15:45:10]	[Recv]	ct 2 5020851 3 5021850 -1 -1 0

[15:45:10]	[Recv]	su 2 5020851 3 5021850 0 10 11 0 0 0 1 100 1 0 0 120119 120121

[15:45:10]	[Send]	ncif 3 5021848
[15:45:10]	[Recv]	cancel 0 11 -1

[15:45:10]	[Send]	u_s 0 3 5021971
[15:45:10]	[Send]	ptctl 5443 1 4988592 35 63 4988592 15
[15:45:10]	[Recv]	ct 3 5021976 1 2073308 -1 -1 0

[15:45:10]	[Recv]	su 3 5021976 1 2073308 0 12 11 0 0 0 1 99 449 0 0 94654 95497

[15:45:10]	[Recv]	in 3 804 5022133 36 65 2 100 100 0 0 0 -1 0 0 -1 - 0 -1 0 0 0 0 0 0 0 0 0 0 0 0

[15:45:10]	[Recv]	in 3 804 5022134 36 63 2 100 100 0 0 0 -1 0 0 -1 - 0 -1 0 0 0 0 0 0 0 0 0 0 0 0

[15:45:10]	[Recv]	ct 3 5021850 2 5020851 -1 -1 0

[15:45:10]	[Recv]	su 3 5021850 2 5020851 0 10 11 0 0 0 1 80 505 0 0 73648 92062

[15:45:10]	[Recv]	cond 2 4988487 1 0 12

[15:45:10]	[Recv]	cond 2 4988487 0 0 12

[15:45:10]	[Recv]	ct 2 4988602 3 5021976 -1 -1 0

[15:45:10]	[Recv]	su 2 4988602 3 5021976 0 11 11 4085 0 0 1 23 13242 3 0 7611 32371

[15:45:10]	[Recv]	cond 2 4988592 0 0 15

[15:45:10]	[Recv]	st 3 5021848 99 0 16 100 14574 2828 90871 2828 0

[15:45:10]	[Recv]	eff 3 5022134 5000

[15:45:10]	[Recv]	eff 3 5022133 5000

[15:45:10]	[Recv]	ct 3 5021964 2 5020852 -1 -1 0

[15:45:10]	[Recv]	su 3 5021964 2 5020852 0 10 11 4806 0 0 1 85 504 3 0 78884 92062

[15:45:10]	[Recv]	ct 2 5020852 3 5021700 -1 -1 0

[15:45:10]	[Recv]	su 2 5020852 3 5021700 0 10 11 0 0 0 1 49 1 0 0 59985 120121

[15:45:10]	[Recv]	cancel 0 0 -1

[15:45:10]	[Recv]	cond 2 4988592 0 0 15

[15:45:10]	[Recv]	die 3 5022132 3 5022132

[15:45:10]	[Recv]	ct 3 5021974 2 5020851 -1 -1 0

[15:45:10]	[Recv]	su 3 5021974 2 5020851 0 10 11 0 0 0 1 79 504 3 0 73144 92062

[15:45:10]	[Recv]	ct 2 4988486 3 5022132 -1 -1 0

[15:45:10]	[Recv]	dm 2 4988567 594 1

[15:45:11]	[Recv]	su 2 4988486 2 4988486 0 6 11 7130 0 0 1 100 0 2 0 16921 16921

[15:45:11]	[Send]	ncif 2 5020851
[15:45:11]	[Send]	suctl 5443 1 4988603 3 5021848
[15:45:11]	[Recv]	ct 3 5022134 2 4988592 -1 -1 779

[15:45:11]	[Recv]	ct 3 5022133 2 4988592 -1 -1 779

[15:45:11]	[Recv]	ct 3 5021961 2 5020852 -1 -1 0

[15:45:11]	[Recv]	su 3 5021961 2 5020852 0 10 11 0 0 0 1 85 502 0 0 78382 92062

[15:45:11]	[Recv]	ct 2 4988567 3 5022127 -1 -1 0

[15:45:11]	[Recv]	st 2 5020851 94 0 79 100 73144 184124 92062 184124 0

[15:45:11]	[Send]	ptctl 5443 1 4988592 37 68 4988592 15
[15:45:11]	[Recv]	sayi 1 2073308 20 22 3 373 0 0 0

[15:45:11]	[Recv]	bf 1 2073308 0.373.0 99

[15:45:11]	[Recv]	eff 2 4988603 5005

[15:45:11]	[Recv]	ct 3 5021854 2 5020852 -1 -1 771

[15:45:11]	[Recv]	su 3 5021854 2 5020852 771 10 11 7722 0 0 1 84 502 0 0 77880 92062

[15:45:11]	[Recv]	su 2 4988567 3 5022127 0 6 11 3601 0 0 0 0 5931 0 0 0 5170

[15:45:11]	[Recv]	lev 99 0 99 0 2140719000 5991794 66992052 2 0 90 917705181 0

[15:45:11]	[Recv]	st 2 5020850 94 0 86 100 79846 184124 92062 184124 0

[15:45:11]	[Recv]	cond 2 4988592 0 0 15

[15:45:11]	[Send]	u_s 1 2 5020851
[15:45:11]	[Recv]	ct 2 4988603 3 5021848 -1 -1 0

[15:45:11]	[Recv]	su 2 4988603 3 5021848 0 12 11 8360 0 0 1 4 10711 0 0 3863 90871

[15:45:11]	[Recv]	dm 2 4988603 594 1

[15:45:11]	[Send]	ptctl 5443 2 4988592 40 66 4988603 37 66 4988603 16
[15:45:11]	[Recv]	cond 1 2073308 0 0 21

[15:45:11]	[Recv]	sayi 1 2073308 20 22 3 576 0 0 0

[15:45:11]	[Recv]	bf 1 2073308 0.576.0 99

[15:45:11]	[Recv]	ms_c 0

[15:45:11]	[Recv]	qslot 0 1.1.1 1.1.2 1.1.3 1.1.4 1.1.5 1.1.6 1.1.7 1.1.9 1.1.8 1.1.10 0.1.45 0.2.21 0.1.76 1.1.38 1.3.12 0.1.34 0.1.87 0.-1.-1 0.1.84 0.1.43 1.3.11 1.1.42 1.1.41 1.3.976 0.-1.-1 0.1.70 0.2.143 0.2.25 0.2.27 0.2.26

[15:45:11]	[Recv]	qslot 1 0.-1.-1 0.-1.-1 0.-1.-1 0.-1.-1 0.-1.-1 0.-1.-1 0.-1.-1 0.-1.-1 0.-1.-1 0.-1.-1 0.1.-1 0.1.-1 1.1.41 1.1.42 0.-1.-1 7.7.-1 7.7.-1 7.7.-1 7.7.-1 0.-1.-1 0.-1.-1 0.-1.-1 0.-1.-1 0.-1.-1 0.-1.-1 0.-1.-1 0.-1.-1 0.-1.-1 0.-1.-1 0.-1.-1

[15:45:11]	[Recv]	cancel 2 1 -1

[15:45:11]	[Send]	ptctl 5443 1 4988592 38 69 4988592 15
[15:45:11]	[Recv]	eff 3 5022127 3617

[15:45:11]	[Recv]	ct 2 4988602 3 5021976 -1 -1 0

[15:45:11]	[Recv]	su 2 4988602 3 5021976 0 11 11 4085 0 0 1 6 5473 0 0 2138 32371

[15:45:11]	[Recv]	cond 2 4988592 0 0 15

[15:45:11]	[Recv]	cond 2 4988603 0 0 16

[15:45:11]	[Send]	u_s 1 2 5020851
[15:45:12]	[Recv]	cond 2 4988592 0 0 15

[15:45:12]	[Recv]	ct 3 5021700 2 5020852 -1 -1 0

[15:45:12]	[Recv]	dm 3 5021700 198 1

[15:45:12]	[Recv]	st 2 5020851 94 0 79 100 73144 184124 92062 184124 0

[15:45:12]	[Recv]	ms_c 0

[15:45:12]	[Recv]	qslot 0 1.1.1 1.1.2 1.1.3 1.1.4 1.1.5 1.1.6 1.1.7 1.1.9 1.1.8 1.1.10 0.1.45 0.2.21 0.1.76 1.1.38 1.3.12 0.1.34 0.1.87 0.-1.-1 0.1.84 0.1.43 1.3.11 1.1.42 1.1.41 1.3.976 0.-1.-1 0.1.70 0.2.143 0.2.25 0.2.27 0.2.26

[15:45:12]	[Recv]	qslot 1 0.-1.-1 0.-1.-1 0.-1.-1 0.-1.-1 0.-1.-1 0.-1.-1 0.-1.-1 0.-1.-1 0.-1.-1 0.-1.-1 0.1.-1 0.1.-1 1.1.41 1.1.42 0.-1.-1 7.7.-1 7.7.-1 7.7.-1 7.7.-1 0.-1.-1 0.-1.-1 0.-1.-1 0.-1.-1 0.-1.-1 0.-1.-1 0.-1.-1 0.-1.-1 0.-1.-1 0.-1.-1 0.-1.-1

[15:45:12]	[Recv]	cancel 2 1 -1

[15:45:12]	[Send]	ncif 3 5021974
[15:45:12]	[Recv]	st 3 5021974 99 0 100 100 120121 2828 120121 2828 0

[15:45:12]	[Send]	u_s 1 3 5021974
[15:45:12]	[Recv]	ct 3 5021969 2 5020851 -1 -1 0

[15:45:12]	[Recv]	su 3 5021969 2 5020851 0 10 11 4806 0 0 1 79 502 3 0 73562 92062

[15:45:12]	[Recv]	su 3 5021969 2 4988592 0 10 11 4806 0 0 1 24 113 5 0 13953 57771

[15:45:12]	[Recv]	su 3 5021700 2 5020852 0 10 11 0 0 0 1 84 503 0 0 77377 92062

[15:45:12]	[Recv]	ct 2 4988487 3 5021845 -1 -1 0

[15:45:12]	[Recv]	ct 2 4988567 3 5022133 -1 -1 0

[15:45:12]	[Recv]	dm 2 4988592 594 1

[15:45:12]	[Recv]	st 2 5020852 94 0 84 100 77377 184124 92062 184124 0

[15:45:12]	[Send]	ptctl 5443 1 4988592 39 68 4988592 15
[15:45:12]	[Recv]	ms_c 0

[15:45:12]	[Recv]	qslot 0 1.1.1 1.1.2 1.1.3 1.1.4 1.1.5 1.1.6 1.1.7 1.1.9 1.1.8 1.1.10 0.1.45 0.2.21 0.1.76 1.1.38 1.3.12 0.1.34 0.1.87 0.-1.-1 0.1.84 0.1.43 1.3.11 1.1.42 1.1.41 1.3.976 0.-1.-1 0.1.70 0.2.143 0.2.25 0.2.27 0.2.26

[15:45:12]	[Recv]	qslot 1 0.-1.-1 0.-1.-1 0.-1.-1 0.-1.-1 0.-1.-1 0.-1.-1 0.-1.-1 0.-1.-1 0.-1.-1 0.-1.-1 0.1.-1 0.1.-1 1.1.41 1.1.42 0.-1.-1 7.7.-1 7.7.-1 7.7.-1 7.7.-1 0.-1.-1 0.-1.-1 0.-1.-1 0.-1.-1 0.-1.-1 0.-1.-1 0.-1.-1 0.-1.-1 0.-1.-1 0.-1.-1 0.-1.-1

[15:45:12]	[Recv]	ct 3 5021848 2 4988603 -1 -1 0

[15:45:12]	[Recv]	su 3 5021848 2 4988603 0 10 11 4806 0 0 1 44 113 3 0 8657 19451

[15:45:12]	[Recv]	ct 3 5021845 2 5020850 -1 -1 0

[15:45:12]	[Recv]	su 3 5021845 2 5020850 0 10 11 0 0 0 1 87 505 0 0 80261 92062

[15:45:12]	[Recv]	su 2 4988487 3 5021845 0 6 11 4035 0 0 1 58 5000 0 0 70747 120121

[15:45:12]	[Recv]	su 2 4988567 3 5022133 0 6 11 3601 0 0 0 0 5964 0 0 0 5170

[15:45:12]	[Recv]	lev 99 0 99 0 2140719000 5991794 66992052 2 0 90 917705181 0

[15:45:12]	[Recv]	ct 2 5020851 3 5021850 -1 -1 0

[15:45:12]	[Recv]	su 2 5020851 3 5021850 0 10 11 0 0 0 1 100 0 1 0 120119 120121

[15:45:12]	[Recv]	ct 1 2073308 3 5021974 14 4263 1115

[15:45:12]	[Recv]	cond 2 4988592 0 0 15

[15:45:12]	[Send]	ptctl 5443 1 4988603 32 66 4988603 16
[15:45:12]	[Send]	suctl 5443 1 4988603 3 5021974
[15:45:12]	[Recv]	ct 3 5021850 2 5020851 -1 -1 0

[15:45:12]	[Recv]	su 3 5021850 2 5020851 0 10 11 0 0 0 1 79 502 0 0 73060 92062

[15:45:12]	[Recv]	cond 2 4988603 0 0 16

[15:45:12]	[Recv]	rc 1 2073308 200 0

[15:45:12]	[Recv]	su 1 2073308 3 5021974 1115 56 12 4264 0 0 1 60 47861 0 0 72260 120121

[15:45:12]	[Recv]	su 1 2073308 3 5021969 1115 56 12 4264 0 0 1 100 0 4 0 90871 90871

[15:45:12]	[Recv]	eff 1 2073308 15

[15:45:12]	[Recv]	su 1 2073308 3 5021850 1115 56 12 4264 0 0 0 0 295306 6 0 0 120121

[15:45:12]	[Recv]	lev 99 0 99 0 2140719000 5991794 66992052 2 0 90 917705181 0

[15:45:12]	[Recv]	mslot 1127 -1

[15:45:12]	[Recv]	qset 0 0 1.1.13.0

[15:45:12]	[Recv]	cond 1 2073308 0 0 21

[15:45:12]	[Recv]	sayi 1 2073308 20 22 3 4254 0 0 0

[15:45:12]	[Recv]	bf 1 2073308 0.4254.0 99

[15:45:12]	[Recv]	eff 2 4988603 5005

[15:45:12]	[Send]	suctl 5443 1 4988592 3 5021974
[15:45:12]	[Recv]	eff 3 5022133 3617

[15:45:12]	[Recv]	ct 3 5021964 2 5020852 -1 -1 0

[15:45:12]	[Recv]	su 3 5021964 2 5020852 0 10 11 4806 0 0 1 84 511 3 0 77786 92062

[15:45:12]	[Recv]	ct 2 4988486 3 5022134 -1 -1 0

[15:45:12]	[Recv]	dm 2 4988567 594 1

[15:45:12]	[Recv]	ct 2 5020852 3 5021700 -1 -1 0

[15:45:12]	[Recv]	su 2 5020852 3 5021700 0 10 11 0 0 0 1 49 0 1 0 59787 120121

[15:45:12]	[Send]	u_s 13 3 5021974
[15:45:12]	[Recv]	eff 2 4988592 5005

[15:45:13]	[Recv]	su 3 5022134 2 4988592 779 30 11 3617 0 0 1 22 312 0 0 13047 57771

[15:45:13]	[Recv]	dm 2 4988592 3000 1

[15:45:13]	[Recv]	ct 3 5021976 1 2073308 -1 -1 0

[15:45:13]	[Recv]	su 3 5021976 1 2073308 0 12 11 0 0 0 1 99 0 1 0 94854 95497

[15:45:13]	[Recv]	ct 3 5021974 2 5020851 -1 -1 0

[15:45:13]	[Recv]	su 3 5021974 2 5020851 0 10 11 0 0 0 1 78 502 0 0 72558 92062

[15:45:13]	[Recv]	su 2 4988486 3 5022134 0 6 11 7130 0 0 1 101 0 4 0 5157 5170

[15:45:13]	[Recv]	ct 2 4988603 3 5021974 -1 -1 0

[15:45:13]	[Recv]	su 2 4988603 3 5021974 0 12 11 8360 0 0 1 52 9582 0 0 62678 120121

[15:45:13]	[Recv]	ms_c 0

[15:45:13]	[Recv]	qslot 0 1.1.1 1.1.2 1.1.3 1.1.4 1.1.5 1.1.6 1.1.7 1.1.9 1.1.8 1.1.10 0.1.45 0.2.21 0.1.76 1.1.38 1.3.12 0.1.34 0.1.87 0.-1.-1 0.1.84 0.1.43 1.3.11 1.1.42 1.1.41 1.3.976 0.-1.-1 0.1.70 0.2.143 0.2.25 0.2.27 0.2.26

[15:45:13]	[Recv]	qslot 1 0.-1.-1 0.-1.-1 0.-1.-1 0.-1.-1 0.-1.-1 0.-1.-1 0.-1.-1 0.-1.-1 0.-1.-1 0.-1.-1 0.1.-1 0.1.-1 1.1.41 1.1.42 0.-1.-1 7.7.-1 7.7.-1 7.7.-1 7.7.-1 0.-1.-1 0.-1.-1 0.-1.-1 0.-1.-1 0.-1.-1 0.-1.-1 0.-1.-1 0.-1.-1 0.-1.-1 0.-1.-1 0.-1.-1

[15:45:13]	[Send]	ncif 3 5021974
[15:45:13]	[Recv]	ct 1 2073308 3 5021974 -1 -1 1127

[15:45:13]	[Recv]	eff 1 2073308 15

[15:45:13]	[Recv]	rc 1 2073308 200 0

[15:45:13]	[Recv]	su 1 2073308 3 5021974 1127 80 22 4284 0 0 0 0 300727 3 0 0 120121

[15:45:13]	[Recv]	lev 99 0 99 0 2140719000 5991794 66992052 2 0 90 917705181 0

[15:45:13]	[Recv]	su 1 2073308 3 5021969 1127 80 22 4284 0 0 0 0 101506 6 0 0 90871

[15:45:13]	[Recv]	lev 99 0 99 0 2140719000 5991794 66992052 2 0 90 917705181 0

[15:45:13]	[Recv]	cond 1 2073308 0 0 21

[15:45:13]	[Recv]	bf 1 2073308 0.4254.80 99

[15:45:13]	[Recv]	sayi 1 2073308 20 26 3 4254 0 0 0

[15:45:13]	[Recv]	sayi 1 2073308 20 23 3 4254 0 0 0

[15:45:13]	[Recv]	die 3 5022134 3 5022134

[15:45:13]	[Recv]	ct 2 4988487 3 5021845 -1 -1 0

[15:45:13]	[Recv]	ct 2 4988567 3 5022134 -1 -1 0

[15:45:13]	[Recv]	ct 2 4988602 3 5021976 -1 -1 0

[15:45:13]	[Recv]	su 2 4988602 3 5021976 0 11 11 4085 0 0 0 0 13161 3 0 0 32371

[15:45:13]	[Recv]	lev 99 0 99 0 2140719000 5991794 66992052 2 0 90 917705181 0

[15:45:13]	[Recv]	ct 2 4988592 3 5021974 -1 -1 0

[15:45:13]	[Recv]	su 2 4988592 2 4988592 0 10 11 0 0 0 1 17 0 2 0 10047 57771

[15:45:13]	[Send]	u_s 13 3 5021974
[15:45:13]	[Recv]	ct 3 5021961 2 5020852 -1 -1 0

[15:45:13]	[Recv]	su 3 5021961 2 5020852 0 10 11 0 0 0 1 84 502 0 0 77284 92062

[15:45:13]	[Recv]	su 2 4988487 3 5021845 0 6 11 4035 0 0 1 54 5016 0 0 65731 120121

[15:45:13]	[Recv]	su 2 4988567 2 4988567 0 6 11 3601 0 0 1 55 0 2 0 10329 18613

[15:45:13]	[Recv]	st 2 5020850 94 0 87 100 80261 184124 92062 184124 0

[15:45:13]	[Recv]	eff 2 5020850 7739

[15:45:13]	[Recv]	cancel 0 13 -1

[15:45:13]	[Send]	ptctl 5443 2 4988592 43 66 4988603 38 66 4988603 16
[15:45:13]	[Recv]	eff 3 5022134 3617

[15:45:13]	[Recv]	ct 3 5021854 2 5020852 -1 -1 771

[15:45:13]	[Recv]	su 3 5021854 2 5020852 771 10 11 7722 0 0 1 83 504 0 0 76780 92062

[15:45:13]	[Recv]	rc 2 4988603 2910 0

[15:45:13]	[Recv]	dm 2 4988603 594 1

[15:45:13]	[Recv]	cond 1 2073308 0 0 21

[15:45:13]	[Recv]	cond 1 2073308 0 0 21

[15:45:13]	[Send]	ptctl 5443 2 4988592 44 65 4988603 39 66 4988603 16
[15:45:13]	[Recv]	rc 1 2073308 443 0

[15:45:13]	[Recv]	cond 2 4988592 0 0 15

[15:45:13]	[Recv]	cond 2 4988603 0 0 16

[15:45:13]	[Recv]	ct 2 4988486 3 5021848 -1 -1 0

[15:45:13]	[Recv]	cond 1 2073308 0 0 21

[15:45:13]	[Recv]	cond 1 2073308 0 0 21

[15:45:13]	[Recv]	cond 2 4988592 0 0 15

[15:45:13]	[Recv]	cond 2 4988603 0 0 16

[15:45:14]	[Recv]	su 2 4988486 3 5021848 0 6 11 7130 0 0 0 0 4687 0 0 0 90871

[15:45:14]	[Recv]	lev 99 0 99 0 2140719000 5991794 66992052 2 0 90 917705181 0

[15:45:14]	[Recv]	st 2 5020851 94 0 78 100 72558 184124 92062 184124 0

[15:45:14]	[Recv]	eff 2 5020851 7739

[15:45:14]	[Recv]	ct 2 4988487 3 5021845 -1 -1 0

[15:45:14]	[Recv]	dm 2 4988592 594 1

[15:45:14]	[Recv]	st 2 5020852 94 0 83 100 76780 184124 92062 184124 0

[15:45:14]	[Recv]	eff 2 5020852 7739

[15:45:14]	[Recv]	cond 2 4988486 0 0 11

[15:45:14]	[Recv]	c_mode 2 4988486 1100 0 0

[15:45:14]	[Recv]	sc_n 0 317 4988486 94 1000 202328 991.2.4 -1 -1 -1 0 0 1 4 558 678 801 9 160 0 88 214 107 214 79 0 0 0 0 0 16921 16921 6757 6757 0 291503800 Bob 1100 0 8239.0 0.0 0.0 0.0 0 2 0

[15:45:14]	[Recv]	out 2 4988486

[15:45:14]	[Recv]	in 2 317 4988486 30 62 2 100 100 0 0 3 2073308 1 0 1100 Bob 1 0 0 0 0 0 0 0 0 0 0 0 2 0

[15:45:14]	[Recv]	pinit 2 2|4988603|0|94|@|-1|3206|1|2723|0|0 2|4988592|1|96|@|-1|1548|0|0|0|60


[15:45:14]	[Recv]	psd 10

[15:45:14]	[Recv]	out 2 4988486

[15:45:14]	[Recv]	cond 2 4988487 0 0 11

[15:45:14]	[Recv]	c_mode 2 4988487 1102 0 0

[15:45:14]	[Recv]	sc_n 2 319 4988487 99 1000 398653210 990.4.5 997.5.6 -1 -1 0 0 0 5 661 711 543 10 150 6 592 586 461 586 372 0 5 5 5 5 36931 38176 11281 11281 0 428143800 Kliff 1102 0 4809.100 1299.2 1300.4 1301.7 0 1 0

[15:45:14]	[Recv]	out 2 4988487

[15:45:14]	[Recv]	in 2 319 4988487 24 63 2 96 100 0 0 3 2073308 1 0 1102 Kliff 1 2 0 0 0 0 0 0 0 0 0 0 1 0

[15:45:14]	[Recv]	pinit 2 2|4988603|0|94|@|-1|3206|1|2723|0|0 2|4988592|1|96|@|-1|1548|0|0|0|60


[15:45:14]	[Recv]	psd 10

[15:45:14]	[Recv]	out 2 4988487

[15:45:14]	[Recv]	out 2 4988567

[15:45:14]	[Recv]	cond 2 4988602 0 0 11

[15:45:14]	[Recv]	c_mode 2 4988602 -1 0 0

[15:45:14]	[Recv]	sc_n 4 2640 4988602 94 1000 473672 991.2.4 996.0.10 317.0.5 321.0.5 0 0 1 4 566 686 820 9 160 10 201 555 264 555 248 1 0 0 96 0 17310 17310 10544 10544 0 291503800 @ -1 0 4812.100 1318.3 1319.3 1320.7 0 3 0

[15:45:14]	[Recv]	out 2 4988602

[15:45:14]	[Recv]	in 2 2640 4988602 25 63 2 100 100 0 0 3 2073308 1 0 -1 @ 1 4 0 0 0 0 0 0 0 0 0 0 3 0

[15:45:14]	[Recv]	pinit 2 2|4988603|0|94|@|-1|3206|1|2723|0|0 2|4988592|1|96|@|-1|1548|0|0|0|60


[15:45:14]	[Recv]	psd 10

[15:45:14]	[Recv]	out 2 4988602

[15:45:14]	[Recv]	sayi 1 2073308 20 22 3 1025 0 0 0

[15:45:14]	[Recv]	bf 1 2073308 0.1025.0 99

[15:45:14]	[Recv]	ct 3 5021700 2 5020852 -1 -1 0

[15:45:14]	[Recv]	su 3 5021700 2 5020852 0 10 11 0 0 0 1 83 505 0 0 77195 92062

[15:45:14]	[Send]	ncif 3 5021964
[15:45:14]	[Recv]	sp 414498 1000000 0 10000

[15:45:14]	[Recv]	ct 3 5021845 2 5020850 -1 -1 0

[15:45:14]	[Recv]	su 3 5021845 2 5020850 0 10 11 0 0 0 1 87 503 0 0 80678 92062

[15:45:14]	[Recv]	cond 1 2073308 0 0 21

[15:45:14]	[Recv]	cond 1 2073308 0 0 21

[15:45:14]	[Send]	ptctl 5443 2 4988592 48 66 4988603 44 66 4988603 16
[15:45:14]	[Recv]	st 3 5021964 99 0 100 100 90871 2828 90871 2828 0

[15:45:14]	[Recv]	cond 1 2073308 0 0 21

[15:45:14]	[Recv]	cond 1 2073308 0 0 21

[15:45:15]	[Recv]	ct 3 5021964 2 5020852 -1 -1 0

[15:45:15]	[Recv]	su 3 5021964 2 5020852 0 10 11 4806 0 0 1 83 508 3 0 76687 92062

[15:45:15]	[Recv]	ct 2 5020852 3 5021700 -1 -1 0

[15:45:15]	[Recv]	su 2 5020852 3 5021700 0 10 11 0 0 0 1 49 0 1 0 59787 120121

[15:45:15]	[Recv]	cond 2 4988592 0 0 15

[15:45:15]	[Recv]	cond 2 4988603 0 0 16

[15:45:15]	[Send]	u_s 0 3 5021964
[15:45:15]	[Send]	ptctl 5443 1 4988592 50 64 4988592 15
[15:45:15]	[Recv]	cond 1 2073308 0 0 21

[15:45:15]	[Recv]	cond 1 2073308 0 0 21

[15:45:15]	[Send]	ptctl 5443 1 4988603 43 66 4988603 16
[15:45:15]	[Send]	suctl 5443 1 4988603 3 5021964
[15:45:15]	[Recv]	st 2 5020850 94 0 87 100 80678 184124 92062 184124 0

[15:45:15]	[Recv]	ct 1 2073308 3 5021964 -1 -1 1114

[15:45:15]	[Recv]	eff 1 2073308 15

[15:45:15]	[Recv]	su 1 2073308 3 5021964 1114 7 11 4260 0 0 0 0 240417 3 0 0 90871

[15:45:15]	[Recv]	lev 99 0 99 0 2140719000 5991794 66992052 2 0 90 917705181 0

[15:45:15]	[Recv]	cond 2 4988592 0 0 15

[15:45:15]	[Recv]	cond 2 4988603 0 0 16

[15:45:15]	[Recv]	ct 3 5021961 2 5020852 -1 -1 0

[15:45:15]	[Recv]	su 3 5021961 2 5020852 0 10 11 0 0 0 1 82 504 3 0 76183 92062

[15:45:15]	[Recv]	dm 2 4988603 594 1

[15:45:15]	[Recv]	ct 3 5021854 2 5020852 -1 -1 771

[15:45:15]	[Recv]	su 3 5021854 2 5020852 771 10 11 7722 0 0 1 82 505 0 0 75678 92062

[15:45:15]	[Recv]	su 3 5021854 2 4988592 771 10 11 7722 0 0 1 16 60 5 0 9393 57771

[15:45:16]	[Recv]	st 2 5020851 94 0 79 100 73478 184124 92062 184124 0

[15:45:16]	[Send]	u_ts 759 58 63
[15:45:16]	[Send]	ptctl 5443 1 4988592 51 63 4988592 15
[15:45:16]	[Recv]	sr 0

[15:45:16]	[Recv]	sc_p 170 1548 4988592 96 574 24129077 0 0 1889 2049 1289 19 90 9 975 627 958 627 866 3 90 90 110 80 9393 57771 18100 18100 1 84982200 0 @ 0 0 6 60 1831 1798 0 100

[15:45:16]	[Recv]	dm 2 4988592 594 1

[15:45:16]	[Recv]	st 2 5020852 94 0 82 100 75678 184124 92062 184124 0

[15:45:16]	[Recv]	in 2 2709 4988615 56 64 2 100 100 0 0 3 2073308 0 0 -1 @ 2 -1 0 0 0 0 0 0 7549 0 0 0 8 4

[15:45:16]	[Recv]	ctl 2 4988615 0 1

[15:45:16]	[Recv]	in 2 2708 4988614 59 62 2 100 100 0 0 3 2073308 0 0 -1 Oso^polar^Grunidos 2 -1 0 0 0 0 0 0 0 0 0 0 6 3

[15:45:16]	[Recv]	ctl 2 4988614 0 1

[15:45:16]	[Recv]	in 2 670 4988544 56 65 2 100 100 0 0 3 2073308 0 0 -1 Fibi^Friggus 2 -1 0 0 0 0 0 0 0 0 0 0 5 3

[15:45:16]	[Recv]	ctl 2 4988544 0 1

[15:45:16]	[Recv]	in 2 567 4988523 59 63 2 100 100 0 0 3 2073308 0 0 -1 Hada^oval 2 -1 0 0 0 0 0 0 0 0 0 0 7 3

[15:45:16]	[Recv]	ctl 2 4988523 0 1

[15:45:16]	[Recv]	bf 1 2073308 0.1026.200 99

[15:45:16]	[Recv]	sayi 1 2073308 20 26 3 1026 0 0 0

[15:45:16]	[Recv]	team_cool 1 900

[15:45:16]	[Recv]	cond 2 4988592 0 0 15

[15:45:16]	[Send]	ncif 3 5021961
[15:45:16]	[Recv]	st 3 5021961 99 0 100 100 120121 2828 120121 2828 0

[15:45:16]	[Send]	u_s 0 3 5021961
[15:45:16]	[Send]	ptctl 5443 1 4988592 51 64 4988592 15
[15:45:16]	[Recv]	ct 3 5021700 2 5020852 -1 -1 0

[15:45:16]	[Recv]	su 3 5021700 2 5020852 0 10 11 0 0 0 1 82 503 0 0 76095 92062

[15:45:16]	[Send]	suctl 5443 2 4988592 3 5021961 4988603 3 5021961
[15:45:16]	[Recv]	ct 1 2073308 3 5021961 -1 -1 1114

[15:45:16]	[Recv]	eff 1 2073308 15

[15:45:16]	[Recv]	su 1 2073308 3 5021961 1114 7 11 4260 0 0 1 10 108065 0 0 12056 120121

[15:45:16]	[Recv]	cond 2 4988592 0 0 15

[15:45:16]	[Recv]	ct 3 5021845 2 5020850 -1 -1 0

[15:45:16]	[Recv]	su 3 5021845 2 5020850 0 10 11 0 0 0 1 88 501 0 0 81097 92062

[15:45:16]	[Recv]	sr 8

[15:45:16]	[Recv]	eff 2 4988592 5005

[15:45:16]	[Recv]	eff 2 4988603 5005

[15:45:17]	[Recv]	ct 2 4988603 3 5021961 -1 -1 0

[15:45:17]	[Recv]	su 2 4988603 3 5021961 0 12 11 8360 0 0 1 2 9531 0 0 2525 120121

[15:45:17]	[Recv]	ct 2 4988592 3 5021961 -1 -1 0

[15:45:17]	[Recv]	su 2 4988592 3 5021961 0 10 11 0 0 0 1 2 0 1 0 2525 120121

[15:45:17]	[Recv]	ct 2 5020852 3 5021700 -1 -1 0

[15:45:17]	[Recv]	su 2 5020852 3 5021700 0 10 11 0 0 0 1 49 0 1 0 59787 120121

[15:45:17]	[Send]	ptctl 5443 2 4988592 46 64 4988603 39 62 4988603 16
[15:45:17]	[Send]	ncif 3 5021961
[15:45:17]	[Recv]	st 2 5020850 94 0 88 100 81097 184124 92062 184124 0

[15:45:17]	[Recv]	sr 0

[15:45:17]	[Recv]	cond 1 2073308 0 0 21

[15:45:17]	[Recv]	cond 1 2073308 0 0 21

[15:45:17]	[Recv]	cond 2 4988592 0 0 15

[15:45:17]	[Recv]	cond 2 4988603 0 0 16

[15:45:17]	[Send]	u_s 0 3 5021961
[15:45:17]	[Recv]	rc 2 4988603 2910 0

[15:45:17]	[Recv]	dm 2 4988603 594 1

[15:45:17]	[Recv]	st 3 5021961 99 0 2 100 2525 2828 120121 2828 0

[15:45:17]	[Recv]	cond 1 2073308 0 0 21

[15:45:17]	[Recv]	cond 1 2073308 0 0 21

[15:45:17]	[Recv]	ct 3 5021961 2 5020852 -1 -1 0

[15:45:17]	[Recv]	su 3 5021961 2 5020852 0 10 11 0 0 0 1 82 505 0 0 75590 92062

[15:45:17]	[Recv]	ct 2 4988523 3 5021961 -1 -1 0

[15:45:17]	[Send]	ptctl 5443 1 4988592 50 64 4988592 15
[15:45:17]	[Send]	suctl 5443 1 4988592 3 5021961
[15:45:18]	[Recv]	ct 1 2073308 3 5021961 -1 -1 1114

[15:45:18]	[Recv]	su 1 2073308 3 5021961 1114 7 11 4260 0 0 0 0 43695 0 0 0 120121

[15:45:18]	[Recv]	lev 99 0 99 0 2140719000 5991794 66992052 2 0 90 917705181 0

[15:45:18]	[Recv]	cond 2 4988592 0 0 15

[15:45:18]	[Recv]	ct 3 5021854 2 5020852 -1 -1 771

[15:45:18]	[Recv]	su 3 5021854 2 5020852 771 10 11 7722 0 0 1 81 505 0 0 75085 92062

[15:45:18]	[Recv]	su 3 5021854 2 4988523 771 10 11 7722 0 0 1 9 3975 5 0 393 4368

[15:45:18]	[Recv]	su 3 5021854 2 4988544 771 10 11 7722 0 0 1 99 80 5 0 50765 50845

[15:45:18]	[Recv]	su 3 5021854 2 4988614 771 10 11 7722 0 0 1 99 228 5 0 38685 38913

[15:45:18]	[Recv]	su 3 5021854 2 4988615 771 10 11 7722 0 0 1 100 0 4 0 28975 28975

[15:45:18]	[Recv]	su 3 5021854 2 4988592 771 10 11 7722 0 0 1 14 299 5 0 8500 57771

[15:45:18]	[Recv]	su 2 4988523 2 4988523 0 5 11 4742 0 0 1 9 0 2 0 393 4368

[15:45:18]	[Recv]	su 2 4988544 2 4988544 0 10 11 4398 0 0 1 99 0 2 0 50765 50845

[15:45:18]	[Recv]	ct 2 4988615 3 5021854 -1 -1 0

[15:45:18]	[Recv]	su 2 4988615 3 5021854 0 1 11 7548 0 0 1 64 4652 0 0 8551 13203

[15:45:18]	[Recv]	st 2 5020851 94 0 80 100 74398 184124 92062 184124 0

[15:45:18]	[Send]	ptctl 5443 1 4988603 42 65 4988603 16
[15:45:18]	[Send]	suctl 5443 1 4988603 3 5021961
[15:45:18]	[Recv]	sayi 1 2073308 20 22 3 4126 0 0 0

[15:45:18]	[Recv]	bf 1 2073308 0.4126.0 99

[15:45:18]	[Recv]	cond 2 4988603 0 0 16

[15:45:18]	[Recv]	dm 2 4988592 594 1

[15:45:18]	[Recv]	st 2 5020852 94 0 81 100 75085 184124 92062 184124 0

[15:45:18]	[Recv]	sr 1

[15:45:18]	[Recv]	ct 2 4988614 3 5021700 -1 -1 0

[15:45:18]	[Recv]	su 2 4988614 3 5021700 0 3 11 7538 0 0 1 43 7039 0 0 52748 120121

[15:45:18]	[Recv]	eff 2 5020850 7739

[15:45:18]	[Recv]	eff 2 4988544 3007

[15:45:18]	[Recv]	sr 0

[15:45:18]	[Recv]	cond 1 2073308 0 0 21

[15:45:18]	[Recv]	cond 1 2073308 0 0 21

[15:45:18]	[Recv]	ct 3 5021700 2 5020852 -1 -1 0

[15:45:18]	[Recv]	su 3 5021700 2 5020852 0 10 11 0 0 0 1 82 502 0 0 75503 92062

[15:45:18]	[Recv]	sc_p 8 567 4988523 1 2980 0 1 0 461 468 254 10 150 0 198 31 197 31 193 2 12 12 12 12 393 4368 4224 4224 0 15 0 Hada^oval 0 7 3 30 1819 1797 0 1080

[15:45:18]	[Recv]	dm 2 4988523 392 1

[15:45:18]	[Recv]	ct 2 4988615 3 5021854 -1 -1 0

[15:45:18]	[Recv]	su 2 4988615 3 5021854 0 12 11 7548 0 0 1 28 4756 0 0 3795 13203

[15:45:19]	[Recv]	ct 3 5021845 2 5020850 -1 -1 0

[15:45:19]	[Recv]	su 3 5021845 2 5020850 0 10 11 0 0 0 1 88 505 0 0 81512 92062

[15:45:19]	[Recv]	eff 2 5020851 7739

[15:45:19]	[Send]	u_as 7 25 64
[15:45:19]	[Send]	ptctl 5443 2 4988592 44 64 4988603 40 65 4988603 16
[15:45:19]	[Recv]	ct 2 4988523 3 5021854 -1 -1 0

[15:45:19]	[Recv]	ct 2 4988614 3 5021700 -1 -1 0

[15:45:19]	[Recv]	su 2 4988614 3 5021700 0 15 11 7538 0 0 1 38 6839 0 0 45909 120121

[15:45:19]	[Recv]	eff 2 5020852 7739

[15:45:19]	[Recv]	ms_c 0

[15:45:19]	[Recv]	qslot 0 1.1.1 1.1.2 1.1.3 1.1.4 1.1.5 1.1.6 1.1.7 1.1.9 1.1.8 1.1.10 0.1.45 0.2.21 0.1.76 1.1.38 1.3.12 0.1.34 0.1.87 0.-1.-1 0.1.84 0.1.43 1.3.11 1.1.42 1.1.41 1.3.976 0.-1.-1 0.1.70 0.2.143 0.2.25 0.2.27 0.2.26

[15:45:19]	[Recv]	qslot 1 0.-1.-1 0.-1.-1 0.-1.-1 0.-1.-1 0.-1.-1 0.-1.-1 0.-1.-1 0.-1.-1 0.-1.-1 0.-1.-1 0.1.-1 0.1.-1 1.1.41 1.1.42 0.-1.-1 7.7.-1 7.7.-1 7.7.-1 7.7.-1 0.-1.-1 0.-1.-1 0.-1.-1 0.-1.-1 0.-1.-1 0.-1.-1 0.-1.-1 0.-1.-1 0.-1.-1 0.-1.-1 0.-1.-1

[15:45:19]	[Send]	ptctl 5443 2 4988592 43 64 4988603 34 65 4988603 16
[15:45:19]	[Recv]	sr 10

[15:45:19]	[Recv]	ct_n 1 2073308 3 -1 -1 -1 1121

[15:45:19]	[Recv]	cond 2 4988592 0 0 15

[15:45:19]	[Recv]	cond 2 4988603 0 0 16

[15:45:19]	[Recv]	su 2 4988523 3 5021854 0 11 11 4742 0 0 1 28 0 4 0 3795 13203

[15:45:19]	[Recv]	ct 2 5020852 3 5021700 -1 -1 0

[15:45:19]	[Recv]	su 2 5020852 3 5021700 0 10 11 0 0 0 1 38 0 1 0 45909 120121

[15:45:19]	[Recv]	st 2 5020850 94 0 88 100 81512 184124 92062 184124 0

[15:45:19]	[Recv]	bs 1 2073308 25 64 1121 96 45 4276 0 0 1 1 0 0 0

[15:45:19]	[Recv]	eff 1 2073308 15

[15:45:19]	[Recv]	su 1 2073308 3 5021845 1121 96 45 4276 0 0 0 0 123561 5 0 0 120121

[15:45:19]	[Recv]	lev 99 0 99 0 2140719000 5991794 66992052 2 0 90 917705181 0

[15:45:19]	[Recv]	cond 2 4988592 0 0 15

[15:45:19]	[Recv]	cond 2 4988603 0 0 16

[15:45:19]	[Recv]	sp 414488 1000000 0 10000

[15:45:19]	[Recv]	dm 2 4988544 594 1

[15:45:19]	[Recv]	dm 2 4988614 594 1

[15:45:19]	[Recv]	dm 2 4988603 594 1

[15:45:19]	[Send]	ptctl 5443 2 4988592 45 66 4988603 44 65 4988603 16
[15:45:19]	[Recv]	cond 1 2073308 0 0 21

[15:45:19]	[Recv]	cond 1 2073308 0 0 21

[15:45:19]	[Send]	ptctl 5443 2 4988592 45 67 4988603 45 65 4988603 16
[15:45:19]	[Recv]	cond 2 4988592 0 0 15

[15:45:19]	[Recv]	cond 2 4988603 0 0 16

[15:45:19]	[Recv]	cond 1 2073308 0 0 21

[15:45:19]	[Recv]	cond 1 2073308 0 0 21

[15:45:20]	[Send]	ncif 2 4988592
[15:45:20]	[Recv]	st 2 5020851 94 0 81 100 75318 184124 92062 184124 0

[15:45:20]	[Recv]	cond 2 4988592 0 0 15

[15:45:20]	[Recv]	cond 2 4988603 0 0 16

[15:45:20]	[Recv]	st 2 4988592 96 60 13 100 7906 18100 57771 18100 0 373.99 1047.96

[15:45:20]	[Send]	ptctl 5443 2 4988592 47 63 4988603 46 65 4988603 16
[15:45:20]	[Recv]	ct 3 5021854 2 4988615 -1 -1 771

[15:45:20]	[Recv]	su 3 5021854 2 4988615 771 10 11 7722 0 0 1 100 0 4 0 28975 28975

[15:45:20]	[Recv]	su 3 5021854 2 4988523 771 10 11 7722 0 0 0 0 5668 5 0 0 4368

[15:45:20]	[Recv]	su 3 5021854 2 4988544 771 10 11 7722 0 0 1 98 0 4 0 50171 50845

[15:45:20]	[Recv]	su 3 5021854 2 4988614 771 10 11 7722 0 0 1 97 0 4 0 38091 38913

[15:45:20]	[Recv]	su 3 5021854 2 5020852 771 10 11 7722 0 0 1 81 501 5 0 75002 92062

[15:45:20]	[Recv]	ct 2 4988544 3 5021854 -1 -1 0

[15:45:20]	[Recv]	dm 2 4988592 594 1

[15:45:20]	[Recv]	st 2 5020852 94 0 81 100 75002 184124 92062 184124 0

[15:45:20]	[Recv]	cond 1 2073308 0 0 21

[15:45:20]	[Recv]	cond 1 2073308 0 0 21

[15:45:20]	[Send]	ptctl 5443 1 4988592 44 63 4988592 15
[15:45:20]	[Recv]	cond 2 4988592 0 0 15

[15:45:20]	[Recv]	cond 2 4988603 0 0 16

[15:45:20]	[Recv]	su 2 4988544 3 5021854 0 10 11 4398 0 0 0 0 6634 0 0 0 13203

[15:45:20]	[Recv]	lev 99 0 99 0 2140719000 5991794 66992052 2 0 90 917705181 0

[15:45:20]	[Recv]	cond 1 2073308 0 0 21

[15:45:20]	[Recv]	cond 1 2073308 0 0 21

[15:45:20]	[Recv]	cond 2 4988592 0 0 15

[15:45:20]	[Send]	ptctl 5443 2 4988592 46 62 4988603 48 64 4988603 16
[15:45:20]	[Recv]	cond 1 2073308 0 0 21

[15:45:20]	[Recv]	cond 1 2073308 0 0 21

[15:45:20]	[Send]	ptctl 5443 2 4988592 46 63 4988603 48 63 4988603 16
[15:45:20]	[Recv]	cond 2 4988592 0 0 15

[15:45:20]	[Recv]	cond 2 4988603 0 0 16

[15:45:20]	[Recv]	cond 2 4988592 0 0 15

[15:45:20]	[Recv]	cond 2 4988603 0 0 16

[15:45:21]	[Recv]	ct 3 5021700 2 4988614 -1 -1 0

[15:45:21]	[Recv]	su 3 5021700 2 4988614 0 10 11 0 0 0 1 97 101 0 0 37990 38913

[15:45:21]	[Recv]	cond 1 2073308 0 0 21

[15:45:21]	[Recv]	sayi 1 2073308 20 22 3 4254 0 0 0

[15:45:21]	[Recv]	bf 1 2073308 0.4254.0 99

[15:45:21]	[Recv]	sr 13

[15:45:21]	[Recv]	ct 2 4988615 3 5021700 -1 -1 0

[15:45:21]	[Recv]	su 2 4988615 3 5021700 0 12 11 7548 0 0 1 34 4930 0 0 40979 120121

[15:45:21]	[Recv]	st 2 5020850 94 0 89 100 82432 184124 92062 184124 0

[15:45:21]	[Send]	ncif 3 5021700
[15:45:21]	[Send]	ptctl 5443 1 4988592 51 64 4988592 15
[15:45:21]	[Send]	suctl 5443 1 4988603 3 5021700
[15:45:21]	[Recv]	dm 2 4988544 594 1

[15:45:21]	[Recv]	dm 2 4988614 594 1

[15:45:21]	[Recv]	rc 2 4988603 2910 0

[15:45:21]	[Recv]	dm 2 4988603 594 1

[15:45:21]	[Recv]	ct 2 5020852 3 5021700 -1 -1 0

[15:45:21]	[Recv]	su 2 5020852 3 5021700 0 10 11 0 0 0 1 34 0 1 0 40979 120121

[15:45:21]	[Recv]	st 3 5021700 99 0 34 100 40979 2828 120121 2828 0

[15:45:21]	[Send]	u_s 0 3 5021700
[15:45:21]	[Recv]	cond 2 4988592 0 0 15

[15:45:21]	[Recv]	out 2 4988523

[15:45:21]	[Recv]	eff 2 4988603 5005

[15:45:22]	[Recv]	st 2 5020851 94 0 82 100 76238 184124 92062 184124 0

[15:45:22]	[Recv]	ct 1 2073308 3 5021700 -1 -1 1114

[15:45:22]	[Recv]	bf 3 5021700 0.4110.80 99

[15:45:22]	[Recv]	eff 3 5021700 0

[15:45:22]	[Recv]	su 1 2073308 3 5021700 1114 7 11 4260 0 0 0 0 44691 0 0 0 120121

[15:45:22]	[Recv]	lev 99 0 99 0 2140719000 5991794 66992052 2 0 90 917705181 0

[15:45:22]	[Recv]	cond 1 2073308 0 0 21

[15:45:22]	[Recv]	bf 1 2073308 0.4254.80 99

[15:45:22]	[Recv]	sayi 1 2073308 20 26 3 4254 0 0 0

[15:45:22]	[Recv]	sayi 1 2073308 20 23 3 4254 0 0 0

[15:45:22]	[Recv]	ct 2 4988603 3 5021700 -1 -1 0

[15:45:22]	[Recv]	su 2 4988603 2 4988603 0 10 11 8360 0 0 1 74 0 2 0 14417 19451

[15:45:22]	[Recv]	dm 2 4988592 594 1

[15:45:22]	[Recv]	st 2 5020852 94 0 82 100 75922 184124 92062 184124 0

[15:45:22]	[Send]	ptctl 5443 2 4988592 46 64 4988603 43 60 4988603 16
[15:45:22]	[Recv]	cond 1 2073308 0 0 21

[15:45:22]	[Recv]	cond 1 2073308 0 0 21

[15:45:22]	[Recv]	sr 0

[15:45:22]	[Recv]	cond 2 4988592 0 0 15

[15:45:22]	[Recv]	cond 2 4988603 0 0 16

[15:45:23]	[Send]	ptctl 5443 1 4988592 42 61 4988592 15
[15:45:23]	[Recv]	st 2 5020850 94 0 90 100 83352 184124 92062 184124 0

[15:45:23]	[Recv]	eff 2 5020850 7739

[15:45:23]	[Recv]	sayt 1 7836794 13 Xoaisisi99 SELL 200KK 20€ OR 500KK 40€, DISCORD fresty02 LAST 900KK  VENDO/SELL KK 0.10 € 1KK, DISCORD fresty02 LAST 900KK

[15:45:23]	[Recv]	cond 2 4988592 0 0 15

[15:45:23]	[Recv]	eff 2 4988544 3007

[15:45:23]	[Recv]	dm 2 4988544 594 1

[15:45:23]	[Recv]	dm 2 4988614 594 1

[15:45:23]	[Recv]	dm 2 4988603 594 1

[15:45:23]	[Recv]	sayi 1 2073308 11 2065 0 0 0 0 0

[15:45:23]	[Recv]	psd 0

[15:45:23]	[Recv]	sayi 1 2073308 11 2065 0 0 0 0 0

[15:45:23]	[Recv]	psd 0

[15:45:23]	[Recv]	sayi 1 2073308 11 2065 0 0 0 0 0

[15:45:23]	[Recv]	psd 0

[15:45:24]	[Recv]	st 2 5020851 94 0 83 100 77158 184124 92062 184124 0

[15:45:24]	[Recv]	eff 2 5020851 7739

[15:45:24]	[Recv]	cond 2 4988523 0 0 6

[15:45:24]	[Recv]	petski 334 1831 1798

[15:45:24]	[Recv]	pet_cool2  0 0 0

[15:45:24]	[Recv]	pinit 2 2|4988603|0|94|@|-1|3206|1|2723|0|0 2|4988592|1|96|@|-1|1548|0|0|0|60

[15:45:24]	[Recv]	dm 2 4988592 594 1

[15:45:24]	[Recv]	st 2 5020852 94 0 83 100 76842 184124 92062 184124 0

[15:45:24]	[Recv]	eff 2 5020852 7739

[15:45:24]	[Send]	ptctl 5443 1 4988592 41 60 4988592 15
[15:45:24]	[Recv]	cond 2 4988592 0 0 15

[15:45:24]	[Recv]	minfo 2 0 -1.0/0 -1.0/0 -1/0 -1.0/0 1 1 0

[15:45:24]	[Recv]	msgi 0 2483 0 0 0 0 0

[15:45:24]	[Recv]	sayi 1 2073308 12 696 4 1000 0 0 0

[15:45:24]	[Recv]	fd 66993052 27 100 1

[15:45:24]	[Recv]	gold 20046231 0

[15:45:24]	[Recv]	sayi 1 2073308 10 677 4 125000 0 0 0

[15:45:24]	[Recv]	evnt 10 0 -1 -1

[15:45:24]	[Recv]	score  5 25 0 0 125000 5 289 15 287 101 0 0

[15:45:24]	[Recv]	rsfi 9 1 10 10 10 10

[15:45:24]	[Recv]	bf 1 2073308 0.61.10 99

[15:45:24]	[Recv]	rsfm 825 1 7 6 25

[15:45:24]	[Recv]	sp 414478 1000000 0 10000

[15:45:25]	[Recv]	st 2 5020850 94 0 91 100 84272 184124 92062 184124 0

[15:45:25]	[Recv]	bf 1 2073308 0.61.0 99

[15:45:25]	[Recv]	dm 2 4988544 594 1

[15:45:25]	[Recv]	dm 2 4988614 594 1

[15:45:25]	[Recv]	rc 2 4988603 2910 0

[15:45:25]	[Recv]	dm 2 4988603 594 1

[15:45:25]	[Recv]	sr 5

[15:45:26]	[Recv]	st 2 5020851 94 0 84 100 78078 184124 92062 184124 0

[15:45:26]	[Recv]	sc_p 170 1548 4988592 96 573 24129637 0 0 1889 2049 1289 19 90 9 975 627 958 627 866 3 90 90 110 80 6337 57771 18100 18100 1 84982200 0 @ 0 0 6 60 1831 1798 0 100

[15:45:26]	[Recv]	dm 2 4988592 594 1

[15:45:26]	[Recv]	st 2 5020852 94 0 84 100 77762 184124 92062 184124 0

[15:45:27]	[Recv]	st 2 5020850 94 0 92 100 85192 184124 92062 184124 0

[15:45:27]	[Recv]	dm 2 4988544 594 1

[15:45:27]	[Recv]	dm 2 4988614 594 1

[15:45:27]	[Recv]	dm 2 4988603 594 1

[15:45:27]	[Send]	rsel
[15:45:27]	[Recv]	ivn 1 9.9761.2.0

[15:45:27]	[Recv]	ivn 2 82.2481.310.0

[15:45:27]	[Recv]	ivn 2 82.2481.315.0

[15:45:27]	[Recv]	repay  -1.0.0 -1.0.0 -1.0.0 9761.0.2 2481.0.5 2481.0.5
[15:45:28]	[Recv]	st 2 5020851 94 0 85 100 78998 184124 92062 184124 0

[15:45:28]	[Recv]	dm 2 4988592 594 1

[15:45:28]	[Recv]	st 2 5020852 94 0 85 100 78682 184124 92062 184124 0

[15:45:28]	[Recv]	eff 2 5020850 7739

[15:45:28]	[Recv]	eff 2 4988544 3007

[15:45:29]	[Recv]	eff 2 5020851 7739

[15:45:29]	[Recv]	sr 7

[15:45:29]	[Recv]	eff 2 5020852 7739

[15:45:29]	[Recv]	st 2 5020850 94 0 93 100 86112 184124 92062 184124 0

[15:45:29]	[Recv]	sp 414468 1000000 0 10000

[15:45:29]	[Recv]	dm 2 4988544 594 1

[15:45:29]	[Recv]	dm 2 4988614 594 1

[15:45:29]	[Recv]	rc 2 4988603 2910 0

[15:45:29]	[Recv]	dm 2 4988603 594 1

[15:45:29]	[Recv]	cond 2 4988603 0 0 15

[15:45:29]	[Recv]	cond 1 2073308 0 0 21

[15:45:29]	[Recv]	sayi 1 2073308 20 22 3 4254 0 0 0

[15:45:29]	[Recv]	bf 1 2073308 0.4254.0 99

[15:45:29]	[Recv]	cond 1 2073308 0 0 20

[15:45:29]	[Recv]	sayi 1 2073308 20 22 3 3069 0 0 0

[15:45:29]	[Recv]	bf 1 2073308 0.3069.0 99

[15:45:30]	[Recv]	st 2 5020851 94 0 86 100 79918 184124 92062 184124 0

[15:45:30]	[Recv]	dm 2 4988592 594 1

[15:45:30]	[Recv]	st 2 5020852 94 0 86 100 79602 184124 92062 184124 0

[15:45:30]	[Recv]	team_cool 3 0

