[15:28:20]	[Send]	ncif 2 18016
[15:28:20]	[Recv]	sp 416154 1000000 0 10000

[15:28:20]	[Recv]	st 2 18016 99 0 100 100 323240 3270 323240 3270 0

[15:28:20]	[Send]	npc_req 2 18016
[15:28:20]	[Send]	suctl 2628 2 4988603 2 18016 4988592 2 18016
[15:28:20]	[Recv]	npc_req 2 18016 11028

[15:28:21]	[Send]	ncif 2 18016
[15:28:21]	[Recv]	scp 0
[15:28:21]	[Recv]	sp 416154 1000000 0 10000

[15:28:21]	[Recv]	st 2 18016 99 0 100 100 323240 3270 323240 3270 0

[15:28:21]	[Send]	suctl 2628 1 4988592 2 18016
[15:28:22]	[Send]	suctl 2628 1 4988603 2 18016
[15:28:22]	[Send]	ncif 2 18016
[15:28:22]	[Send]	n_run 338 0 2 18016
[15:28:22]	[Recv]	st 2 18016 99 0 100 100 323240 3270 323240 3270 0

[15:28:22]	[Recv]	rbr2 823.5.0 1 15 84.99 1 2479.1 2479.5 2484.1 2481.5 9762.1 2481.5 -1.0 -1.0 -1.0 -1.0 22328.- 0 0 688.99 760.99 726.99 708.99 700.99

[15:28:22]	[Send]	suctl 2628 1 4988592 2 18016
[15:28:23]	[Send]	suctl 2628 1 4988603 2 18016
[15:28:23]	[Send]	ncif 2 18016
[15:28:23]	[Send]	sreq 823
[15:28:23]	[Recv]	st 2 18016 99 0 100 100 323240 3270 323240 3270 0

[15:28:23]	[Recv]	guri 4 0 0

[15:28:23]	[Recv]	c_map 0 2628 0

[15:28:23]	[Recv]	mapout

[15:28:23]	[Send]	c_close 1
[15:28:23]	[Send]	c_close 0
[15:28:23]	[Send]	f_stash_end 
[15:28:23]	[Send]	c_close 1
[15:28:23]	[Recv]	c_info #Rey# - -1 3739.918 Sanguinarius 2073308 0 0 0 53 2 27 0 21 0 20 40 0 8394 6

[15:28:23]	[Send]	mall 50
[15:28:23]	[Send]	c_close 1
[15:28:23]	[Recv]	c_mode 1 2073308 21 20 40 0 100 8394

[15:28:23]	[Recv]	equip 95 87 0.8630.5.9.0.11.84 1.8646.7.8.0.8.82 2.8689.0.0.0.0.0 3.8654.0.5.0.0.0 4.8656.0.5.0.0.0 5.8638.2.0.0.0.83 6.4657.0.0.0.0.0 7.4653.0.0.0.0.0 8.4647.0.0.0.0.0 9.8687.0.0.0.0.0 10.4710.8.0.0.0.0 12.4498.0.20.100.0.0 13.8757.0.0.0.0.0 14.8785.0.0.0.0.0 15.8701.0.0.0.0.0 16.8787.0.0.0.0.0 17.8720.0.0.0.0.0

[15:28:23]	[Recv]	lev 99 0 99 0 2140719000 5991794 66990112 2 0 90 917705181 0

[15:28:23]	[Recv]	at 2073308 5443 40 23 2 0 119 2 -1

[15:28:23]	[Recv]	cond 1 2073308 0 0 18

[15:28:23]	[Recv]	cond 1 2073308 0 0 18

[15:28:23]	[Recv]	titinfo 1 2073308 13016 9416

[15:28:23]	[Recv]	eq 2073308 0 0 0 53 2 8689.8646.8630.8638.8687.4710.8757.8785.8701.8787.8720 95 87 100

[15:28:23]	[Recv]	c_map 0 5443 1

[15:28:23]	[Recv]	sc 1 9 3872 4144 2315 36 415 0 0 3602 3762 2177 40 577 9 2346 2003 2339 2003 2197 195 189 180 176

[15:28:23]	[Recv]	char_sc 1 2073308 100

[15:28:23]	[Recv]	gidx 1 2073308 3739.918 Sanguinarius 24 0|0|1

[15:28:23]	[Recv]	rsfp 6 4

[15:28:23]	[Recv]	rnsc 0

[15:28:23]	[Recv]	evnt 1 0 12000 12000

[15:28:23]	[Recv]	in 2 2673 4988603 40 24 2 100 100 0 0 3 2073308 1 0 3206 @ 1 6 1 1880 1881 1882 4237 4238 4239 0 2723 0 0 0

[15:28:23]	[Recv]	cond 2 4988603 0 0 11

[15:28:23]	[Recv]	in 2 1548 4988592 39 23 2 100 100 0 0 3 2073308 1 0 -1 @ 2 -1 0 0 0 0 0 0 0 0 0 0 0 6

[15:28:23]	[Recv]	cond 2 4988592 0 0 15

[15:28:23]	[Recv]	pinit 2 2|4988603|0|94|@|-1|3206|1|2723|0|0 2|4988592|1|96|@|-1|1548|0|0|0|60


[15:28:23]	[Recv]	pairy 1 2073308 4 2 97 50

[15:28:23]	[Recv]	minipet 1 2073308 8720

[15:28:23]	[Recv]	act6 

[15:28:23]	[Recv]	food 0

[15:28:23]	[Recv]	rsfm 823 0 7 6 23

[15:28:23]	[Recv]	ivn 2 0.2479.434.0

[15:28:23]	[Recv]	sayi 1 2073308 10 1885 2 2479 0 0 0

[15:28:23]	[Recv]	guri 41 1

[15:28:23]	[Recv]	minfo 1 0 -1.0/0 -1.0/0 -1/0 -1.0/0 1 1 0

[15:28:23]	[Recv]	msgi 0 2470 0 0 0 0 0

[15:28:23]	[Recv]	psr 0

[15:28:24]	[Recv]	in 2 1457 5017546 54 66 5 100 100 0 0 0 -1 1 0 -1 - 0 -1 0 0 0 0 0 0 0 0 0 0 0 0

[15:28:24]	[Recv]	ctl 2 5017546 0 99

[15:28:24]	[Recv]	in 2 1457 5017545 39 70 5 100 100 0 0 0 -1 1 0 -1 - 0 -1 0 0 0 0 0 0 0 0 0 0 0 0

[15:28:24]	[Recv]	ctl 2 5017545 0 99

[15:28:24]	[Recv]	in 2 1457 5017544 23 66 1 100 100 0 0 0 -1 1 0 -1 - 0 -1 0 0 0 0 0 0 0 0 0 0 0 0

[15:28:24]	[Recv]	ctl 2 5017544 0 99

[15:28:24]	[Recv]	in 2 1548 4988592 39 23 2 100 100 0 0 3 2073308 1 0 -1 @ 2 -1 0 0 0 0 0 0 0 0 0 0 0 6

[15:28:24]	[Recv]	in 2 2673 4988603 40 24 2 100 100 0 0 3 2073308 1 0 3206 @ 1 6 1 1880 1881 1882 4237 4238 4239 0 2723 0 0 0

[15:28:24]	[Recv]	in 9 1000 10651287 39 39 1 0 0 0

[15:28:24]	[Send]	ptctl 5443 2 4988603 43 24 4988592 44 25 4988592 15
[15:28:24]	[Recv]	cond 1 2073308 0 0 18

[15:28:24]	[Recv]	cond 1 2073308 0 0 18

[15:28:24]	[Recv]	cond 2 4988603 0 0 15

[15:28:24]	[Recv]	cond 2 4988592 0 0 15

[15:28:24]	[Recv]	st 2 5017544 94 0 100 100 92062 184124 92062 184124 0

[15:28:25]	[Recv]	st 2 5017546 94 0 100 100 92062 184124 92062 184124 0

[15:28:25]	[Recv]	st 2 5017545 94 0 100 100 92062 184124 92062 184124 0

[15:28:25]	[Send]	ptctl 5443 1 4988592 45 26 4988592 15
[15:28:25]	[Send]	ptctl 5443 2 4988603 43 29 4988592 45 31 4988603 15
[15:28:25]	[Recv]	cond 2 4988592 0 0 15

[15:28:25]	[Recv]	cond 1 2073308 0 0 18

[15:28:25]	[Recv]	cond 1 2073308 0 0 18

[15:28:25]	[Recv]	cond 2 4988603 0 0 15

[15:28:25]	[Recv]	cond 2 4988592 0 0 15

[15:28:25]	[Send]	ptctl 5443 2 4988603 43 31 4988592 43 33 4988603 15
[15:28:26]	[Recv]	cond 1 2073308 0 0 18

[15:28:26]	[Recv]	cond 1 2073308 0 0 18

[15:28:26]	[Recv]	cond 2 4988603 0 0 15

[15:28:26]	[Recv]	cond 2 4988592 0 0 15

[15:28:26]	[Recv]	cond 1 2073308 0 0 18

[15:28:26]	[Recv]	cond 1 2073308 0 0 18

[15:28:26]	[Send]	ptctl 5443 1 4988603 40 34 4988603 15
[15:28:26]	[Recv]	st 2 5017544 94 0 100 100 92062 184124 92062 184124 0

[15:28:26]	[Recv]	cond 2 4988603 0 0 15

[15:28:27]	[Send]	ptctl 5443 1 4988592 41 35 4988592 15
[15:28:27]	[Recv]	st 2 5017546 94 0 100 100 92062 184124 92062 184124 0

[15:28:27]	[Recv]	cond 2 4988592 0 0 15

[15:28:27]	[Recv]	cond 1 2073308 0 0 18

[15:28:27]	[Recv]	cond 1 2073308 0 0 18

[15:28:27]	[Recv]	st 2 5017545 94 0 100 100 92062 184124 92062 184124 0

[15:28:27]	[Send]	get 1 2073308 10651287
[15:28:27]	[Recv]	delay 2000 1 #git^10651287

[15:28:27]	[Send]	guri 2
[15:28:27]	[Send]	guri 5 1 2073308 0 1
[15:28:27]	[Recv]	eff 2 5017544 7739

[15:28:27]	[Recv]	guri 2 1 2073308 0

[15:28:28]	[Recv]	eff 2 5017546 7739

[15:28:28]	[Recv]	eff 2 5017545 7739

[15:28:28]	[Recv]	sayi 1 2073308 20 22 3 4080 0 0 0

[15:28:28]	[Recv]	bf 1 2073308 0.4080.0 99

[15:28:28]	[Recv]	bf 1 2073308 0.4080.3000 96

[15:28:28]	[Recv]	sayi 1 2073308 20 26 3 4080 0 0 0

[15:28:28]	[Recv]	eff_t 2 4988592 1 2073308 4766

[15:28:28]	[Send]	guri 5 1 2073308 50 1
[15:28:28]	[Recv]	st 2 5017544 94 0 100 100 92062 184124 92062 184124 0

[15:28:29]	[Recv]	st 2 5017546 94 0 100 100 92062 184124 92062 184124 0

[15:28:29]	[Recv]	st 2 5017545 94 0 100 100 92062 184124 92062 184124 0

[15:28:29]	[Send]	guri 5 1 2073308 100 1
[15:28:29]	[Send]	#git^10651287
[15:28:30]	[Recv]	out 9 10651287

[15:28:30]	[Recv]	out 9 10651287

[15:28:30]	[Recv]	msgi 0 408 0 0 0 0 0

[15:28:30]	[Send]	ptctl 5443 2 4988603 40 29 4988592 41 30 4988603 15
[15:28:30]	[Recv]	mapclear

[15:28:30]	[Recv]	in 2 1457 5017546 54 66 5 100 100 0 0 0 -1 1 0 -1 - 0 -1 0 0 0 0 0 0 0 0 0 0 0 0

[15:28:30]	[Recv]	ctl 2 5017546 0 99

[15:28:30]	[Recv]	in 2 1457 5017545 39 70 5 100 100 0 0 0 -1 1 0 -1 - 0 -1 0 0 0 0 0 0 0 0 0 0 0 0

[15:28:30]	[Recv]	ctl 2 5017545 0 99

[15:28:30]	[Recv]	in 2 1457 5017544 23 66 1 100 100 0 0 0 -1 1 0 -1 - 0 -1 0 0 0 0 0 0 0 0 0 0 0 0

[15:28:30]	[Recv]	ctl 2 5017544 0 99

[15:28:30]	[Recv]	in 2 1548 4988592 41 35 2 100 100 0 0 3 2073308 1 0 -1 @ 2 -1 0 0 0 0 0 0 0 0 0 0 0 6

[15:28:30]	[Recv]	in 2 2673 4988603 40 34 2 100 100 0 0 3 2073308 1 0 3206 @ 1 6 1 1880 1881 1882 4237 4238 4239 0 2723 0 0 0

[15:28:30]	[Recv]	rnsc 0

[15:28:30]	[Recv]	sinfo 

[15:28:30]	[Recv]	rsfm 823 2 0 0 23

[15:28:30]	[Recv]	evnt 3 0 6000 6000

[15:28:30]	[Recv]	evnt 1 0 11930 12000

[15:28:30]	[Recv]	in 3 688 5017718 6 43 5 100 100 0 0 0 -1 0 0 -1 - 0 -1 0 0 0 0 0 0 0 0 0 0 0 0

[15:28:30]	[Recv]	msgi 0 679 0 0 0 0 0

[15:28:30]	[Recv]	in 3 688 5017719 7 43 5 100 100 0 0 0 -1 0 0 -1 - 0 -1 0 0 0 0 0 0 0 0 0 0 0 0

[15:28:30]	[Recv]	msgi 0 679 0 0 0 0 0

[15:28:30]	[Recv]	in 3 688 5017720 8 43 0 100 100 0 0 0 -1 0 0 -1 - 0 -1 0 0 0 0 0 0 0 0 0 0 0 0

[15:28:30]	[Recv]	msgi 0 679 0 0 0 0 0

[15:28:30]	[Recv]	in 3 688 5017721 9 42 3 100 100 0 0 0 -1 0 0 -1 - 0 -1 0 0 0 0 0 0 0 0 0 0 0 0

[15:28:30]	[Recv]	msgi 0 679 0 0 0 0 0

[15:28:30]	[Recv]	in 3 688 5017722 10 42 7 100 100 0 0 0 -1 0 0 -1 - 0 -1 0 0 0 0 0 0 0 0 0 0 0 0

[15:28:30]	[Recv]	msgi 0 679 0 0 0 0 0

[15:28:30]	[Recv]	in 3 708 5017723 39 5 7 100 100 0 0 0 -1 0 0 -1 - 0 -1 0 0 0 0 0 0 0 0 0 0 0 0

[15:28:30]	[Recv]	msgi 0 679 0 0 0 0 0

[15:28:30]	[Recv]	in 3 700 5017724 39 6 3 100 100 0 0 0 -1 0 0 -1 - 0 -1 0 0 0 0 0 0 0 0 0 0 0 0

[15:28:30]	[Recv]	msgi 0 679 0 0 0 0 0

[15:28:30]	[Recv]	in 3 700 5017725 40 6 2 100 100 0 0 0 -1 0 0 -1 - 0 -1 0 0 0 0 0 0 0 0 0 0 0 0

[15:28:30]	[Recv]	msgi 0 679 0 0 0 0 0

[15:28:30]	[Recv]	in 3 726 5017726 41 5 4 100 100 0 0 0 -1 0 0 -1 - 0 -1 0 0 0 0 0 0 0 0 0 0 0 0

[15:28:30]	[Recv]	msgi 0 679 0 0 0 0 0

[15:28:30]	[Recv]	in 3 700 5017727 41 6 5 100 100 0 0 0 -1 0 0 -1 - 0 -1 0 0 0 0 0 0 0 0 0 0 0 0

[15:28:30]	[Recv]	msgi 0 679 0 0 0 0 0

[15:28:30]	[Recv]	in 3 760 5017728 42 5 0 100 100 0 0 0 -1 0 0 -1 - 0 -1 0 0 0 0 0 0 0 0 0 0 0 0

[15:28:30]	[Recv]	msgi 0 679 0 0 0 0 0

[15:28:30]	[Recv]	in 3 700 5017729 42 6 7 100 100 0 0 0 -1 0 0 -1 - 0 -1 0 0 0 0 0 0 0 0 0 0 0 0

[15:28:30]	[Recv]	msgi 0 679 0 0 0 0 0

[15:28:30]	[Recv]	in 3 688 5017730 69 44 7 100 100 0 0 0 -1 0 0 -1 - 0 -1 0 0 0 0 0 0 0 0 0 0 0 0

[15:28:30]	[Recv]	msgi 0 679 0 0 0 0 0

[15:28:30]	[Recv]	in 3 688 5017731 70 45 1 100 100 0 0 0 -1 0 0 -1 - 0 -1 0 0 0 0 0 0 0 0 0 0 0 0

[15:28:30]	[Recv]	msgi 0 679 0 0 0 0 0

[15:28:30]	[Recv]	in 3 688 5017732 71 45 6 100 100 0 0 0 -1 0 0 -1 - 0 -1 0 0 0 0 0 0 0 0 0 0 0 0

[15:28:30]	[Recv]	msgi 0 679 0 0 0 0 0

[15:28:30]	[Recv]	in 3 688 5017733 72 45 3 100 100 0 0 0 -1 0 0 -1 - 0 -1 0 0 0 0 0 0 0 0 0 0 0 0

[15:28:30]	[Recv]	msgi 0 679 0 0 0 0 0

[15:28:30]	[Recv]	in 3 688 5017734 74 45 6 100 100 0 0 0 -1 0 0 -1 - 0 -1 0 0 0 0 0 0 0 0 0 0 0 0

[15:28:30]	[Recv]	msgi 0 679 0 0 0 0 0

[15:28:30]	[Recv]	eff 3 5017734 5000

[15:28:30]	[Recv]	eff 3 5017731 5000

[15:28:30]	[Recv]	eff 3 5017727 5000

[15:28:30]	[Recv]	eff 3 5017725 5000

[15:28:30]	[Recv]	eff 3 5017722 5000

[15:28:30]	[Recv]	eff 3 5017719 5000

[15:28:30]	[Recv]	cond 1 2073308 0 0 18

[15:28:30]	[Recv]	cond 1 2073308 0 0 18

[15:28:30]	[Recv]	cond 2 4988603 0 0 15

[15:28:30]	[Recv]	cond 2 4988592 0 0 15

[15:28:30]	[Recv]	st 2 5017544 94 0 100 100 92062 184124 92062 184124 0

[15:28:31]	[Recv]	st 2 5017546 94 0 100 100 92062 184124 92062 184124 0

[15:28:31]	[Send]	ptctl 5443 2 4988603 40 26 4988592 41 27 4988603 15
[15:28:31]	[Recv]	cond 1 2073308 0 0 18

[15:28:31]	[Recv]	cond 1 2073308 0 0 18

[15:28:31]	[Recv]	cond 2 4988603 0 0 15

[15:28:31]	[Recv]	cond 2 4988592 0 0 15

[15:28:31]	[Recv]	st 2 5017545 94 0 100 100 92062 184124 92062 184124 0

[15:28:31]	[Send]	ptctl 5443 2 4988603 40 21 4988592 41 22 4988603 15
[15:28:32]	[Recv]	cond 2 4988603 0 0 15

[15:28:32]	[Recv]	cond 2 4988592 0 0 15

[15:28:32]	[Send]	ncif 3 5017727
[15:28:32]	[Recv]	st 3 5017727 99 0 100 100 100086 2828 100086 2828 0

[15:28:32]	[Recv]	cond 1 2073308 0 0 18

[15:28:32]	[Recv]	cond 1 2073308 0 0 18

[15:28:32]	[Send]	ptctl 5443 2 4988603 40 19 4988592 41 19 4988603 15
[15:28:32]	[Recv]	cond 2 4988603 0 0 15

[15:28:32]	[Recv]	cond 2 4988592 0 0 15

[15:28:32]	[Send]	u_s 1 3 5017727
[15:28:32]	[Recv]	cond 1 2073308 0 0 18

[15:28:32]	[Recv]	cond 1 2073308 0 0 18

[15:28:32]	[Recv]	ms_c 0

[15:28:32]	[Recv]	qslot 0 1.1.1 1.1.2 1.1.3 1.1.4 1.1.5 1.1.6 1.1.7 1.1.9 1.1.8 1.1.10 0.1.45 0.2.21 0.1.76 1.1.38 1.3.12 0.1.34 0.1.87 0.-1.-1 0.1.84 0.1.43 1.3.11 1.1.42 1.1.41 1.3.976 0.-1.-1 0.1.70 0.2.143 0.2.25 0.2.27 0.2.26

[15:28:32]	[Recv]	qslot 1 0.-1.-1 0.-1.-1 0.-1.-1 0.-1.-1 0.-1.-1 0.-1.-1 0.-1.-1 0.-1.-1 0.-1.-1 0.-1.-1 0.1.-1 0.1.-1 1.1.41 1.1.42 0.-1.-1 7.7.-1 7.7.-1 7.7.-1 7.7.-1 0.-1.-1 0.-1.-1 0.-1.-1 0.-1.-1 0.-1.-1 0.-1.-1 0.-1.-1 0.-1.-1 0.-1.-1 0.-1.-1 0.-1.-1

[15:28:32]	[Recv]	st 2 5017544 94 0 100 100 92062 184124 92062 184124 0

[15:28:32]	[Recv]	eff 2 5017544 7739

[15:28:32]	[Recv]	ct 1 2073308 3 5017727 14 4263 1115

[15:28:32]	[Send]	suctl 5443 1 4988603 3 5017727
[15:28:33]	[Recv]	ct 3 5017726 2 4988592 -1 -1 0

[15:28:33]	[Recv]	su 3 5017726 2 4988592 0 10 11 7174 0 0 1 100 23 0 0 57748 57771

[15:28:33]	[Recv]	st 2 5017546 94 0 100 100 92062 184124 92062 184124 0

[15:28:33]	[Recv]	eff 2 5017546 7739

[15:28:33]	[Recv]	eff 2 4988603 5005

[15:28:33]	[Send]	ncif 3 5017727
[15:28:33]	[Recv]	eff 1 2073308 15

[15:28:33]	[Recv]	su 1 2073308 3 5017727 1115 70 12 4264 0 0 0 0 215070 3 0 0 100086

[15:28:33]	[Recv]	in 3 2371 5017743 44 20 2 100 100 0 0 0 -1 0 0 -1 - 0 -1 0 0 0 0 0 0 0 0 0 0 0 0

[15:28:33]	[Recv]	guri 31 1 2073308 44 20

[15:28:33]	[Recv]	lev 99 0 99 0 2140719000 5991794 66990112 2 0 90 917705181 0

[15:28:33]	[Recv]	su 1 2073308 3 5017729 -1 0 -1 7687 -1 -1 1 98 1683 0 0

[15:28:33]	[Recv]	bf 3 5017729 0.1921.100 99

[15:28:33]	[Recv]	eff 3 5017729 0

[15:28:33]	[Recv]	eff 1 2073308 15

[15:28:33]	[Recv]	su 1 2073308 3 5017729 1115 70 12 4264 0 0 0 0 216922 6 0 0 100086

[15:28:33]	[Recv]	lev 99 0 99 0 2140719000 5991794 66990112 2 0 90 917705181 0

[15:28:33]	[Recv]	eff 1 2073308 15

[15:28:33]	[Recv]	su 1 2073308 3 5017728 1115 70 12 4264 0 0 0 0 230085 6 0 0 12526

[15:28:33]	[Recv]	lev 99 0 99 0 2140719000 5991794 66990112 2 0 90 917705181 0

[15:28:33]	[Recv]	eff 1 2073308 15

[15:28:33]	[Recv]	su 1 2073308 3 5017726 1115 70 12 4264 0 0 0 0 256275 6 0 0 67711

[15:28:33]	[Recv]	lev 99 0 99 0 2140719000 5991794 66990112 2 0 90 917705181 0

[15:28:33]	[Recv]	su 1 2073308 3 5017725 1115 70 12 4264 0 0 1 19 80623 6 0 19463 100086

[15:28:33]	[Recv]	mslot 1127 -1

[15:28:33]	[Recv]	qset 0 0 1.1.13.0

[15:28:33]	[Send]	ptctl 5443 1 4988592 41 14 4988592 15
[15:28:33]	[Recv]	cond 2 4988592 0 0 15

[15:28:33]	[Send]	ptctl 5443 1 4988592 41 13 4988592 15
[15:28:33]	[Recv]	st 2 5017545 94 0 100 100 92062 184124 92062 184124 0

[15:28:33]	[Recv]	eff 2 5017545 7739

[15:28:33]	[Recv]	cond 2 4988592 0 0 15

[15:28:33]	[Send]	pulse 5640 0
[15:28:33]	[Send]	ptctl 5443 1 4988592 41 16 4988592 15
[15:28:33]	[Recv]	scp 1
[15:28:33]	[Recv]	umi 5060.340 5676.-1 5797.-1 13459.-2

[15:28:33]	[Recv]	cond 2 4988592 0 0 15

[15:28:33]	[Recv]	die 3 5017743 3 5017743

[15:28:34]	[Recv]	ct 3 5017725 2 4988592 -1 -1 0

[15:28:34]	[Recv]	su 3 5017725 2 4988592 0 10 11 4789 0 0 1 99 50 0 0 57698 57771

[15:28:34]	[Send]	ptctl 5443 2 4988603 38 16 4988592 40 18 4988603 15
[15:28:34]	[Recv]	cond 1 2073308 0 0 18

[15:28:34]	[Recv]	cond 1 2073308 0 0 18

[15:28:34]	[Recv]	cond 2 4988603 0 0 15

[15:28:34]	[Recv]	cond 2 4988592 0 0 15

[15:28:34]	[Send]	ncif 3 5017724
[15:28:34]	[Send]	ptctl 5443 1 4988592 40 14 4988592 15
[15:28:34]	[Recv]	st 3 5017724 99 0 100 100 100086 2828 100086 2828 0

[15:28:34]	[Send]	u_s 13 3 5017724
[15:28:34]	[Send]	suctl 5443 1 4988603 3 5017724
[15:28:34]	[Recv]	cond 2 4988592 0 0 15

[15:28:34]	[Recv]	st 2 5017544 94 0 100 100 92062 184124 92062 184124 0

[15:28:34]	[Recv]	cond 1 2073308 0 0 18

[15:28:34]	[Recv]	cond 1 2073308 0 0 18

[15:28:34]	[Recv]	ms_c 0

[15:28:34]	[Recv]	qslot 0 1.1.1 1.1.2 1.1.3 1.1.4 1.1.5 1.1.6 1.1.7 1.1.9 1.1.8 1.1.10 0.1.45 0.2.21 0.1.76 1.1.38 1.3.12 0.1.34 0.1.87 0.-1.-1 0.1.84 0.1.43 1.3.11 1.1.42 1.1.41 1.3.976 0.-1.-1 0.1.70 0.2.143 0.2.25 0.2.27 0.2.26

[15:28:34]	[Recv]	qslot 1 0.-1.-1 0.-1.-1 0.-1.-1 0.-1.-1 0.-1.-1 0.-1.-1 0.-1.-1 0.-1.-1 0.-1.-1 0.-1.-1 0.1.-1 0.1.-1 1.1.41 1.1.42 0.-1.-1 7.7.-1 7.7.-1 7.7.-1 7.7.-1 0.-1.-1 0.-1.-1 0.-1.-1 0.-1.-1 0.-1.-1 0.-1.-1 0.-1.-1 0.-1.-1 0.-1.-1 0.-1.-1 0.-1.-1

[15:28:35]	[Recv]	st 2 5017546 94 0 100 100 92062 184124 92062 184124 0

[15:28:35]	[Recv]	ct 1 2073308 3 5017724 -1 -1 1127

[15:28:35]	[Recv]	eff 1 2073308 15

[15:28:35]	[Recv]	su 1 2073308 3 5017724 1127 100 22 4284 0 0 1 25 74694 0 0 25392 100086

[15:28:35]	[Recv]	su 1 2073308 3 5017725 1127 100 22 4284 0 0 1 1 19382 5 0 81 100086

[15:28:35]	[Recv]	eff 1 2073308 15

[15:28:35]	[Recv]	su 1 2073308 3 5017723 1127 100 22 4284 0 0 0 0 185815 6 0 0 67711

[15:28:35]	[Recv]	lev 99 0 99 0 2140719000 5991794 66990112 2 0 90 917705181 0

[15:28:35]	[Recv]	eff 2 4988603 5005

[15:28:35]	[Send]	ptctl 5443 2 4988603 38 21 4988592 40 20 4988603 15
[15:28:35]	[Recv]	cond 1 2073308 0 0 18

[15:28:35]	[Recv]	cond 1 2073308 0 0 18

[15:28:35]	[Send]	ptctl 5443 2 4988603 38 22 4988592 40 21 4988603 15
[15:28:35]	[Recv]	cond 2 4988603 0 0 15

[15:28:35]	[Recv]	cond 2 4988592 0 0 15

[15:28:35]	[Send]	ptctl 5443 2 4988603 38 23 4988592 40 22 4988603 15
[15:28:35]	[Recv]	cond 2 4988603 0 0 15

[15:28:35]	[Recv]	cond 2 4988592 0 0 15

[15:28:35]	[Recv]	ct 3 5017724 2 4988592 -1 -1 0

[15:28:35]	[Recv]	su 3 5017724 2 4988592 0 10 11 4789 0 0 1 99 0 1 0 57698 57771

[15:28:35]	[Recv]	ct 2 4988603 3 5017724 -1 -1 0

[15:28:35]	[Recv]	su 2 4988603 3 5017724 0 12 11 8360 0 0 1 17 7667 0 0 17725 100086

[15:28:35]	[Recv]	st 2 5017545 94 0 100 100 92062 184124 92062 184124 0

[15:28:35]	[Recv]	cond 2 4988603 0 0 15

[15:28:35]	[Recv]	cond 2 4988592 0 0 15

[15:28:35]	[Send]	ncif 3 5017724
[15:28:35]	[Send]	ptctl 5443 1 4988592 40 15 4988592 15
[15:28:35]	[Send]	u_s 0 3 5017724
[15:28:35]	[Recv]	sp 416148 1000000 0 10000

[15:28:35]	[Recv]	st 3 5017724 99 0 17 100 17725 2828 100086 2828 0

[15:28:35]	[Recv]	cond 2 4988592 0 0 15

[15:28:35]	[Recv]	cond 1 2073308 0 0 18

[15:28:35]	[Recv]	cond 1 2073308 0 0 18

[15:28:36]	[Send]	ptctl 5443 1 4988603 38 19 4988603 15
[15:28:36]	[Send]	suctl 5443 1 4988603 3 5017724
[15:28:36]	[Send]	ptctl 5443 2 4988603 38 24 4988592 40 22 4988603 15
[15:28:36]	[Recv]	ct 1 2073308 3 5017724 -1 -1 1114

[15:28:36]	[Recv]	su 1 2073308 3 5017724 1114 7 11 4260 0 0 1 17 0 4 0 17725 100086

[15:28:36]	[Recv]	cond 2 4988603 0 0 15

[15:28:36]	[Recv]	sc_p 170 1548 4988592 96 646 24077954 0 0 1889 2049 1289 19 90 9 975 627 958 627 866 3 90 90 110 80 57698 57771 18100 18100 1 84982200 0 @ 0 0 6 60 1831 1798 0 100

[15:28:36]	[Recv]	eff 2 4988603 5005

[15:28:36]	[Send]	ptctl 5443 1 4988592 40 23 4988592 15
[15:28:36]	[Recv]	cond 2 4988603 0 0 15

[15:28:36]	[Recv]	cond 2 4988592 0 0 15

[15:28:36]	[Recv]	ct 3 5017725 2 4988592 -1 -1 0

[15:28:36]	[Recv]	su 3 5017725 2 4988592 0 10 11 4789 0 0 1 99 243 0 0 57455 57771

[15:28:36]	[Recv]	cond 1 2073308 0 0 18

[15:28:36]	[Recv]	cond 1 2073308 0 0 18

[15:28:36]	[Recv]	cond 2 4988592 0 0 15

[15:28:36]	[Send]	ptctl 5443 1 4988592 40 16 4988592 15
[15:28:36]	[Send]	ncif 3 5017724
[15:28:36]	[Send]	u_s 0 3 5017724
[15:28:36]	[Recv]	cond 2 4988592 0 0 15

[15:28:36]	[Recv]	st 2 5017544 94 0 100 100 92062 184124 92062 184124 0

[15:28:36]	[Recv]	sr 0

[15:28:36]	[Recv]	st 3 5017724 99 0 17 100 17725 2828 100086 2828 0

[15:28:36]	[Recv]	cond 1 2073308 0 0 18

[15:28:36]	[Recv]	cond 1 2073308 0 0 18

[15:28:37]	[Recv]	st 2 5017546 94 0 100 100 92062 184124 92062 184124 0

[15:28:37]	[Recv]	ct 1 2073308 3 5017724 -1 -1 1114

[15:28:37]	[Recv]	su 1 2073308 3 5017724 1114 7 11 4260 0 0 0 0 28404 0 0 0 100086

[15:28:37]	[Recv]	lev 99 0 99 0 2140719000 5991794 66990112 2 0 90 917705181 0

[15:28:37]	[Send]	ptctl 5443 1 4988603 39 29 4988603 15
[15:28:37]	[Send]	ptctl 5443 1 4988603 38 25 4988603 15
[15:28:37]	[Send]	suctl 5443 1 4988603 3 5017724
[15:28:37]	[Recv]	cond 2 4988603 0 0 15

[15:28:37]	[Recv]	st 2 5017545 94 0 100 100 92062 184124 92062 184124 0

[15:28:37]	[Recv]	cond 2 4988603 0 0 15

[15:28:37]	[Send]	suctl 5443 1 4988592 3 5017724
[15:28:37]	[Send]	ncif 3 5017725
[15:28:37]	[Recv]	eff 2 5017544 7739

[15:28:37]	[Recv]	sr 0

[15:28:37]	[Recv]	st 3 5017725 99 0 1 100 81 2828 100086 2828 0

[15:28:37]	[Send]	u_s 0 3 5017725
[15:28:38]	[Recv]	eff 2 5017546 7739

[15:28:38]	[Recv]	ct 1 2073308 3 5017725 -1 -1 1114

[15:28:38]	[Recv]	su 1 2073308 3 5017725 1114 7 11 4260 0 0 0 0 78763 3 0 0 100086

[15:28:38]	[Recv]	lev 99 0 99 0 2140719000 5991794 66990112 2 0 90 917705181 0

[15:28:38]	[Send]	ptctl 5443 2 4988603 37 29 4988592 40 21 4988603 15
[15:28:38]	[Send]	ptctl 5443 2 4988603 36 31 4988592 40 22 4988603 15
[15:28:38]	[Recv]	eff 2 5017545 7739

[15:28:38]	[Recv]	cond 2 4988603 0 0 15

[15:28:38]	[Recv]	cond 2 4988592 0 0 15

[15:28:38]	[Recv]	cond 1 2073308 0 0 18

[15:28:38]	[Recv]	cond 1 2073308 0 0 18

[15:28:38]	[Send]	ptctl 5443 1 4988592 40 23 4988592 15
[15:28:38]	[Recv]	cond 2 4988603 0 0 15

[15:28:38]	[Recv]	cond 2 4988592 0 0 15

[15:28:38]	[Send]	ptctl 5443 2 4988603 35 31 4988592 40 24 4988603 15
[15:28:38]	[Recv]	cond 2 4988592 0 0 15

[15:28:38]	[Recv]	st 2 5017544 94 0 100 100 92062 184124 92062 184124 0

[15:28:38]	[Recv]	cond 2 4988603 0 0 15

[15:28:38]	[Recv]	cond 2 4988592 0 0 15

[15:28:38]	[Send]	ptctl 5443 2 4988603 37 32 4988592 40 26 4988603 15
[15:28:38]	[Recv]	sr 0

[15:28:39]	[Recv]	st 2 5017546 94 0 100 100 92062 184124 92062 184124 0

[15:28:39]	[Recv]	cond 1 2073308 0 0 18

[15:28:39]	[Recv]	cond 1 2073308 0 0 18

[15:28:39]	[Recv]	cond 2 4988603 0 0 15

[15:28:39]	[Recv]	cond 2 4988592 0 0 15

[15:28:39]	[Recv]	st 2 5017545 94 0 100 100 92062 184124 92062 184124 0

[15:28:39]	[Send]	ptctl 5443 2 4988603 37 37 4988592 40 30 4988603 15
[15:28:39]	[Recv]	cond 1 2073308 0 0 18

[15:28:39]	[Recv]	cond 1 2073308 0 0 18

[15:28:39]	[Recv]	cond 2 4988603 0 0 15

[15:28:39]	[Recv]	cond 2 4988592 0 0 15

[15:28:40]	[Recv]	sr 1

[15:28:40]	[Send]	ptctl 5443 2 4988603 37 40 4988592 40 33 4988603 15
[15:28:40]	[Recv]	cond 1 2073308 0 0 18

[15:28:40]	[Recv]	cond 1 2073308 0 0 18

[15:28:40]	[Recv]	cond 2 4988603 0 0 15

[15:28:40]	[Recv]	cond 2 4988592 0 0 15

[15:28:40]	[Send]	ptctl 5443 2 4988603 37 42 4988592 40 34 4988603 15
[15:28:40]	[Recv]	cond 1 2073308 0 0 18

[15:28:40]	[Recv]	cond 1 2073308 0 0 18

[15:28:40]	[Recv]	sp 416138 1000000 0 10000

[15:28:40]	[Recv]	cond 2 4988603 0 0 15

[15:28:40]	[Recv]	cond 2 4988592 0 0 15

[15:28:40]	[Send]	ptctl 5443 2 4988603 35 44 4988592 40 36 4988603 15
[15:28:40]	[Recv]	st 2 5017544 94 0 100 100 92062 184124 92062 184124 0

[15:28:40]	[Recv]	cond 1 2073308 0 0 18

[15:28:40]	[Recv]	cond 1 2073308 0 0 18

[15:28:40]	[Recv]	cond 2 4988603 0 0 15

[15:28:40]	[Recv]	cond 2 4988592 0 0 15

[15:28:41]	[Recv]	st 2 5017546 94 0 100 100 92062 184124 92062 184124 0

[15:28:41]	[Recv]	ct 3 5017734 2 5017546 -1 -1 0

[15:28:41]	[Recv]	su 3 5017734 2 5017546 0 5 11 0 0 0 1 99 502 0 0 91560 92062

[15:28:41]	[Recv]	ct 2 5017546 3 5017734 -1 -1 0

[15:28:41]	[Recv]	su 2 5017546 3 5017734 0 10 11 0 0 0 1 100 0 1 0 12526 12526

[15:28:41]	[Recv]	st 2 5017545 94 0 100 100 92062 184124 92062 184124 0

[15:28:41]	[Send]	ptctl 5443 1 4988592 40 41 4988592 15
[15:28:41]	[Send]	ptctl 5443 2 4988603 35 49 4988592 40 42 4988603 15
[15:28:41]	[Recv]	cond 1 2073308 0 0 18

[15:28:41]	[Recv]	cond 1 2073308 0 0 18

[15:28:41]	[Recv]	cond 2 4988592 0 0 15

[15:28:41]	[Recv]	cond 2 4988603 0 0 15

[15:28:41]	[Recv]	cond 2 4988592 0 0 15

[15:28:42]	[Recv]	cond 1 2073308 0 0 18

[15:28:42]	[Recv]	cond 1 2073308 0 0 18

[15:28:42]	[Recv]	ct 3 5017734 2 5017546 -1 -1 0

[15:28:42]	[Recv]	su 3 5017734 2 5017546 0 5 11 0 0 0 1 98 501 0 0 91059 92062

[15:28:42]	[Send]	ptctl 5443 1 4988592 40 47 4988592 15
[15:28:42]	[Send]	u_ts 758 49 62
[15:28:42]	[Send]	ptctl 5443 2 4988603 37 47 4988592 40 48 4988603 15
[15:28:42]	[Recv]	ct 3 5017730 2 5017546 -1 -1 0

[15:28:42]	[Recv]	su 3 5017730 2 5017546 0 5 11 0 0 0 1 98 503 0 0 90556 92062

[15:28:42]	[Recv]	ct 3 5017720 2 5017544 -1 -1 0

[15:28:42]	[Recv]	su 3 5017720 2 5017544 0 5 11 0 0 0 1 99 501 0 0 91561 92062

[15:28:42]	[Recv]	cond 2 4988592 0 0 15

[15:28:42]	[Recv]	st 2 5017544 94 0 99 100 91561 184124 92062 184124 0

[15:28:42]	[Recv]	eff 2 5017544 7739

[15:28:42]	[Recv]	cond 2 4988602 0 0 12

[15:28:42]	[Recv]	c_mode 2 4988602 2343 0 0

[15:28:42]	[Recv]	sc_n 4 2640 4988602 94 1000 473672 991.2.4 996.0.10 317.0.5 321.0.5 0 0 1 4 566 686 820 9 160 10 201 555 264 555 248 3 7 7 110 2 17310 17310 10544 10544 0 291503800 @ 2343 0 4812.100 1318.3 1319.3 1320.7 2138 3 0

[15:28:42]	[Recv]	out 2 4988602

[15:28:42]	[Recv]	in 2 2640 4988602 48 64 2 100 100 0 0 3 2073308 1 0 2343 @ 1 4 0 0 0 0 0 0 0 0 2138 0 3 0

[15:28:42]	[Recv]	pinit 2 2|4988603|0|94|@|-1|3206|1|2723|0|0 2|4988592|1|96|@|-1|1548|0|0|0|60


[15:28:42]	[Recv]	in 2 2640 4988602 48 64 2 100 100 0 0 3 2073308 0 0 2343 @ 1 4 0 0 0 0 0 0 0 0 2138 0 3 0

[15:28:42]	[Recv]	ctl 2 4988602 0 1

[15:28:42]	[Recv]	in 2 822 4988567 50 64 2 100 100 0 0 3 2073308 0 0 -1 @ 1 3 0 0 0 0 0 0 0 0 0 0 4 0

[15:28:42]	[Recv]	ctl 2 4988567 0 1

[15:28:42]	[Recv]	cond 2 4988487 0 0 12

[15:28:42]	[Recv]	c_mode 2 4988487 2323 0 0

[15:28:42]	[Recv]	sc_n 2 319 4988487 99 1000 398653210 990.4.5 997.5.6 -1 -1 0 0 0 5 661 711 543 10 150 6 592 586 461 586 372 2 9 15 9 11 38176 38176 11281 11281 0 428143800 Kliff 2323 0 4809.100 1299.2 1300.4 1301.7 2127 1 0

[15:28:42]	[Recv]	out 2 4988487

[15:28:42]	[Recv]	in 2 319 4988487 50 62 2 100 100 0 0 3 2073308 1 0 2323 Kliff 1 2 0 0 0 0 0 0 0 0 2127 0 1 0

[15:28:42]	[Recv]	pinit 2 2|4988603|0|94|@|-1|3206|1|2723|0|0 2|4988592|1|96|@|-1|1548|0|0|0|60


[15:28:42]	[Recv]	in 2 319 4988487 50 62 2 100 100 0 0 3 2073308 0 0 2323 Kliff 1 2 0 0 0 0 0 0 0 0 2127 0 1 0

[15:28:42]	[Recv]	ctl 2 4988487 0 1

[15:28:42]	[Recv]	cond 2 4988486 0 0 11

[15:28:42]	[Recv]	c_mode 2 4988486 2367 0 0

[15:28:42]	[Recv]	sc_n 0 317 4988486 94 1000 202328 991.2.4 -1 -1 -1 0 0 1 4 558 678 801 9 160 0 88 214 107 214 79 2 1 5 1 1 16921 16921 6757 6757 0 291503800 Bob 2367 0 8239.0 0.0 0.0 0.0 2181 2 0

[15:28:42]	[Recv]	out 2 4988486

[15:28:42]	[Recv]	in 2 317 4988486 47 63 2 100 100 0 0 3 2073308 1 0 2367 Bob 1 0 0 0 0 0 0 0 0 0 2181 0 2 0

[15:28:42]	[Recv]	pinit 2 2|4988603|0|94|@|-1|3206|1|2723|0|0 2|4988592|1|96|@|-1|1548|0|0|0|60


[15:28:42]	[Recv]	in 2 317 4988486 47 63 2 100 100 0 0 3 2073308 0 0 2367 Bob 1 0 0 0 0 0 0 0 0 0 2181 0 2 0

[15:28:42]	[Recv]	ctl 2 4988486 0 1

[15:28:42]	[Recv]	bf 1 2073308 0.1025.200 99

[15:28:42]	[Recv]	sayi 1 2073308 20 26 3 1025 0 0 0

[15:28:42]	[Recv]	team_cool 0 900

[15:28:42]	[Send]	ptctl 5443 2 4988603 38 52 4988592 40 49 4988603 15
[15:28:42]	[Recv]	cond 2 4988603 0 0 15

[15:28:42]	[Recv]	cond 2 4988592 0 0 15

[15:28:43]	[Recv]	st 2 5017546 94 0 98 100 90556 184124 92062 184124 0

[15:28:43]	[Recv]	eff 2 5017546 7739

[15:28:43]	[Recv]	cond 1 2073308 0 0 18

[15:28:43]	[Recv]	cond 1 2073308 0 0 18

[15:28:43]	[Recv]	cond 2 4988603 0 0 15

[15:28:43]	[Recv]	cond 2 4988592 0 0 15

[15:28:43]	[Send]	ptctl 5443 2 4988603 41 50 4988592 44 50 4988603 15
[15:28:43]	[Recv]	cond 1 2073308 0 0 18

[15:28:43]	[Recv]	cond 1 2073308 0 0 18

[15:28:43]	[Recv]	ct 2 4988567 3 5017734 -1 -1 0

[15:28:43]	[Recv]	ct 2 4988602 3 5017733 -1 -1 0

[15:28:43]	[Recv]	su 2 4988602 3 5017733 0 11 11 4085 0 0 1 39 7641 0 0 4885 12526

[15:28:43]	[Recv]	st 2 5017545 94 0 100 100 92062 184124 92062 184124 0

[15:28:43]	[Recv]	eff 2 5017545 7739

[15:28:43]	[Recv]	ct 2 5017544 3 5017720 -1 -1 0

[15:28:43]	[Recv]	su 2 5017544 3 5017720 0 10 11 0 0 0 1 100 0 1 0 12526 12526

[15:28:43]	[Recv]	cond 2 4988603 0 0 15

[15:28:43]	[Recv]	cond 2 4988592 0 0 15

[15:28:43]	[Send]	ptctl 5443 2 4988603 42 52 4988592 44 52 4988603 15
[15:28:43]	[Recv]	ct 3 5017734 2 5017546 -1 -1 0

[15:28:43]	[Recv]	su 3 5017734 2 5017546 0 5 11 0 0 0 1 98 505 0 0 90971 92062

[15:28:43]	[Recv]	su 2 4988567 3 5017734 0 6 11 3601 0 0 1 60 4974 0 0 7552 12526

[15:28:43]	[Recv]	ct 2 5017546 3 5017734 -1 -1 0

[15:28:43]	[Recv]	su 2 5017546 3 5017734 0 10 11 0 0 0 1 60 1 0 0 7551 12526

[15:28:43]	[Recv]	cond 1 2073308 0 0 18

[15:28:43]	[Recv]	cond 1 2073308 0 0 18

[15:28:43]	[Recv]	cond 2 4988603 0 0 15

[15:28:43]	[Recv]	cond 2 4988592 0 0 15

[15:28:43]	[Send]	ptctl 5443 2 4988603 40 55 4988592 42 54 4988603 15
[15:28:43]	[Recv]	ct 3 5017730 2 5017546 -1 -1 0

[15:28:43]	[Recv]	su 3 5017730 2 5017546 0 5 11 0 0 0 1 98 504 0 0 90467 92062

[15:28:43]	[Recv]	ct 3 5017720 2 5017544 -1 -1 0

[15:28:43]	[Recv]	su 3 5017720 2 5017544 0 5 11 0 0 0 1 99 502 0 0 91560 92062

[15:28:43]	[Recv]	ct 2 4988486 3 5017733 -1 -1 0

[15:28:43]	[Recv]	cond 1 2073308 0 0 18

[15:28:43]	[Recv]	cond 1 2073308 0 0 18

[15:28:43]	[Recv]	cond 2 4988603 0 0 15

[15:28:43]	[Recv]	cond 2 4988592 0 0 15

[15:28:43]	[Send]	ptctl 5443 2 4988603 38 55 4988592 40 55 4988603 15
[15:28:44]	[Recv]	su 2 4988486 3 5017733 0 6 11 7130 0 0 1 15 2933 0 0 1952 12526

[15:28:44]	[Recv]	cond 1 2073308 0 0 18

[15:28:44]	[Recv]	cond 1 2073308 0 0 18

[15:28:44]	[Recv]	cond 2 4988603 0 0 15

[15:28:44]	[Recv]	cond 2 4988592 0 0 15

[15:28:44]	[Send]	ncif 3 5017718
[15:28:44]	[Recv]	ct 3 5017733 2 4988602 -1 -1 0

[15:28:44]	[Recv]	su 3 5017733 2 4988602 0 5 11 0 0 0 1 97 496 0 0 16814 17310

[15:28:44]	[Recv]	ct 2 4988487 3 5017732 -1 -1 0

[15:28:44]	[Recv]	cond 1 2073308 0 0 18

[15:28:44]	[Recv]	cond 1 2073308 0 0 18

[15:28:44]	[Recv]	st 3 5017718 99 0 100 100 12526 2828 12526 2828 0

[15:28:44]	[Send]	ptctl 5443 2 4988603 39 54 4988592 37 54 4988603 15
[15:28:44]	[Send]	suctl 5443 1 4988603 3 5017718
[15:28:44]	[Recv]	su 2 4988487 3 5017732 0 6 11 4035 0 0 1 64 4464 0 0 8062 12526

[15:28:44]	[Recv]	ct 2 4988567 3 5017734 -1 -1 0

[15:28:44]	[Send]	u_s 0 3 5017718
[15:28:44]	[Recv]	cond 2 4988603 0 0 15

[15:28:44]	[Recv]	cond 2 4988592 0 0 15

[15:28:44]	[Recv]	su 2 4988567 3 5017734 0 6 11 3601 0 0 1 21 4899 0 0 2652 12526

[15:28:44]	[Recv]	eff 2 4988603 5005

[15:28:44]	[Recv]	cond 1 2073308 0 0 18

[15:28:44]	[Recv]	cond 1 2073308 0 0 18

[15:28:44]	[Send]	ptctl 5443 2 4988603 34 55 4988592 35 55 4988603 15
[15:28:44]	[Recv]	ct 3 5017734 2 5017546 -1 -1 0

[15:28:44]	[Recv]	su 3 5017734 2 5017546 0 5 11 0 0 0 1 97 501 0 0 89966 92062

[15:28:44]	[Recv]	ct 2 4988486 3 5017733 -1 -1 0

[15:28:44]	[Recv]	ct 2 4988602 3 5017733 -1 -1 0

[15:28:44]	[Recv]	su 2 4988602 3 5017733 0 11 11 4085 0 0 0 0 7737 0 0 0 12526

[15:28:44]	[Recv]	lev 99 0 99 0 2140719000 5991794 66990112 2 0 90 917705181 0

[15:28:44]	[Recv]	st 2 5017544 94 0 99 100 91560 184124 92062 184124 0

[15:28:44]	[Recv]	ct 1 2073308 3 5017718 -1 -1 1114

[15:28:44]	[Recv]	su 1 2073308 3 5017718 1114 7 11 4260 0 0 0 0 32430 0 0 0 12526

[15:28:44]	[Recv]	lev 99 0 99 0 2140719000 5991794 66990112 2 0 90 917705181 0

[15:28:44]	[Recv]	cond 2 4988603 0 0 15

[15:28:44]	[Recv]	cond 2 4988592 0 0 15

[15:28:44]	[Send]	ptctl 5443 1 4988603 33 55 4988603 15
[15:28:45]	[Send]	ptctl 5443 1 4988603 33 56 4988603 15
[15:28:45]	[Recv]	ct 3 5017730 2 5017546 -1 -1 0

[15:28:45]	[Recv]	su 3 5017730 2 5017546 0 5 11 0 0 0 1 97 504 0 0 89462 92062

[15:28:45]	[Recv]	ct 3 5017720 2 5017544 -1 -1 0

[15:28:45]	[Recv]	su 3 5017720 2 5017544 0 5 11 0 0 0 1 99 502 0 0 91560 92062

[15:28:45]	[Recv]	su 2 4988486 2 4988486 0 6 11 7130 0 0 1 100 0 2 0 16921 16921

[15:28:45]	[Recv]	ct 2 4988603 3 5017718 -1 -1 0

[15:28:45]	[Recv]	su 2 4988603 2 4988603 0 12 11 8360 0 0 1 100 0 2 0 19451 19451

[15:28:45]	[Recv]	st 2 5017546 94 0 97 100 89462 184124 92062 184124 0

[15:28:45]	[Recv]	sr 13

[15:28:45]	[Recv]	cond 2 4988603 0 0 15

[15:28:45]	[Recv]	cond 1 2073308 0 0 18

[15:28:45]	[Recv]	cond 1 2073308 0 0 18

[15:28:45]	[Send]	ptctl 5443 2 4988603 32 56 4988592 34 56 4988603 15
[15:28:45]	[Recv]	cond 2 4988603 0 0 15

[15:28:45]	[Recv]	cond 1 2073308 0 0 18

[15:28:45]	[Recv]	cond 1 2073308 0 0 18

[15:28:45]	[Send]	ptctl 5443 2 4988603 32 55 4988592 33 56 4988603 15
[15:28:45]	[Recv]	ct 2 4988567 3 5017734 -1 -1 0

[15:28:45]	[Recv]	st 2 5017545 94 0 100 100 92062 184124 92062 184124 0

[15:28:45]	[Recv]	cond 2 4988603 0 0 15

[15:28:45]	[Recv]	cond 2 4988592 0 0 15

[15:28:45]	[Send]	ptctl 5443 2 4988603 32 56 4988592 32 57 4988603 15
[15:28:45]	[Recv]	cond 1 2073308 0 0 18

[15:28:45]	[Recv]	cond 1 2073308 0 0 18

[15:28:45]	[Recv]	ct 3 5017732 2 4988487 -1 -1 0

[15:28:45]	[Recv]	su 3 5017732 2 4988487 0 5 11 0 0 0 1 98 585 0 0 37591 38176

[15:28:45]	[Recv]	eff 2 4988567 15

[15:28:45]	[Recv]	su 2 4988567 3 5017734 0 6 11 3601 0 0 0 0 6142 0 0 0 12526

[15:28:45]	[Recv]	lev 99 0 99 0 2140719000 5991794 66990112 2 0 90 917705181 0

[15:28:45]	[Recv]	ct 2 5017544 3 5017720 -1 -1 0

[15:28:45]	[Recv]	su 2 5017544 3 5017720 0 10 11 0 0 0 1 100 0 1 0 12526 12526

[15:28:45]	[Recv]	sr 0

[15:28:45]	[Recv]	cond 2 4988603 0 0 15

[15:28:45]	[Recv]	cond 2 4988592 0 0 15

[15:28:45]	[Recv]	cond 2 4988603 0 0 15

[15:28:45]	[Recv]	cond 2 4988592 0 0 15

[15:28:45]	[Send]	ncif 3 5017720
[15:28:45]	[Recv]	ct 2 5017546 3 5017730 -1 -1 0

[15:28:45]	[Recv]	su 2 5017546 3 5017730 0 10 11 0 0 0 1 100 1 0 0 12525 12526

[15:28:45]	[Recv]	st 3 5017720 99 0 100 100 12526 2828 12526 2828 0

[15:28:46]	[Recv]	ct 3 5017730 2 5017546 -1 -1 0

[15:28:46]	[Recv]	su 3 5017730 2 5017546 0 5 11 0 0 0 1 97 501 0 0 89881 92062

[15:28:46]	[Recv]	ct 3 5017720 2 5017544 -1 -1 0

[15:28:46]	[Recv]	su 3 5017720 2 5017544 0 5 11 0 0 0 1 98 506 3 0 91054 92062

[15:28:46]	[Recv]	ct 2 4988487 3 5017732 -1 -1 0

[15:28:46]	[Recv]	ct 2 4988602 3 5017732 -1 -1 0

[15:28:46]	[Recv]	su 2 4988602 3 5017732 0 11 11 4085 0 0 1 64 0 4 0 8062 12526

[15:28:46]	[Recv]	sc_p 170 1548 4988592 96 645 24078654 0 0 1889 2049 1289 19 90 9 975 627 958 627 866 3 90 90 110 80 57668 57771 18100 18100 1 84982200 0 @ 0 0 6 60 1831 1798 0 100

[15:28:46]	[Send]	u_s 1 3 5017720
[15:28:46]	[Send]	ptctl 5443 1 4988592 28 59 4988592 15
[15:28:46]	[Recv]	cond 1 2073308 0 0 18

[15:28:46]	[Recv]	cond 1 2073308 0 0 18

[15:28:46]	[Recv]	su 2 4988487 3 5017732 0 6 11 4035 0 0 0 0 11325 3 0 0 12526

[15:28:46]	[Recv]	lev 99 0 99 0 2140719000 5991794 66990112 2 0 90 917705181 0

[15:28:46]	[Recv]	ct 2 4988567 3 5017730 -1 -1 0

[15:28:46]	[Recv]	ms_c 0

[15:28:46]	[Recv]	qslot 0 1.1.1 1.1.2 1.1.3 1.1.4 1.1.5 1.1.6 1.1.7 1.1.9 1.1.8 1.1.10 0.1.45 0.2.21 0.1.76 1.1.38 1.3.12 0.1.34 0.1.87 0.-1.-1 0.1.84 0.1.43 1.3.11 1.1.42 1.1.41 1.3.976 0.-1.-1 0.1.70 0.2.143 0.2.25 0.2.27 0.2.26

[15:28:46]	[Recv]	qslot 1 0.-1.-1 0.-1.-1 0.-1.-1 0.-1.-1 0.-1.-1 0.-1.-1 0.-1.-1 0.-1.-1 0.-1.-1 0.-1.-1 0.1.-1 0.1.-1 1.1.41 1.1.42 0.-1.-1 7.7.-1 7.7.-1 7.7.-1 7.7.-1 0.-1.-1 0.-1.-1 0.-1.-1 0.-1.-1 0.-1.-1 0.-1.-1 0.-1.-1 0.-1.-1 0.-1.-1 0.-1.-1 0.-1.-1

[15:28:46]	[Recv]	ct 1 2073308 3 5017720 14 4263 1115

[15:28:46]	[Recv]	cond 2 4988592 0 0 15

[15:28:46]	[Recv]	sp 416126 1000000 0 10000

[15:28:46]	[Recv]	su 2 4988567 3 5017730 0 6 11 3601 0 0 1 60 4912 0 0 7613 12526

[15:28:46]	[Send]	ncif 3 5017720
[15:28:46]	[Recv]	ct 2 4988486 3 5017721 -1 -1 0

[15:28:46]	[Recv]	st 2 5017544 94 0 98 100 91054 184124 92062 184124 0

[15:28:46]	[Recv]	su 1 2073308 3 5017720 1115 70 12 4264 0 0 0 0 34603 0 0 0 12526

[15:28:46]	[Recv]	lev 99 0 99 0 2140719000 5991794 66990112 2 0 90 917705181 0

[15:28:46]	[Send]	ptctl 5443 1 4988603 28 60 4988603 15
[15:28:47]	[Recv]	su 2 4988486 3 5017721 0 6 11 7130 0 0 1 65 4358 0 0 8168 12526

[15:28:47]	[Recv]	st 2 5017546 94 0 97 100 89881 184124 92062 184124 0

[15:28:47]	[Recv]	cond 2 4988603 0 0 15

[15:28:47]	[Send]	ptctl 5443 2 4988603 32 54 4988592 32 55 4988603 15
[15:28:47]	[Recv]	ct 2 4988487 3 5017721 -1 -1 0

[15:28:47]	[Recv]	cond 1 2073308 0 0 18

[15:28:47]	[Recv]	cond 1 2073308 0 0 18

[15:28:47]	[Send]	ptctl 5443 2 4988603 33 53 4988592 30 53 4988603 15
[15:28:47]	[Recv]	ct 3 5017730 2 5017546 -1 -1 0

[15:28:47]	[Recv]	su 3 5017730 2 5017546 0 5 11 0 0 0 1 98 503 0 0 90298 92062

[15:28:47]	[Recv]	ct 3 5017721 2 4988486 -1 -1 0

[15:28:47]	[Recv]	su 3 5017721 2 4988486 0 5 11 0 0 0 1 95 727 0 0 16194 16921

[15:28:47]	[Recv]	su 2 4988487 3 5017721 0 6 11 4035 0 0 1 29 4480 0 0 3688 12526

[15:28:47]	[Recv]	ct 2 4988567 3 5017730 -1 -1 0

[15:28:47]	[Recv]	st 2 5017545 94 0 100 100 92062 184124 92062 184124 0

[15:28:47]	[Recv]	cond 2 4988603 0 0 15

[15:28:47]	[Recv]	cond 2 4988592 0 0 15

[15:28:47]	[Recv]	cond 1 2073308 0 0 18

[15:28:47]	[Recv]	cond 1 2073308 0 0 18

[15:28:47]	[Send]	ptctl 5443 2 4988603 31 51 4988592 31 53 4988603 15
[15:28:47]	[Recv]	su 2 4988567 3 5017730 0 6 11 3601 0 0 1 21 4902 0 0 2711 12526

[15:28:47]	[Recv]	ct 2 4988602 3 5017730 -1 -1 0

[15:28:47]	[Recv]	su 2 4988602 3 5017730 0 11 11 4085 0 0 0 0 7634 0 0 0 12526

[15:28:47]	[Recv]	lev 99 0 99 0 2140719000 5991794 66990112 2 0 90 917705181 0

[15:28:47]	[Recv]	cond 2 4988603 0 0 15

[15:28:47]	[Recv]	cond 2 4988592 0 0 15

[15:28:47]	[Recv]	cond 1 2073308 0 0 18

[15:28:47]	[Recv]	cond 1 2073308 0 0 18

[15:28:47]	[Recv]	ct 2 4988486 3 5017721 -1 -1 0

[15:28:47]	[Recv]	eff 2 5017544 7739

[15:28:47]	[Recv]	cond 2 4988603 0 0 15

[15:28:47]	[Recv]	cond 2 4988592 0 0 15

[15:28:47]	[Send]	ncif 3 5017719
[15:28:48]	[Send]	ptctl 5443 1 4988603 30 53 4988603 15
[15:28:48]	[Send]	suctl 5443 1 4988603 3 5017719
[15:28:48]	[Recv]	su 2 4988486 3 5017721 0 6 11 7130 0 0 0 0 4256 0 0 0 12526

[15:28:48]	[Recv]	lev 99 0 99 0 2140719000 5991794 66990112 2 0 90 917705181 0

[15:28:48]	[Recv]	eff 2 5017546 7739

[15:28:48]	[Recv]	st 3 5017719 99 0 100 100 12526 2828 12526 2828 0

[15:28:48]	[Send]	u_s 0 3 5017719
[15:28:48]	[Recv]	cond 2 4988603 0 0 15

[15:28:48]	[Recv]	eff 2 4988603 5005

[15:28:48]	[Recv]	cond 1 2073308 0 0 18

[15:28:48]	[Recv]	cond 1 2073308 0 0 18

[15:28:48]	[Recv]	eff 2 5017545 7739

[15:28:48]	[Send]	ptctl 5443 1 4988592 34 50 4988592 15
[15:28:48]	[Send]	ptctl 5443 2 4988603 35 53 4988592 37 53 4988603 15
[15:28:48]	[Recv]	ct 1 2073308 3 5017719 -1 -1 1114

[15:28:48]	[Recv]	eff 1 2073308 15

[15:28:48]	[Recv]	su 1 2073308 3 5017719 1114 7 11 4260 0 0 0 0 229633 3 0 0 12526

[15:28:48]	[Recv]	lev 99 0 99 0 2140719000 5991794 66990112 2 0 90 917705181 0

[15:28:48]	[Recv]	bf 1 2073308 0.4126.100 99

[15:28:48]	[Recv]	sayi 1 2073308 20 26 3 4126 0 0 0

[15:28:48]	[Recv]	ct 2 4988603 3 5017719 -1 -1 0

[15:28:48]	[Recv]	su 2 4988603 2 4988603 0 12 11 8360 0 0 1 100 0 2 0 19451 19451

[15:28:48]	[Recv]	cond 2 4988592 0 0 15

[15:28:48]	[Recv]	cond 2 4988603 0 0 15

[15:28:48]	[Recv]	cond 2 4988592 0 0 15

[15:28:48]	[Recv]	st 2 5017544 94 0 99 100 91974 184124 92062 184124 0

[15:28:49]	[Send]	ncif 3 5017722
[15:28:49]	[Recv]	st 2 5017546 94 0 98 100 90298 184124 92062 184124 0

[15:28:49]	[Recv]	st 3 5017722 99 0 100 100 12526 2828 12526 2828 0

[15:28:49]	[Recv]	sr 0

[15:28:49]	[Send]	u_s 0 3 5017722
[15:28:49]	[Send]	ptctl 5443 1 4988603 31 53 4988603 15
[15:28:49]	[Send]	suctl 5443 1 4988603 3 5017722
[15:28:49]	[Send]	ptctl 5443 1 4988592 34 51 4988592 15
[15:28:49]	[Recv]	st 2 5017545 94 0 100 100 92062 184124 92062 184124 0

[15:28:49]	[Recv]	ct 1 2073308 3 5017722 -1 -1 1114

[15:28:49]	[Recv]	eff 1 2073308 15

[15:28:49]	[Recv]	su 1 2073308 3 5017722 1114 7 11 4260 0 0 0 0 73410 0 0 0 12526

[15:28:49]	[Recv]	lev 99 0 99 0 2140719000 5991794 66990112 2 0 90 917705181 0

[15:28:49]	[Recv]	cond 2 4988603 0 0 15

[15:28:49]	[Send]	ptctl 5443 1 4988592 33 52 4988592 15
[15:28:49]	[Send]	ncif 3 5017722
[15:28:49]	[Recv]	cond 2 4988592 0 0 15

[15:28:49]	[Recv]	cond 2 4988592 0 0 15

[15:28:49]	[Send]	ptctl 5443 2 4988603 36 53 4988592 40 54 4988603 15
[15:28:50]	[Recv]	cond 1 2073308 0 0 18

[15:28:50]	[Recv]	cond 1 2073308 0 0 18

[15:28:50]	[Send]	ptctl 5443 2 4988603 37 53 4988592 41 55 4988603 15
[15:28:50]	[Recv]	cond 2 4988603 0 0 15

[15:28:50]	[Recv]	cond 2 4988592 0 0 15

[15:28:50]	[Recv]	sr 0

[15:28:50]	[Recv]	cond 1 2073308 0 0 18

[15:28:50]	[Recv]	cond 1 2073308 0 0 18

[15:28:50]	[Recv]	cond 2 4988603 0 0 15

[15:28:50]	[Recv]	cond 2 4988592 0 0 15

[15:28:50]	[Send]	ncif 3 5017731
[15:28:50]	[Recv]	st 3 5017731 99 0 100 100 12526 2828 12526 2828 0

[15:28:50]	[Send]	ptctl 5443 1 4988592 40 51 4988592 15
[15:28:50]	[Send]	u_s 0 3 5017731
[15:28:50]	[Recv]	cond 2 4988592 0 0 15

[15:28:50]	[Send]	suctl 5443 1 4988603 3 5017731
[15:28:50]	[Recv]	ct 2 4988486 3 5017731 -1 -1 0

[15:28:50]	[Recv]	st 2 5017544 94 0 100 100 92062 184124 92062 184124 0

[15:28:50]	[Recv]	cond 1 2073308 0 0 18

[15:28:50]	[Recv]	cond 1 2073308 0 0 18

[15:28:50]	[Send]	ptctl 5443 1 4988592 39 52 4988592 15
[15:28:51]	[Recv]	su 2 4988486 3 5017731 0 6 11 7130 0 0 1 65 4344 0 0 8182 12526

[15:28:51]	[Recv]	st 2 5017546 94 0 99 100 91218 184124 92062 184124 0

[15:28:51]	[Recv]	ct 1 2073308 3 5017731 -1 -1 1114

[15:28:51]	[Recv]	su 1 2073308 3 5017731 1114 7 11 4260 0 0 0 0 68497 3 0 0 12526

[15:28:51]	[Recv]	lev 99 0 99 0 2140719000 5991794 66990112 2 0 90 917705181 0

[15:28:51]	[Recv]	cond 2 4988592 0 0 15

[15:28:51]	[Send]	ptctl 5443 2 4988603 38 58 4988592 39 57 4988603 15
[15:28:51]	[Recv]	cond 1 2073308 0 0 18

[15:28:51]	[Recv]	cond 1 2073308 0 0 18

[15:28:51]	[Send]	ptctl 5443 2 4988603 37 57 4988592 39 58 4988603 15
[15:28:51]	[Recv]	st 2 5017545 94 0 100 100 92062 184124 92062 184124 0

[15:28:51]	[Recv]	cond 2 4988603 0 0 15

[15:28:51]	[Recv]	cond 2 4988592 0 0 15

[15:28:51]	[Send]	ptctl 5443 1 4988592 39 57 4988592 15
[15:28:51]	[Recv]	cond 1 2073308 0 0 18

[15:28:51]	[Recv]	cond 1 2073308 0 0 18

[15:28:51]	[Recv]	sp 416116 1000000 0 10000

[15:28:51]	[Recv]	cond 2 4988603 0 0 15

[15:28:51]	[Recv]	cond 2 4988592 0 0 15

[15:28:51]	[Recv]	sr 0

[15:28:51]	[Recv]	cond 1 2073308 0 0 18

[15:28:51]	[Recv]	cond 1 2073308 0 0 18

[15:28:51]	[Recv]	cond 2 4988592 0 0 15

[15:28:51]	[Send]	u_s 5 1 2073308
[15:28:52]	[Recv]	cond 1 2073308 0 0 18

[15:28:52]	[Recv]	cond 1 2073308 0 0 18

[15:28:52]	[Recv]	ms_c 0

[15:28:52]	[Recv]	qslot 0 1.1.1 1.1.2 1.1.3 1.1.4 1.1.5 1.1.6 1.1.7 1.1.9 1.1.8 1.1.10 0.1.45 0.2.21 0.1.76 1.1.38 1.3.12 0.1.34 0.1.87 0.-1.-1 0.1.84 0.1.43 1.3.11 1.1.42 1.1.41 1.3.976 0.-1.-1 0.1.70 0.2.143 0.2.25 0.2.27 0.2.26

[15:28:52]	[Recv]	qslot 1 0.-1.-1 0.-1.-1 0.-1.-1 0.-1.-1 0.-1.-1 0.-1.-1 0.-1.-1 0.-1.-1 0.-1.-1 0.-1.-1 0.1.-1 0.1.-1 1.1.41 1.1.42 0.-1.-1 7.7.-1 7.7.-1 7.7.-1 7.7.-1 0.-1.-1 0.-1.-1 0.-1.-1 0.-1.-1 0.-1.-1 0.-1.-1 0.-1.-1 0.-1.-1 0.-1.-1 0.-1.-1 0.-1.-1

[15:28:52]	[Recv]	ct 1 2073308 1 2073308 -1 -1 1119

[15:28:52]	[Recv]	bf 1 2073308 0.561.3000 99

[15:28:52]	[Recv]	bf 1 2073308 0.578.1200 99

[15:28:52]	[Recv]	bf 1 2073308 0.941.0 99

[15:28:52]	[Recv]	bf 1 2073308 0.830.60 99

[15:28:52]	[Recv]	eff 1 2073308 0

[15:28:52]	[Recv]	sayi 1 2073308 20 26 3 830 0 0 0

[15:28:52]	[Recv]	su 1 2073308 1 2073308 1119 600 25 4265 0 0 1 100 0 -1 0 95497 95497

[15:28:52]	[Recv]	st 2 5017544 94 0 100 100 92062 184124 92062 184124 0

[15:28:52]	[Recv]	eff 2 5017544 7739

[15:28:53]	[Recv]	st 2 5017546 94 0 100 100 92062 184124 92062 184124 0

[15:28:53]	[Recv]	eff 2 5017546 7739

[15:28:53]	[Recv]	st 2 5017545 94 0 100 100 92062 184124 92062 184124 0

[15:28:53]	[Recv]	eff 2 5017545 7739

[15:28:53]	[Send]	ptctl 5443 2 4988603 33 55 4988592 34 57 4988603 15
[15:28:53]	[Recv]	sr 1

[15:28:53]	[Recv]	cond 1 2073308 0 0 18

[15:28:53]	[Recv]	cond 1 2073308 0 0 18

[15:28:53]	[Send]	ptctl 5443 2 4988603 31 54 4988592 33 54 4988603 15
[15:28:53]	[Recv]	cond 2 4988603 0 0 15

[15:28:53]	[Recv]	cond 2 4988592 0 0 15

[15:28:54]	[Recv]	cond 1 2073308 0 0 18

[15:28:54]	[Recv]	cond 1 2073308 0 0 18

[15:28:54]	[Send]	ptctl 5443 2 4988603 31 53 4988592 33 55 4988603 15
[15:28:54]	[Recv]	cond 2 4988603 0 0 15

[15:28:54]	[Recv]	cond 2 4988592 0 0 15

[15:28:54]	[Send]	ptctl 5443 2 4988603 29 54 4988592 32 55 4988603 15
[15:28:54]	[Recv]	cond 1 2073308 0 0 18

[15:28:54]	[Recv]	cond 1 2073308 0 0 18

[15:28:54]	[Recv]	cond 2 4988603 0 0 15

[15:28:54]	[Recv]	cond 2 4988592 0 0 15

[15:28:54]	[Recv]	cond 1 2073308 0 0 18

[15:28:54]	[Recv]	cond 1 2073308 0 0 18

[15:28:54]	[Recv]	cond 2 4988603 0 0 15

[15:28:54]	[Recv]	cond 2 4988592 0 0 15

[15:28:54]	[Recv]	st 2 5017544 94 0 100 100 92062 184124 92062 184124 0

[15:28:55]	[Recv]	st 2 5017546 94 0 100 100 92062 184124 92062 184124 0

[15:28:55]	[Send]	ptctl 5443 1 4988592 28 51 4988592 15
[15:28:55]	[Recv]	cond 2 4988592 0 0 15

[15:28:55]	[Send]	ptctl 5443 1 4988603 26 51 4988603 15
[15:28:55]	[Recv]	cond 1 2073308 0 0 18

[15:28:55]	[Recv]	cond 1 2073308 0 0 18

[15:28:55]	[Recv]	st 2 5017545 94 0 100 100 92062 184124 92062 184124 0

[15:28:55]	[Recv]	cond 2 4988603 0 0 15

[15:28:56]	[Recv]	sp 416106 1000000 0 10000

[15:28:56]	[Send]	u_ts 778 58 44
[15:28:56]	[Send]	ptctl 5443 2 4988603 27 52 4988592 27 50 4988603 15
[15:28:56]	[Recv]	in 2 669 4988543 60 43 2 100 100 0 0 3 2073308 0 0 -1 @ 2 -1 0 0 0 0 0 0 0 0 0 0 19 4

[15:28:56]	[Recv]	ctl 2 4988543 0 1

[15:28:56]	[Recv]	in 2 643 4988539 56 44 2 100 100 0 0 3 2073308 0 0 -1 @ 2 -1 0 0 0 0 0 0 0 0 0 0 20 4

[15:28:56]	[Recv]	ctl 2 4988539 0 1

[15:28:56]	[Recv]	in 2 639 4988535 56 42 2 100 100 0 0 3 2073308 0 0 -1 @ 2 -1 0 0 0 0 0 0 0 0 0 0 18 4

[15:28:56]	[Recv]	ctl 2 4988535 0 1

[15:28:56]	[Recv]	in 2 638 4988534 56 45 2 100 100 0 0 3 2073308 0 0 -1 @ 2 -1 0 0 0 0 0 0 0 0 0 0 17 4

[15:28:56]	[Recv]	ctl 2 4988534 0 1

[15:28:56]	[Recv]	bf 1 2073308 0.1029.200 99

[15:28:56]	[Recv]	sayi 1 2073308 20 26 3 1029 0 0 0

[15:28:56]	[Recv]	team_cool 4 900

[15:28:56]	[Recv]	st 2 5017544 94 0 100 100 92062 184124 92062 184124 0

[15:28:56]	[Recv]	cond 2 4988603 0 0 15

[15:28:56]	[Recv]	cond 2 4988592 0 0 15

[15:28:57]	[Recv]	st 2 5017546 94 0 100 100 92062 184124 92062 184124 0

[15:28:57]	[Send]	ptctl 5443 2 4988603 27 47 4988592 27 45 4988603 15
[15:28:57]	[Recv]	cond 1 2073308 0 0 18

[15:28:57]	[Recv]	cond 1 2073308 0 0 18

[15:28:57]	[Recv]	cond 2 4988603 0 0 15

[15:28:57]	[Recv]	cond 2 4988592 0 0 15

[15:28:57]	[Recv]	st 2 5017545 94 0 100 100 92062 184124 92062 184124 0

[15:28:57]	[Send]	ptctl 5443 2 4988603 27 44 4988592 26 42 4988603 15
[15:28:57]	[Recv]	cond 1 2073308 0 0 18

[15:28:57]	[Recv]	cond 1 2073308 0 0 18

[15:28:57]	[Recv]	cond 2 4988603 0 0 15

[15:28:57]	[Recv]	cond 2 4988592 0 0 15

[15:28:57]	[Recv]	eff 2 5017544 7739

[15:28:58]	[Recv]	eff 2 5017546 7739

[15:28:58]	[Send]	ptctl 5443 2 4988603 23 41 4988592 23 41 4988603 15
[15:28:58]	[Recv]	sayi 1 2073308 20 22 3 830 0 0 0

[15:28:58]	[Recv]	bf 1 2073308 0.830.0 99

[15:28:58]	[Recv]	bf 1 2073308 0.941.3000 99

[15:28:58]	[Recv]	sayi 1 2073308 20 26 3 941 0 0 0

[15:28:58]	[Recv]	cond 1 2073308 0 0 18

[15:28:58]	[Recv]	cond 1 2073308 0 0 18

[15:28:58]	[Recv]	cond 2 4988603 0 0 15

[15:28:58]	[Recv]	cond 2 4988592 0 0 15

[15:28:58]	[Recv]	eff 2 5017545 7739

[15:28:58]	[Recv]	sayi 1 2073308 20 22 3 4126 0 0 0

[15:28:58]	[Recv]	bf 1 2073308 0.4126.0 99

[15:28:58]	[Recv]	st 2 5017544 94 0 100 100 92062 184124 92062 184124 0

[15:28:58]	[Send]	ptctl 5443 2 4988603 20 43 4988592 18 42 4988603 15
[15:28:59]	[Recv]	st 2 5017546 94 0 100 100 92062 184124 92062 184124 0

[15:28:59]	[Recv]	cond 1 2073308 0 0 18

[15:28:59]	[Recv]	cond 1 2073308 0 0 18

[15:28:59]	[Recv]	cond 2 4988603 0 0 15

[15:28:59]	[Recv]	cond 2 4988592 0 0 15

[15:28:59]	[Recv]	st 2 5017545 94 0 100 100 92062 184124 92062 184124 0

[15:29:00]	[Send]	ptctl 5443 2 4988603 15 45 4988592 17 47 4988603 15
[15:29:00]	[Recv]	in 3 688 5017781 6 43 2 100 100 0 0 0 -1 0 0 -1 - 0 -1 0 0 0 0 0 0 0 0 0 0 0 0

[15:29:00]	[Recv]	msgi 0 679 0 0 0 0 0

[15:29:00]	[Recv]	in 3 688 5017782 7 43 1 100 100 0 0 0 -1 0 0 -1 - 0 -1 0 0 0 0 0 0 0 0 0 0 0 0

[15:29:00]	[Recv]	msgi 0 679 0 0 0 0 0

[15:29:00]	[Recv]	in 3 688 5017783 8 43 0 100 100 0 0 0 -1 0 0 -1 - 0 -1 0 0 0 0 0 0 0 0 0 0 0 0

[15:29:00]	[Recv]	msgi 0 679 0 0 0 0 0

[15:29:00]	[Recv]	in 3 708 5017784 39 5 7 100 100 0 0 0 -1 0 0 -1 - 0 -1 0 0 0 0 0 0 0 0 0 0 0 0

[15:29:00]	[Recv]	msgi 0 679 0 0 0 0 0

[15:29:00]	[Recv]	in 3 700 5017785 39 6 6 100 100 0 0 0 -1 0 0 -1 - 0 -1 0 0 0 0 0 0 0 0 0 0 0 0

[15:29:00]	[Recv]	msgi 0 679 0 0 0 0 0

[15:29:00]	[Recv]	in 3 700 5017786 40 6 0 100 100 0 0 0 -1 0 0 -1 - 0 -1 0 0 0 0 0 0 0 0 0 0 0 0

[15:29:00]	[Recv]	msgi 0 679 0 0 0 0 0

[15:29:00]	[Recv]	in 3 726 5017787 41 5 4 100 100 0 0 0 -1 0 0 -1 - 0 -1 0 0 0 0 0 0 0 0 0 0 0 0

[15:29:00]	[Recv]	msgi 0 679 0 0 0 0 0

[15:29:00]	[Recv]	in 3 700 5017788 41 6 4 100 100 0 0 0 -1 0 0 -1 - 0 -1 0 0 0 0 0 0 0 0 0 0 0 0

[15:29:00]	[Recv]	msgi 0 679 0 0 0 0 0

[15:29:00]	[Recv]	in 3 760 5017789 42 5 0 100 100 0 0 0 -1 0 0 -1 - 0 -1 0 0 0 0 0 0 0 0 0 0 0 0

[15:29:00]	[Recv]	msgi 0 679 0 0 0 0 0

[15:29:00]	[Recv]	in 3 700 5017790 42 6 3 100 100 0 0 0 -1 0 0 -1 - 0 -1 0 0 0 0 0 0 0 0 0 0 0 0

[15:29:00]	[Recv]	msgi 0 679 0 0 0 0 0

[15:29:00]	[Recv]	in 3 688 5017791 71 45 1 100 100 0 0 0 -1 0 0 -1 - 0 -1 0 0 0 0 0 0 0 0 0 0 0 0

[15:29:00]	[Recv]	msgi 0 679 0 0 0 0 0

[15:29:00]	[Recv]	in 3 688 5017792 72 45 7 100 100 0 0 0 -1 0 0 -1 - 0 -1 0 0 0 0 0 0 0 0 0 0 0 0

[15:29:00]	[Recv]	msgi 0 679 0 0 0 0 0

[15:29:00]	[Recv]	in 3 688 5017793 74 45 2 100 100 0 0 0 -1 0 0 -1 - 0 -1 0 0 0 0 0 0 0 0 0 0 0 0

[15:29:00]	[Recv]	msgi 0 679 0 0 0 0 0

[15:29:00]	[Recv]	eff 3 5017793 5000

[15:29:00]	[Recv]	eff 3 5017789 5000

[15:29:00]	[Recv]	eff 3 5017786 5000

[15:29:00]	[Recv]	eff 3 5017782 5000

[15:29:00]	[Recv]	cond 1 2073308 0 0 18

[15:29:00]	[Recv]	cond 1 2073308 0 0 18

[15:29:00]	[Recv]	cond 2 4988603 0 0 15

[15:29:00]	[Recv]	cond 2 4988592 0 0 15

[15:29:00]	[Send]	ptctl 5443 1 4988592 13 44 4988592 15
[15:29:00]	[Recv]	st 2 5017544 94 0 100 100 92062 184124 92062 184124 0

[15:29:00]	[Recv]	cond 1 2073308 0 0 18

[15:29:00]	[Recv]	cond 1 2073308 0 0 18

[15:29:01]	[Recv]	st 2 5017546 94 0 100 100 92062 184124 92062 184124 0

[15:29:01]	[Recv]	cond 2 4988592 0 0 15

[15:29:01]	[Send]	ptctl 5443 2 4988603 11 44 4988592 10 43 4988603 15
[15:29:01]	[Recv]	st 2 5017545 94 0 100 100 92062 184124 92062 184124 0

[15:29:01]	[Recv]	cond 1 2073308 0 0 18

[15:29:01]	[Recv]	cond 1 2073308 0 0 18

[15:29:01]	[Recv]	cond 2 4988603 0 0 15

[15:29:01]	[Recv]	cond 2 4988592 0 0 15

[15:29:01]	[Send]	ncif 3 5017783
[15:29:01]	[Recv]	sp 416096 1000000 0 10000

[15:29:01]	[Send]	ptctl 5443 1 4988603 13 44 4988603 15
[15:29:01]	[Send]	suctl 5443 1 4988603 3 5017783
[15:29:01]	[Recv]	st 3 5017783 99 0 100 100 12526 2828 12526 2828 0

[15:29:01]	[Send]	ptctl 5443 1 4988592 10 44 4988592 15
[15:29:01]	[Send]	u_s 1 3 5017783
[15:29:01]	[Recv]	cond 2 4988603 0 0 15

[15:29:01]	[Recv]	eff 2 4988603 5005

[15:29:02]	[Recv]	cond 2 4988592 0 0 15

[15:29:02]	[Recv]	cond 1 2073308 0 0 18

[15:29:02]	[Recv]	cond 1 2073308 0 0 18

[15:29:02]	[Recv]	ct 2 4988603 3 5017783 -1 -1 0

[15:29:02]	[Recv]	su 2 4988603 3 5017783 0 12 11 8360 0 0 1 33 8396 0 0 4130 12526

[15:29:02]	[Recv]	ms_c 0

[15:29:02]	[Recv]	qslot 0 1.1.1 1.1.2 1.1.3 1.1.4 1.1.5 1.1.6 1.1.7 1.1.9 1.1.8 1.1.10 0.1.45 0.2.21 0.1.76 1.1.38 1.3.12 0.1.34 0.1.87 0.-1.-1 0.1.84 0.1.43 1.3.11 1.1.42 1.1.41 1.3.976 0.-1.-1 0.1.70 0.2.143 0.2.25 0.2.27 0.2.26

[15:29:02]	[Recv]	qslot 1 0.-1.-1 0.-1.-1 0.-1.-1 0.-1.-1 0.-1.-1 0.-1.-1 0.-1.-1 0.-1.-1 0.-1.-1 0.-1.-1 0.1.-1 0.1.-1 1.1.41 1.1.42 0.-1.-1 7.7.-1 7.7.-1 7.7.-1 7.7.-1 0.-1.-1 0.-1.-1 0.-1.-1 0.-1.-1 0.-1.-1 0.-1.-1 0.-1.-1 0.-1.-1 0.-1.-1 0.-1.-1 0.-1.-1

[15:29:02]	[Send]	ptctl 5443 1 4988592 10 45 4988592 15
[15:29:02]	[Recv]	ct 1 2073308 3 5017783 14 4263 1115

[15:29:02]	[Recv]	finfo 3654050.0.Ambro420 4038466.1.*Boss95* 4032759.1.•Van_Heert•™ 6938689.0.LimitiMioPadre 4371592.0.STa®†a©R 6866129.0.Amnesya92 3393597.1.°Lordone24° 5527355.0.SugmaDeek 3988345.1.IMissYou 613441.1.ADuckOnQuack 6544388.0.SerowyNachoo 4351664.0.»Ja©k™ 1246372.0.!Ice! 3650626.1.DarkAngeeL 4286434.0.Salvanto2 5664515.0.Vixerin 3559057.0.~Frizz 7593876.0.Gang404 4368426.1.~Blackurio 957916.0.lusikill 2935710.0.#Rey1# 3467154.0.[St]Grippato 2939098.0.GorGoJo 3343263.0.Ansatsu 1638277.0.Memed 4357105.0.•Rosengarten 6623637.0.K?ndeer 1213513.0.Anny_ 7147719.0.Mortanciia 6680510.1.‡Ejzi‡ 2460434.0.Jon07 5635569.0.vladzio 2620775.0.·Tenzo 7163132.0.Frigus_One 1189318.0.VelveD 6973700.1.Douv 2360335.0.All730 4338026.0.redelfuoco9 5650090.0.Yoru_Sutoka 4304835.1.~DarkMrrn 7149833.1.Vistrooo 4074353.0.ImExelliuM

[15:29:02]	[Recv]	ct 3 5017782 2 4988592 -1 -1 0

[15:29:02]	[Recv]	su 3 5017782 2 4988592 0 5 11 0 0 0 1 99 181 0 0 57590 57771

[15:29:02]	[Recv]	cond 2 4988592 0 0 15

[15:29:02]	[Send]	suctl 5443 1 4988592 3 5017783
[15:29:02]	[Recv]	eff 2 4988592 5005

[15:29:02]	[Send]	ncif 3 5017783
[15:29:02]	[Recv]	eff 1 2073308 15

[15:29:02]	[Recv]	su 1 2073308 3 5017783 1115 70 12 4264 0 0 0 0 228532 3 0 0 12526

[15:29:02]	[Recv]	lev 99 0 99 0 2140719000 5991794 66990112 2 0 90 917705181 0

[15:29:02]	[Recv]	eff 1 2073308 15

[15:29:02]	[Recv]	su 1 2073308 3 5017781 1115 70 12 4264 0 0 0 0 72340 5 0 0 12526

[15:29:02]	[Recv]	lev 99 0 99 0 2140719000 5991794 66990112 2 0 90 917705181 0

[15:29:02]	[Recv]	ct 2 4988543 3 5017791 -1 -1 0

[15:29:02]	[Recv]	su 2 4988543 3 5017791 0 11 11 4948 0 0 1 100 1 0 0 12525 12526

[15:29:02]	[Recv]	ct 2 4988592 3 5017783 -1 -1 0

[15:29:02]	[Recv]	su 2 4988592 2 4988592 0 10 11 0 0 0 1 99 0 2 0 57590 57771

[15:29:02]	[Recv]	st 2 5017544 94 0 100 100 92062 184124 92062 184124 0

[15:29:02]	[Recv]	eff 2 5017544 7739

[15:29:02]	[Recv]	cond 2 4988486 0 0 11

[15:29:02]	[Recv]	c_mode 2 4988486 1100 0 0

[15:29:02]	[Recv]	sc_n 0 317 4988486 94 1000 202328 991.2.4 -1 -1 -1 0 0 1 4 558 678 801 9 160 0 88 214 107 214 79 0 0 0 0 0 16194 16921 6757 6757 0 291503800 Bob 1100 0 8239.0 0.0 0.0 0.0 0 2 0

[15:29:02]	[Recv]	out 2 4988486

[15:29:02]	[Recv]	in 2 317 4988486 43 52 2 95 100 0 0 3 2073308 1 0 1100 Bob 1 0 0 0 0 0 0 0 0 0 0 0 2 0

[15:29:02]	[Recv]	pinit 2 2|4988603|0|94|@|-1|3206|1|2723|0|0 2|4988592|1|96|@|-1|1548|0|0|0|60


[15:29:02]	[Recv]	psd 10

[15:29:02]	[Recv]	out 2 4988486

[15:29:02]	[Recv]	cond 2 4988487 0 0 11

[15:29:02]	[Recv]	c_mode 2 4988487 1102 0 0

[15:29:02]	[Recv]	sc_n 2 319 4988487 99 1000 398653210 990.4.5 997.5.6 -1 -1 0 0 0 5 661 711 543 10 150 6 592 586 461 586 372 0 5 5 5 5 37591 38176 11281 11281 0 428143800 Kliff 1102 0 4809.100 1299.2 1300.4 1301.7 0 1 0

[15:29:02]	[Recv]	out 2 4988487

[15:29:02]	[Recv]	in 2 319 4988487 45 58 2 98 100 0 0 3 2073308 1 0 1102 Kliff 1 2 0 0 0 0 0 0 0 0 0 0 1 0

[15:29:02]	[Recv]	pinit 2 2|4988603|0|94|@|-1|3206|1|2723|0|0 2|4988592|1|96|@|-1|1548|0|0|0|60


[15:29:02]	[Recv]	psd 10

[15:29:02]	[Recv]	out 2 4988487

[15:29:02]	[Recv]	out 2 4988567

[15:29:02]	[Recv]	cond 2 4988602 0 0 11

[15:29:02]	[Recv]	c_mode 2 4988602 -1 0 0

[15:29:02]	[Recv]	sc_n 4 2640 4988602 94 1000 473672 991.2.4 996.0.10 317.0.5 321.0.5 0 0 1 4 566 686 820 9 160 10 201 555 264 555 248 1 0 0 96 0 16814 17310 10544 10544 0 291503800 @ -1 0 4812.100 1318.3 1319.3 1320.7 0 3 0

[15:29:02]	[Recv]	out 2 4988602

[15:29:02]	[Recv]	in 2 2640 4988602 48 63 2 97 100 0 0 3 2073308 1 0 -1 @ 1 4 0 0 0 0 0 0 0 0 0 0 3 0

[15:29:02]	[Recv]	pinit 2 2|4988603|0|94|@|-1|3206|1|2723|0|0 2|4988592|1|96|@|-1|1548|0|0|0|60


[15:29:02]	[Recv]	psd 10

[15:29:02]	[Recv]	out 2 4988602

[15:29:02]	[Recv]	sayi 1 2073308 20 22 3 1025 0 0 0

[15:29:02]	[Recv]	bf 1 2073308 0.1025.0 99

[15:29:02]	[Send]	suctl 5443 1 4988603 3 5017783
[15:29:03]	[Send]	ptctl 5443 2 4988603 18 44 4988592 15 45 4988603 15
[15:29:03]	[Recv]	st 2 5017546 94 0 100 100 92062 184124 92062 184124 0

[15:29:03]	[Recv]	eff 2 5017546 7739

[15:29:03]	[Send]	ptctl 5443 2 4988603 19 44 4988592 16 45 4988603 15
[15:29:03]	[Recv]	cond 1 2073308 0 0 18

[15:29:03]	[Recv]	cond 1 2073308 0 0 18

[15:29:03]	[Recv]	cond 2 4988603 0 0 15

[15:29:03]	[Recv]	cond 2 4988592 0 0 15

[15:29:03]	[Recv]	st 2 5017545 94 0 100 100 92062 184124 92062 184124 0

[15:29:03]	[Recv]	eff 2 5017545 7739

[15:29:03]	[Recv]	cond 1 2073308 0 0 18

[15:29:03]	[Recv]	cond 1 2073308 0 0 18

[15:29:03]	[Recv]	cond 2 4988603 0 0 15

[15:29:03]	[Recv]	cond 2 4988592 0 0 15

[15:29:03]	[Send]	ncif 3 5017782
[15:29:03]	[Recv]	st 3 5017782 99 0 100 100 12526 2828 12526 2828 0

[15:29:03]	[Recv]	ct 2 4988534 3 5017791 -1 -1 0

[15:29:03]	[Recv]	su 2 4988534 3 5017791 0 11 11 4948 0 0 1 100 1 0 0 12524 12526

[15:29:03]	[Send]	u_s 0 3 5017782
[15:29:03]	[Send]	ptctl 5443 1 4988592 11 45 4988592 15
[15:29:04]	[Send]	ptctl 5443 1 4988603 23 46 4988603 15
[15:29:04]	[Recv]	cond 1 2073308 0 0 18

[15:29:04]	[Recv]	cond 1 2073308 0 0 18

[15:29:04]	[Recv]	ct 1 2073308 3 5017782 -1 -1 1114

[15:29:04]	[Recv]	su 1 2073308 3 5017782 1114 7 11 4260 0 0 0 0 32353 0 0 0 12526

[15:29:04]	[Recv]	lev 99 0 99 0 2140719000 5991794 66990112 2 0 90 917705181 0

[15:29:04]	[Recv]	cond 2 4988592 0 0 15

[15:29:04]	[Send]	ptctl 5443 2 4988603 26 44 4988592 17 45 4988603 15
[15:29:04]	[Recv]	cond 2 4988603 0 0 15

[15:29:04]	[Send]	ptctl 5443 2 4988603 27 44 4988592 18 45 4988603 15
[15:29:04]	[Recv]	cond 2 4988603 0 0 15

[15:29:04]	[Recv]	cond 2 4988592 0 0 15

[15:29:04]	[Send]	ptctl 5443 1 4988592 19 45 4988592 15
[15:29:04]	[Recv]	cond 1 2073308 0 0 18

[15:29:04]	[Recv]	cond 1 2073308 0 0 18

[15:29:04]	[Recv]	cond 2 4988603 0 0 15

[15:29:04]	[Recv]	cond 2 4988592 0 0 15

[15:29:04]	[Send]	ptctl 5443 2 4988603 28 44 4988592 20 45 4988603 15
[15:29:04]	[Recv]	cond 1 2073308 0 0 18

[15:29:04]	[Recv]	cond 1 2073308 0 0 18

[15:29:04]	[Recv]	st 2 5017544 94 0 100 100 92062 184124 92062 184124 0

[15:29:04]	[Recv]	cond 2 4988592 0 0 15

[15:29:04]	[Recv]	sr 0

[15:29:04]	[Recv]	cond 2 4988603 0 0 15

[15:29:04]	[Recv]	cond 2 4988592 0 0 15

[15:29:05]	[Recv]	sc_p 80 638 4988534 1 2992 0 2 0 144 201 70 4 70 0 27 35 29 35 25 3 60 50 80 50 501 501 220 220 0 15 0 @ 0 17 4 1 0 0 0 90

[15:29:05]	[Recv]	sc_p 83 669 4988543 1 2988 0 2 0 144 201 70 4 70 0 27 35 29 35 25 3 60 50 80 50 501 501 220 220 0 15 0 @ 0 19 4 1 0 0 0 90

[15:29:05]	[Recv]	st 2 5017546 94 0 100 100 92062 184124 92062 184124 0

[15:29:05]	[Recv]	ct 2 4988543 3 5017791 -1 -1 0

[15:29:05]	[Recv]	su 2 4988543 3 5017791 0 11 11 4948 0 0 1 100 1 0 0 12523 12526

[15:29:05]	[Recv]	ct 3 5017791 2 4988543 -1 -1 0

[15:29:05]	[Recv]	su 3 5017791 2 4988543 0 5 11 0 0 0 0 0 1430 3 0 0 501

[15:29:05]	[Recv]	eff 3 5017789 4799

[15:29:05]	[Recv]	st 2 5017545 94 0 100 100 92062 184124 92062 184124 0

[15:29:05]	[Send]	ptctl 5443 2 4988603 33 43 4988592 24 45 4988603 15
[15:29:05]	[Recv]	cond 1 2073308 0 0 18

[15:29:05]	[Recv]	cond 1 2073308 0 0 18

[15:29:05]	[Recv]	cond 2 4988603 0 0 15

[15:29:05]	[Recv]	cond 2 4988592 0 0 15

[15:29:05]	[Recv]	ct 2 4988535 3 5017793 -1 -1 0

[15:29:05]	[Recv]	su 2 4988535 3 5017793 0 1 11 4948 0 0 1 100 1 0 0 12525 12526

[15:29:05]	[Send]	ptctl 5443 2 4988603 32 39 4988592 27 44 4988603 15
[15:29:06]	[Recv]	cond 1 2073308 0 0 18

[15:29:06]	[Recv]	cond 1 2073308 0 0 18

[15:29:06]	[Recv]	cond 2 4988603 0 0 15

[15:29:06]	[Recv]	cond 2 4988592 0 0 15

[15:29:06]	[Recv]	ct 2 4988534 3 5017791 -1 -1 0

[15:29:06]	[Recv]	su 2 4988534 3 5017791 0 11 11 4948 0 0 1 100 1 0 0 12522 12526

[15:29:06]	[Recv]	sc_p 170 1548 4988592 96 644 24080054 0 0 1889 2049 1289 19 90 9 975 627 958 627 866 3 90 90 110 80 57590 57771 18100 18100 1 84982200 0 @ 0 0 6 60 1831 1798 0 100

[15:29:06]	[Send]	ptctl 5443 2 4988603 36 42 4988592 29 45 4988603 15
[15:29:06]	[Recv]	cond 1 2073308 0 0 18

[15:29:06]	[Recv]	cond 1 2073308 0 0 18

[15:29:06]	[Recv]	cond 2 4988603 0 0 15

[15:29:06]	[Recv]	cond 2 4988592 0 0 15

[15:29:06]	[Send]	ptctl 5443 2 4988603 37 42 4988592 30 45 4988603 15
[15:29:06]	[Recv]	cond 1 2073308 0 0 18

[15:29:06]	[Recv]	cond 1 2073308 0 0 18

[15:29:06]	[Recv]	sp 416086 1000000 0 10000

[15:29:06]	[Recv]	ct 2 4988535 3 5017793 -1 -1 0

[15:29:06]	[Recv]	su 2 4988535 3 5017793 0 11 11 4948 0 0 1 100 1 0 0 12524 12526

[15:29:06]	[Recv]	cond 2 4988603 0 0 15

[15:29:06]	[Recv]	cond 2 4988592 0 0 15

[15:29:06]	[Recv]	st 2 5017544 94 0 100 100 92062 184124 92062 184124 0

[15:29:06]	[Send]	ptctl 5443 2 4988603 39 42 4988592 33 45 4988603 15
[15:29:06]	[Recv]	cond 1 2073308 0 0 18

[15:29:06]	[Recv]	cond 1 2073308 0 0 18

[15:29:07]	[Send]	ptctl 5443 2 4988603 40 43 4988592 34 45 4988603 15
[15:29:07]	[Recv]	out 2 4988543

[15:29:07]	[Recv]	st 2 5017546 94 0 100 100 92062 184124 92062 184124 0

[15:29:07]	[Recv]	cond 2 4988603 0 0 15

[15:29:07]	[Recv]	cond 2 4988592 0 0 15

[15:29:07]	[Recv]	cond 1 2073308 0 0 18

[15:29:07]	[Recv]	cond 1 2073308 0 0 18

[15:29:07]	[Recv]	cond 2 4988603 0 0 15

[15:29:07]	[Recv]	cond 2 4988592 0 0 15

[15:29:07]	[Send]	ncif 3 5017792
[15:29:07]	[Recv]	st 2 5017545 94 0 100 100 92062 184124 92062 184124 0

[15:29:07]	[Recv]	st 3 5017792 99 0 100 100 12526 2828 12526 2828 0

[15:29:07]	[Send]	ptctl 5443 2 4988603 43 46 4988592 37 45 4988603 15
[15:29:07]	[Recv]	cond 1 2073308 0 0 18

[15:29:07]	[Recv]	cond 1 2073308 0 0 18

[15:29:07]	[Recv]	cond 2 4988603 0 0 15

[15:29:07]	[Recv]	cond 2 4988592 0 0 15

[15:29:07]	[Send]	ptctl 5443 2 4988603 44 47 4988592 39 45 4988603 15
[15:29:07]	[Recv]	ct 2 4988539 3 5017793 -1 -1 0

[15:29:07]	[Recv]	su 2 4988539 3 5017793 0 11 11 4948 0 0 1 100 1 0 0 12523 12526

[15:29:07]	[Recv]	eff 2 5017544 7739

[15:29:07]	[Recv]	cond 1 2073308 0 0 18

[15:29:07]	[Recv]	cond 1 2073308 0 0 18

[15:29:08]	[Recv]	eff 2 5017546 7739

[15:29:08]	[Recv]	cond 2 4988603 0 0 15

[15:29:08]	[Recv]	cond 2 4988592 0 0 15

[15:29:08]	[Recv]	ct 3 5017793 2 4988535 -1 -1 0

[15:29:08]	[Recv]	su 3 5017793 2 4988535 0 5 11 0 0 0 0 0 1355 0 0 0 501

[15:29:08]	[Recv]	ct 3 5017791 2 4988534 -1 -1 0

[15:29:08]	[Recv]	su 3 5017791 2 4988534 0 5 11 0 0 0 1 11 445 3 0 56 501

[15:29:08]	[Send]	ncif 3 5017792
[15:29:08]	[Recv]	eff 2 5017545 7739

[15:29:08]	[Recv]	st 3 5017792 99 0 100 100 12526 2828 12526 2828 0

[15:29:08]	[Recv]	ct 2 4988534 3 5017791 -1 -1 0

[15:29:08]	[Recv]	su 2 4988534 3 5017791 0 11 11 4948 0 0 1 100 1 0 0 12521 12526

[15:29:08]	[Send]	ptctl 5443 1 4988592 43 49 4988592 15
[15:29:08]	[Recv]	st 2 5017544 94 0 100 100 92062 184124 92062 184124 0

[15:29:08]	[Send]	ptctl 5443 1 4988603 48 51 4988603 15
[15:29:08]	[Recv]	cond 2 4988592 0 0 15

[15:29:09]	[Send]	ptctl 5443 1 4988592 46 48 4988592 15
[15:29:09]	[Recv]	st 2 5017546 94 0 100 100 92062 184124 92062 184124 0

[15:29:09]	[Recv]	cond 1 2073308 0 0 18

[15:29:09]	[Recv]	cond 1 2073308 0 0 18

[15:29:09]	[Recv]	cond 2 4988603 0 0 15

[15:29:09]	[Recv]	cond 2 4988543 0 0 9

[15:29:09]	[Recv]	petski 334 1831 1798

[15:29:09]	[Recv]	pet_cool2  0 0 0

[15:29:09]	[Recv]	pinit 2 2|4988603|0|94|@|-1|3206|1|2723|0|0 2|4988592|1|96|@|-1|1548|0|0|0|60

[15:29:09]	[Recv]	cond 2 4988592 0 0 15

[15:29:09]	[Send]	ncif 3 5017792
[15:29:09]	[Recv]	ct 3 5017791 2 4988534 -1 -1 0

[15:29:09]	[Recv]	su 3 5017791 2 4988534 0 5 11 0 0 0 0 0 1330 0 0 0 501

[15:29:09]	[Recv]	st 2 5017545 94 0 100 100 92062 184124 92062 184124 0

[15:29:09]	[Recv]	st 3 5017792 99 0 100 100 12526 2828 12526 2828 0

[15:29:09]	[Send]	ptctl 5443 1 4988592 47 51 4988592 15
[15:29:09]	[Recv]	cond 2 4988592 0 0 15

[15:29:09]	[Send]	mtlist 0 
[15:29:09]	[Send]	u_s 10 3 5017792
[15:29:09]	[Recv]	sr 1

[15:29:09]	[Send]	ptctl 5443 1 4988592 47 53 4988592 15
[15:29:09]	[Send]	ptctl 5443 1 4988603 52 55 4988603 15
[15:29:09]	[Recv]	out 2 4988535

[15:29:09]	[Recv]	ms_c 0

[15:29:09]	[Recv]	qslot 0 1.1.1 1.1.2 1.1.3 1.1.4 1.1.5 1.1.6 1.1.7 1.1.9 1.1.8 1.1.10 0.1.45 0.2.21 0.1.76 1.1.38 1.3.12 0.1.34 0.1.87 0.-1.-1 0.1.84 0.1.43 1.3.11 1.1.42 1.1.41 1.3.976 0.-1.-1 0.1.70 0.2.143 0.2.25 0.2.27 0.2.26

[15:29:09]	[Recv]	qslot 1 0.-1.-1 0.-1.-1 0.-1.-1 0.-1.-1 0.-1.-1 0.-1.-1 0.-1.-1 0.-1.-1 0.-1.-1 0.-1.-1 0.1.-1 0.1.-1 1.1.41 1.1.42 0.-1.-1 7.7.-1 7.7.-1 7.7.-1 7.7.-1 0.-1.-1 0.-1.-1 0.-1.-1 0.-1.-1 0.-1.-1 0.-1.-1 0.-1.-1 0.-1.-1 0.-1.-1 0.-1.-1 0.-1.-1

[15:29:09]	[Recv]	ct 1 2073308 3 5017792 21 4267 1124

[15:29:09]	[Recv]	cond 2 4988592 0 0 15

[15:29:10]	[Recv]	cond 2 4988603 0 0 15

[15:29:10]	[Recv]	ct 2 4988539 3 5017793 -1 -1 0

[15:29:10]	[Recv]	su 2 4988539 3 5017793 0 11 11 4948 0 0 1 100 1 0 0 12522 12526

[15:29:10]	[Send]	ncif 3 5017792
[15:29:10]	[Recv]	eff 3 5017789 4799

[15:29:10]	[Recv]	st 3 5017792 99 0 100 100 12526 2828 12526 2828 0

[15:29:10]	[Send]	ptctl 5443 2 4988603 52 50 4988592 51 52 4988603 15
[15:29:10]	[Recv]	cond 2 4988603 0 0 15

[15:29:10]	[Recv]	cond 2 4988592 0 0 15

[15:29:10]	[Send]	ptctl 5443 2 4988603 52 49 4988592 52 50 4988603 15
[15:29:10]	[Recv]	st 2 5017544 94 0 100 100 92062 184124 92062 184124 0

[15:29:10]	[Recv]	eff 1 2073308 15

[15:29:10]	[Recv]	su 1 2073308 3 5017792 1124 500 42 4261 0 0 0 0 295255 3 0 0 12526

[15:29:10]	[Recv]	lev 99 0 99 0 2140719000 5991794 66990112 2 0 90 917705181 0

[15:29:10]	[Recv]	cond 2 4988603 0 0 15

[15:29:10]	[Recv]	cond 2 4988592 0 0 15

[15:29:10]	[Send]	ptctl 5443 2 4988603 55 49 4988592 53 51 4988603 15
[15:29:11]	[Recv]	ct 3 5017793 2 4988539 -1 -1 0

[15:29:11]	[Recv]	su 3 5017793 2 4988539 0 5 11 0 0 0 1 12 438 0 0 63 501

[15:29:11]	[Recv]	out 2 4988534

[15:29:11]	[Recv]	st 2 5017546 94 0 100 100 92062 184124 92062 184124 0

[15:29:11]	[Recv]	cond 1 2073308 0 0 18

[15:29:11]	[Recv]	cond 1 2073308 0 0 18

[15:29:11]	[Send]	ptctl 5443 2 4988603 56 49 4988592 54 51 4988603 15
[15:29:11]	[Recv]	cond 2 4988603 0 0 15

[15:29:11]	[Recv]	cond 2 4988592 0 0 15

[15:29:11]	[Recv]	cond 1 2073308 0 0 18

[15:29:11]	[Recv]	cond 1 2073308 0 0 18

[15:29:11]	[Send]	ptctl 5443 2 4988603 56 48 4988592 55 51 4988603 15
[15:29:11]	[Recv]	cond 2 4988603 0 0 15

[15:29:11]	[Recv]	cond 2 4988592 0 0 15

[15:29:11]	[Recv]	st 2 5017545 94 0 100 100 92062 184124 92062 184124 0

[15:29:11]	[Recv]	cond 1 2073308 0 0 18

[15:29:11]	[Recv]	cond 1 2073308 0 0 18

[15:29:11]	[Recv]	cond 2 4988603 0 0 15

[15:29:11]	[Recv]	cond 2 4988592 0 0 15

[15:29:11]	[Recv]	sp 416076 1000000 0 10000

[15:29:11]	[Send]	ncif 3 5017791
[15:29:12]	[Send]	u_s 0 3 5017791
[15:29:12]	[Recv]	cond 2 4988535 0 0 9

[15:29:12]	[Recv]	petski 334 1831 1798

[15:29:12]	[Recv]	pet_cool2  0 0 0

[15:29:12]	[Recv]	pinit 2 2|4988603|0|94|@|-1|3206|1|2723|0|0 2|4988592|1|96|@|-1|1548|0|0|0|60

[15:29:12]	[Recv]	st 3 5017791 99 0 100 100 12521 2828 12526 2828 0

[15:29:12]	[Recv]	cond 1 2073308 0 0 18

[15:29:12]	[Recv]	cond 1 2073308 0 0 18

[15:29:12]	[Send]	ptctl 5443 1 4988592 56 50 4988592 15
[15:29:12]	[Send]	suctl 5443 1 4988592 3 5017791
[15:29:12]	[Send]	ptctl 5443 1 4988603 57 47 4988603 15
[15:29:12]	[Recv]	ct 3 5017793 2 4988539 -1 -1 0

[15:29:12]	[Recv]	su 3 5017793 2 4988539 0 5 11 0 0 0 1 12 0 1 0 63 501

[15:29:12]	[Send]	suctl 5443 1 4988603 3 5017791
[15:29:12]	[Recv]	ct 1 2073308 3 5017791 -1 -1 1114

[15:29:12]	[Recv]	su 1 2073308 3 5017791 1114 7 11 4260 0 0 0 0 89721 3 0 0 12526

[15:29:12]	[Recv]	lev 99 0 99 0 2140719000 5991794 66990112 2 0 90 917705181 0

[15:29:12]	[Recv]	cond 2 4988592 0 0 15

[15:29:12]	[Send]	ptctl 5443 2 4988603 52 47 4988592 51 49 4988603 15
[15:29:12]	[Recv]	cond 2 4988603 0 0 15

[15:29:12]	[Recv]	ct 2 4988539 3 5017793 -1 -1 0

[15:29:12]	[Recv]	su 2 4988539 3 5017793 0 11 11 4948 0 0 1 100 1 0 0 12521 12526

[15:29:12]	[Send]	ptctl 5443 2 4988603 51 47 4988592 51 47 4988603 15
[15:29:12]	[Recv]	sayi 1 2073308 11 2065 0 0 0 0 0

[15:29:12]	[Recv]	psd 0

[15:29:12]	[Recv]	sayi 1 2073308 11 2065 0 0 0 0 0

[15:29:12]	[Recv]	psd 0

[15:29:12]	[Recv]	sayi 1 2073308 11 2065 0 0 0 0 0

[15:29:12]	[Recv]	psd 0

[15:29:12]	[Recv]	cond 1 2073308 0 0 18

[15:29:12]	[Recv]	cond 1 2073308 0 0 18

[15:29:12]	[Send]	ptctl 5443 2 4988603 50 46 4988592 50 46 4988603 15
[15:29:12]	[Recv]	st 2 5017544 94 0 100 100 92062 184124 92062 184124 0

[15:29:12]	[Recv]	eff 2 5017544 7739

[15:29:12]	[Recv]	cond 2 4988603 0 0 15

[15:29:12]	[Recv]	cond 2 4988592 0 0 15

[15:29:12]	[Recv]	cond 2 4988603 0 0 15

[15:29:12]	[Recv]	cond 2 4988592 0 0 15

[15:29:13]	[Recv]	st 2 5017546 94 0 100 100 92062 184124 92062 184124 0

[15:29:13]	[Recv]	eff 2 5017546 7739

[15:29:13]	[Recv]	sr 0

[15:29:13]	[Recv]	cond 2 4988603 0 0 15

[15:29:13]	[Recv]	cond 2 4988592 0 0 15

[15:29:13]	[Recv]	sc_p 86 643 4988539 1 2988 0 2 0 144 201 70 4 70 0 27 35 29 35 25 3 60 50 80 50 63 501 220 220 0 15 0 @ 0 20 4 1 0 0 0 90

[15:29:13]	[Recv]	cond 2 4988534 0 0 9

[15:29:13]	[Recv]	petski 334 1831 1798

[15:29:13]	[Recv]	pet_cool2  0 0 0

[15:29:13]	[Recv]	pinit 2 2|4988603|0|94|@|-1|3206|1|2723|0|0 2|4988592|1|96|@|-1|1548|0|0|0|60

[15:29:13]	[Send]	ncif 3 5017793
[15:29:13]	[Recv]	ct 3 5017793 2 4988539 -1 -1 0

[15:29:13]	[Recv]	su 3 5017793 2 4988539 0 5 11 0 0 0 0 0 1498 0 0 0 501

[15:29:13]	[Recv]	st 2 5017545 94 0 100 100 92062 184124 92062 184124 0

[15:29:13]	[Recv]	eff 2 5017545 7739

[15:29:13]	[Recv]	st 3 5017793 99 0 100 100 12521 2828 12526 2828 0

[15:29:13]	[Send]	ptctl 5443 1 4988603 50 45 4988603 15
[15:29:13]	[Send]	ptctl 5443 1 4988592 52 42 4988592 15
[15:29:13]	[Recv]	cond 2 4988603 0 0 15

[15:29:13]	[Send]	u_s 0 3 5017793
[15:29:13]	[Recv]	cond 2 4988592 0 0 15

[15:29:13]	[Recv]	ct 1 2073308 3 5017793 -1 -1 1114

[15:29:13]	[Recv]	su 1 2073308 3 5017793 1114 7 11 4260 0 0 0 0 90975 3 0 0 12526

[15:29:13]	[Recv]	lev 99 0 99 0 2140719000 5991794 66990112 2 0 90 917705181 0

[15:29:13]	[Recv]	cond 1 2073308 0 0 18

[15:29:13]	[Recv]	bf 1 2073308 0.4254.80 99

[15:29:13]	[Recv]	sayi 1 2073308 20 26 3 4254 0 0 0

[15:29:13]	[Recv]	sayi 1 2073308 20 23 3 4254 0 0 0

[15:29:13]	[Send]	suctl 5443 1 4988603 3 5017793
[15:29:14]	[Recv]	ct 3 5017787 2 4988592 -1 -1 0

[15:29:14]	[Recv]	su 3 5017787 2 4988592 0 10 11 7174 0 0 1 99 113 0 0 57477 57771

[15:29:14]	[Send]	ptctl 5443 2 4988603 45 45 4988592 47 45 4988603 15
[15:29:14]	[Recv]	cond 1 2073308 0 0 18

[15:29:14]	[Recv]	cond 1 2073308 0 0 18

[15:29:14]	[Recv]	cond 2 4988603 0 0 15

[15:29:14]	[Recv]	cond 2 4988592 0 0 15

[15:29:14]	[Send]	ncif 3 5017784
[15:29:14]	[Recv]	st 3 5017784 99 0 100 100 67711 2828 67711 2828 0

[15:29:14]	[Recv]	sr 0

[15:29:14]	[Send]	ptctl 5443 2 4988603 42 45 4988592 43 44 4988603 15
[15:29:14]	[Recv]	st 2 5017544 94 0 100 100 92062 184124 92062 184124 0

[15:29:14]	[Recv]	cond 1 2073308 0 0 18

[15:29:14]	[Recv]	cond 1 2073308 0 0 18

[15:29:14]	[Recv]	cond 2 4988603 0 0 15

[15:29:14]	[Recv]	cond 2 4988592 0 0 15

[15:29:14]	[Send]	ptctl 5443 1 4988592 42 44 4988592 15
[15:29:14]	[Send]	u_s 0 3 5017784
[15:29:15]	[Recv]	out 2 4988539

[15:29:15]	[Recv]	st 2 5017546 94 0 100 100 92062 184124 92062 184124 0

[15:29:15]	[Recv]	cond 2 4988592 0 0 15

[15:29:15]	[Recv]	cond 1 2073308 0 0 18

[15:29:15]	[Recv]	cond 1 2073308 0 0 18

[15:29:15]	[Send]	ptctl 5443 1 4988603 44 45 4988603 15
[15:29:15]	[Send]	suctl 5443 1 4988603 3 5017784
[15:29:15]	[Send]	ptctl 5443 1 4988592 41 46 4988592 15
[15:29:15]	[Recv]	ct 1 2073308 3 5017784 -1 -1 1114

[15:29:15]	[Recv]	su 1 2073308 3 5017784 1114 7 11 4260 0 0 1 84 10486 0 0 57225 67711

[15:29:15]	[Recv]	bf 1 2073308 0.4254.80 99

[15:29:15]	[Recv]	cond 2 4988603 0 0 15

[15:29:15]	[Send]	ptctl 5443 2 4988603 43 43 4988592 41 42 4988603 15
[15:29:15]	[Recv]	eff 3 5017789 4799

[15:29:15]	[Recv]	st 2 5017545 94 0 100 100 92062 184124 92062 184124 0

[15:29:15]	[Recv]	eff 2 4988603 5005

[15:29:15]	[Send]	ncif 3 5017784
[15:29:15]	[Send]	ptctl 5443 2 4988603 41 41 4988592 43 43 4988603 15
[15:29:15]	[Recv]	cond 2 4988592 0 0 15

[15:29:15]	[Recv]	cond 1 2073308 0 0 18

[15:29:15]	[Recv]	cond 1 2073308 0 0 18

[15:29:15]	[Recv]	cond 2 4988603 0 0 15

[15:29:15]	[Recv]	cond 2 4988592 0 0 15

[15:29:15]	[Send]	ptctl 5443 1 4988592 41 48 4988592 15
[15:29:15]	[Recv]	ct 2 4988603 3 5017784 -1 -1 0

[15:29:15]	[Recv]	su 2 4988603 3 5017784 0 12 11 8360 0 0 1 71 9116 0 0 48109 67711

[15:29:15]	[Recv]	st 3 5017784 99 0 71 100 48109 2828 67711 2828 0

[15:29:15]	[Send]	u_s 0 3 5017784
[15:29:15]	[Recv]	cond 2 4988603 0 0 15

[15:29:15]	[Recv]	cond 2 4988592 0 0 15

[15:29:16]	[Recv]	sr 0

[15:29:16]	[Recv]	cond 2 4988592 0 0 15

[15:29:16]	[Recv]	cond 1 2073308 0 0 18

[15:29:16]	[Recv]	cond 1 2073308 0 0 18

[15:29:16]	[Recv]	ct 3 5017787 2 4988592 -1 -1 0

[15:29:16]	[Recv]	su 3 5017787 2 4988592 0 10 11 7174 0 0 1 99 113 0 0 57364 57771

[15:29:16]	[Recv]	ct 3 5017784 2 4988592 -1 -1 0

[15:29:16]	[Recv]	su 3 5017784 2 4988592 0 10 11 4757 0 0 1 99 29 0 0 57335 57771

[15:29:16]	[Recv]	sc_p 170 1548 4988592 96 643 24080474 0 0 1889 2049 1289 19 90 9 975 627 958 627 866 3 90 90 110 80 57335 57771 18100 18100 1 84982200 0 @ 0 0 6 60 1831 1798 0 100

[15:29:16]	[Recv]	ct 1 2073308 3 5017784 -1 -1 1114

[15:29:16]	[Recv]	su 1 2073308 3 5017784 1114 7 11 4260 0 0 1 55 10210 0 0 37899 67711

[15:29:16]	[Recv]	bf 3 5017784 0.4253.100 99

[15:29:16]	[Send]	ptctl 5443 2 4988603 43 47 4988592 44 51 4988603 15
[15:29:16]	[Recv]	cond 2 4988603 0 0 15

[15:29:16]	[Recv]	cond 2 4988592 0 0 15

[15:29:16]	[Send]	ptctl 5443 2 4988603 42 47 4988592 45 50 4988603 15
[15:29:16]	[Send]	ncif 3 5017784
[15:29:16]	[Send]	ptctl 5443 1 4988592 46 52 4988592 15
[15:29:16]	[Recv]	sp 416066 1000000 0 10000

[15:29:16]	[Recv]	eff 3 5017785 5000

[15:29:16]	[Recv]	cond 1 2073308 0 0 18

[15:29:16]	[Recv]	cond 1 2073308 0 0 18

[15:29:16]	[Recv]	sayi 1 2073308 20 22 3 1029 0 0 0

[15:29:16]	[Recv]	bf 1 2073308 0.1029.0 99

[15:29:16]	[Recv]	cond 2 4988603 0 0 15

[15:29:16]	[Recv]	cond 2 4988592 0 0 15

[15:29:16]	[Send]	ptctl 5443 1 4988603 42 43 4988603 15
[15:29:16]	[Send]	suctl 5443 1 4988603 3 5017784
[15:29:16]	[Recv]	st 2 5017544 94 0 100 100 92062 184124 92062 184124 0

[15:29:16]	[Recv]	st 3 5017784 99 0 55 100 37899 2828 67711 2828 0 4253.99

[15:29:16]	[Send]	ptctl 5443 1 4988592 40 50 4988592 15
[15:29:16]	[Send]	u_s 0 3 5017784
[15:29:16]	[Recv]	cond 2 4988592 0 0 15

[15:29:17]	[Recv]	st 2 5017546 94 0 100 100 92062 184124 92062 184124 0

[15:29:17]	[Recv]	sr 0

[15:29:17]	[Recv]	cond 2 4988603 0 0 15

[15:29:17]	[Recv]	eff 2 4988603 5005

[15:29:17]	[Recv]	cond 2 4988539 0 0 9

[15:29:17]	[Recv]	petski 334 1831 1798

[15:29:17]	[Recv]	pet_cool2  0 0 0

[15:29:17]	[Recv]	pinit 2 2|4988603|0|94|@|-1|3206|1|2723|0|0 2|4988592|1|96|@|-1|1548|0|0|0|60

[15:29:17]	[Recv]	cond 2 4988592 0 0 15

[15:29:17]	[Recv]	cond 1 2073308 0 0 18

[15:29:17]	[Recv]	cond 1 2073308 0 0 18

[15:29:17]	[Recv]	ct 2 4988603 3 5017784 -1 -1 0

[15:29:17]	[Recv]	su 2 4988603 3 5017784 0 12 11 8360 0 0 1 41 9721 0 0 28178 67711

[15:29:17]	[Recv]	st 2 5017545 94 0 100 100 92062 184124 92062 184124 0

[15:29:17]	[Send]	ncif 3 5017784
[15:29:17]	[Recv]	ct 1 2073308 3 5017784 -1 -1 1114

[15:29:17]	[Recv]	eff 1 2073308 15

[15:29:17]	[Recv]	su 1 2073308 3 5017784 1114 7 11 4260 0 0 1 1 27071 0 0 1107 67711

[15:29:17]	[Send]	ptctl 5443 2 4988603 39 46 4988592 41 46 4988603 15
[15:29:17]	[Recv]	st 3 5017784 99 0 1 100 1107 2828 67711 2828 0 4253.99

[15:29:17]	[Recv]	cond 1 2073308 0 0 18

[15:29:17]	[Recv]	cond 1 2073308 0 0 18

[15:29:17]	[Recv]	eff 2 5017544 7739

[15:29:17]	[Recv]	cond 2 4988603 0 0 15

[15:29:17]	[Recv]	cond 2 4988592 0 0 15

[15:29:17]	[Send]	ptctl 5443 1 4988592 40 48 4988592 15
[15:29:17]	[Send]	suctl 5443 1 4988592 3 5017784
[15:29:18]	[Recv]	ct 3 5017785 2 4988603 -1 -1 0

[15:29:18]	[Recv]	su 3 5017785 2 4988603 0 10 11 4789 0 0 1 99 113 0 0 19338 19451

[15:29:18]	[Recv]	eff 2 5017546 7739

[15:29:18]	[Recv]	cond 2 4988592 0 0 15

[15:29:18]	[Recv]	eff 2 4988592 5005

[15:29:18]	[Send]	ptctl 5443 1 4988603 41 44 4988603 15
[15:29:18]	[Send]	suctl 5443 1 4988603 3 5017784
[15:29:18]	[Send]	u_s 0 3 5017784
[15:29:18]	[Recv]	sr 0

[15:29:18]	[Recv]	cond 2 4988603 0 0 15

[15:29:18]	[Recv]	eff 2 4988603 5005

[15:29:18]	[Recv]	ct 3 5017784 2 4988592 -1 -1 0

[15:29:18]	[Recv]	su 3 5017784 2 4988592 0 10 11 4757 0 0 1 99 143 0 0 57192 57771

[15:29:18]	[Recv]	ct 2 4988592 3 5017784 -1 -1 0

[15:29:18]	[Recv]	su 2 4988592 3 5017784 0 10 11 0 0 0 0 0 9177 0 0 0 67711

[15:29:18]	[Recv]	lev 99 0 99 0 2140719000 5991794 66990112 2 0 90 917705181 0

[15:29:18]	[Recv]	eff 2 5017545 7739

[15:29:18]	[Recv]	cond 1 2073308 0 0 18

[15:29:18]	[Recv]	cond 1 2073308 0 0 18

[15:29:18]	[Recv]	cancel 0 0 -1

[15:29:18]	[Send]	ncif 3 5017789
[15:29:18]	[Recv]	st 2 5017544 94 0 100 100 92062 184124 92062 184124 0

[15:29:18]	[Recv]	st 3 5017789 99 0 100 100 12526 2828 12526 2828 0

[15:29:19]	[Send]	u_s 1 3 5017789
[15:29:19]	[Send]	ptctl 5443 1 4988592 40 44 4988592 15
[15:29:19]	[Recv]	ct 3 5017787 1 2073308 -1 -1 0

[15:29:19]	[Recv]	su 3 5017787 1 2073308 0 10 11 7174 0 0 1 99 450 0 0 95047 95497

[15:29:19]	[Recv]	st 2 5017546 94 0 100 100 92062 184124 92062 184124 0

[15:29:19]	[Recv]	ms_c 0

[15:29:19]	[Recv]	qslot 0 1.1.1 1.1.2 1.1.3 1.1.4 1.1.5 1.1.6 1.1.7 1.1.9 1.1.8 1.1.10 0.1.45 0.2.21 0.1.76 1.1.38 1.3.12 0.1.34 0.1.87 0.-1.-1 0.1.84 0.1.43 1.3.11 1.1.42 1.1.41 1.3.976 0.-1.-1 0.1.70 0.2.143 0.2.25 0.2.27 0.2.26

[15:29:19]	[Recv]	qslot 1 0.-1.-1 0.-1.-1 0.-1.-1 0.-1.-1 0.-1.-1 0.-1.-1 0.-1.-1 0.-1.-1 0.-1.-1 0.-1.-1 0.1.-1 0.1.-1 1.1.41 1.1.42 0.-1.-1 7.7.-1 7.7.-1 7.7.-1 7.7.-1 0.-1.-1 0.-1.-1 0.-1.-1 0.-1.-1 0.-1.-1 0.-1.-1 0.-1.-1 0.-1.-1 0.-1.-1 0.-1.-1 0.-1.-1

[15:29:19]	[Recv]	ct 1 2073308 3 5017789 14 4263 1115

[15:29:19]	[Recv]	cond 2 4988592 0 0 15

[15:29:19]	[Recv]	st 2 5017545 94 0 100 100 92062 184124 92062 184124 0

[15:29:19]	[Send]	suctl 5443 1 4988603 3 5017789
[15:29:19]	[Recv]	bf 3 5017789 0.4110.80 99

[15:29:19]	[Recv]	eff 3 5017789 0

[15:29:19]	[Recv]	eff 1 2073308 15

[15:29:19]	[Recv]	rc 1 2073308 200 0

[15:29:19]	[Recv]	su 1 2073308 3 5017789 1115 70 12 4264 0 0 0 0 82655 0 0 0 12526

[15:29:19]	[Recv]	lev 99 0 99 0 2140719000 5991794 66990112 2 0 90 917705181 0

[15:29:19]	[Recv]	su 1 2073308 3 5017788 1115 70 12 4264 0 0 1 80 19233 6 0 80853 100086

[15:29:19]	[Recv]	mslot 1127 -1

[15:29:19]	[Recv]	qset 0 0 1.1.13.0

[15:29:19]	[Send]	suctl 5443 1 4988592 3 5017789
[15:29:19]	[Recv]	ct 3 5017788 2 4988603 -1 -1 0

[15:29:19]	[Recv]	su 3 5017788 2 4988603 0 10 11 4789 0 0 1 99 113 0 0 19225 19451

[15:29:20]	[Recv]	ct 3 5017786 2 4988603 -1 -1 0

[15:29:20]	[Recv]	su 3 5017786 2 4988603 0 10 11 4789 0 0 1 98 113 0 0 19112 19451

[15:29:20]	[Recv]	ct 3 5017785 2 4988603 -1 -1 0

[15:29:20]	[Recv]	su 3 5017785 2 4988603 0 10 11 4789 0 0 1 97 114 0 0 18998 19451

[15:29:20]	[Send]	ptctl 5443 2 4988603 41 39 4988592 41 39 4988603 15
[15:29:20]	[Recv]	cond 1 2073308 0 0 18

[15:29:20]	[Recv]	cond 1 2073308 0 0 18

[15:29:20]	[Recv]	cond 2 4988603 0 0 15

[15:29:20]	[Recv]	cond 2 4988592 0 0 15

[15:29:20]	[Send]	ptctl 5443 2 4988603 41 37 4988592 40 37 4988603 15
[15:29:20]	[Recv]	cond 1 2073308 0 0 18

[15:29:20]	[Recv]	cond 1 2073308 0 0 18

[15:29:20]	[Send]	ptctl 5443 2 4988603 43 37 4988592 41 36 4988603 15
[15:29:20]	[Recv]	st 2 5017544 94 0 100 100 92062 184124 92062 184124 0

[15:29:20]	[Recv]	cond 2 4988603 0 0 15

[15:29:20]	[Recv]	cond 2 4988592 0 0 15

[15:29:20]	[Recv]	cond 1 2073308 0 0 18

[15:29:20]	[Recv]	cond 1 2073308 0 0 18

[15:29:21]	[Recv]	st 2 5017546 94 0 100 100 92062 184124 92062 184124 0

[15:29:21]	[Recv]	cond 2 4988603 0 0 15

[15:29:21]	[Recv]	cond 2 4988592 0 0 15

[15:29:21]	[Send]	ncif 3 5017786
[15:29:21]	[Send]	ptctl 5443 2 4988603 42 38 4988592 40 38 4988603 15
[15:29:21]	[Send]	suctl 5443 2 4988603 3 5017786 4988592 3 5017786
[15:29:21]	[Send]	u_s 13 3 5017786
[15:29:21]	[Recv]	st 3 5017786 99 0 100 100 100086 2828 100086 2828 0

[15:29:21]	[Recv]	ct 3 5017787 1 2073308 -1 -1 0

[15:29:21]	[Recv]	su 3 5017787 1 2073308 0 10 11 7174 0 0 1 99 449 0 0 94798 95497

[15:29:21]	[Recv]	cond 2 4988603 0 0 15

[15:29:21]	[Recv]	cond 2 4988592 0 0 15

[15:29:21]	[Recv]	eff 2 4988603 5005

[15:29:21]	[Recv]	eff 2 4988592 5005

[15:29:21]	[Recv]	st 2 5017545 94 0 100 100 92062 184124 92062 184124 0

[15:29:21]	[Recv]	cond 1 2073308 0 0 18

[15:29:21]	[Recv]	cond 1 2073308 0 0 18

[15:29:21]	[Recv]	ms_c 0

[15:29:21]	[Recv]	qslot 0 1.1.1 1.1.2 1.1.3 1.1.4 1.1.5 1.1.6 1.1.7 1.1.9 1.1.8 1.1.10 0.1.45 0.2.21 0.1.76 1.1.38 1.3.12 0.1.34 0.1.87 0.-1.-1 0.1.84 0.1.43 1.3.11 1.1.42 1.1.41 1.3.976 0.-1.-1 0.1.70 0.2.143 0.2.25 0.2.27 0.2.26

[15:29:21]	[Recv]	qslot 1 0.-1.-1 0.-1.-1 0.-1.-1 0.-1.-1 0.-1.-1 0.-1.-1 0.-1.-1 0.-1.-1 0.-1.-1 0.-1.-1 0.1.-1 0.1.-1 1.1.41 1.1.42 0.-1.-1 7.7.-1 7.7.-1 7.7.-1 7.7.-1 0.-1.-1 0.-1.-1 0.-1.-1 0.-1.-1 0.-1.-1 0.-1.-1 0.-1.-1 0.-1.-1 0.-1.-1 0.-1.-1 0.-1.-1

[15:29:21]	[Send]	ptctl 5443 2 4988603 42 43 4988592 40 43 4988603 15
[15:29:21]	[Recv]	sp 416056 1000000 0 10000

[15:29:21]	[Recv]	ct 2 4988592 3 5017786 -1 -1 0

[15:29:21]	[Recv]	su 2 4988592 3 5017786 0 10 11 0 0 0 1 87 12234 0 0 87852 100086

[15:29:21]	[Recv]	ct 2 4988603 3 5017786 -1 -1 0

[15:29:21]	[Recv]	eff 2 4988603 15

[15:29:21]	[Recv]	su 2 4988603 3 5017786 0 12 11 8360 0 0 1 74 13207 0 0 74645 100086

[15:29:21]	[Recv]	ct 1 2073308 3 5017786 -1 -1 1127

[15:29:21]	[Recv]	rc 1 2073308 200 0

[15:29:21]	[Recv]	su 1 2073308 3 5017786 1127 100 22 4284 0 0 0 0 89225 3 0 0 100086

[15:29:21]	[Recv]	in 3 2371 5017881 48 37 2 100 100 0 0 0 -1 0 0 -1 - 0 -1 0 0 0 0 0 0 0 0 0 0 0 0

[15:29:21]	[Recv]	guri 31 1 2073308 48 37

[15:29:21]	[Recv]	lev 99 0 99 0 2140719000 5991794 66990112 2 0 90 917705181 0

[15:29:21]	[Recv]	su 1 2073308 3 5017785 1127 100 22 4284 0 0 1 100 0 4 0 100086 100086

[15:29:21]	[Recv]	cond 2 4988603 0 0 15

[15:29:21]	[Recv]	cond 2 4988592 0 0 15

[15:29:21]	[Send]	ptctl 5443 2 4988603 42 44 4988592 40 44 4988603 15
[15:29:21]	[Recv]	die 3 5017881 3 5017881

[15:29:21]	[Recv]	cond 1 2073308 0 0 18

[15:29:21]	[Recv]	cond 1 2073308 0 0 18

[15:29:21]	[Recv]	cond 2 4988603 0 0 15

[15:29:21]	[Recv]	cond 2 4988592 0 0 15

[15:29:22]	[Recv]	ct 3 5017788 1 2073308 -1 -1 0

[15:29:22]	[Recv]	su 3 5017788 1 2073308 0 10 11 4789 0 0 1 99 0 1 0 94998 95497

[15:29:22]	[Recv]	cond 1 2073308 0 0 18

[15:29:22]	[Recv]	cond 1 2073308 0 0 18

[15:29:22]	[Recv]	cond 1 2073308 0 0 18

[15:29:22]	[Recv]	cond 1 2073308 0 0 18

[15:29:22]	[Recv]	cond 1 2073308 0 0 18

[15:29:22]	[Recv]	cond 1 2073308 0 0 18

[15:29:22]	[Recv]	ct 3 5017785 2 4988603 -1 -1 0

[15:29:22]	[Recv]	su 3 5017785 2 4988603 0 10 11 4789 0 0 1 97 113 0 0 18885 19451

[15:29:22]	[Send]	ptctl 5443 2 4988603 38 41 4988592 36 44 4988603 15
[15:29:22]	[Recv]	cond 1 2073308 0 0 18

[15:29:22]	[Recv]	cond 1 2073308 0 0 18

[15:29:22]	[Send]	ncif 3 5017790
[15:29:22]	[Recv]	st 2 5017544 94 0 100 100 92062 184124 92062 184124 0

[15:29:22]	[Recv]	eff 2 5017544 7739

[15:29:22]	[Recv]	cond 2 4988603 0 0 15

[15:29:22]	[Recv]	cond 2 4988592 0 0 15

[15:29:22]	[Recv]	st 3 5017790 99 0 100 100 100086 2828 100086 2828 0

[15:29:23]	[Send]	u_s 0 3 5017790
[15:29:23]	[Recv]	st 2 5017546 94 0 100 100 92062 184124 92062 184124 0

[15:29:23]	[Recv]	eff 2 5017546 7739

[15:29:23]	[Recv]	cond 1 2073308 0 0 18

[15:29:23]	[Recv]	cond 1 2073308 0 0 18

[15:29:23]	[Send]	ptctl 5443 1 4988592 34 47 4988592 15
[15:29:23]	[Recv]	cond 1 2073308 0 0 18

[15:29:23]	[Recv]	sayi 1 2073308 20 22 3 4254 0 0 0

[15:29:23]	[Recv]	bf 1 2073308 0.4254.0 99

[15:29:23]	[Recv]	ct 1 2073308 3 5017790 -1 -1 1114

[15:29:23]	[Recv]	rc 1 2073308 200 0

[15:29:23]	[Recv]	su 1 2073308 3 5017790 1114 7 11 4260 0 0 1 73 26885 0 0 73201 100086

[15:29:23]	[Recv]	cond 2 4988592 0 0 15

[15:29:23]	[Send]	ptctl 5443 1 4988603 35 44 4988603 15
[15:29:23]	[Recv]	st 2 5017545 94 0 100 100 92062 184124 92062 184124 0

[15:29:23]	[Recv]	eff 2 5017545 7739

[15:29:23]	[Recv]	cond 2 4988603 0 0 15

[15:29:23]	[Send]	ptctl 5443 2 4988603 37 47 4988592 37 49 4988603 15
[15:29:23]	[Recv]	cond 1 2073308 0 0 18

[15:29:23]	[Recv]	cond 1 2073308 0 0 18

[15:29:23]	[Send]	ptctl 5443 2 4988603 37 48 4988592 37 50 4988603 15
[15:29:23]	[Send]	ncif 3 5017790
[15:29:23]	[Recv]	ct 3 5017790 2 4988592 -1 -1 0

[15:29:23]	[Recv]	su 3 5017790 2 4988592 0 10 11 4789 0 0 1 99 49 0 0 57143 57771

[15:29:23]	[Recv]	cond 2 4988603 0 0 15

[15:29:23]	[Recv]	cond 2 4988592 0 0 15

[15:29:23]	[Send]	ptctl 5443 2 4988603 37 49 4988592 39 50 4988603 15
[15:29:23]	[Recv]	cond 2 4988603 0 0 15

[15:29:23]	[Recv]	cond 2 4988592 0 0 15

[15:29:24]	[Send]	ptctl 5443 2 4988603 37 50 4988592 36 50 4988603 15
[15:29:24]	[Recv]	sr 0

[15:29:24]	[Recv]	st 3 5017790 99 0 73 100 73201 2828 100086 2828 0

[15:29:24]	[Recv]	cond 2 4988603 0 0 15

[15:29:24]	[Recv]	cond 2 4988592 0 0 15

[15:29:24]	[Send]	ptctl 5443 1 4988603 37 46 4988603 15
[15:29:24]	[Send]	suctl 5443 1 4988603 3 5017790
[15:29:24]	[Recv]	cond 1 2073308 0 0 18

[15:29:24]	[Recv]	cond 1 2073308 0 0 18

[15:29:24]	[Send]	u_s 0 3 5017790
[15:29:24]	[Send]	ptctl 5443 1 4988592 32 49 4988592 15
[15:29:24]	[Recv]	cond 2 4988603 0 0 15

[15:29:24]	[Recv]	cond 2 4988592 0 0 15

[15:29:24]	[Recv]	cond 2 4988603 0 0 15

[15:29:24]	[Recv]	eff 2 4988603 5005

[15:29:24]	[Recv]	cond 1 2073308 0 0 18

[15:29:24]	[Recv]	cond 1 2073308 0 0 18

[15:29:24]	[Send]	ptctl 5443 2 4988603 41 48 4988592 40 49 4988603 15
[15:29:24]	[Send]	ptctl 5443 2 4988603 42 49 4988592 41 49 4988603 15
[15:29:24]	[Send]	ncif 3 5017790
[15:29:24]	[Recv]	ct 3 5017785 2 4988603 -1 -1 0

[15:29:24]	[Recv]	su 3 5017785 2 4988603 0 10 11 4789 0 0 1 96 114 0 0 18771 19451

[15:29:24]	[Recv]	ct 2 4988603 3 5017790 -1 -1 0

[15:29:24]	[Recv]	su 2 4988603 3 5017790 0 12 11 8360 0 0 1 65 7769 0 0 65432 100086

[15:29:24]	[Recv]	st 2 5017544 94 0 100 100 92062 184124 92062 184124 0

[15:29:24]	[Recv]	ct 1 2073308 3 5017790 -1 -1 1114

[15:29:24]	[Recv]	eff 1 2073308 15

[15:29:24]	[Recv]	rc 1 2073308 200 0

[15:29:24]	[Recv]	su 1 2073308 3 5017790 1114 7 11 4260 0 0 0 0 209980 3 0 0 100086

[15:29:24]	[Recv]	lev 99 0 99 0 2140719000 5991794 66990112 2 0 90 917705181 0

[15:29:24]	[Recv]	cond 1 2073308 0 0 18

[15:29:24]	[Recv]	bf 1 2073308 0.4254.80 99

[15:29:24]	[Recv]	sayi 1 2073308 20 26 3 4254 0 0 0

[15:29:24]	[Recv]	sayi 1 2073308 20 23 3 4254 0 0 0

[15:29:24]	[Recv]	cond 2 4988592 0 0 15

[15:29:24]	[Recv]	cond 2 4988603 0 0 15

[15:29:24]	[Recv]	cond 2 4988592 0 0 15

[15:29:24]	[Send]	ptctl 5443 2 4988603 42 48 4988592 42 49 4988603 15
[15:29:25]	[Recv]	ct 3 5017787 1 2073308 -1 -1 0

[15:29:25]	[Recv]	su 3 5017787 1 2073308 0 10 11 7174 0 0 1 99 450 0 0 94948 95497

[15:29:25]	[Recv]	st 2 5017546 94 0 100 100 92062 184124 92062 184124 0

[15:29:25]	[Recv]	cond 2 4988603 0 0 15

[15:29:25]	[Recv]	cond 2 4988592 0 0 15

[15:29:25]	[Recv]	cond 1 2073308 0 0 18

[15:29:25]	[Recv]	cond 1 2073308 0 0 18

[15:29:25]	[Recv]	cond 2 4988603 0 0 15

[15:29:25]	[Recv]	cond 2 4988592 0 0 15

[15:29:25]	[Send]	ncif 3 5017788
[15:29:25]	[Recv]	st 2 5017545 94 0 100 100 92062 184124 92062 184124 0

[15:29:25]	[Send]	ptctl 5443 1 4988603 38 46 4988603 15
[15:29:25]	[Send]	suctl 5443 1 4988603 3 5017788
[15:29:25]	[Recv]	sr 0

[15:29:25]	[Recv]	st 3 5017788 99 0 80 100 80853 2828 100086 2828 0

[15:29:25]	[Send]	u_s 0 3 5017788
[15:29:25]	[Send]	ptctl 5443 1 4988592 41 46 4988592 15
[15:29:25]	[Recv]	cond 2 4988603 0 0 15

[15:29:25]	[Recv]	eff 2 4988603 5005

[15:29:25]	[Recv]	cond 1 2073308 0 0 18

[15:29:25]	[Recv]	cond 1 2073308 0 0 18

[15:29:26]	[Recv]	ct 3 5017788 2 4988603 -1 -1 0

[15:29:26]	[Recv]	su 3 5017788 2 4988603 0 10 11 4789 0 0 1 96 113 0 0 18658 19451

[15:29:26]	[Recv]	ct 1 2073308 3 5017788 -1 -1 1114

[15:29:26]	[Recv]	cond 1 2073308 0 0 19

[15:29:26]	[Recv]	bf 1 2073308 0.1925.80 99

[15:29:26]	[Recv]	eff 1 2073308 0

[15:29:26]	[Recv]	sayi 1 2073308 20 26 3 1925 0 0 0

[15:29:26]	[Recv]	eff_s 1 2073308 7688 0

[15:29:26]	[Recv]	su 1 2073308 3 5017788 -1 0 -1 7687 -1 -1 1 79 1683 0 0

[15:29:26]	[Recv]	bf 3 5017788 0.1921.100 99

[15:29:26]	[Recv]	eff 3 5017788 0

[15:29:26]	[Recv]	rc 1 2073308 200 0

[15:29:26]	[Recv]	su 1 2073308 3 5017788 1114 7 11 4260 0 0 1 60 18790 0 0 60380 100086

[15:29:26]	[Recv]	bf 1 2073308 0.4126.100 99

[15:29:26]	[Recv]	sayi 1 2073308 20 26 3 4126 0 0 0

[15:29:26]	[Recv]	cond 2 4988592 0 0 15

[15:29:26]	[Recv]	sc_p 170 1548 4988592 96 642 24081034 0 0 1889 2049 1289 19 90 9 975 627 958 627 866 3 90 90 110 80 57143 57771 18100 18100 1 84982200 0 @ 0 0 6 60 1831 1798 0 100

[15:29:26]	[Send]	suctl 5443 1 4988592 3 5017788
[15:29:26]	[Send]	ncif 3 5017788
[15:29:26]	[Recv]	eff 2 4988592 5005

[15:29:26]	[Recv]	st 3 5017788 99 0 60 100 60380 2828 100086 2828 0 1921.99

[15:29:26]	[Recv]	sr 1

[15:29:26]	[Recv]	sp 416046 1000000 0 10000

[15:29:26]	[Recv]	ct 2 4988592 3 5017788 -1 -1 0

[15:29:26]	[Recv]	su 2 4988592 3 5017788 0 10 11 0 0 0 1 48 12175 0 0 48205 100086

[15:29:26]	[Recv]	sr 0

[15:29:26]	[Send]	suctl 5443 1 4988603 3 5017788
[15:29:26]	[Recv]	st 2 5017544 94 0 100 100 92062 184124 92062 184124 0

[15:29:26]	[Send]	u_s 0 3 5017788
[15:29:26]	[Recv]	eff 2 4988603 5005

[15:29:27]	[Recv]	ct 3 5017785 2 4988592 -1 -1 0

[15:29:27]	[Recv]	su 3 5017785 2 4988592 0 10 11 4789 0 0 1 98 51 0 0 57092 57771

[15:29:27]	[Recv]	st 2 5017546 94 0 100 100 92062 184124 92062 184124 0

[15:29:27]	[Recv]	ct 1 2073308 3 5017788 -1 -1 1114

[15:29:27]	[Recv]	su 1 2073308 3 5017788 -1 0 -1 7687 -1 -1 1 46 1683 0 0

[15:29:27]	[Recv]	rc 1 2073308 200 0

[15:29:27]	[Recv]	su 1 2073308 3 5017788 1114 7 11 4260 0 0 1 28 17763 0 0 28759 100086

[15:29:27]	[Recv]	bf 1 2073308 0.4126.100 99

[15:29:27]	[Recv]	ct 3 5017787 2 4988592 -1 -1 0

[15:29:27]	[Recv]	su 3 5017787 2 4988592 0 10 11 7174 0 0 1 98 23 0 0 57069 57771

[15:29:27]	[Recv]	ct 2 4988603 3 5017788 -1 -1 0

[15:29:27]	[Recv]	eff 2 4988603 15

[15:29:27]	[Recv]	su 2 4988603 3 5017788 0 12 11 8360 0 0 1 15 13068 0 0 15691 100086

[15:29:27]	[Send]	ncif 3 5017788
[15:29:27]	[Send]	suctl 5443 1 4988592 3 5017788
[15:29:27]	[Recv]	st 2 5017545 94 0 100 100 92062 184124 92062 184124 0

[15:29:27]	[Recv]	st 3 5017788 99 0 15 100 15691 2828 100086 2828 0 1921.99

[15:29:27]	[Recv]	eff 2 4988592 5005

[15:29:27]	[Recv]	eff 2 5017544 7739

[15:29:27]	[Recv]	sr 0

[15:29:27]	[Send]	u_s 41 1 2073308
[15:29:28]	[Recv]	ct 2 4988592 3 5017788 -1 -1 0

[15:29:28]	[Recv]	su 2 4988592 3 5017788 0 3 11 0 0 0 1 3 12214 0 0 3477 100086

[15:29:28]	[Recv]	eff 2 5017546 7739

[15:29:28]	[Send]	suctl 5443 1 4988603 3 5017788
[15:29:28]	[Recv]	ms_c 0

[15:29:28]	[Recv]	qslot 0 1.1.1 1.1.2 1.1.3 1.1.4 1.1.5 1.1.6 1.1.7 1.1.9 1.1.8 1.1.10 0.1.45 0.2.21 0.1.76 1.1.38 1.3.12 0.1.34 0.1.87 0.-1.-1 0.1.84 0.1.43 1.3.11 1.1.42 1.1.41 1.3.976 0.-1.-1 0.1.70 0.2.143 0.2.25 0.2.27 0.2.26

[15:29:28]	[Recv]	qslot 1 0.-1.-1 0.-1.-1 0.-1.-1 0.-1.-1 0.-1.-1 0.-1.-1 0.-1.-1 0.-1.-1 0.-1.-1 0.-1.-1 0.1.-1 0.1.-1 1.1.41 1.1.42 0.-1.-1 7.7.-1 7.7.-1 7.7.-1 7.7.-1 0.-1.-1 0.-1.-1 0.-1.-1 0.-1.-1 0.-1.-1 0.-1.-1 0.-1.-1 0.-1.-1 0.-1.-1 0.-1.-1 0.-1.-1

[15:29:28]	[Recv]	ct 3 5017788 2 4988592 -1 -1 0

[15:29:28]	[Recv]	su 3 5017788 2 4988592 0 10 11 4789 0 0 1 98 250 0 0 56819 57771

[15:29:28]	[Recv]	ct 1 2073308 1 2073308 -1 7663 699

[15:29:28]	[Recv]	eff 2 4988603 5005

[15:29:28]	[Recv]	bf 1 2073308 0.1647.1200 99

[15:29:28]	[Recv]	eff 1 2073308 0

[15:29:28]	[Recv]	sayi 1 2073308 20 26 3 1647 0 0 0

[15:29:28]	[Recv]	su 1 2073308 1 2073308 699 2400 0 7710 0 0 1 99 0 -1 0 95348 95497

[15:29:28]	[Send]	ncif 3 5017788
[15:29:28]	[Recv]	eff 2 5017545 7739

[15:29:28]	[Recv]	st 3 5017788 99 0 3 100 3477 2828 100086 2828 0 1921.99

[15:29:28]	[Send]	u_s 42 1 2073308
[15:29:28]	[Send]	suctl 5443 1 4988592 3 5017788
[15:29:28]	[Recv]	ms_c 0

[15:29:28]	[Recv]	qslot 0 1.1.1 1.1.2 1.1.3 1.1.4 1.1.5 1.1.6 1.1.7 1.1.9 1.1.8 1.1.10 0.1.45 0.2.21 0.1.76 1.1.38 1.3.12 0.1.34 0.1.87 0.-1.-1 0.1.84 0.1.43 1.3.11 1.1.42 1.1.41 1.3.976 0.-1.-1 0.1.70 0.2.143 0.2.25 0.2.27 0.2.26

[15:29:28]	[Recv]	qslot 1 0.-1.-1 0.-1.-1 0.-1.-1 0.-1.-1 0.-1.-1 0.-1.-1 0.-1.-1 0.-1.-1 0.-1.-1 0.-1.-1 0.1.-1 0.1.-1 1.1.41 1.1.42 0.-1.-1 7.7.-1 7.7.-1 7.7.-1 7.7.-1 0.-1.-1 0.-1.-1 0.-1.-1 0.-1.-1 0.-1.-1 0.-1.-1 0.-1.-1 0.-1.-1 0.-1.-1 0.-1.-1 0.-1.-1

[15:29:28]	[Recv]	ct 2 4988603 3 5017788 -1 -1 0

[15:29:28]	[Recv]	su 2 4988603 3 5017788 0 12 11 8360 0 0 0 0 7748 0 0 0 100086

[15:29:28]	[Recv]	lev 99 0 99 0 2140719000 5991794 66990112 2 0 90 917705181 0

[15:29:28]	[Recv]	ct 1 2073308 1 2073308 -1 7665 702

[15:29:28]	[Recv]	bf 1 2073308 0.1676.1200 99

[15:29:28]	[Recv]	eff 1 2073308 0

[15:29:28]	[Recv]	sayi 1 2073308 20 26 3 1676 0 0 0

[15:29:28]	[Recv]	su 1 2073308 1 2073308 702 2400 0 7712 0 0 1 99 0 -1 0 95348 95497

[15:29:28]	[Recv]	st 2 5017544 94 0 100 100 92062 184124 92062 184124 0

[15:29:29]	[Recv]	st 2 5017546 94 0 100 100 92062 184124 92062 184124 0

[15:29:29]	[Recv]	ct 3 5017785 2 4988592 -1 -1 0

[15:29:29]	[Recv]	su 3 5017785 2 4988592 0 10 11 4789 0 0 1 98 248 0 0 56571 57771

[15:29:29]	[Send]	u_i 1 2073308 1 84 0 0 
[15:29:29]	[Recv]	ct 3 5017787 2 4988592 -1 -1 0

[15:29:29]	[Recv]	su 3 5017787 2 4988592 0 10 11 7174 0 0 1 97 113 0 0 56458 57771

[15:29:29]	[Recv]	st 2 5017545 94 0 100 100 92062 184124 92062 184124 0

[15:29:29]	[Recv]	bf 1 2073308 0.116.6000 99

[15:29:29]	[Recv]	eff 1 2073308 203

[15:29:29]	[Recv]	ivn 1 84.1246.86.0

[15:29:29]	[Send]	u_i 1 2073308 1 43 0 0 
[15:29:29]	[Send]	ncif 3 5017785
[15:29:30]	[Recv]	st 3 5017785 99 0 100 100 100086 2828 100086 2828 0

[15:29:30]	[Send]	u_s 0 3 5017785
[15:29:30]	[Send]	ptctl 5443 1 4988592 41 45 4988592 15
[15:29:30]	[Send]	suctl 5443 1 4988603 3 5017785
[15:29:30]	[Recv]	ct 1 2073308 3 5017785 -1 -1 1114

[15:29:30]	[Recv]	eff 1 2073308 15

[15:29:30]	[Recv]	rc 1 2073308 149 0

[15:29:30]	[Recv]	su 1 2073308 3 5017785 1114 7 11 4260 0 0 1 26 74027 0 0 26059 100086

[15:29:30]	[Recv]	bf 1 2073308 0.4126.100 99

[15:29:30]	[Recv]	cond 2 4988592 0 0 15

[15:29:30]	[Send]	suctl 5443 1 4988592 3 5017785
[15:29:30]	[Recv]	eff 2 4988603 5005

[15:29:30]	[Recv]	eff 2 4988592 5005

[15:29:30]	[Recv]	in 3 688 5017983 6 43 4 100 100 0 0 0 -1 0 0 -1 - 0 -1 0 0 0 0 0 0 0 0 0 0 0 0

[15:29:30]	[Recv]	msgi 0 679 0 0 0 0 0

[15:29:30]	[Recv]	in 3 726 5017984 7 42 3 100 100 0 0 0 -1 0 0 -1 - 0 -1 0 0 0 0 0 0 0 0 0 0 0 0

[15:29:30]	[Recv]	msgi 0 679 0 0 0 0 0

[15:29:30]	[Recv]	in 3 688 5017985 7 43 6 100 100 0 0 0 -1 0 0 -1 - 0 -1 0 0 0 0 0 0 0 0 0 0 0 0

[15:29:30]	[Recv]	msgi 0 679 0 0 0 0 0

[15:29:30]	[Recv]	in 3 688 5017986 8 43 6 100 100 0 0 0 -1 0 0 -1 - 0 -1 0 0 0 0 0 0 0 0 0 0 0 0

[15:29:30]	[Recv]	msgi 0 679 0 0 0 0 0

[15:29:30]	[Recv]	in 3 708 5017987 39 5 1 100 100 0 0 0 -1 0 0 -1 - 0 -1 0 0 0 0 0 0 0 0 0 0 0 0

[15:29:30]	[Recv]	msgi 0 679 0 0 0 0 0

[15:29:30]	[Recv]	in 3 700 5017988 39 6 3 100 100 0 0 0 -1 0 0 -1 - 0 -1 0 0 0 0 0 0 0 0 0 0 0 0

[15:29:30]	[Recv]	msgi 0 679 0 0 0 0 0

[15:29:30]	[Recv]	in 3 708 5017989 40 5 0 100 100 0 0 0 -1 0 0 -1 - 0 -1 0 0 0 0 0 0 0 0 0 0 0 0

[15:29:30]	[Recv]	msgi 0 679 0 0 0 0 0

[15:29:30]	[Recv]	in 3 700 5017990 40 6 0 100 100 0 0 0 -1 0 0 -1 - 0 -1 0 0 0 0 0 0 0 0 0 0 0 0

[15:29:30]	[Recv]	msgi 0 679 0 0 0 0 0

[15:29:30]	[Recv]	in 3 726 5017991 41 5 1 100 100 0 0 0 -1 0 0 -1 - 0 -1 0 0 0 0 0 0 0 0 0 0 0 0

[15:29:30]	[Recv]	msgi 0 679 0 0 0 0 0

[15:29:30]	[Recv]	in 3 700 5017992 41 6 6 100 100 0 0 0 -1 0 0 -1 - 0 -1 0 0 0 0 0 0 0 0 0 0 0 0

[15:29:30]	[Recv]	msgi 0 679 0 0 0 0 0

[15:29:30]	[Recv]	in 3 760 5017993 42 5 2 100 100 0 0 0 -1 0 0 -1 - 0 -1 0 0 0 0 0 0 0 0 0 0 0 0

[15:29:30]	[Recv]	msgi 0 679 0 0 0 0 0

[15:29:30]	[Recv]	in 3 700 5017994 42 6 5 100 100 0 0 0 -1 0 0 -1 - 0 -1 0 0 0 0 0 0 0 0 0 0 0 0

[15:29:30]	[Recv]	msgi 0 679 0 0 0 0 0

[15:29:30]	[Recv]	in 3 688 5017995 71 45 6 100 100 0 0 0 -1 0 0 -1 - 0 -1 0 0 0 0 0 0 0 0 0 0 0 0

[15:29:30]	[Recv]	msgi 0 679 0 0 0 0 0

[15:29:30]	[Recv]	in 3 726 5017996 72 44 7 100 100 0 0 0 -1 0 0 -1 - 0 -1 0 0 0 0 0 0 0 0 0 0 0 0

[15:29:30]	[Recv]	msgi 0 679 0 0 0 0 0

[15:29:30]	[Recv]	in 3 688 5017997 72 45 1 100 100 0 0 0 -1 0 0 -1 - 0 -1 0 0 0 0 0 0 0 0 0 0 0 0

[15:29:30]	[Recv]	msgi 0 679 0 0 0 0 0

[15:29:30]	[Recv]	in 3 688 5017998 74 45 7 100 100 0 0 0 -1 0 0 -1 - 0 -1 0 0 0 0 0 0 0 0 0 0 0 0

[15:29:30]	[Recv]	msgi 0 679 0 0 0 0 0

[15:29:30]	[Recv]	eff 3 5017997 5000

[15:29:30]	[Recv]	eff 3 5017993 5000

[15:29:30]	[Recv]	eff 3 5017989 5000

[15:29:30]	[Recv]	eff 3 5017986 5000

[15:29:30]	[Recv]	eff 3 5017983 5000

[15:29:30]	[Recv]	ct 2 4988592 3 5017785 -1 -1 0

[15:29:30]	[Recv]	su 2 4988592 3 5017785 0 10 11 0 0 0 1 13 12366 0 0 13693 100086

[15:29:30]	[Recv]	ct 2 4988603 3 5017785 -1 -1 0

[15:29:30]	[Recv]	su 2 4988603 3 5017785 0 12 11 8360 0 0 1 6 7643 0 0 6050 100086

[15:29:30]	[Recv]	st 2 5017544 94 0 100 100 92062 184124 92062 184124 0

[15:29:30]	[Send]	ncif 3 5017785
[15:29:31]	[Recv]	st 2 5017546 94 0 100 100 92062 184124 92062 184124 0

[15:29:31]	[Recv]	sr 0

[15:29:31]	[Recv]	st 3 5017785 99 0 6 100 6050 2828 100086 2828 0

[15:29:31]	[Send]	u_s 0 3 5017785
[15:29:31]	[Recv]	ct 1 2073308 3 5017785 -1 -1 1114

[15:29:31]	[Recv]	eff 1 2073308 15

[15:29:31]	[Recv]	su 1 2073308 3 5017785 1114 7 11 4260 0 0 0 0 252946 3 0 0 100086

[15:29:31]	[Recv]	lev 99 0 99 0 2140719000 5991794 66990112 2 0 90 917705181 0

[15:29:31]	[Send]	suctl 5443 1 4988592 3 5017785
[15:29:31]	[Recv]	st 2 5017545 94 0 100 100 92062 184124 92062 184124 0

[15:29:31]	[Send]	suctl 5443 1 4988603 3 5017785
[15:29:31]	[Recv]	sp 416036 1000000 0 10000

[15:29:31]	[Recv]	ct 3 5017787 2 4988592 -1 -1 0

[15:29:31]	[Recv]	su 3 5017787 2 4988592 0 10 11 7174 0 0 1 97 23 0 0 56435 57771

[15:29:31]	[Recv]	sr 13

[15:29:31]	[Send]	ncif 3 5017787
[15:29:31]	[Recv]	st 3 5017787 99 0 100 100 67711 2828 67711 2828 0

[15:29:31]	[Send]	ptctl 5443 2 4988603 43 46 4988592 46 45 4988603 15
[15:29:31]	[Recv]	cond 1 2073308 0 0 19

[15:29:31]	[Recv]	cond 1 2073308 0 0 19

[15:29:32]	[Recv]	sr 0

[15:29:32]	[Recv]	cond 2 4988603 0 0 15

[15:29:32]	[Recv]	cond 2 4988592 0 0 15

[15:29:32]	[Send]	u_s 0 3 5017787
[15:29:32]	[Recv]	cond 1 2073308 0 0 19

[15:29:32]	[Recv]	cond 1 2073308 0 0 19

[15:29:32]	[Recv]	ct 1 2073308 3 5017787 -1 -1 1114

[15:29:32]	[Recv]	eff 1 2073308 15

[15:29:32]	[Recv]	su 1 2073308 3 5017787 1114 7 11 4260 0 0 0 0 105565 0 0 0 67711

[15:29:32]	[Recv]	lev 99 0 99 0 2140719000 5991794 66990112 2 0 90 917705181 0

[15:29:32]	[Recv]	bf 1 2073308 0.4126.100 99

[15:29:32]	[Send]	ptctl 5443 1 4988592 45 41 4988592 15
[15:29:32]	[Recv]	cond 2 4988592 0 0 15

[15:29:32]	[Send]	ptctl 5443 1 4988603 48 48 4988603 15
[15:29:32]	[Recv]	cond 1 2073308 0 0 19

[15:29:32]	[Recv]	sayi 1 2073308 20 22 3 4254 0 0 0

[15:29:32]	[Recv]	bf 1 2073308 0.4254.0 99

[15:29:32]	[Send]	ptctl 5443 1 4988603 44 46 4988603 15
[15:29:32]	[Send]	suctl 5443 1 4988603 3 5017787
[15:29:32]	[Recv]	st 2 5017544 94 0 100 100 92062 184124 92062 184124 0

[15:29:32]	[Recv]	eff 2 5017544 7739

[15:29:32]	[Recv]	cond 2 4988603 0 0 15

[15:29:32]	[Recv]	cond 2 4988603 0 0 15

[15:29:33]	[Recv]	st 2 5017546 94 0 100 100 92062 184124 92062 184124 0

[15:29:33]	[Recv]	eff 2 5017546 7739

[15:29:33]	[Send]	u_ts 777 63 49
[15:29:33]	[Recv]	sr 0

[15:29:33]	[Recv]	in 2 2731 4988617 64 48 2 100 100 0 0 3 2073308 0 0 -1 @ 2 -1 0 0 0 0 0 0 0 0 0 0 15 5

[15:29:33]	[Recv]	ctl 2 4988617 0 1

[15:29:33]	[Recv]	in 2 1538 4988590 64 49 2 100 100 0 0 3 2073308 0 0 -1 @ 2 -1 0 0 0 0 0 0 0 0 0 0 16 6

[15:29:33]	[Recv]	ctl 2 4988590 0 1

[15:29:33]	[Recv]	in 2 840 4988573 61 50 2 100 100 0 0 3 2073308 0 0 -1 @ 2 -1 0 0 0 0 0 0 0 0 0 0 14 4

[15:29:33]	[Recv]	ctl 2 4988573 0 1

[15:29:33]	[Recv]	in 2 64 4988460 63 50 2 100 100 0 0 3 2073308 0 0 -1 @ 2 -1 0 0 0 0 0 0 0 0 0 0 13 3

[15:29:33]	[Recv]	ctl 2 4988460 0 1

[15:29:33]	[Recv]	bf 1 2073308 0.1028.200 99

[15:29:33]	[Recv]	sayi 1 2073308 20 26 3 1028 0 0 0

[15:29:33]	[Recv]	team_cool 3 900

[15:29:33]	[Send]	ptctl 5443 2 4988603 39 48 4988592 41 43 4988603 15
[15:29:33]	[Recv]	cond 1 2073308 0 0 19

[15:29:33]	[Recv]	cond 1 2073308 0 0 19

[15:29:33]	[Recv]	st 2 5017545 94 0 100 100 92062 184124 92062 184124 0

[15:29:33]	[Recv]	eff 2 5017545 7739

[15:29:33]	[Recv]	cond 2 4988603 0 0 15

[15:29:33]	[Recv]	cond 2 4988592 0 0 15

[15:29:33]	[Send]	ptctl 5443 2 4988603 38 47 4988592 39 43 4988603 15
[15:29:33]	[Recv]	cond 1 2073308 0 0 19

[15:29:33]	[Recv]	cond 1 2073308 0 0 19

[15:29:33]	[Send]	pulse 5700 0
[15:29:33]	[Send]	ptctl 5443 2 4988603 37 46 4988592 38 41 4988603 15
[15:29:33]	[Recv]	umi 5060.340 5676.-1 5797.-1 13459.-2

[15:29:33]	[Recv]	cond 2 4988603 0 0 15

[15:29:33]	[Recv]	cond 2 4988592 0 0 15

[15:29:33]	[Recv]	cond 1 2073308 0 0 19

[15:29:33]	[Recv]	cond 1 2073308 0 0 19

[15:29:33]	[Recv]	cond 1 2073308 0 0 18

[15:29:33]	[Recv]	sayi 1 2073308 20 22 3 1925 0 0 0

[15:29:33]	[Recv]	bf 1 2073308 0.1925.0 99

[15:29:33]	[Recv]	cond 2 4988603 0 0 15

[15:29:33]	[Recv]	cond 2 4988592 0 0 15

[15:29:34]	[Recv]	sc_p 74 1538 4988590 1 2986 0 0 0 1330 1388 730 18 150 0 622 74 624 74 619 2 90 110 100 100 15441 15441 15070 15070 0 15 0 @ 0 16 6 60 1819 1831 0 100

[15:29:34]	[Recv]	sc_p 77 2731 4988617 1 2986 0 0 0 820 850 450 15 80 0 345 38 350 38 360 4 83 93 73 108 7621 7621 7260 7260 0 15 0 @ 0 15 5 40 1805 1820 3 2130

[15:29:34]	[Send]	ptctl 5443 1 4988603 32 46 4988603 15
[15:29:34]	[Send]	ptctl 5443 1 4988592 34 45 4988592 15
[15:29:34]	[Recv]	ct 2 4988460 3 5017998 -1 -1 0

[15:29:34]	[Recv]	ct 2 4988573 3 5017997 -1 -1 0

[15:29:34]	[Recv]	su 2 4988573 3 5017997 0 10 11 200 0 0 1 100 0 1 0 12526 12526

[15:29:34]	[Recv]	ct 2 4988617 3 5017995 -1 -1 0

[15:29:34]	[Recv]	su 2 4988617 3 5017995 0 10 11 8146 0 0 1 100 0 1 0 12526 12526

[15:29:34]	[Recv]	cond 2 4988603 0 0 15

[15:29:34]	[Send]	u_ts 759 13 43
[15:29:34]	[Send]	ptctl 5443 2 4988603 34 48 4988592 35 47 4988603 15
[15:29:34]	[Recv]	cond 2 4988592 0 0 15

[15:29:34]	[Recv]	su 2 4988460 3 5017998 0 12 11 1007 0 0 1 100 1 0 0 12525 12526

[15:29:34]	[Recv]	st 2 5017544 94 0 100 100 92062 184124 92062 184124 0

[15:29:34]	[Recv]	cond 1 2073308 0 0 18

[15:29:34]	[Recv]	cond 1 2073308 0 0 18

[15:29:34]	[Recv]	in 2 2709 4988615 15 42 2 100 100 0 0 3 2073308 0 0 -1 @ 2 -1 0 0 0 0 0 0 7549 0 0 0 8 4

[15:29:34]	[Recv]	ctl 2 4988615 0 1

[15:29:34]	[Recv]	in 2 2708 4988614 11 41 2 100 100 0 0 3 2073308 0 0 -1 Oso^polar^Grunidos 2 -1 0 0 0 0 0 0 0 0 0 0 6 3

[15:29:34]	[Recv]	ctl 2 4988614 0 1

[15:29:34]	[Recv]	in 2 670 4988544 15 42 2 100 100 0 0 3 2073308 0 0 -1 Fibi^Friggus 2 -1 0 0 0 0 0 0 0 0 0 0 5 3

[15:29:34]	[Recv]	ctl 2 4988544 0 1

[15:29:34]	[Recv]	in 2 567 4988523 12 43 2 100 100 0 0 3 2073308 0 0 -1 Hada^oval 2 -1 0 0 0 0 0 0 0 0 0 0 7 3

[15:29:34]	[Recv]	ctl 2 4988523 0 1

[15:29:34]	[Recv]	bf 1 2073308 0.1026.200 99

[15:29:34]	[Recv]	sayi 1 2073308 20 26 3 1026 0 0 0

[15:29:34]	[Recv]	team_cool 1 900

[15:29:34]	[Send]	ptctl 5443 2 4988603 30 47 4988592 32 43 4988603 15
[15:29:35]	[Recv]	ct 3 5017997 2 4988573 -1 -1 0

[15:29:35]	[Recv]	su 3 5017997 2 4988573 0 5 11 0 0 0 1 84 638 0 0 3383 4021

[15:29:35]	[Recv]	ct 3 5017995 2 4988617 -1 -1 0

[15:29:35]	[Recv]	su 3 5017995 2 4988617 0 5 11 0 0 0 1 95 352 3 0 7269 7621

[15:29:35]	[Recv]	eff 3 5017993 4799

[15:29:35]	[Recv]	st 2 5017546 94 0 100 100 92062 184124 92062 184124 0

[15:29:35]	[Recv]	cond 2 4988603 0 0 15

[15:29:35]	[Recv]	cond 2 4988592 0 0 15

[15:29:35]	[Send]	ptctl 5443 2 4988603 29 47 4988592 31 43 4988603 15
[15:29:35]	[Recv]	cond 1 2073308 0 0 18

[15:29:35]	[Recv]	cond 1 2073308 0 0 18

[15:29:35]	[Recv]	cond 1 2073308 0 0 18

[15:29:35]	[Recv]	cond 1 2073308 0 0 18

[15:29:35]	[Send]	ncif 3 5017984
[15:29:35]	[Recv]	cond 2 4988603 0 0 15

[15:29:35]	[Recv]	cond 2 4988592 0 0 15

[15:29:35]	[Recv]	ct 2 4988544 3 5017985 -1 -1 0

[15:29:35]	[Recv]	ct 2 4988615 3 5017983 -1 -1 0

[15:29:35]	[Recv]	su 2 4988615 3 5017983 0 12 11 7548 0 0 1 76 2994 0 0 9532 12526

[15:29:35]	[Recv]	st 2 5017545 94 0 100 100 92062 184124 92062 184124 0

[15:29:35]	[Recv]	cond 1 2073308 0 0 18

[15:29:35]	[Recv]	cond 1 2073308 0 0 18

[15:29:35]	[Recv]	cond 2 4988603 0 0 15

[15:29:35]	[Recv]	cond 2 4988592 0 0 15

[15:29:35]	[Recv]	eff 3 5017985 35

[15:29:35]	[Recv]	su 2 4988544 3 5017985 0 10 11 4398 0 0 1 56 5514 0 0 7012 12526

[15:29:35]	[Recv]	st 3 5017984 99 0 100 100 67711 2828 67711 2828 0

[15:29:35]	[Send]	ptctl 5443 2 4988603 25 47 4988592 28 43 4988603 15
[15:29:35]	[Recv]	cond 1 2073308 0 0 18

[15:29:35]	[Recv]	cond 1 2073308 0 0 18

[15:29:35]	[Recv]	cond 2 4988603 0 0 15

[15:29:35]	[Recv]	cond 2 4988592 0 0 15

[15:29:35]	[Send]	ptctl 5443 1 4988592 25 43 4988592 15
[15:29:36]	[Recv]	ct 3 5017998 2 4988460 -1 -1 0

[15:29:36]	[Recv]	su 3 5017998 2 4988460 0 5 11 0 0 0 1 73 1198 0 0 3158 4356

[15:29:36]	[Send]	u_s 0 3 5017984
[15:29:36]	[Recv]	cond 2 4988592 0 0 15

[15:29:36]	[Recv]	ct 3 5017997 2 4988573 -1 -1 0

[15:29:36]	[Recv]	su 3 5017997 2 4988573 0 5 11 0 0 0 1 51 1327 0 0 2056 4021

[15:29:36]	[Recv]	ct 3 5017995 2 4988617 -1 -1 0

[15:29:36]	[Recv]	su 3 5017995 2 4988617 0 5 11 0 0 0 1 95 0 1 0 7269 7621

[15:29:36]	[Recv]	ct 3 5017983 2 4988615 -1 -1 0

[15:29:36]	[Recv]	su 3 5017983 2 4988615 0 5 11 0 0 0 1 99 116 0 0 28859 28975

[15:29:36]	[Recv]	sc_p 170 1548 4988592 96 641 24081454 0 0 1889 2049 1289 19 90 9 975 627 958 627 866 3 90 90 110 80 56435 57771 18100 18100 1 84982200 0 @ 0 0 6 60 1831 1798 0 100

[15:29:36]	[Recv]	cond 1 2073308 0 0 18

[15:29:36]	[Recv]	cond 1 2073308 0 0 18

[15:29:36]	[Send]	ptctl 5443 1 4988592 23 43 4988592 15
[15:29:36]	[Send]	ncif 3 5017984
[15:29:36]	[Recv]	ct 1 2073308 3 5017984 -1 -1 1114

[15:29:36]	[Recv]	su 1 2073308 3 5017984 1114 7 11 4260 0 0 0 0 113070 3 0 0 67711

[15:29:36]	[Recv]	lev 99 0 99 0 2140719000 5991794 66990112 2 0 90 917705181 0

[15:29:36]	[Recv]	cond 2 4988592 0 0 15

[15:29:36]	[Send]	ptctl 5443 1 4988603 24 47 4988603 15
[15:29:36]	[Send]	suctl 5443 1 4988603 3 5017986
[15:29:36]	[Recv]	sp 416026 1000000 0 10000

[15:29:36]	[Recv]	ct 2 4988523 3 5017986 -1 -1 0

[15:29:36]	[Send]	ptctl 5443 1 4988592 21 43 4988592 15
[15:29:36]	[Recv]	cond 2 4988603 0 0 15

[15:29:36]	[Recv]	su 2 4988523 3 5017986 0 11 11 4742 0 0 1 100 1 0 0 12525 12526

[15:29:36]	[Recv]	ct 2 4988573 3 5017997 -1 -1 0

[15:29:36]	[Recv]	su 2 4988573 3 5017997 0 10 11 200 0 0 1 100 0 1 0 12526 12526

[15:29:36]	[Recv]	ct 2 4988617 3 5017995 -1 -1 0

[15:29:36]	[Recv]	su 2 4988617 3 5017995 0 10 11 8146 0 0 1 100 1 0 0 12525 12526

[15:29:36]	[Recv]	st 2 5017544 94 0 100 100 92062 184124 92062 184124 0

[15:29:36]	[Recv]	eff 2 4988603 5005

[15:29:36]	[Send]	ptctl 5443 2 4988603 29 47 4988592 29 45 4988603 15
[15:29:36]	[Send]	ncif 3 5017986
[15:29:36]	[Recv]	cond 2 4988592 0 0 15

[15:29:37]	[Send]	ptctl 5443 2 4988603 30 47 4988592 30 45 4988603 15
[15:29:37]	[Recv]	st 2 5017546 94 0 100 100 92062 184124 92062 184124 0

[15:29:37]	[Recv]	cond 1 2073308 0 0 18

[15:29:37]	[Recv]	cond 1 2073308 0 0 18

[15:29:37]	[Recv]	sr 0

[15:29:37]	[Recv]	cond 2 4988603 0 0 15

[15:29:37]	[Recv]	cond 2 4988592 0 0 15

[15:29:37]	[Recv]	ct 3 5017998 2 4988460 -1 -1 0

[15:29:37]	[Recv]	su 3 5017998 2 4988460 0 5 11 0 0 0 1 47 1106 0 0 2052 4356

[15:29:37]	[Recv]	eff 2 4988544 3007

[15:29:37]	[Recv]	sc_p 78 840 4988573 1 2989 0 0 0 423 456 224 5 70 0 203 35 215 35 188 2 6 10 8 7 2056 4021 3740 3740 0 15 0 @ 0 14 4 23 1811 1797 629 630

[15:29:37]	[Recv]	ct 2 4988603 3 5017986 -1 -1 0

[15:29:37]	[Recv]	su 2 4988603 3 5017986 0 12 11 8360 0 0 1 32 8454 0 0 4071 12526

[15:29:37]	[Recv]	st 3 5017986 99 0 32 100 4071 2828 12526 2828 0

[15:29:37]	[Send]	ptctl 5443 1 4988592 23 43 4988592 15
[15:29:37]	[Recv]	cond 1 2073308 0 0 18

[15:29:37]	[Recv]	cond 1 2073308 0 0 18

[15:29:37]	[Send]	u_s 0 3 5017986
[15:29:37]	[Recv]	ct 3 5017997 2 4988573 -1 -1 0

[15:29:37]	[Recv]	su 3 5017997 2 4988573 0 5 11 0 0 0 1 16 1406 3 0 650 4021

[15:29:37]	[Recv]	ct 3 5017995 2 4988617 -1 -1 0

[15:29:37]	[Recv]	su 3 5017995 2 4988617 0 5 11 0 0 0 1 94 70 0 0 7199 7621

[15:29:37]	[Recv]	ct 3 5017983 2 4988615 -1 -1 0

[15:29:37]	[Recv]	su 3 5017983 2 4988615 0 5 11 0 0 0 1 97 592 3 0 28267 28975

[15:29:37]	[Recv]	ct 2 4988460 3 5017998 -1 -1 0

[15:29:37]	[Recv]	sc_p 72 64 4988460 1 2991 0 0 0 442 475 237 4 100 0 205 31 194 31 193 0 -3 12 12 14 2052 4356 4210 4210 0 15 0 @ 0 13 3 30 1804 1798 0 1080

[15:29:37]	[Recv]	st 2 5017545 94 0 100 100 92062 184124 92062 184124 0

[15:29:37]	[Recv]	cond 2 4988603 0 0 15

[15:29:37]	[Recv]	cond 2 4988592 0 0 15

[15:29:37]	[Recv]	cond 2 4988592 0 0 15

[15:29:37]	[Send]	ncif 3 5017986
[15:29:37]	[Recv]	su 2 4988460 3 5017998 0 12 11 1007 0 0 1 100 1 0 0 12524 12526

[15:29:37]	[Recv]	cond 1 2073308 0 0 18

[15:29:37]	[Recv]	cond 1 2073308 0 0 18

[15:29:37]	[Send]	ptctl 5443 2 4988603 32 47 4988592 31 43 4988603 15
[15:29:37]	[Recv]	ct 2 4988544 3 5017985 -1 -1 0

[15:29:37]	[Recv]	eff 2 5017544 7739

[15:29:37]	[Recv]	ct 1 2073308 3 5017986 -1 -1 1114

[15:29:37]	[Recv]	su 1 2073308 3 5017986 1114 7 11 4260 0 0 0 0 107682 3 0 0 12526

[15:29:37]	[Recv]	lev 99 0 99 0 2140719000 5991794 66990112 2 0 90 917705181 0

[15:29:37]	[Send]	ptctl 5443 1 4988592 32 43 4988592 15
[15:29:37]	[Recv]	cond 2 4988603 0 0 15

[15:29:37]	[Recv]	cond 2 4988592 0 0 15

[15:29:38]	[Recv]	su 2 4988544 3 5017985 0 10 11 4398 0 0 1 11 5543 0 0 1469 12526

[15:29:38]	[Recv]	ct 2 4988615 3 5017983 -1 -1 0

[15:29:38]	[Recv]	su 2 4988615 3 5017983 0 12 11 7548 0 0 1 52 2935 0 0 6597 12526

[15:29:38]	[Recv]	eff 2 5017546 7739

[15:29:38]	[Recv]	cond 1 2073308 0 0 18

[15:29:38]	[Recv]	cond 1 2073308 0 0 18

[15:29:38]	[Send]	ptctl 5443 1 4988592 33 43 4988592 15
[15:29:38]	[Recv]	cond 2 4988592 0 0 15

[15:29:38]	[Send]	ptctl 5443 2 4988603 33 47 4988592 34 45 4988603 15
[15:29:38]	[Recv]	cond 1 2073308 0 0 18

[15:29:38]	[Recv]	cond 1 2073308 0 0 18

[15:29:38]	[Recv]	cond 2 4988592 0 0 15

[15:29:38]	[Send]	ptctl 5443 1 4988603 34 47 4988603 15
[15:29:38]	[Recv]	ct 3 5017998 2 4988460 -1 -1 0

[15:29:38]	[Recv]	su 3 5017998 2 4988460 0 5 11 0 0 0 1 47 0 1 0 2052 4356

[15:29:38]	[Recv]	eff 2 5017545 7739

[15:29:38]	[Recv]	cond 2 4988603 0 0 15

[15:29:38]	[Recv]	cond 2 4988592 0 0 15

[15:29:38]	[Recv]	sr 0

[15:29:38]	[Recv]	cond 2 4988603 0 0 15

[15:29:38]	[Send]	ptctl 5443 2 4988603 35 47 4988592 35 47 4988603 15
[15:29:38]	[Recv]	ct 3 5017997 2 4988573 -1 -1 0

[15:29:38]	[Recv]	su 3 5017997 2 4988573 0 5 11 0 0 0 0 0 708 0 0 0 4021

[15:29:38]	[Recv]	ct 3 5017995 2 4988617 -1 -1 0

[15:29:38]	[Recv]	su 3 5017995 2 4988617 0 5 11 0 0 0 1 93 70 0 0 7129 7621

[15:29:38]	[Recv]	ct 3 5017983 2 4988615 -1 -1 0

[15:29:38]	[Recv]	su 3 5017983 2 4988615 0 5 11 0 0 0 1 95 557 0 0 27710 28975

[15:29:38]	[Recv]	ct 2 4988590 3 5017996 -1 -1 0

[15:29:38]	[Recv]	su 2 4988590 3 5017996 0 10 11 4841 0 0 1 100 1 3 0 67710 67711

[15:29:38]	[Recv]	cond 2 4988603 0 0 15

[15:29:38]	[Recv]	cond 2 4988592 0 0 15

[15:29:38]	[Send]	ptctl 5443 2 4988603 36 48 4988592 37 45 4988603 15
[15:29:38]	[Recv]	st 2 5017544 94 0 100 100 92062 184124 92062 184124 0

[15:29:38]	[Recv]	cond 1 2073308 0 0 18

[15:29:38]	[Recv]	cond 1 2073308 0 0 18

[15:29:38]	[Recv]	cond 2 4988603 0 0 15

[15:29:38]	[Recv]	cond 2 4988592 0 0 15

[15:29:39]	[Recv]	ct 3 5017996 2 4988590 -1 -1 0

[15:29:39]	[Recv]	su 3 5017996 2 4988590 0 10 11 7174 0 0 1 98 348 0 0 15093 15441

[15:29:39]	[Recv]	ct 2 4988617 3 5017995 -1 -1 0

[15:29:39]	[Recv]	su 2 4988617 3 5017995 0 10 11 8146 0 0 1 100 1 0 0 12524 12526

[15:29:39]	[Recv]	st 2 5017546 94 0 100 100 92062 184124 92062 184124 0

[15:29:39]	[Send]	ptctl 5443 2 4988603 38 47 4988592 39 44 4988603 15
[15:29:39]	[Recv]	ct 2 4988523 3 5017985 -1 -1 0

[15:29:39]	[Recv]	cond 1 2073308 0 0 18

[15:29:39]	[Recv]	cond 1 2073308 0 0 18

[15:29:39]	[Recv]	cond 2 4988603 0 0 15

[15:29:39]	[Recv]	cond 2 4988592 0 0 15

[15:29:39]	[Recv]	su 2 4988523 3 5017985 0 11 11 4742 0 0 1 11 0 4 0 1469 12526

[15:29:39]	[Recv]	st 2 5017545 94 0 100 100 92062 184124 92062 184124 0

[15:29:39]	[Send]	ncif 3 5017996
[15:29:39]	[Recv]	ct 3 5017998 2 4988460 -1 -1 0

[15:29:39]	[Recv]	su 3 5017998 2 4988460 0 5 11 0 0 0 1 20 1183 3 0 869 4356

[15:29:39]	[Recv]	ct 2 4988614 3 5017983 -1 -1 0

[15:29:39]	[Recv]	su 2 4988614 3 5017983 0 15 11 7538 0 0 0 0 9314 0 0 0 12526

[15:29:39]	[Recv]	lev 99 0 99 0 2140719000 5991794 66990112 2 0 90 917705181 0

[15:29:39]	[Recv]	st 3 5017996 99 0 100 100 67710 2828 67711 2828 0

[15:29:39]	[Send]	ptctl 5443 2 4988603 40 51 4988592 40 49 4988603 15
[15:29:40]	[Recv]	eff 3 5017993 4799

[15:29:40]	[Recv]	cond 1 2073308 0 0 18

[15:29:40]	[Recv]	cond 1 2073308 0 0 18

[15:29:40]	[Send]	ptctl 5443 1 4988603 43 49 4988603 15
[15:29:40]	[Recv]	cond 2 4988603 0 0 15

[15:29:40]	[Recv]	cond 2 4988592 0 0 15

[15:29:40]	[Send]	ptctl 5443 1 4988592 43 47 4988592 15
[15:29:40]	[Recv]	ct 2 4988544 3 5017985 -1 -1 0

[15:29:40]	[Recv]	ct 2 4988460 3 5017998 -1 -1 0

[15:29:40]	[Recv]	out 2 4988573

[15:29:40]	[Recv]	cond 2 4988603 0 0 15

[15:29:40]	[Send]	ptctl 5443 1 4988603 44 49 4988603 15
[15:29:40]	[Recv]	cond 2 4988592 0 0 15

[15:29:40]	[Recv]	su 2 4988544 3 5017985 0 10 11 4398 0 0 0 0 5469 0 0 0 12526

[15:29:40]	[Recv]	lev 99 0 99 0 2140719000 5991794 66990112 2 0 90 917705181 0

[15:29:40]	[Recv]	su 2 4988460 3 5017998 0 12 11 1007 0 0 1 100 0 1 0 12524 12526

[15:29:40]	[Recv]	cond 2 4988603 0 0 15

[15:29:40]	[Send]	ncif 3 5017996
[15:29:40]	[Recv]	ct 3 5017995 2 4988617 -1 -1 0

[15:29:40]	[Recv]	su 3 5017995 2 4988617 0 5 11 0 0 0 1 89 347 0 0 6782 7621

[15:29:40]	[Recv]	st 3 5017996 99 0 100 100 67710 2828 67711 2828 0

[15:29:40]	[Recv]	ct 3 5017998 2 4988460 -1 -1 0

[15:29:40]	[Recv]	su 3 5017998 2 4988460 0 5 11 0 0 0 1 20 0 1 0 869 4356

[15:29:40]	[Recv]	ct 2 4988590 3 5017996 -1 -1 0

[15:29:40]	[Recv]	su 2 4988590 3 5017996 0 10 11 4841 0 0 1 100 1 0 0 67709 67711

[15:29:40]	[Recv]	st 2 5017544 94 0 100 100 92062 184124 92062 184124 0

[15:29:41]	[Recv]	st 2 5017546 94 0 100 100 92062 184124 92062 184124 0

[15:29:41]	[Recv]	cond 1 2073308 0 0 18

[15:29:41]	[Recv]	cond 1 2073308 0 0 18

[15:29:41]	[Send]	ptctl 5443 1 4988592 48 48 4988592 15
[15:29:41]	[Recv]	ct 3 5017996 2 4988590 -1 -1 0

[15:29:41]	[Recv]	su 3 5017996 2 4988590 0 10 11 7174 0 0 1 95 349 0 0 14744 15441

[15:29:41]	[Recv]	ct 2 4988617 3 5017995 -1 -1 0

[15:29:41]	[Recv]	su 2 4988617 3 5017995 0 10 11 8146 0 0 1 100 0 1 0 12524 12526

[15:29:41]	[Send]	ptctl 5443 1 4988603 49 49 4988603 15
[15:29:41]	[Recv]	cond 2 4988592 0 0 15

[15:29:41]	[Recv]	st 2 5017545 94 0 100 100 92062 184124 92062 184124 0

[15:29:41]	[Recv]	cond 2 4988603 0 0 15

[15:29:41]	[Send]	ncif 3 5017996
[15:29:41]	[Recv]	sp 416016 1000000 0 10000

[15:29:41]	[Send]	u_s 1 3 5017996
[15:29:41]	[Recv]	st 3 5017996 99 0 100 100 67709 2828 67711 2828 0

[15:29:41]	[Recv]	ct 3 5017995 2 4988617 -1 -1 0

[15:29:41]	[Recv]	su 3 5017995 2 4988617 0 5 11 0 0 0 1 88 70 0 0 6712 7621

[15:29:41]	[Recv]	ms_c 0

[15:29:41]	[Recv]	qslot 0 1.1.1 1.1.2 1.1.3 1.1.4 1.1.5 1.1.6 1.1.7 1.1.9 1.1.8 1.1.10 0.1.45 0.2.21 0.1.76 1.1.38 1.3.12 0.1.34 0.1.87 0.-1.-1 0.1.84 0.1.43 1.3.11 1.1.42 1.1.41 1.3.976 0.-1.-1 0.1.70 0.2.143 0.2.25 0.2.27 0.2.26

[15:29:41]	[Recv]	qslot 1 0.-1.-1 0.-1.-1 0.-1.-1 0.-1.-1 0.-1.-1 0.-1.-1 0.-1.-1 0.-1.-1 0.-1.-1 0.-1.-1 0.1.-1 0.1.-1 1.1.41 1.1.42 0.-1.-1 7.7.-1 7.7.-1 7.7.-1 7.7.-1 0.-1.-1 0.-1.-1 0.-1.-1 0.-1.-1 0.-1.-1 0.-1.-1 0.-1.-1 0.-1.-1 0.-1.-1 0.-1.-1 0.-1.-1

[15:29:41]	[Recv]	ct 1 2073308 3 5017996 14 4263 1115

[15:29:42]	[Recv]	ct 3 5017998 2 4988460 -1 -1 0

[15:29:42]	[Recv]	su 3 5017998 2 4988460 0 5 11 0 0 0 0 0 1192 3 0 0 4356

[15:29:42]	[Send]	ptctl 5443 1 4988592 52 52 4988592 15
[15:29:42]	[Send]	ptctl 5443 1 4988603 53 53 4988603 15
[15:29:42]	[Recv]	eff 2 4988544 3007

[15:29:42]	[Recv]	su 1 2073308 3 5017996 1115 70 12 4264 0 0 1 36 43331 0 0 24378 67711

[15:29:42]	[Recv]	mslot 1127 -1

[15:29:42]	[Recv]	qset 0 0 1.1.13.0

[15:29:42]	[Recv]	cond 2 4988592 0 0 15

[15:29:42]	[Recv]	sayi 1 2073308 20 22 3 4126 0 0 0

[15:29:42]	[Recv]	bf 1 2073308 0.4126.0 99

[15:29:42]	[Recv]	cond 2 4988603 0 0 15

[15:29:42]	[Recv]	cond 2 4988573 0 0 10

[15:29:42]	[Recv]	petski 334 1831 1798

[15:29:42]	[Recv]	pet_cool2  0 0 0

[15:29:42]	[Recv]	pinit 2 2|4988603|0|94|@|-1|3206|1|2723|0|0 2|4988592|1|96|@|-1|1548|0|0|0|60

[15:29:42]	[Send]	ptctl 5443 2 4988603 46 51 4988592 45 49 4988603 15
[15:29:42]	[Send]	ptctl 5443 2 4988603 45 49 4988592 44 50 4988603 15
[15:29:42]	[Send]	ncif 3 5017996
[15:29:42]	[Recv]	cond 1 2073308 0 0 18

[15:29:42]	[Recv]	cond 1 2073308 0 0 18

[15:29:42]	[Recv]	cond 2 4988603 0 0 15

[15:29:42]	[Recv]	cond 2 4988592 0 0 15

[15:29:42]	[Send]	ptctl 5443 1 4988603 45 51 4988603 15
[15:29:42]	[Recv]	st 2 5017544 94 0 100 100 92062 184124 92062 184124 0

[15:29:42]	[Recv]	eff 2 5017544 7739

[15:29:42]	[Recv]	cond 2 4988603 0 0 15

[15:29:42]	[Recv]	cond 2 4988592 0 0 15

[15:29:42]	[Send]	ptctl 5443 2 4988603 44 50 4988592 43 50 4988603 15
[15:29:42]	[Recv]	st 3 5017996 99 0 36 100 24378 2828 67711 2828 0

[15:29:43]	[Recv]	ct 3 5017995 2 4988617 -1 -1 0

[15:29:43]	[Recv]	su 3 5017995 2 4988617 0 5 11 0 0 0 1 83 348 0 0 6364 7621

[15:29:43]	[Recv]	ct 2 4988590 3 5017996 -1 -1 0

[15:29:43]	[Recv]	su 2 4988590 3 5017996 0 10 11 4841 0 0 1 36 1 0 0 24377 67711

[15:29:43]	[Recv]	st 2 5017546 94 0 100 100 92062 184124 92062 184124 0

[15:29:43]	[Recv]	eff 2 5017546 7739

[15:29:43]	[Recv]	cond 2 4988603 0 0 15

[15:29:43]	[Send]	ptctl 5443 2 4988603 43 50 4988592 43 48 4988603 15
[15:29:43]	[Recv]	cond 2 4988603 0 0 15

[15:29:43]	[Recv]	cond 2 4988592 0 0 15

[15:29:43]	[Recv]	cond 2 4988603 0 0 15

[15:29:43]	[Recv]	cond 2 4988592 0 0 15

[15:29:43]	[Recv]	ct 3 5017996 2 4988590 -1 -1 0

[15:29:43]	[Recv]	su 3 5017996 2 4988590 0 10 11 7174 0 0 1 95 47 0 0 14697 15441

[15:29:43]	[Recv]	ct 2 4988617 3 5017995 -1 -1 0

[15:29:43]	[Recv]	su 2 4988617 3 5017995 0 10 11 8146 0 0 1 100 0 1 0 12524 12526

[15:29:43]	[Recv]	st 2 5017545 94 0 100 100 92062 184124 92062 184124 0

[15:29:43]	[Recv]	eff 2 5017545 7739

[15:29:43]	[Recv]	out 2 4988460

[15:29:43]	[Send]	ncif 3 5017996
[15:29:43]	[Recv]	st 3 5017996 99 0 36 100 24377 2828 67711 2828 0

[15:29:43]	[Send]	ptctl 5443 2 4988603 44 46 4988592 43 43 4988603 15
[15:29:43]	[Recv]	cond 1 2073308 0 0 18

[15:29:43]	[Recv]	cond 1 2073308 0 0 18

[15:29:43]	[Recv]	cond 2 4988603 0 0 15

[15:29:43]	[Recv]	cond 2 4988592 0 0 15

[15:29:44]	[Send]	ncif 3 5017991
[15:29:44]	[Recv]	ct 3 5017995 2 4988617 -1 -1 0

[15:29:44]	[Recv]	su 3 5017995 2 4988617 0 5 11 0 0 0 1 82 70 0 0 6294 7621

[15:29:44]	[Recv]	sc_p 74 1538 4988590 1 2985 0 0 0 1330 1388 730 18 150 0 622 74 624 74 619 2 90 110 100 100 14697 15441 15070 15070 0 15 0 @ 0 16 6 60 1819 1831 0 100

[15:29:44]	[Recv]	sc_p 77 2731 4988617 1 2985 0 0 0 820 850 450 15 80 0 345 38 350 38 360 4 83 93 73 108 6294 7621 7260 7260 0 15 0 @ 0 15 5 40 1805 1820 3 2130

[15:29:44]	[Recv]	st 3 5017991 99 0 100 100 67711 2828 67711 2828 0

[15:29:44]	[Send]	ptctl 5443 1 4988592 43 39 4988592 15
[15:29:44]	[Recv]	ct 3 5017991 2 4988592 -1 -1 0

[15:29:44]	[Recv]	su 3 5017991 2 4988592 0 10 11 7174 0 0 1 97 23 0 0 56412 57771

[15:29:44]	[Send]	u_s 13 3 5017991
[15:29:44]	[Recv]	cond 2 4988592 0 0 15

[15:29:44]	[Send]	ptctl 5443 1 4988603 44 41 4988603 15
[15:29:44]	[Recv]	cond 1 2073308 0 0 18

[15:29:44]	[Recv]	cond 1 2073308 0 0 18

[15:29:44]	[Recv]	ms_c 0

[15:29:44]	[Recv]	qslot 0 1.1.1 1.1.2 1.1.3 1.1.4 1.1.5 1.1.6 1.1.7 1.1.9 1.1.8 1.1.10 0.1.45 0.2.21 0.1.76 1.1.38 1.3.12 0.1.34 0.1.87 0.-1.-1 0.1.84 0.1.43 1.3.11 1.1.42 1.1.41 1.3.976 0.-1.-1 0.1.70 0.2.143 0.2.25 0.2.27 0.2.26

[15:29:44]	[Recv]	qslot 1 0.-1.-1 0.-1.-1 0.-1.-1 0.-1.-1 0.-1.-1 0.-1.-1 0.-1.-1 0.-1.-1 0.-1.-1 0.-1.-1 0.1.-1 0.1.-1 1.1.41 1.1.42 0.-1.-1 7.7.-1 7.7.-1 7.7.-1 7.7.-1 0.-1.-1 0.-1.-1 0.-1.-1 0.-1.-1 0.-1.-1 0.-1.-1 0.-1.-1 0.-1.-1 0.-1.-1 0.-1.-1 0.-1.-1

[15:29:44]	[Recv]	ct 3 5017989 2 4988592 -1 -1 0

[15:29:44]	[Recv]	su 3 5017989 2 4988592 0 10 11 4757 0 0 1 97 145 0 0 56267 57771

[15:29:44]	[Recv]	ct 3 5017987 2 4988592 -1 -1 0

[15:29:44]	[Recv]	su 3 5017987 2 4988592 0 10 11 4757 0 0 1 97 143 0 0 56124 57771

[15:29:44]	[Recv]	st 2 5017544 94 0 100 100 92062 184124 92062 184124 0

[15:29:44]	[Recv]	ct 1 2073308 3 5017991 -1 -1 1127

[15:29:44]	[Recv]	su 1 2073308 3 5017991 1127 100 22 4284 0 0 1 33 45056 0 0 22655 67711

[15:29:44]	[Recv]	bf 3 5017991 0.572.120 99

[15:29:44]	[Recv]	su 1 2073308 3 5017993 1127 100 22 4284 0 0 0 0 116908 6 0 0 12526

[15:29:44]	[Recv]	lev 99 0 99 0 2140719000 5991794 66990112 2 0 90 917705181 0

[15:29:44]	[Recv]	eff 1 2073308 15

[15:29:44]	[Recv]	su 1 2073308 3 5017992 1127 100 22 4284 0 0 0 0 265978 6 0 0 100086

[15:29:44]	[Recv]	lev 99 0 99 0 2140719000 5991794 66990112 2 0 90 917705181 0

[15:29:44]	[Recv]	bf 3 5017990 0.4110.80 99

[15:29:44]	[Recv]	eff 3 5017990 0

[15:29:44]	[Recv]	eff 1 2073308 15

[15:29:44]	[Recv]	su 1 2073308 3 5017990 1127 100 22 4284 0 0 0 0 261874 6 0 0 100086

[15:29:44]	[Recv]	lev 99 0 99 0 2140719000 5991794 66990112 2 0 90 917705181 0

[15:29:44]	[Recv]	su 1 2073308 3 5017989 1127 100 22 4284 0 0 1 84 10464 5 0 57247 67711

[15:29:44]	[Recv]	su 1 2073308 3 5017987 1127 100 22 4284 0 0 0 0 84686 6 0 0 67711

[15:29:44]	[Recv]	lev 99 0 99 0 2140719000 5991794 66990112 2 0 90 917705181 0

[15:29:44]	[Recv]	cond 2 4988603 0 0 15

[15:29:44]	[Send]	ptctl 5443 2 4988603 44 49 4988592 43 46 4988603 15
[15:29:45]	[Recv]	st 2 5017546 94 0 100 100 92062 184124 92062 184124 0

[15:29:45]	[Recv]	cond 1 2073308 0 0 18

[15:29:45]	[Recv]	cond 1 2073308 0 0 18

[15:29:45]	[Send]	ptctl 5443 1 4988603 44 50 4988603 15
[15:29:45]	[Send]	ncif 3 5017991
[15:29:45]	[Recv]	cond 2 4988603 0 0 15

[15:29:45]	[Recv]	cond 2 4988592 0 0 15

[15:29:45]	[Send]	ptctl 5443 2 4988603 44 51 4988592 43 47 4988603 15
[15:29:45]	[Recv]	ct 2 4988590 3 5017996 -1 -1 0

[15:29:45]	[Recv]	su 2 4988590 3 5017996 0 10 11 4841 0 0 1 36 1 0 0 24376 67711

[15:29:45]	[Recv]	cond 2 4988603 0 0 15

[15:29:45]	[Send]	ptctl 5443 2 4988603 44 52 4988592 43 48 4988603 15
[15:29:45]	[Recv]	st 3 5017991 99 0 33 100 22655 2828 67711 2828 0 572.99

[15:29:45]	[Recv]	ct 3 5017995 2 4988617 -1 -1 0

[15:29:45]	[Recv]	su 3 5017995 2 4988617 0 5 11 0 0 0 1 78 347 0 0 5947 7621

[15:29:45]	[Recv]	st 2 5017545 94 0 100 100 92062 184124 92062 184124 0

[15:29:45]	[Recv]	cond 2 4988603 0 0 15

[15:29:45]	[Recv]	cond 2 4988592 0 0 15

[15:29:45]	[Recv]	cond 1 2073308 0 0 18

[15:29:45]	[Recv]	cond 1 2073308 0 0 18

[15:29:45]	[Recv]	ct 3 5017996 2 4988590 -1 -1 0

[15:29:45]	[Recv]	su 3 5017996 2 4988590 0 10 11 7174 0 0 1 95 45 0 0 14652 15441

[15:29:45]	[Recv]	ct 2 4988617 3 5017995 -1 -1 0

[15:29:45]	[Recv]	su 2 4988617 3 5017995 0 10 11 8146 0 0 1 100 0 1 0 12524 12526

[15:29:45]	[Recv]	cond 2 4988603 0 0 15

[15:29:45]	[Recv]	cond 2 4988592 0 0 15

[15:29:45]	[Send]	ptctl 5443 2 4988603 46 55 4988592 44 51 4988603 15
[15:29:45]	[Recv]	cond 1 2073308 0 0 18

[15:29:45]	[Recv]	cond 1 2073308 0 0 18

[15:29:46]	[Recv]	cond 2 4988603 0 0 15

[15:29:46]	[Recv]	cond 2 4988592 0 0 15

[15:29:46]	[Send]	ncif 2 4988590
[15:29:46]	[Send]	ptctl 5443 2 4988603 49 52 4988592 48 48 4988603 15
[15:29:46]	[Recv]	sc_p 170 1548 4988592 96 640 24082574 0 0 1889 2049 1289 19 90 9 975 627 958 627 866 3 90 90 110 80 56124 57771 18100 18100 1 84982200 0 @ 0 0 6 60 1831 1798 0 100

[15:29:46]	[Recv]	st 2 4988590 1 60 95 100 14652 15070 15441 15070 0 1047.1

[15:29:46]	[Recv]	cond 1 2073308 0 0 18

[15:29:46]	[Recv]	cond 1 2073308 0 0 18

[15:29:46]	[Recv]	cond 2 4988603 0 0 15

[15:29:46]	[Recv]	cond 2 4988592 0 0 15

[15:29:46]	[Recv]	ct 3 5017995 2 4988617 -1 -1 0

[15:29:46]	[Recv]	su 3 5017995 2 4988617 0 5 11 0 0 0 1 73 355 3 0 5592 7621

[15:29:46]	[Send]	ncif 3 5017996
[15:29:46]	[Send]	u_s 0 3 5017996
[15:29:46]	[Recv]	st 3 5017996 99 0 36 100 24376 2828 67711 2828 0

[15:29:46]	[Send]	ptctl 5443 1 4988592 51 51 4988592 15
[15:29:46]	[Recv]	st 2 5017544 94 0 100 100 92062 184124 92062 184124 0

[15:29:46]	[Recv]	cond 1 2073308 0 0 18

[15:29:46]	[Recv]	cond 1 2073308 0 0 18

[15:29:47]	[Recv]	st 2 5017546 94 0 100 100 92062 184124 92062 184124 0

[15:29:47]	[Recv]	ct 1 2073308 3 5017996 -1 -1 1114

[15:29:47]	[Recv]	eff 1 2073308 15

[15:29:47]	[Recv]	su 1 2073308 3 5017996 1114 7 11 4260 0 0 0 0 284435 3 0 0 67711

[15:29:47]	[Recv]	lev 99 0 99 0 2140719000 5991794 66990112 2 0 90 917705181 0

[15:29:47]	[Recv]	cond 2 4988592 0 0 15

[15:29:47]	[Send]	ptctl 5443 1 4988603 54 52 4988603 15
[15:29:47]	[Recv]	eff 2 4988544 3007

[15:29:47]	[Recv]	cond 2 4988603 0 0 15

[15:29:47]	[Send]	ptctl 5443 2 4988603 45 52 4988592 45 53 4988603 15
[15:29:47]	[Recv]	ct 3 5017997 2 4988592 -1 -1 0

[15:29:47]	[Recv]	su 3 5017997 2 4988592 0 5 11 0 0 0 1 97 36 0 0 56088 57771

[15:29:47]	[Recv]	st 2 5017545 94 0 100 100 92062 184124 92062 184124 0

[15:29:47]	[Recv]	cond 1 2073308 0 0 18

[15:29:47]	[Recv]	cond 1 2073308 0 0 18

[15:29:47]	[Send]	ncif 3 5017997
[15:29:47]	[Recv]	cond 2 4988603 0 0 15

[15:29:47]	[Recv]	cond 2 4988592 0 0 15

[15:29:47]	[Recv]	sp 416004 1000000 0 10000

[15:29:47]	[Recv]	st 3 5017997 99 0 100 100 12526 2828 12526 2828 0

[15:29:47]	[Recv]	sr 0

[15:29:47]	[Send]	ptctl 5443 1 4988592 50 51 4988592 15
[15:29:47]	[Send]	ptctl 5443 1 4988603 46 52 4988603 15
[15:29:47]	[Send]	suctl 5443 1 4988603 3 5017997
[15:29:47]	[Send]	u_s 0 3 5017997
[15:29:47]	[Recv]	ct 3 5017995 2 4988617 -1 -1 0

[15:29:47]	[Recv]	su 3 5017995 2 4988617 0 5 11 0 0 0 1 68 349 0 0 5243 7621

[15:29:47]	[Recv]	ct 2 4988617 3 5017995 -1 -1 0

[15:29:47]	[Recv]	su 2 4988617 3 5017995 0 10 11 8146 0 0 1 100 1 0 0 12523 12526

[15:29:47]	[Recv]	eff 2 5017544 7739

[15:29:47]	[Recv]	cond 2 4988592 0 0 15

[15:29:47]	[Recv]	cond 2 4988603 0 0 15

[15:29:48]	[Recv]	eff 2 5017546 7739

[15:29:48]	[Recv]	eff 2 4988603 5005

[15:29:48]	[Recv]	cond 1 2073308 0 0 18

[15:29:48]	[Recv]	cond 1 2073308 0 0 18

[15:29:48]	[Recv]	ct 1 2073308 3 5017997 -1 -1 1114

[15:29:48]	[Recv]	eff 1 2073308 15

[15:29:48]	[Recv]	su 1 2073308 3 5017997 1114 7 11 4260 0 0 0 0 260031 3 0 0 12526

[15:29:48]	[Recv]	lev 99 0 99 0 2140719000 5991794 66990112 2 0 90 917705181 0

[15:29:48]	[Recv]	ct 2 4988603 3 5017997 -1 -1 0

[15:29:48]	[Recv]	su 2 4988603 2 4988603 0 12 11 8360 0 0 1 96 0 2 0 18658 19451

[15:29:48]	[Recv]	eff 2 5017545 7739

[15:29:48]	[Send]	ncif 3 5017998
[15:29:48]	[Recv]	st 3 5017998 99 0 100 100 12524 2828 12526 2828 0

[15:29:48]	[Send]	ptctl 5443 1 4988592 51 55 4988592 15
[15:29:48]	[Recv]	st 2 5017544 94 0 100 100 92062 184124 92062 184124 0

[15:29:48]	[Recv]	cond 2 4988592 0 0 15

[15:29:49]	[Recv]	ct 3 5017995 2 4988617 -1 -1 0

[15:29:49]	[Recv]	su 3 5017995 2 4988617 0 5 11 0 0 0 1 68 0 1 0 5243 7621

[15:29:49]	[Recv]	st 2 5017546 94 0 100 100 92062 184124 92062 184124 0

[15:29:49]	[Recv]	sr 0

[15:29:49]	[Send]	suctl 5443 1 4988603 3 5017998
[15:29:49]	[Send]	u_s 0 3 5017998
[15:29:49]	[Recv]	ct 3 5017991 2 4988603 -1 -1 0

[15:29:49]	[Recv]	sr 1

[15:29:49]	[Recv]	eff 2 4988603 5005

[15:29:49]	[Send]	ptctl 5443 1 4988592 51 56 4988592 15
[15:29:49]	[Recv]	su 3 5017991 2 4988603 0 10 11 7174 0 0 1 95 140 0 0 18518 19451

[15:29:49]	[Recv]	st 2 5017545 94 0 100 100 92062 184124 92062 184124 0

[15:29:49]	[Recv]	ct 1 2073308 3 5017998 -1 -1 1114

[15:29:49]	[Recv]	eff 1 2073308 15

[15:29:49]	[Recv]	su 1 2073308 3 5017998 1114 7 11 4260 0 0 0 0 262776 3 0 0 12526

[15:29:49]	[Recv]	lev 99 0 99 0 2140719000 5991794 66990112 2 0 90 917705181 0

[15:29:49]	[Recv]	cond 2 4988592 0 0 15

[15:29:49]	[Recv]	ct 3 5017989 2 4988603 -1 -1 0

[15:29:49]	[Recv]	su 3 5017989 2 4988603 0 10 11 4757 0 0 1 94 128 0 0 18390 19451

[15:29:49]	[Send]	suctl 5443 1 4988592 3 5017998
[15:29:49]	[Send]	ptctl 5443 2 4988603 41 52 4988592 46 56 4988603 15
[15:29:50]	[Send]	ptctl 5443 2 4988603 40 50 4988592 45 55 4988603 15
[15:29:50]	[Recv]	ct 2 4988617 3 5017995 -1 -1 0

[15:29:50]	[Recv]	su 2 4988617 3 5017995 0 10 11 8146 0 0 1 100 0 1 0 12523 12526

[15:29:50]	[Recv]	cond 1 2073308 0 0 18

[15:29:50]	[Recv]	cond 1 2073308 0 0 18

[15:29:50]	[Recv]	sr 0

[15:29:50]	[Recv]	cond 2 4988603 0 0 15

[15:29:50]	[Recv]	cond 2 4988592 0 0 15

[15:29:50]	[Recv]	ct 3 5017995 2 4988617 -1 -1 0

[15:29:50]	[Recv]	su 3 5017995 2 4988617 0 5 11 0 0 0 1 64 350 3 0 4893 7621

[15:29:50]	[Recv]	cond 1 2073308 0 0 18

[15:29:50]	[Recv]	cond 1 2073308 0 0 18

[15:29:50]	[Recv]	cond 2 4988603 0 0 15

[15:29:50]	[Recv]	cond 2 4988592 0 0 15

[15:29:50]	[Send]	ncif 3 5017988
[15:29:50]	[Recv]	st 3 5017988 99 0 100 100 100086 2828 100086 2828 0

[15:29:50]	[Send]	u_s 0 3 5017988
[15:29:50]	[Send]	suctl 5443 1 4988603 3 5017988
[15:29:50]	[Recv]	st 2 5017544 94 0 100 100 92062 184124 92062 184124 0

[15:29:50]	[Recv]	cond 1 2073308 0 0 18

[15:29:50]	[Recv]	cond 1 2073308 0 0 18

[15:29:50]	[Send]	ptctl 5443 1 4988592 42 49 4988592 15
[15:29:51]	[Recv]	st 2 5017546 94 0 100 100 92062 184124 92062 184124 0

[15:29:51]	[Recv]	ct 1 2073308 3 5017988 -1 -1 1114

[15:29:51]	[Recv]	su 1 2073308 3 5017988 1114 7 11 4260 0 0 1 100 0 4 0 100086 100086

[15:29:51]	[Recv]	eff 2 4988603 5005

[15:29:51]	[Recv]	cond 2 4988592 0 0 15

[15:29:51]	[Send]	ptctl 5443 2 4988603 35 50 4988592 39 53 4988603 15
[15:29:51]	[Recv]	ct 3 5017995 2 4988617 -1 -1 0

[15:29:51]	[Recv]	su 3 5017995 2 4988617 0 5 11 0 0 0 1 63 70 0 0 4823 7621

[15:29:51]	[Recv]	ct 2 4988603 3 5017988 -1 -1 0

[15:29:51]	[Recv]	su 2 4988603 3 5017988 0 12 11 8360 0 0 1 92 7769 0 0 92317 100086

[15:29:51]	[Recv]	st 2 5017545 94 0 100 100 92062 184124 92062 184124 0

[15:29:51]	[Recv]	cond 1 2073308 0 0 18

[15:29:51]	[Recv]	cond 1 2073308 0 0 18

[15:29:51]	[Recv]	cond 2 4988603 0 0 15

[15:29:51]	[Recv]	cond 2 4988592 0 0 15

[15:29:51]	[Send]	ncif 3 5017988
[15:29:51]	[Recv]	ct 3 5017991 2 4988592 -1 -1 0

[15:29:51]	[Recv]	dm 3 5017991 198 1

[15:29:51]	[Recv]	st 3 5017988 99 0 92 100 92317 2828 100086 2828 0

[15:29:51]	[Send]	u_s 0 3 5017988
[15:29:51]	[Recv]	su 3 5017991 2 4988592 0 10 11 7174 0 0 1 97 23 0 0 56065 57771

[15:29:51]	[Recv]	ct 3 5017989 2 4988603 -1 -1 0

[15:29:51]	[Recv]	su 3 5017989 2 4988603 0 10 11 4757 0 0 1 94 127 0 0 18263 19451

[15:29:51]	[Recv]	sr 0

[15:29:51]	[Recv]	cond 1 2073308 0 0 18

[15:29:51]	[Recv]	cond 1 2073308 0 0 18

[15:29:51]	[Send]	ptctl 5443 1 4988592 40 49 4988592 15
[15:29:52]	[Recv]	ct 1 2073308 3 5017988 -1 -1 1114

[15:29:52]	[Recv]	su 1 2073308 3 5017988 1114 7 11 4260 0 0 1 74 17551 0 0 74766 100086

[15:29:52]	[Recv]	cond 2 4988592 0 0 15

[15:29:52]	[Send]	ptctl 5443 1 4988603 39 50 4988603 15
[15:29:52]	[Send]	suctl 5443 1 4988603 3 5017988
[15:29:52]	[Recv]	eff 2 4988544 3007

[15:29:52]	[Recv]	sc_p 0 2709 4988615 94 1798 11595282 1 0 1086 1264 1063 14 240 0 539 627 565 627 516 0 32 32 32 32 27710 28975 12890 12890 0 72875950 0 @ 0 8 4 28 1818 1825 201 930

[15:29:52]	[Recv]	ct 2 4988617 3 5017995 -1 -1 0

[15:29:52]	[Recv]	su 2 4988617 3 5017995 0 10 11 8146 0 0 1 100 0 1 0 12523 12526

[15:29:52]	[Recv]	cond 2 4988603 0 0 15

[15:29:52]	[Send]	ptctl 5443 2 4988603 36 51 4988592 36 52 4988603 15
[15:29:52]	[Recv]	sr 5

[15:29:52]	[Recv]	eff 2 4988603 5005

[15:29:52]	[Recv]	cond 1 2073308 0 0 18

[15:29:52]	[Recv]	cond 1 2073308 0 0 18

[15:29:52]	[Recv]	cond 2 4988603 0 0 15

[15:29:52]	[Recv]	cond 2 4988592 0 0 15

[15:29:52]	[Send]	ncif 3 5017988
[15:29:52]	[Recv]	sp 415994 1000000 0 10000

[15:29:52]	[Recv]	ct 3 5017995 2 4988617 -1 -1 0

[15:29:52]	[Recv]	su 3 5017995 2 4988617 0 5 11 0 0 0 1 63 0 1 0 4823 7621

[15:29:52]	[Recv]	ct 2 4988615 3 5017994 -1 -1 0

[15:29:52]	[Recv]	su 2 4988615 3 5017994 0 12 11 7548 0 0 1 96 3450 0 0 96636 100086

[15:29:52]	[Send]	u_s 0 3 5017988
[15:29:52]	[Send]	ptctl 5443 1 4988592 38 49 4988592 15
[15:29:52]	[Recv]	sr 0

[15:29:52]	[Recv]	st 3 5017988 99 0 74 100 74766 2828 100086 2828 0

[15:29:52]	[Recv]	ct 3 5017988 2 4988603 -1 -1 0

[15:29:52]	[Recv]	su 3 5017988 2 4988603 0 10 11 4789 0 0 1 94 0 1 0 18263 19451

[15:29:52]	[Recv]	st 2 5017544 94 0 100 100 92062 184124 92062 184124 0

[15:29:52]	[Recv]	eff 2 5017544 7739

[15:29:52]	[Recv]	cond 1 2073308 0 0 18

[15:29:52]	[Recv]	cond 1 2073308 0 0 18

[15:29:53]	[Send]	suctl 5443 1 4988592 3 5017988
[15:29:53]	[Recv]	st 2 5017546 94 0 100 100 92062 184124 92062 184124 0

[15:29:53]	[Recv]	eff 2 5017546 7739

[15:29:53]	[Recv]	ct 1 2073308 3 5017988 -1 -1 1114

[15:29:53]	[Recv]	eff 1 2073308 15

[15:29:53]	[Recv]	su 1 2073308 3 5017988 1114 7 11 4260 0 0 1 4 70085 0 0 4681 100086

[15:29:53]	[Recv]	cond 1 2073308 0 0 18

[15:29:53]	[Recv]	bf 1 2073308 0.4254.80 99

[15:29:53]	[Recv]	sayi 1 2073308 20 26 3 4254 0 0 0

[15:29:53]	[Recv]	sayi 1 2073308 20 23 3 4254 0 0 0

[15:29:53]	[Recv]	cond 2 4988592 0 0 15

[15:29:53]	[Recv]	eff 2 4988592 5005

[15:29:53]	[Recv]	ct 2 4988590 3 5017988 -1 -1 0

[15:29:53]	[Recv]	su 2 4988590 3 5017988 0 10 11 4841 0 0 1 4 1 3 0 4680 100086

[15:29:53]	[Recv]	out 2 4988590

[15:29:53]	[Recv]	out 2 4988617

[15:29:53]	[Recv]	sayi 1 2073308 20 22 3 1028 0 0 0

[15:29:53]	[Recv]	bf 1 2073308 0.1028.0 99

[15:29:53]	[Recv]	ct 2 4988592 3 5017988 -1 -1 0

[15:29:53]	[Recv]	su 2 4988592 3 5017988 0 10 11 0 0 0 1 4 0 1 0 4680 100086

[15:29:53]	[Recv]	st 2 5017545 94 0 100 100 92062 184124 92062 184124 0

[15:29:53]	[Recv]	eff 2 5017545 7739

[15:29:53]	[Send]	suctl 5443 1 4988603 3 5017988
[15:29:53]	[Send]	ptctl 5443 2 4988603 33 53 4988592 35 53 4988603 15
[15:29:53]	[Recv]	eff 2 4988603 5005

[15:29:53]	[Recv]	dm 3 5017991 198 1

[15:29:53]	[Recv]	ct 2 4988523 3 5017994 -1 -1 0

[15:29:53]	[Recv]	cond 1 2073308 0 0 18

[15:29:53]	[Recv]	cond 1 2073308 0 0 18

[15:29:53]	[Send]	ncif 3 5017988
[15:29:53]	[Send]	u_s 0 3 5017988
[15:29:53]	[Recv]	sr 0

[15:29:53]	[Recv]	cond 2 4988603 0 0 15

[15:29:53]	[Recv]	cond 2 4988592 0 0 15

[15:29:53]	[Recv]	su 2 4988523 3 5017994 0 11 11 4742 0 0 1 96 0 4 0 96636 100086

[15:29:53]	[Recv]	ct 2 4988603 3 5017988 -1 -1 0

[15:29:53]	[Recv]	su 2 4988603 3 5017988 0 12 11 8360 0 0 0 0 7789 0 0 0 100086

[15:29:53]	[Recv]	lev 99 0 99 0 2140719000 5991794 66990112 2 0 90 917705181 0

[15:29:53]	[Recv]	cond 1 2073308 0 0 18

[15:29:53]	[Recv]	cond 1 2073308 0 0 18

[15:29:54]	[Recv]	cancel 0 0 -1

[15:29:54]	[Send]	ptctl 5443 2 4988603 30 51 4988592 33 50 4988603 15
[15:29:54]	[Recv]	ct 3 5017994 2 4988523 -1 -1 0

[15:29:54]	[Recv]	su 3 5017994 2 4988523 0 10 11 4789 0 0 1 42 2538 0 0 1830 4368

[15:29:54]	[Recv]	cond 1 2073308 0 0 18

[15:29:54]	[Recv]	cond 1 2073308 0 0 18

[15:29:54]	[Send]	ptctl 5443 1 4988603 29 49 4988603 15
[15:29:54]	[Recv]	cond 2 4988603 0 0 15

[15:29:54]	[Recv]	cond 2 4988592 0 0 15

[15:29:54]	[Recv]	sc_p 8 567 4988523 1 2987 0 1 0 461 468 254 10 150 0 198 31 197 31 193 2 12 12 12 12 1830 4368 4224 4224 0 15 0 Hada^oval 0 7 3 30 1819 1797 0 1080

[15:29:54]	[Recv]	cond 1 2073308 0 0 18

[15:29:54]	[Recv]	cond 1 2073308 0 0 18

[15:29:54]	[Send]	ncif 3 5017994
[15:29:54]	[Recv]	cond 2 4988603 0 0 15

[15:29:54]	[Recv]	st 3 5017994 99 0 96 100 96636 2828 100086 2828 0

[15:29:54]	[Recv]	ct 3 5017991 2 4988592 -1 -1 0

[15:29:54]	[Recv]	ct 3 5017989 2 4988592 -1 -1 0

[15:29:54]	[Recv]	su 3 5017989 2 4988592 0 10 11 4757 0 0 1 96 145 0 0 55920 57771

[15:29:54]	[Recv]	st 2 5017544 94 0 100 100 92062 184124 92062 184124 0

[15:29:54]	[Recv]	sr 13

[15:29:54]	[Send]	ptctl 5443 1 4988603 32 52 4988603 15
[15:29:54]	[Send]	suctl 5443 1 4988603 3 5017994
[15:29:54]	[Recv]	out 2 4988523

[15:29:54]	[Recv]	out 2 4988544

[15:29:54]	[Recv]	out 2 4988614

[15:29:54]	[Recv]	out 2 4988615

[15:29:54]	[Recv]	sayi 1 2073308 20 22 3 1026 0 0 0

[15:29:54]	[Recv]	bf 1 2073308 0.1026.0 99

[15:29:54]	[Send]	u_s 0 3 5017994
[15:29:55]	[Send]	ptctl 5443 1 4988592 31 50 4988592 15
[15:29:55]	[Recv]	su 3 5017991 2 4988592 0 10 11 7174 0 0 1 96 23 0 0 55897 57771

[15:29:55]	[Recv]	st 2 5017546 94 0 100 100 92062 184124 92062 184124 0

[15:29:55]	[Recv]	cond 2 4988603 0 0 15

[15:29:55]	[Recv]	eff 2 4988603 5005

[15:29:55]	[Send]	ptctl 5443 2 4988603 37 52 4988592 37 52 4988603 15
[15:29:55]	[Recv]	ct 1 2073308 3 5017994 -1 -1 1114

[15:29:55]	[Recv]	su 1 2073308 3 5017994 1114 7 11 4260 0 0 1 78 18109 0 0 78527 100086

[15:29:55]	[Recv]	cond 2 4988592 0 0 15

[15:29:55]	[Send]	ptctl 5443 2 4988603 37 51 4988592 38 52 4988603 15
[15:29:55]	[Recv]	ct 2 4988603 3 5017994 -1 -1 0

[15:29:55]	[Recv]	su 2 4988603 3 5017994 0 12 11 8360 0 0 1 70 7800 0 0 70727 100086

[15:29:55]	[Recv]	st 2 5017545 94 0 100 100 92062 184124 92062 184124 0

[15:29:55]	[Recv]	cond 2 4988603 0 0 15

[15:29:55]	[Recv]	cond 2 4988592 0 0 15

[15:29:55]	[Send]	ncif 3 5017994
[15:29:55]	[Send]	ptctl 5443 2 4988603 38 51 4988592 39 52 4988603 15
[15:29:55]	[Recv]	cond 1 2073308 0 0 18

[15:29:55]	[Recv]	cond 1 2073308 0 0 18

[15:29:55]	[Recv]	dm 3 5017991 198 1

[15:29:55]	[Recv]	cond 2 4988603 0 0 15

[15:29:55]	[Recv]	cond 2 4988592 0 0 15

[15:29:55]	[Recv]	st 3 5017994 99 0 70 100 70727 2828 100086 2828 0

[15:29:55]	[Recv]	cond 2 4988603 0 0 15

[15:29:55]	[Recv]	cond 2 4988592 0 0 15

[15:29:56]	[Send]	ptctl 5443 1 4988592 32 50 4988592 15
[15:29:56]	[Recv]	sr 0

[15:29:56]	[Recv]	cond 2 4988592 0 0 15

[15:29:56]	[Send]	ptctl 5443 1 4988603 34 52 4988603 15
[15:29:56]	[Send]	suctl 5443 1 4988603 3 5017994
[15:29:56]	[Recv]	sc_p 170 1548 4988592 96 639 24083134 0 0 1889 2049 1289 19 90 9 975 627 958 627 866 3 90 90 110 80 55897 57771 18100 18100 1 84982200 0 @ 0 0 6 60 1831 1798 0 100

[15:29:56]	[Send]	u_s 8 3 5017994
[15:29:56]	[Recv]	cond 2 4988603 0 0 15

[15:29:56]	[Recv]	eff 2 4988603 5005

[15:29:56]	[Send]	ncif 3 5017994
[15:29:56]	[Recv]	cond 1 2073308 0 0 18

[15:29:56]	[Recv]	cond 1 2073308 0 0 18

[15:29:56]	[Recv]	ms_c 0

[15:29:56]	[Recv]	qslot 0 1.1.1 1.1.2 1.1.3 1.1.4 1.1.5 1.1.6 1.1.7 1.1.9 1.1.8 1.1.10 0.1.45 0.2.21 0.1.76 1.1.38 1.3.12 0.1.34 0.1.87 0.-1.-1 0.1.84 0.1.43 1.3.11 1.1.42 1.1.41 1.3.976 0.-1.-1 0.1.70 0.2.143 0.2.25 0.2.27 0.2.26

[15:29:56]	[Recv]	qslot 1 0.-1.-1 0.-1.-1 0.-1.-1 0.-1.-1 0.-1.-1 0.-1.-1 0.-1.-1 0.-1.-1 0.-1.-1 0.-1.-1 0.1.-1 0.1.-1 1.1.41 1.1.42 0.-1.-1 7.7.-1 7.7.-1 7.7.-1 7.7.-1 0.-1.-1 0.-1.-1 0.-1.-1 0.-1.-1 0.-1.-1 0.-1.-1 0.-1.-1 0.-1.-1 0.-1.-1 0.-1.-1 0.-1.-1

[15:29:56]	[Recv]	ct 1 2073308 3 5017994 -1 -1 1122

[15:29:56]	[Recv]	st 3 5017994 99 0 70 100 70727 2828 100086 2828 0

[15:29:56]	[Send]	suctl 5443 1 4988592 3 5017994
[15:29:56]	[Recv]	ct 2 4988603 3 5017994 -1 -1 0

[15:29:56]	[Recv]	eff 2 4988603 15

[15:29:56]	[Recv]	su 2 4988603 3 5017994 0 12 11 8360 0 0 1 57 13297 0 0 57430 100086

[15:29:56]	[Recv]	st 2 5017544 94 0 100 100 92062 184124 92062 184124 0

[15:29:56]	[Recv]	su 1 2073308 3 5017994 1122 150 41 4268 0 0 1 57 0 4 0 57430 100086

[15:29:56]	[Recv]	eff 2 4988592 5005

[15:29:57]	[Recv]	ct 3 5017994 2 4988592 -1 -1 0

[15:29:57]	[Recv]	su 3 5017994 2 4988592 0 10 11 4789 0 0 1 96 250 0 0 55647 57771

[15:29:57]	[Recv]	ct 3 5017989 1 2073308 -1 -1 0

[15:29:57]	[Recv]	su 3 5017989 1 2073308 0 10 11 4757 0 0 1 99 449 0 0 95048 95497

[15:29:57]	[Recv]	st 2 5017546 94 0 100 100 92062 184124 92062 184124 0

[15:29:57]	[Recv]	ct 3 5017991 2 4988592 -1 -1 0

[15:29:57]	[Recv]	su 3 5017991 2 4988592 0 10 11 7174 0 0 1 96 113 0 0 55534 57771

[15:29:57]	[Recv]	ct 2 4988592 3 5017994 -1 -1 0

[15:29:57]	[Recv]	su 2 4988592 3 5017994 0 10 11 0 0 0 1 39 17505 3 0 39925 100086

[15:29:57]	[Send]	ptctl 5443 2 4988603 39 52 4988592 37 50 4988603 15
[15:29:57]	[Recv]	st 2 5017545 94 0 100 100 92062 184124 92062 184124 0

[15:29:57]	[Recv]	cond 1 2073308 0 0 18

[15:29:57]	[Recv]	cond 1 2073308 0 0 18

[15:29:57]	[Send]	ptctl 5443 2 4988603 40 52 4988592 38 50 4988603 15
[15:29:57]	[Send]	ncif 3 5017994
[15:29:57]	[Recv]	cond 2 4988603 0 0 15

[15:29:57]	[Recv]	cond 2 4988592 0 0 15

[15:29:57]	[Recv]	sp 415984 1000000 0 10000

[15:29:57]	[Recv]	cond 1 2073308 0 0 18

[15:29:57]	[Recv]	cond 1 2073308 0 0 18

[15:29:57]	[Recv]	cond 2 4988603 0 0 15

[15:29:57]	[Recv]	cond 2 4988592 0 0 15

[15:29:57]	[Recv]	sayitemt 1 7153267 17 1 4458 Lost-Vayne {%s} e_info 0 4458 3 0 0 60 808 890 564 24 231 0 100 1200000 -1 0 0 9 0 1.10.7.0 1.16.53.0 2.1.135.0 2.20.65.0 3.5.1.0 3.26.17.0 4.2.18.0 12.35.31.0 11.34.13.0


[15:29:57]	[Send]	ptctl 5443 1 4988603 36 52 4988603 15
[15:29:57]	[Send]	suctl 5443 1 4988603 3 5017994
[15:29:57]	[Recv]	eff 2 5017544 7739

[15:29:57]	[Recv]	st 3 5017994 99 0 39 100 39925 2828 100086 2828 0

[15:29:57]	[Send]	u_s 1 3 5017994
[15:29:57]	[Send]	ptctl 5443 1 4988592 33 50 4988592 15
[15:29:57]	[Send]	suctl 5443 1 4988592 3 5017994
[15:29:57]	[Recv]	cond 2 4988603 0 0 15

[15:29:58]	[Recv]	eff 2 5017546 7739

[15:29:58]	[Recv]	eff 2 4988603 5005

[15:29:58]	[Recv]	cond 1 2073308 0 0 18

[15:29:58]	[Recv]	cond 1 2073308 0 0 18

[15:29:58]	[Recv]	ms_c 0

[15:29:58]	[Recv]	qslot 0 1.1.1 1.1.2 1.1.3 1.1.4 1.1.5 1.1.6 1.1.7 1.1.9 1.1.8 1.1.10 0.1.45 0.2.21 0.1.76 1.1.38 1.3.12 0.1.34 0.1.87 0.-1.-1 0.1.84 0.1.43 1.3.11 1.1.42 1.1.41 1.3.976 0.-1.-1 0.1.70 0.2.143 0.2.25 0.2.27 0.2.26

[15:29:58]	[Recv]	qslot 1 0.-1.-1 0.-1.-1 0.-1.-1 0.-1.-1 0.-1.-1 0.-1.-1 0.-1.-1 0.-1.-1 0.-1.-1 0.-1.-1 0.1.-1 0.1.-1 1.1.41 1.1.42 0.-1.-1 7.7.-1 7.7.-1 7.7.-1 7.7.-1 0.-1.-1 0.-1.-1 0.-1.-1 0.-1.-1 0.-1.-1 0.-1.-1 0.-1.-1 0.-1.-1 0.-1.-1 0.-1.-1 0.-1.-1

[15:29:58]	[Recv]	ct 1 2073308 3 5017994 14 4263 1115

[15:29:58]	[Recv]	cond 2 4988592 0 0 15

[15:29:58]	[Recv]	ct 2 4988603 3 5017994 -1 -1 0

[15:29:58]	[Recv]	su 2 4988603 3 5017994 0 12 11 8360 0 0 1 32 7756 0 0 32169 100086

[15:29:58]	[Recv]	eff 2 5017545 7739

[15:29:58]	[Recv]	eff 2 4988592 5005

[15:29:58]	[Send]	ncif 3 5017994
[15:29:58]	[Recv]	eff 1 2073308 15

[15:29:58]	[Recv]	rc 1 2073308 200 0

[15:29:58]	[Recv]	su 1 2073308 3 5017994 1115 70 12 4264 0 0 0 0 265398 3 0 0 100086

[15:29:58]	[Recv]	lev 99 0 99 0 2140719000 5991794 66990112 2 0 90 917705181 0

[15:29:58]	[Recv]	bf 1 2073308 0.4126.100 99

[15:29:58]	[Recv]	sayi 1 2073308 20 26 3 4126 0 0 0

[15:29:58]	[Recv]	ct 2 4988592 3 5017994 -1 -1 0

[15:29:58]	[Recv]	su 2 4988592 2 4988592 0 2 11 0 0 0 1 96 0 2 0 55534 57771

[15:29:58]	[Recv]	st 2 5017544 94 0 100 100 92062 184124 92062 184124 0

[15:29:59]	[Recv]	st 2 5017546 94 0 100 100 92062 184124 92062 184124 0

[15:29:59]	[Send]	suctl 5443 1 4988592 3 5017994
[15:29:59]	[Send]	ncif 3 5017991
[15:29:59]	[Recv]	ct 3 5017989 1 2073308 -1 -1 0

[15:29:59]	[Recv]	su 3 5017989 1 2073308 0 10 11 4757 0 0 1 99 450 0 0 94798 95497

[15:29:59]	[Recv]	st 3 5017991 99 0 32 100 22061 2828 67711 2828 0

[15:29:59]	[Send]	suctl 5443 1 4988603 3 5017991
[15:29:59]	[Recv]	ct 3 5017991 1 2073308 -1 -1 0

[15:29:59]	[Recv]	su 3 5017991 1 2073308 0 10 11 7174 0 0 1 98 448 0 0 94350 95497

[15:29:59]	[Recv]	st 2 5017545 94 0 100 100 92062 184124 92062 184124 0

[15:29:59]	[Recv]	eff 2 4988603 5005

[15:29:59]	[Send]	u_s 0 3 5017991
[15:29:59]	[Recv]	ct 1 2073308 3 5017991 -1 -1 1114

[15:29:59]	[Recv]	rc 1 2073308 200 0

[15:29:59]	[Recv]	su 1 2073308 3 5017991 1114 7 11 4260 0 0 0 0 118413 3 0 0 67711

[15:29:59]	[Recv]	lev 99 0 99 0 2140719000 5991794 66990112 2 0 90 917705181 0

[15:29:59]	[Send]	ncif 3 5017991
[15:29:59]	[Recv]	ct 2 4988603 3 5017991 -1 -1 0

[15:29:59]	[Recv]	su 2 4988603 2 4988603 0 12 11 8360 0 0 1 94 0 2 0 18263 19451

[15:29:59]	[Send]	ptctl 5443 2 4988603 40 49 4988592 38 49 4988603 15
[15:30:00]	[Recv]	cond 1 2073308 0 0 18

[15:30:00]	[Recv]	cond 1 2073308 0 0 18

[15:30:00]	[Recv]	cond 2 4988603 0 0 15

[15:30:00]	[Recv]	cond 2 4988592 0 0 15

[15:30:00]	[Send]	ptctl 5443 1 4988592 36 50 4988592 15
[15:30:00]	[Recv]	sr 0

[15:30:00]	[Recv]	cond 1 2073308 0 0 18

[15:30:00]	[Recv]	cond 1 2073308 0 0 18

[15:30:00]	[Send]	ncif 3 5017989
[15:30:00]	[Recv]	cond 2 4988592 0 0 15

[15:30:00]	[Send]	ptctl 5443 1 4988603 37 52 4988603 15
[15:30:00]	[Send]	u_s 0 3 5017989
[15:30:00]	[Send]	ptctl 5443 1 4988592 39 46 4988592 15
[15:30:00]	[Recv]	in 3 688 5018044 6 43 3 100 100 0 0 0 -1 0 0 -1 - 0 -1 0 0 0 0 0 0 0 0 0 0 0 0

[15:30:00]	[Recv]	msgi 0 679 0 0 0 0 0

[15:30:00]	[Recv]	in 3 726 5018045 7 42 1 100 100 0 0 0 -1 0 0 -1 - 0 -1 0 0 0 0 0 0 0 0 0 0 0 0

[15:30:00]	[Recv]	msgi 0 679 0 0 0 0 0

[15:30:00]	[Recv]	in 3 688 5018046 7 43 1 100 100 0 0 0 -1 0 0 -1 - 0 -1 0 0 0 0 0 0 0 0 0 0 0 0

[15:30:00]	[Recv]	msgi 0 679 0 0 0 0 0

[15:30:00]	[Recv]	in 3 688 5018047 8 43 7 100 100 0 0 0 -1 0 0 -1 - 0 -1 0 0 0 0 0 0 0 0 0 0 0 0

[15:30:00]	[Recv]	msgi 0 679 0 0 0 0 0

[15:30:00]	[Recv]	in 3 708 5018048 39 5 0 100 100 0 0 0 -1 0 0 -1 - 0 -1 0 0 0 0 0 0 0 0 0 0 0 0

[15:30:00]	[Recv]	msgi 0 679 0 0 0 0 0

[15:30:00]	[Recv]	in 3 700 5018049 39 6 4 100 100 0 0 0 -1 0 0 -1 - 0 -1 0 0 0 0 0 0 0 0 0 0 0 0

[15:30:00]	[Recv]	msgi 0 679 0 0 0 0 0

[15:30:00]	[Recv]	in 3 708 5018050 40 5 0 100 100 0 0 0 -1 0 0 -1 - 0 -1 0 0 0 0 0 0 0 0 0 0 0 0

[15:30:00]	[Recv]	msgi 0 679 0 0 0 0 0

[15:30:00]	[Recv]	in 3 700 5018051 40 6 5 100 100 0 0 0 -1 0 0 -1 - 0 -1 0 0 0 0 0 0 0 0 0 0 0 0

[15:30:00]	[Recv]	msgi 0 679 0 0 0 0 0

[15:30:00]	[Recv]	in 3 726 5018052 41 5 0 100 100 0 0 0 -1 0 0 -1 - 0 -1 0 0 0 0 0 0 0 0 0 0 0 0

[15:30:00]	[Recv]	msgi 0 679 0 0 0 0 0

[15:30:00]	[Recv]	in 3 700 5018053 41 6 4 100 100 0 0 0 -1 0 0 -1 - 0 -1 0 0 0 0 0 0 0 0 0 0 0 0

[15:30:00]	[Recv]	msgi 0 679 0 0 0 0 0

[15:30:00]	[Recv]	in 3 760 5018054 42 5 4 100 100 0 0 0 -1 0 0 -1 - 0 -1 0 0 0 0 0 0 0 0 0 0 0 0

[15:30:00]	[Recv]	msgi 0 679 0 0 0 0 0

[15:30:00]	[Recv]	in 3 700 5018055 42 6 1 100 100 0 0 0 -1 0 0 -1 - 0 -1 0 0 0 0 0 0 0 0 0 0 0 0

[15:30:00]	[Recv]	msgi 0 679 0 0 0 0 0

[15:30:00]	[Recv]	in 3 688 5018056 71 45 5 100 100 0 0 0 -1 0 0 -1 - 0 -1 0 0 0 0 0 0 0 0 0 0 0 0

[15:30:00]	[Recv]	msgi 0 679 0 0 0 0 0

[15:30:00]	[Recv]	in 3 726 5018057 72 44 1 100 100 0 0 0 -1 0 0 -1 - 0 -1 0 0 0 0 0 0 0 0 0 0 0 0

[15:30:00]	[Recv]	msgi 0 679 0 0 0 0 0

[15:30:00]	[Recv]	in 3 688 5018058 72 45 0 100 100 0 0 0 -1 0 0 -1 - 0 -1 0 0 0 0 0 0 0 0 0 0 0 0

[15:30:00]	[Recv]	msgi 0 679 0 0 0 0 0

[15:30:00]	[Recv]	in 3 688 5018059 74 45 0 100 100 0 0 0 -1 0 0 -1 - 0 -1 0 0 0 0 0 0 0 0 0 0 0 0

[15:30:00]	[Recv]	msgi 0 679 0 0 0 0 0

[15:30:00]	[Recv]	eff 3 5018057 5000

[15:30:00]	[Recv]	eff 3 5018053 5000

[15:30:00]	[Recv]	eff 3 5018049 5000

[15:30:00]	[Recv]	eff 3 5018045 5000

[15:30:00]	[Recv]	st 3 5017989 99 0 84 100 57247 2828 67711 2828 0

[15:30:00]	[Recv]	cond 2 4988603 0 0 15

[15:30:00]	[Send]	suctl 5443 1 4988603 3 5017989
[15:30:00]	[Recv]	st 2 5017544 94 0 100 100 92062 184124 92062 184124 0

[15:30:00]	[Recv]	sr 10

[15:30:00]	[Recv]	ct 1 2073308 3 5017989 -1 -1 1114

[15:30:00]	[Recv]	rc 1 2073308 200 0

[15:30:00]	[Recv]	su 1 2073308 3 5017989 1114 7 11 4260 0 0 1 68 10549 0 0 46698 67711

[15:30:00]	[Recv]	cond 1 2073308 0 0 18

[15:30:00]	[Recv]	sayi 1 2073308 20 22 3 4254 0 0 0

[15:30:00]	[Recv]	bf 1 2073308 0.4254.0 99

[15:30:00]	[Recv]	cond 2 4988592 0 0 15

[15:30:01]	[Recv]	st 2 5017546 94 0 100 100 92062 184124 92062 184124 0

[15:30:01]	[Recv]	eff 2 4988603 5005

[15:30:01]	[Recv]	ct 3 5017989 2 4988592 -1 -1 0

[15:30:01]	[Recv]	su 3 5017989 2 4988592 0 10 11 4757 0 0 1 95 145 0 0 55389 57771

[15:30:01]	[Recv]	ct 2 4988603 3 5017989 -1 -1 0

[15:30:01]	[Recv]	eff 2 4988603 15

[15:30:01]	[Recv]	su 2 4988603 3 5017989 0 12 11 8360 0 0 1 46 15402 0 0 31296 67711

[15:30:01]	[Recv]	st 2 5017545 94 0 100 100 92062 184124 92062 184124 0

[15:30:01]	[Send]	ncif 3 5017989
[15:30:01]	[Send]	ptctl 5443 1 4988592 40 45 4988592 15
[15:30:01]	[Recv]	sr 0

[15:30:01]	[Recv]	st 3 5017989 99 0 46 100 31296 2828 67711 2828 0

[15:30:01]	[Recv]	cond 2 4988592 0 0 15

[15:30:01]	[Send]	u_s 0 3 5017989
[15:30:01]	[Send]	suctl 5443 1 4988592 3 5017989
[15:30:01]	[Recv]	ct 1 2073308 3 5017989 -1 -1 1114

[15:30:01]	[Recv]	su 1 2073308 3 5017989 -1 0 -1 7687 -1 -1 1 43 1683 0 0

[15:30:01]	[Recv]	bf 3 5017989 0.1921.100 99

[15:30:01]	[Recv]	eff 3 5017989 0

[15:30:01]	[Recv]	rc 1 2073308 200 0

[15:30:01]	[Recv]	su 1 2073308 3 5017989 1114 7 11 4260 0 0 0 0 76961 3 0 0 67711

[15:30:01]	[Recv]	lev 99 0 99 0 2140719000 5991794 66990112 2 0 90 917705181 0

[15:30:02]	[Send]	suctl 5443 1 4988603 3 5017989
[15:30:02]	[Recv]	sp 415974 1000000 0 10000

[15:30:02]	[Recv]	sr 0

[15:30:02]	[Send]	u_ts 776 20 49
[15:30:02]	[Recv]	st 2 5017544 94 0 100 100 92062 184124 92062 184124 0

[15:30:02]	[Recv]	eff 2 5017544 7739

[15:30:02]	[Recv]	in 2 754 4988552 20 50 2 100 100 0 0 3 2073308 0 0 -1 @ 2 -1 0 0 0 0 0 0 0 0 0 0 10 2

[15:30:02]	[Recv]	ctl 2 4988552 0 1

[15:30:02]	[Recv]	in 2 668 4988542 22 49 2 100 100 0 0 3 2073308 0 0 -1 @ 2 -1 0 0 0 0 0 0 0 0 0 0 9 3

[15:30:02]	[Recv]	ctl 2 4988542 0 1

[15:30:02]	[Recv]	in 2 478 4988518 18 48 2 100 100 0 0 3 2073308 0 0 -1 @ 2 -1 0 0 0 0 0 0 0 0 0 0 11 2

[15:30:02]	[Recv]	ctl 2 4988518 0 1

[15:30:02]	[Recv]	in 2 181 4988472 22 49 2 100 100 0 0 3 2073308 0 0 -1 @ 2 -1 0 0 0 0 0 0 0 0 0 0 12 2

[15:30:02]	[Recv]	ctl 2 4988472 0 1

[15:30:02]	[Recv]	bf 1 2073308 0.1027.200 99

[15:30:02]	[Recv]	sayi 1 2073308 20 26 3 1027 0 0 0

[15:30:02]	[Recv]	team_cool 2 900

[15:30:03]	[Recv]	st 2 5017546 94 0 100 100 92062 184124 92062 184124 0

[15:30:03]	[Recv]	eff 2 5017546 7739

[15:30:03]	[Recv]	st 2 5017545 94 0 100 100 92062 184124 92062 184124 0

[15:30:03]	[Recv]	eff 2 5017545 7739

[15:30:03]	[Send]	u_s 5 1 2073308
[15:30:03]	[Recv]	ms_c 0

[15:30:03]	[Recv]	qslot 0 1.1.1 1.1.2 1.1.3 1.1.4 1.1.5 1.1.6 1.1.7 1.1.9 1.1.8 1.1.10 0.1.45 0.2.21 0.1.76 1.1.38 1.3.12 0.1.34 0.1.87 0.-1.-1 0.1.84 0.1.43 1.3.11 1.1.42 1.1.41 1.3.976 0.-1.-1 0.1.70 0.2.143 0.2.25 0.2.27 0.2.26

[15:30:03]	[Recv]	qslot 1 0.-1.-1 0.-1.-1 0.-1.-1 0.-1.-1 0.-1.-1 0.-1.-1 0.-1.-1 0.-1.-1 0.-1.-1 0.-1.-1 0.1.-1 0.1.-1 1.1.41 1.1.42 0.-1.-1 7.7.-1 7.7.-1 7.7.-1 7.7.-1 0.-1.-1 0.-1.-1 0.-1.-1 0.-1.-1 0.-1.-1 0.-1.-1 0.-1.-1 0.-1.-1 0.-1.-1 0.-1.-1 0.-1.-1

[15:30:03]	[Recv]	ct 1 2073308 1 2073308 -1 -1 1119

[15:30:03]	[Recv]	bf 1 2073308 0.561.3000 99

[15:30:03]	[Recv]	bf 1 2073308 0.578.1200 99

[15:30:03]	[Recv]	bf 1 2073308 0.941.0 99

[15:30:03]	[Recv]	bf 1 2073308 0.830.60 99

[15:30:03]	[Recv]	eff 1 2073308 0

[15:30:03]	[Recv]	sayi 1 2073308 20 26 3 830 0 0 0

[15:30:03]	[Recv]	su 1 2073308 1 2073308 1119 600 25 4265 0 0 1 99 0 -1 0 94950 95497

[15:30:03]	[Send]	ncif 3 5017995
[15:30:03]	[Recv]	st 3 5017995 99 0 100 100 12523 2828 12526 2828 0

[15:30:04]	[Send]	ptctl 5443 2 4988603 42 52 4988592 44 48 4988603 15
[15:30:04]	[Recv]	cond 1 2073308 0 0 18

[15:30:04]	[Recv]	cond 1 2073308 0 0 18

[15:30:04]	[Send]	ptctl 5443 2 4988603 43 52 4988592 44 49 4988603 15
[15:30:04]	[Recv]	cond 2 4988603 0 0 15

[15:30:04]	[Recv]	cond 2 4988592 0 0 15

[15:30:04]	[Recv]	ct 3 5017995 2 4988592 -1 -1 0

[15:30:04]	[Recv]	su 3 5017995 2 4988592 0 5 11 0 0 0 1 95 37 0 0 55352 57771

[15:30:04]	[Recv]	cond 1 2073308 0 0 18

[15:30:04]	[Recv]	cond 1 2073308 0 0 18

[15:30:04]	[Recv]	cond 2 4988603 0 0 15

[15:30:04]	[Recv]	cond 2 4988592 0 0 15

[15:30:04]	[Recv]	sc_p 62 181 4988472 55 2985 0 0 0 578 754 422 6 160 0 257 301 261 301 250 3 19 14 34 -6 12013 12013 3369 3369 0 850664 0 @ 0 12 2 20 1811 1825 0 500

[15:30:04]	[Recv]	sc_p 63 478 4988518 60 2991 0 0 0 639 803 452 17 150 0 295 341 336 341 287 2 24 36 49 27 21388 21388 3531 3531 0 1371320 0 @ 0 11 2 20 1811 1818 0 500

[15:30:04]	[Recv]	sc_p 68 668 4988542 52 2988 0 0 0 952 1077 502 6 120 0 329 286 343 286 322 0 37 37 37 37 16600 16600 5077 5077 0 678201 0 @ 0 9 3 30 1826 1818 0 1080

[15:30:04]	[Recv]	sc_p 69 754 4988552 53 2987 0 0 0 542 634 617 9 165 0 263 301 280 301 250 2 38 38 38 38 41888 41888 3307 3307 0 733605 0 @ 0 10 2 20 1825 1797 0 500

[15:30:04]	[Send]	u_ps 4988603 3 5017995 1
[15:30:04]	[Send]	ptctl 5443 1 4988603 41 52 4988603 15
[15:30:04]	[Send]	ptctl 5443 2 4988603 46 52 4988592 48 48 4988603 15
[15:30:04]	[Recv]	eff 3 5018054 4799

[15:30:04]	[Recv]	ct 2 4988518 3 5018046 -1 -1 0

[15:30:04]	[Recv]	su 2 4988518 3 5018046 0 9 11 4720 0 0 1 100 0 1 0 12526 12526

[15:30:04]	[Recv]	st 2 5017544 94 0 100 100 92062 184124 92062 184124 0

[15:30:04]	[Recv]	eff 2 4988603 5005

[15:30:04]	[Send]	ncif 3 5017995
[15:30:04]	[Recv]	cond 2 4988603 0 0 15

[15:30:04]	[Send]	ptctl 5443 1 4988603 46 50 4988603 15
[15:30:05]	[Recv]	ct 2 4988542 3 5018047 -1 -1 0

[15:30:05]	[Recv]	su 2 4988542 3 5018047 0 10 11 4755 0 0 1 84 1992 0 0 10534 12526

[15:30:05]	[Recv]	ct 2 4988552 3 5018047 -1 -1 0

[15:30:05]	[Recv]	su 2 4988552 3 5018047 0 11 11 1047 0 0 1 84 0 1 0 10534 12526

[15:30:05]	[Recv]	ct 2 4988603 3 5017995 14 8367 1881

[15:30:05]	[Recv]	st 2 5017546 94 0 100 100 92062 184124 92062 184124 0

[15:30:05]	[Recv]	cond 2 4988603 0 0 15

[15:30:05]	[Recv]	cond 2 4988592 0 0 15

[15:30:05]	[Recv]	st 3 5017995 99 0 100 100 12523 2828 12526 2828 0

[15:30:05]	[Recv]	ct 2 4988472 3 5018047 -1 -1 0

[15:30:05]	[Recv]	su 2 4988472 3 5018047 0 7 11 1006 0 0 1 46 4749 0 0 5785 12526

[15:30:05]	[Recv]	cond 2 4988603 0 0 15

[15:30:05]	[Recv]	st 2 5017545 94 0 100 100 92062 184124 92062 184124 0

[15:30:05]	[Recv]	sr 1

[15:30:05]	[Send]	ptctl 5443 1 4988592 44 47 4988592 15
[15:30:05]	[Send]	u_s 0 3 5017995
[15:30:05]	[Recv]	cond 2 4988592 0 0 15

[15:30:05]	[Recv]	ct 3 5018047 2 4988472 -1 -1 0

[15:30:05]	[Recv]	su 3 5018047 2 4988472 0 5 11 0 0 0 1 83 2019 3 0 9994 12013

[15:30:05]	[Recv]	su 2 4988603 3 5017995 1881 400 13 8368 0 0 1 27 9101 0 0 3422 12526

[15:30:05]	[Recv]	cond 1 2073308 0 0 18

[15:30:05]	[Recv]	cond 1 2073308 0 0 18

[15:30:05]	[Send]	ncif 3 5017995
[15:30:05]	[Send]	ptctl 5443 1 4988603 43 52 4988603 15
[15:30:05]	[Send]	suctl 5443 1 4988603 3 5017995
[15:30:06]	[Recv]	ct 3 5018046 2 4988518 -1 -1 0

[15:30:06]	[Recv]	su 3 5018046 2 4988518 0 5 11 0 0 0 1 96 801 0 0 20587 21388

[15:30:06]	[Recv]	ct 1 2073308 3 5017995 -1 -1 1114

[15:30:06]	[Recv]	eff 1 2073308 15

[15:30:06]	[Recv]	rc 1 2073308 200 0

[15:30:06]	[Recv]	su 1 2073308 3 5017995 1114 7 11 4260 0 0 0 0 80073 0 0 0 12526

[15:30:06]	[Recv]	lev 99 0 99 0 2140719000 5991794 66990112 2 0 90 917705181 0

[15:30:06]	[Send]	ptctl 5443 2 4988603 48 52 4988592 51 48 4988603 15
[15:30:06]	[Recv]	cond 2 4988603 0 0 15

[15:30:06]	[Send]	ptctl 5443 1 4988592 52 48 4988592 15
[15:30:06]	[Recv]	sc_p 170 1548 4988592 96 638 24083694 0 0 1889 2049 1289 19 90 9 975 627 958 627 866 3 90 90 110 80 55352 57771 18100 18100 1 84982200 0 @ 0 0 6 60 1831 1798 0 100

[15:30:06]	[Send]	ptctl 5443 1 4988592 53 48 4988592 15
[15:30:06]	[Recv]	cond 1 2073308 0 0 18

[15:30:06]	[Recv]	cond 1 2073308 0 0 18

[15:30:06]	[Recv]	cond 2 4988603 0 0 15

[15:30:06]	[Recv]	cond 2 4988592 0 0 15

[15:30:06]	[Recv]	cond 1 2073308 0 0 18

[15:30:06]	[Recv]	cond 1 2073308 0 0 18

[15:30:06]	[Recv]	cond 2 4988592 0 0 15

[15:30:06]	[Send]	ncif 3 5018056
[15:30:06]	[Recv]	sr 0

[15:30:06]	[Recv]	cond 2 4988592 0 0 15

[15:30:06]	[Recv]	ct 3 5018057 2 4988592 -1 -1 0

[15:30:06]	[Recv]	su 3 5018057 2 4988592 0 10 11 7174 0 0 1 95 113 0 0 55239 57771

[15:30:06]	[Recv]	ct 2 4988472 3 5018047 -1 -1 0

[15:30:06]	[Recv]	su 2 4988472 3 5018047 0 9 11 1006 0 0 1 46 0 1 0 5785 12526

[15:30:06]	[Recv]	ct 2 4988518 3 5018046 -1 -1 0

[15:30:06]	[Recv]	su 2 4988518 3 5018046 0 9 11 4720 0 0 1 100 0 1 0 12526 12526

[15:30:06]	[Recv]	st 2 5017544 94 0 100 100 92062 184124 92062 184124 0

[15:30:06]	[Recv]	st 3 5018056 99 0 100 100 12526 2828 12526 2828 0

[15:30:07]	[Recv]	ct 3 5018047 2 4988472 -1 -1 0

[15:30:07]	[Recv]	su 3 5018047 2 4988472 0 5 11 0 0 0 1 67 1898 0 0 8096 12013

[15:30:07]	[Recv]	st 2 5017546 94 0 100 100 92062 184124 92062 184124 0

[15:30:07]	[Send]	ptctl 5443 1 4988592 56 52 4988592 15
[15:30:07]	[Recv]	ct 3 5018046 2 4988518 -1 -1 0

[15:30:07]	[Recv]	su 3 5018046 2 4988518 0 5 11 0 0 0 1 92 813 0 0 19774 21388

[15:30:07]	[Recv]	ct 2 4988542 3 5018047 -1 -1 0

[15:30:07]	[Recv]	su 2 4988542 3 5018047 0 10 11 4755 0 0 1 29 2052 0 0 3733 12526

[15:30:07]	[Recv]	cond 2 4988592 0 0 15

[15:30:07]	[Send]	u_s 1 3 5018056
[15:30:07]	[Recv]	ct 2 4988552 3 5018047 10 -1 960

[15:30:07]	[Recv]	st 2 5017545 94 0 100 100 92062 184124 92062 184124 0

[15:30:07]	[Send]	ptctl 5443 1 4988592 56 54 4988592 15
[15:30:07]	[Recv]	cond 1 2073308 0 0 18

[15:30:07]	[Recv]	cond 1 2073308 0 0 18

[15:30:07]	[Recv]	sp 415964 1000000 0 10000

[15:30:07]	[Recv]	ms_c 0

[15:30:07]	[Recv]	qslot 0 1.1.1 1.1.2 1.1.3 1.1.4 1.1.5 1.1.6 1.1.7 1.1.9 1.1.8 1.1.10 0.1.45 0.2.21 0.1.76 1.1.38 1.3.12 0.1.34 0.1.87 0.-1.-1 0.1.84 0.1.43 1.3.11 1.1.42 1.1.41 1.3.976 0.-1.-1 0.1.70 0.2.143 0.2.25 0.2.27 0.2.26

[15:30:07]	[Recv]	qslot 1 0.-1.-1 0.-1.-1 0.-1.-1 0.-1.-1 0.-1.-1 0.-1.-1 0.-1.-1 0.-1.-1 0.-1.-1 0.-1.-1 0.1.-1 0.1.-1 1.1.41 1.1.42 0.-1.-1 7.7.-1 7.7.-1 7.7.-1 7.7.-1 0.-1.-1 0.-1.-1 0.-1.-1 0.-1.-1 0.-1.-1 0.-1.-1 0.-1.-1 0.-1.-1 0.-1.-1 0.-1.-1 0.-1.-1

[15:30:07]	[Send]	ncif 3 5018056
[15:30:07]	[Recv]	ct 1 2073308 3 5018056 14 4263 1115

[15:30:07]	[Recv]	cond 2 4988592 0 0 15

[15:30:07]	[Recv]	eff 2 5017544 7739

[15:30:07]	[Recv]	st 3 5018056 99 0 100 100 12526 2828 12526 2828 0

[15:30:08]	[Recv]	su 2 4988552 3 5018047 960 12 11 1047 0 0 1 6 2878 0 0 855 12526

[15:30:08]	[Recv]	eff 2 5017546 7739

[15:30:08]	[Recv]	eff 1 2073308 15

[15:30:08]	[Recv]	rc 1 2073308 200 0

[15:30:08]	[Recv]	su 1 2073308 3 5018056 1115 70 12 4264 0 0 0 0 84636 0 0 0 12526

[15:30:08]	[Recv]	lev 99 0 99 0 2140719000 5991794 66990112 2 0 90 917705181 0

[15:30:08]	[Recv]	bf 3 5018059 0.4110.80 99

[15:30:08]	[Recv]	eff 3 5018059 0

[15:30:08]	[Recv]	eff 1 2073308 15

[15:30:08]	[Recv]	su 1 2073308 3 5018059 1115 70 12 4264 0 0 0 0 268353 6 0 0 12526

[15:30:08]	[Recv]	lev 99 0 99 0 2140719000 5991794 66990112 2 0 90 917705181 0

[15:30:08]	[Send]	ptctl 5443 1 4988592 57 57 4988592 15
[15:30:08]	[Recv]	cond 2 4988592 0 0 15

[15:30:08]	[Send]	ptctl 5443 1 4988603 53 52 4988603 15
[15:30:08]	[Recv]	ct 3 5018047 2 4988472 -1 -1 0

[15:30:08]	[Recv]	su 3 5018047 2 4988472 0 5 11 0 0 0 1 51 1926 0 0 6170 12013

[15:30:08]	[Recv]	cond 2 4988603 0 0 15

[15:30:08]	[Send]	ptctl 5443 1 4988592 55 55 4988592 15
[15:30:08]	[Recv]	ct 3 5018046 2 4988518 -1 -1 0

[15:30:08]	[Recv]	su 3 5018046 2 4988518 0 5 11 0 0 0 1 92 0 1 0 19774 21388

[15:30:08]	[Recv]	eff 2 5017545 7739

[15:30:08]	[Send]	ptctl 5443 1 4988603 51 52 4988603 15
[15:30:08]	[Recv]	sayi 1 2073308 20 22 3 4126 0 0 0

[15:30:08]	[Recv]	bf 1 2073308 0.4126.0 99

[15:30:08]	[Recv]	cond 2 4988592 0 0 15

[15:30:08]	[Recv]	cond 2 4988603 0 0 15

[15:30:08]	[Send]	ncif 3 5018058
[15:30:08]	[Recv]	ct 2 4988472 3 5018047 -1 -1 0

[15:30:08]	[Recv]	su 2 4988472 3 5018047 0 9 11 1006 0 0 0 0 4771 0 0 0 12526

[15:30:08]	[Recv]	lev 99 0 99 0 2140719000 5991794 66990112 2 0 90 917705181 0

[15:30:08]	[Recv]	ct 2 4988518 3 5018046 -1 -1 0

[15:30:08]	[Recv]	su 2 4988518 3 5018046 0 9 11 4720 0 0 1 100 0 1 0 12526 12526

[15:30:08]	[Recv]	st 2 5017544 94 0 100 100 92062 184124 92062 184124 0

[15:30:08]	[Recv]	st 3 5018058 99 0 100 100 12526 2828 12526 2828 0

[15:30:08]	[Send]	u_s 0 3 5018058
[15:30:08]	[Send]	ptctl 5443 1 4988592 55 50 4988592 15
[15:30:08]	[Send]	suctl 5443 1 4988603 3 5018058
[15:30:09]	[Recv]	st 2 5017546 94 0 100 100 92062 184124 92062 184124 0

[15:30:09]	[Recv]	ct 1 2073308 3 5018058 -1 -1 1114

[15:30:09]	[Recv]	rc 1 2073308 147 0

[15:30:09]	[Recv]	su 1 2073308 3 5018058 1114 7 11 4260 0 0 0 0 32286 0 0 0 12526

[15:30:09]	[Recv]	lev 99 0 99 0 2140719000 5991794 66990112 2 0 90 917705181 0

[15:30:09]	[Recv]	cond 2 4988592 0 0 15

[15:30:09]	[Recv]	ct 3 5018057 1 2073308 -1 -1 0

[15:30:09]	[Recv]	su 3 5018057 1 2073308 0 10 11 7174 0 0 1 99 450 0 0 95047 95497

[15:30:09]	[Send]	ncif 3 5018058
[15:30:09]	[Send]	ptctl 5443 2 4988603 46 52 4988592 50 52 4988603 15
[15:30:09]	[Recv]	st 2 5017545 94 0 100 100 92062 184124 92062 184124 0

[15:30:09]	[Recv]	cond 1 2073308 0 0 18

[15:30:09]	[Recv]	cond 1 2073308 0 0 18

[15:30:09]	[Recv]	cond 2 4988603 0 0 15

[15:30:09]	[Recv]	cond 2 4988592 0 0 15

[15:30:09]	[Recv]	ct 3 5018046 2 4988518 -1 -1 0

[15:30:09]	[Recv]	su 3 5018046 2 4988518 0 5 11 0 0 0 1 88 845 3 0 18929 21388

[15:30:09]	[Recv]	sayi 1 2073308 20 22 3 830 0 0 0

[15:30:09]	[Recv]	bf 1 2073308 0.830.0 99

[15:30:09]	[Recv]	bf 1 2073308 0.941.3000 99

[15:30:09]	[Recv]	sayi 1 2073308 20 26 3 941 0 0 0

[15:30:09]	[Send]	ptctl 5443 1 4988592 53 50 4988592 15
[15:30:09]	[Recv]	eff 3 5018054 4799

[15:30:09]	[Recv]	sr 0

[15:30:09]	[Send]	ptctl 5443 1 4988592 52 51 4988592 15
[15:30:09]	[Recv]	cond 2 4988592 0 0 15

[15:30:10]	[Recv]	cond 1 2073308 0 0 18

[15:30:10]	[Recv]	cond 1 2073308 0 0 18

[15:30:10]	[Recv]	cond 2 4988592 0 0 15

[15:30:10]	[Send]	ncif 3 5018057
[15:30:10]	[Send]	ptctl 5443 2 4988603 50 53 4988592 56 48 4988603 15
[15:30:10]	[Recv]	st 3 5018057 99 0 100 100 67711 2828 67711 2828 0

[15:30:10]	[Recv]	cond 2 4988603 0 0 15

[15:30:10]	[Recv]	cond 2 4988592 0 0 15

[15:30:10]	[Send]	u_s 0 3 5018057
[15:30:10]	[Recv]	ct 3 5018046 2 4988518 -1 -1 0

[15:30:10]	[Recv]	su 3 5018046 2 4988518 0 5 11 0 0 0 1 84 846 3 0 18083 21388

[15:30:10]	[Recv]	ct 2 4988518 3 5018046 -1 -1 0

[15:30:10]	[Recv]	su 2 4988518 3 5018046 0 9 11 4720 0 0 1 72 3483 0 0 9043 12526

[15:30:10]	[Recv]	ct 2 4988552 3 5018046 -1 -1 0

[15:30:10]	[Recv]	su 2 4988552 3 5018046 0 11 11 1047 0 0 1 72 0 1 0 9043 12526

[15:30:10]	[Recv]	st 2 5017544 94 0 100 100 92062 184124 92062 184124 0

[15:30:10]	[Recv]	ct 1 2073308 3 5018057 -1 -1 1114

[15:30:10]	[Recv]	rc 1 2073308 200 0

[15:30:10]	[Recv]	su 1 2073308 3 5018057 1114 7 11 4260 0 0 1 38 41941 0 0 25770 67711

[15:30:10]	[Send]	ptctl 5443 2 4988603 43 53 4988592 51 48 4988603 15
[15:30:11]	[Recv]	ct 3 5018045 2 5017544 -1 -1 0

[15:30:11]	[Recv]	su 3 5018045 2 5017544 0 10 11 7174 0 0 1 99 723 0 0 91339 92062

[15:30:11]	[Recv]	st 2 5017546 94 0 100 100 92062 184124 92062 184124 0

[15:30:11]	[Recv]	cond 1 2073308 0 0 18

[15:30:11]	[Recv]	cond 1 2073308 0 0 18

[15:30:11]	[Send]	ptctl 5443 2 4988603 50 53 4988592 57 47 4988603 15
[15:30:11]	[Recv]	cond 2 4988603 0 0 15

[15:30:11]	[Recv]	cond 2 4988592 0 0 15

[15:30:11]	[Send]	ncif 3 5018057
[15:30:11]	[Recv]	cond 2 4988603 0 0 15

[15:30:11]	[Recv]	cond 2 4988592 0 0 15

[15:30:11]	[Recv]	st 3 5018057 99 0 38 100 25770 2828 67711 2828 0

[15:30:11]	[Send]	u_s 0 3 5018057
[15:30:11]	[Recv]	ct 3 5018057 2 4988592 -1 -1 0

[15:30:11]	[Recv]	su 3 5018057 2 4988592 0 10 11 7174 0 0 1 95 23 0 0 55216 57771

[15:30:11]	[Recv]	st 2 5017545 94 0 100 100 92062 184124 92062 184124 0

[15:30:11]	[Recv]	sr 0

[15:30:11]	[Recv]	cond 1 2073308 0 0 18

[15:30:11]	[Recv]	cond 1 2073308 0 0 18

[15:30:11]	[Send]	suctl 5443 1 4988603 3 5018057
[15:30:11]	[Recv]	ct 2 4988472 3 5018045 -1 -1 0

[15:30:11]	[Recv]	su 2 4988472 3 5018045 0 9 11 1006 0 0 1 97 1911 0 0 65800 67711

[15:30:11]	[Recv]	ct 1 2073308 3 5018057 -1 -1 1114

[15:30:11]	[Recv]	su 1 2073308 3 5018057 1114 7 11 4260 0 0 1 38 0 4 0 25770 67711

[15:30:11]	[Recv]	eff 2 4988603 5005

[15:30:11]	[Send]	suctl 5443 1 4988592 3 5018057
[15:30:11]	[Recv]	ct 2 4988542 3 5018044 -1 -1 0

[15:30:11]	[Recv]	su 2 4988542 3 5018044 0 10 11 4755 0 0 1 100 0 1 0 12526 12526

[15:30:11]	[Recv]	sr 8

[15:30:11]	[Recv]	eff 2 4988592 5005

[15:30:12]	[Recv]	ct 3 5018046 2 4988518 -1 -1 0

[15:30:12]	[Recv]	su 3 5018046 2 4988518 0 5 11 0 0 0 1 81 796 0 0 17287 21388

[15:30:12]	[Recv]	ct 2 4988603 3 5018057 -1 -1 0

[15:30:12]	[Recv]	eff 2 4988603 15

[15:30:12]	[Recv]	su 2 4988603 3 5018057 0 12 11 8360 0 0 0 0 26469 0 0 0 67711

[15:30:12]	[Recv]	lev 99 0 99 0 2140719000 5991794 66990112 2 0 90 917705181 0

[15:30:12]	[Send]	ptctl 5443 2 4988603 45 53 4988592 52 47 4988603 15
[15:30:12]	[Recv]	cond 1 2073308 0 0 18

[15:30:12]	[Recv]	cond 1 2073308 0 0 18

[15:30:12]	[Recv]	ct 3 5018044 2 4988542 -1 -1 0

[15:30:12]	[Recv]	su 3 5018044 2 4988542 0 5 11 0 0 0 1 95 734 0 0 15866 16600

[15:30:12]	[Recv]	ct 2 4988592 3 5018057 -1 -1 0

[15:30:12]	[Recv]	su 2 4988592 2 4988592 0 10 11 0 0 0 1 95 0 2 0 55216 57771

[15:30:12]	[Recv]	cond 2 4988603 0 0 15

[15:30:12]	[Recv]	cond 2 4988592 0 0 15

[15:30:12]	[Send]	ptctl 5443 2 4988603 44 53 4988592 51 47 4988603 15
[15:30:12]	[Recv]	cond 2 4988603 0 0 15

[15:30:12]	[Recv]	cond 2 4988592 0 0 15

[15:30:12]	[Recv]	sr 0

[15:30:12]	[Recv]	sp 415954 1000000 0 10000

[15:30:12]	[Recv]	msgi2 0 905 14 AggronstoneR 1058 

[15:30:12]	[Recv]	cond 1 2073308 0 0 18

[15:30:12]	[Recv]	cond 1 2073308 0 0 18

[15:30:12]	[Recv]	ct 2 4988518 3 5018046 -1 -1 0

[15:30:12]	[Recv]	su 2 4988518 3 5018046 0 9 11 4720 0 0 1 43 3580 0 0 5463 12526

[15:30:12]	[Recv]	st 2 5017544 94 0 99 100 91339 184124 92062 184124 0

[15:30:12]	[Recv]	eff 2 5017544 7739

[15:30:12]	[Recv]	team_cool 0 0

[15:30:12]	[Recv]	cond 1 2073308 0 0 18

[15:30:12]	[Recv]	cond 1 2073308 0 0 18

[15:30:13]	[Recv]	st 2 5017546 94 0 100 100 92062 184124 92062 184124 0

[15:30:13]	[Recv]	eff 2 5017546 7739

[15:30:13]	[Send]	ptctl 5443 2 4988603 43 53 4988592 50 47 4988603 15
[15:30:13]	[Recv]	ct 3 5018046 2 4988518 -1 -1 0

[15:30:13]	[Recv]	su 3 5018046 2 4988518 0 5 11 0 0 0 1 77 845 0 0 16442 21388

[15:30:13]	[Recv]	ct 3 5018045 2 4988472 -1 -1 0

[15:30:13]	[Recv]	su 3 5018045 2 4988472 0 10 11 7174 0 0 1 37 1613 0 0 4557 12013

[15:30:13]	[Recv]	ct 2 4988552 3 5018046 -1 -1 0

[15:30:13]	[Recv]	su 2 4988552 3 5018046 0 11 11 1047 0 0 1 21 2751 0 0 2712 12526

[15:30:13]	[Recv]	cond 1 2073308 0 0 18

[15:30:13]	[Recv]	cond 1 2073308 0 0 18

[15:30:13]	[Recv]	ct 3 5018044 2 4988542 -1 -1 0

[15:30:13]	[Recv]	su 3 5018044 2 4988542 0 5 11 0 0 0 1 91 679 0 0 15187 16600

[15:30:13]	[Recv]	st 2 5017545 94 0 100 100 92062 184124 92062 184124 0

[15:30:13]	[Recv]	eff 2 5017545 7739

[15:30:13]	[Recv]	cond 2 4988603 0 0 15

[15:30:13]	[Recv]	cond 2 4988592 0 0 15

[15:30:13]	[Send]	ncif 3 5018045
[15:30:13]	[Recv]	ct 2 4988472 3 5018045 -1 -1 0

[15:30:13]	[Recv]	su 2 4988472 3 5018045 0 9 11 1006 0 0 1 94 1914 0 0 63886 67711

[15:30:13]	[Recv]	st 3 5018045 99 0 94 100 63886 2828 67711 2828 0 127.55

[15:30:14]	[Send]	ptctl 5443 1 4988592 44 47 4988592 15
[15:30:14]	[Send]	ptctl 5443 1 4988603 38 53 4988603 15
[15:30:14]	[Recv]	ct 2 4988542 3 5018044 -1 -1 0

[15:30:14]	[Recv]	su 2 4988542 3 5018044 0 10 11 4755 0 0 1 100 0 1 0 12526 12526

[15:30:14]	[Recv]	cond 2 4988592 0 0 15

[15:30:14]	[Recv]	cond 2 4988603 0 0 15

[15:30:14]	[Recv]	cond 1 2073308 0 0 18

[15:30:14]	[Recv]	cond 1 2073308 0 0 18

[15:30:14]	[Recv]	ct 3 5018046 2 4988518 -1 -1 0

[15:30:14]	[Recv]	su 3 5018046 2 4988518 0 5 11 0 0 0 1 77 0 1 0 16442 21388

[15:30:14]	[Send]	ncif 3 5018045
[15:30:14]	[Recv]	ct 3 5018044 2 4988542 -1 -1 0

[15:30:14]	[Recv]	su 3 5018044 2 4988542 0 5 11 0 0 0 1 87 686 0 0 14501 16600

[15:30:14]	[Recv]	sc_p 62 181 4988472 55 2984 0 0 0 578 754 422 6 160 0 257 301 261 301 250 3 19 14 34 -6 4557 12013 3369 3369 0 850664 0 @ 0 12 2 20 1811 1825 0 500

[15:30:14]	[Recv]	sc_p 63 478 4988518 60 2990 0 0 0 639 803 452 17 150 0 295 341 336 341 287 2 24 36 49 27 16442 21388 3531 3531 0 1371320 0 @ 0 11 2 20 1811 1818 0 500

[15:30:14]	[Recv]	sc_p 68 668 4988542 52 2987 0 0 0 952 1077 502 6 120 0 329 286 343 286 322 0 37 37 37 37 14501 16600 5077 5077 0 678201 0 @ 0 9 3 30 1826 1818 0 1080

[15:30:14]	[Recv]	sc_p 69 754 4988552 53 2986 0 0 0 542 634 617 9 165 0 263 301 280 301 250 2 38 38 38 38 41888 41888 3307 3307 0 733605 0 @ 0 10 2 20 1825 1797 0 500

[15:30:14]	[Recv]	st 3 5018045 99 0 94 100 63886 2828 67711 2828 0 127.55

[15:30:14]	[Send]	u_s 0 3 5018045
[15:30:14]	[Send]	ptctl 5443 1 4988603 33 53 4988603 15
[15:30:14]	[Recv]	eff 3 5018054 4799

[15:30:14]	[Recv]	ct 2 4988518 3 5018046 -1 -1 0

[15:30:14]	[Recv]	su 2 4988518 3 5018046 0 9 11 4720 0 0 0 0 7700 3 0 0 12526

[15:30:14]	[Recv]	lev 99 0 99 0 2140719000 5991794 66990112 2 0 90 917705181 0

[15:30:14]	[Recv]	st 2 5017544 94 0 100 100 92062 184124 92062 184124 0

[15:30:14]	[Recv]	cond 1 2073308 0 0 18

[15:30:14]	[Recv]	cond 1 2073308 0 0 18

[15:30:15]	[Send]	ptctl 5443 1 4988592 39 47 4988592 15
[15:30:15]	[Recv]	st 2 5017546 94 0 100 100 92062 184124 92062 184124 0

[15:30:15]	[Recv]	sr 1

[15:30:15]	[Recv]	ct 1 2073308 3 5018045 -1 -1 1114

[15:30:15]	[Recv]	eff 1 2073308 15

[15:30:15]	[Recv]	rc 1 2073308 200 0

[15:30:15]	[Recv]	su 1 2073308 3 5018045 1114 7 11 4260 0 0 0 0 279888 3 0 0 67711

[15:30:15]	[Recv]	lev 99 0 99 0 2140719000 5991794 66990112 2 0 90 917705181 0

[15:30:15]	[Recv]	cond 2 4988603 0 0 15

[15:30:15]	[Send]	ncif 3 5018044
[15:30:15]	[Recv]	cond 2 4988592 0 0 15

[15:30:15]	[Send]	ptctl 5443 1 4988592 37 47 4988592 15
[15:30:15]	[Send]	ptctl 5443 1 4988603 35 53 4988603 15
[15:30:15]	[Send]	suctl 5443 1 4988603 3 5018044
[15:30:15]	[Recv]	st 3 5018044 99 0 100 100 12526 2828 12526 2828 0

[15:30:15]	[Send]	ptctl 5443 2 4988603 31 56 4988592 39 52 4988603 15
[15:30:15]	[Recv]	cond 2 4988592 0 0 15

[15:30:15]	[Recv]	st 2 5017545 94 0 100 100 92062 184124 92062 184124 0

[15:30:15]	[Recv]	cond 2 4988603 0 0 15

[15:30:15]	[Recv]	eff 2 4988603 5005

[15:30:15]	[Recv]	cond 1 2073308 0 0 18

[15:30:15]	[Recv]	cond 1 2073308 0 0 18

[15:30:15]	[Send]	u_s 0 3 5018044
[15:30:15]	[Send]	ptctl 5443 1 4988592 36 49 4988592 15
[15:30:15]	[Recv]	sr 0

[15:30:15]	[Recv]	cond 2 4988603 0 0 15

[15:30:15]	[Recv]	cond 2 4988592 0 0 15

[15:30:15]	[Recv]	ct 3 5018044 2 4988542 -1 -1 0

[15:30:15]	[Recv]	su 3 5018044 2 4988542 0 5 11 0 0 0 1 82 733 0 0 13768 16600

[15:30:15]	[Recv]	ct 2 4988603 3 5018044 -1 -1 0

[15:30:15]	[Recv]	su 2 4988603 3 5018044 0 12 11 8360 0 0 1 32 8489 0 0 4037 12526

[15:30:15]	[Recv]	cond 1 2073308 0 0 18

[15:30:15]	[Recv]	cond 1 2073308 0 0 18

[15:30:16]	[Recv]	ct 1 2073308 3 5018044 -1 -1 1114

[15:30:16]	[Recv]	rc 1 2073308 50 0

[15:30:16]	[Recv]	su 1 2073308 3 5018044 1114 7 11 4260 0 0 0 0 32920 0 0 0 12526

[15:30:16]	[Recv]	lev 99 0 99 0 2140719000 5991794 66990112 2 0 90 917705181 0

[15:30:16]	[Recv]	cond 2 4988592 0 0 15

[15:30:16]	[Recv]	ct 2 4988542 3 5018044 -1 -1 0

[15:30:16]	[Recv]	su 2 4988542 2 4988542 0 10 11 4755 0 0 1 82 0 2 0 13768 16600

[15:30:16]	[Recv]	sc_p 170 1548 4988592 96 637 24084814 0 0 1889 2049 1289 19 90 9 975 627 958 627 866 3 90 90 110 80 55216 57771 18100 18100 1 84982200 0 @ 0 0 6 60 1831 1798 0 100

[15:30:16]	[Send]	ptctl 5443 2 4988603 37 55 4988592 42 50 4988603 15
[15:30:16]	[Recv]	cond 1 2073308 0 0 18

[15:30:16]	[Recv]	cond 1 2073308 0 0 18

[15:30:16]	[Send]	ptctl 5443 2 4988603 37 54 4988592 43 52 4988603 15
[15:30:16]	[Recv]	cond 2 4988603 0 0 15

[15:30:16]	[Recv]	cond 2 4988592 0 0 15

[15:30:16]	[Recv]	cond 1 2073308 0 0 18

[15:30:16]	[Recv]	cond 1 2073308 0 0 18

[15:30:16]	[Recv]	eff 3 5018055 5000

[15:30:16]	[Recv]	eff 3 5018051 5000

[15:30:16]	[Recv]	cond 2 4988603 0 0 15

[15:30:16]	[Recv]	cond 2 4988592 0 0 15

[15:30:16]	[Recv]	sr 0

[15:30:16]	[Recv]	st 2 5017544 94 0 100 100 92062 184124 92062 184124 0

[15:30:17]	[Recv]	st 2 5017546 94 0 100 100 92062 184124 92062 184124 0

[15:30:17]	[Send]	ncif 3 5018053
[15:30:17]	[Recv]	st 3 5018053 99 0 100 100 100086 2828 100086 2828 0

[15:30:17]	[Send]	ptctl 5443 1 4988603 36 50 4988603 15
[15:30:17]	[Send]	ptctl 5443 1 4988592 43 47 4988592 15
[15:30:17]	[Send]	u_s 1 3 5018053
[15:30:17]	[Recv]	st 2 5017545 94 0 100 100 92062 184124 92062 184124 0

[15:30:17]	[Recv]	cond 2 4988603 0 0 15

[15:30:17]	[Recv]	cond 2 4988592 0 0 15

[15:30:17]	[Recv]	sp 415944 1000000 0 10000

[15:30:17]	[Recv]	cond 1 2073308 0 0 18

[15:30:17]	[Recv]	cond 1 2073308 0 0 18

[15:30:17]	[Recv]	ms_c 0

[15:30:17]	[Recv]	qslot 0 1.1.1 1.1.2 1.1.3 1.1.4 1.1.5 1.1.6 1.1.7 1.1.9 1.1.8 1.1.10 0.1.45 0.2.21 0.1.76 1.1.38 1.3.12 0.1.34 0.1.87 0.-1.-1 0.1.84 0.1.43 1.3.11 1.1.42 1.1.41 1.3.976 0.-1.-1 0.1.70 0.2.143 0.2.25 0.2.27 0.2.26

[15:30:17]	[Recv]	qslot 1 0.-1.-1 0.-1.-1 0.-1.-1 0.-1.-1 0.-1.-1 0.-1.-1 0.-1.-1 0.-1.-1 0.-1.-1 0.-1.-1 0.1.-1 0.1.-1 1.1.41 1.1.42 0.-1.-1 7.7.-1 7.7.-1 7.7.-1 7.7.-1 0.-1.-1 0.-1.-1 0.-1.-1 0.-1.-1 0.-1.-1 0.-1.-1 0.-1.-1 0.-1.-1 0.-1.-1 0.-1.-1 0.-1.-1

[15:30:17]	[Recv]	eff 2 5017544 7739

[15:30:17]	[Recv]	ct 1 2073308 3 5018053 14 4263 1115

[15:30:18]	[Recv]	eff 2 5017546 7739

[15:30:18]	[Send]	ncif 3 5018053
[15:30:18]	[Recv]	eff 1 2073308 15

[15:30:18]	[Recv]	su 1 2073308 3 5018053 1115 70 12 4264 0 0 1 48 52032 3 0 48054 100086

[15:30:18]	[Recv]	in 3 2371 5018103 40 55 2 100 100 0 0 0 -1 0 0 -1 - 0 -1 0 0 0 0 0 0 0 0 0 0 0 0

[15:30:18]	[Recv]	guri 31 1 2073308 40 55

[15:30:18]	[Recv]	su 1 2073308 3 5018055 -1 0 -1 7687 -1 -1 1 98 1683 0 0

[15:30:18]	[Recv]	bf 3 5018055 0.1921.100 99

[15:30:18]	[Recv]	eff 3 5018055 0

[15:30:18]	[Recv]	su 1 2073308 3 5018055 1115 70 12 4264 0 0 1 70 28059 5 0 70344 100086

[15:30:18]	[Recv]	eff 1 2073308 15

[15:30:18]	[Recv]	su 1 2073308 3 5018054 1115 70 12 4264 0 0 0 0 270741 6 0 0 12526

[15:30:18]	[Recv]	lev 99 0 99 0 2140719000 5991794 66990112 2 0 90 917705181 0

[15:30:18]	[Recv]	su 1 2073308 3 5018051 1115 70 12 4264 0 0 1 78 21401 6 0 78685 100086

[15:30:18]	[Recv]	su 1 2073308 3 5018049 1115 70 12 4264 0 0 1 70 29357 5 0 70729 100086

[15:30:18]	[Recv]	mslot 1127 -1

[15:30:18]	[Recv]	qset 0 0 1.1.13.0

[15:30:18]	[Recv]	st 3 5018053 99 0 48 100 48054 2828 100086 2828 0

[15:30:18]	[Send]	ptctl 5443 1 4988592 43 42 4988592 15
[15:30:18]	[Send]	u_s 13 3 5018053
[15:30:18]	[Send]	ptctl 5443 1 4988603 36 49 4988603 15
[15:30:18]	[Send]	suctl 5443 1 4988603 3 5018053
[15:30:18]	[Recv]	cond 2 4988592 0 0 15

[15:30:18]	[Recv]	eff 2 5017545 7739

[15:30:18]	[Recv]	ms_c 0

[15:30:18]	[Recv]	qslot 0 1.1.1 1.1.2 1.1.3 1.1.4 1.1.5 1.1.6 1.1.7 1.1.9 1.1.8 1.1.10 0.1.45 0.2.21 0.1.76 1.1.38 1.3.12 0.1.34 0.1.87 0.-1.-1 0.1.84 0.1.43 1.3.11 1.1.42 1.1.41 1.3.976 0.-1.-1 0.1.70 0.2.143 0.2.25 0.2.27 0.2.26

[15:30:18]	[Recv]	qslot 1 0.-1.-1 0.-1.-1 0.-1.-1 0.-1.-1 0.-1.-1 0.-1.-1 0.-1.-1 0.-1.-1 0.-1.-1 0.-1.-1 0.1.-1 0.1.-1 1.1.41 1.1.42 0.-1.-1 7.7.-1 7.7.-1 7.7.-1 7.7.-1 0.-1.-1 0.-1.-1 0.-1.-1 0.-1.-1 0.-1.-1 0.-1.-1 0.-1.-1 0.-1.-1 0.-1.-1 0.-1.-1 0.-1.-1

[15:30:18]	[Recv]	ct 1 2073308 3 5018053 -1 -1 1127

[15:30:18]	[Recv]	su 1 2073308 3 5018053 1127 100 22 4284 0 0 1 28 19411 0 0 28643 100086

[15:30:18]	[Recv]	eff 1 2073308 15

[15:30:18]	[Recv]	su 1 2073308 3 5018055 1127 100 22 4284 0 0 1 22 47509 5 0 22835 100086

[15:30:18]	[Recv]	bf 3 5018055 0.572.120 99

[15:30:18]	[Recv]	su 1 2073308 3 5018049 1127 100 22 4284 0 0 1 40 30231 5 0 40498 100086

[15:30:18]	[Recv]	cond 2 4988603 0 0 15

[15:30:18]	[Recv]	ct 3 5018051 2 4988592 -1 -1 0

[15:30:18]	[Recv]	su 3 5018051 2 4988592 0 10 11 4789 0 0 1 95 244 0 0 54972 57771

[15:30:18]	[Recv]	eff 2 4988603 5005

[15:30:18]	[Recv]	guri 31 1 2073308 40 55

[15:30:18]	[Recv]	su 3 5018103 3 5018053 -1 0 -1 4264 -1 -1 1 2 26016 0 0

[15:30:18]	[Recv]	su 3 5018103 3 5018055 -1 0 -1 1047 -1 -1 1 1 26016 0 0

[15:30:18]	[Recv]	su 3 5018103 3 5018051 -1 0 -1 1047 -1 -1 1 52 26016 0 0

[15:30:18]	[Recv]	su 3 5018103 3 5018049 -1 0 -1 1047 -1 -1 1 14 26016 0 0

[15:30:18]	[Recv]	su 3 5018103 3 5018053 -1 0 -1 1047 -1 -1 1 1 26016 0 0

[15:30:18]	[Recv]	su 3 5018103 3 5018055 -1 0 -1 1047 -1 -1 1 1 26016 0 0

[15:30:18]	[Recv]	su 3 5018103 3 5018049 -1 0 -1 1047 -1 -1 1 1 26016 0 0

[15:30:18]	[Send]	ptctl 5443 1 4988592 43 43 4988592 15
[15:30:18]	[Send]	ptctl 5443 2 4988603 41 49 4988592 43 48 4988603 15
[15:30:18]	[Recv]	die 3 5018103 3 5018103

[15:30:18]	[Recv]	ct 3 5018049 2 4988592 -1 -1 0

[15:30:18]	[Recv]	su 3 5018049 2 4988592 0 10 11 4789 0 0 1 94 248 0 0 54724 57771

[15:30:18]	[Recv]	st 2 5017544 94 0 100 100 92062 184124 92062 184124 0

[15:30:18]	[Recv]	cond 2 4988592 0 0 15

[15:30:18]	[Recv]	cond 1 2073308 0 0 18

[15:30:18]	[Recv]	cond 1 2073308 0 0 18

[15:30:19]	[Recv]	ct 3 5018055 2 4988592 -1 -1 0

[15:30:19]	[Recv]	ct 2 4988603 3 5018053 -1 -1 0

[15:30:19]	[Recv]	su 2 4988603 3 5018053 0 12 11 8360 0 0 0 0 7723 0 0 0 100086

[15:30:19]	[Recv]	lev 99 0 99 0 2140719000 5991794 66990112 2 0 90 917705181 0

[15:30:19]	[Recv]	st 2 5017546 94 0 100 100 92062 184124 92062 184124 0

[15:30:19]	[Recv]	cond 2 4988603 0 0 15

[15:30:19]	[Recv]	cond 2 4988592 0 0 15

[15:30:19]	[Send]	u_s 0 3 5018053
[15:30:19]	[Send]	ptctl 5443 1 4988592 43 43 4988592 15
[15:30:19]	[Recv]	cond 1 2073308 0 0 18

[15:30:19]	[Recv]	cond 1 2073308 0 0 18

[15:30:19]	[Recv]	su 3 5018055 2 4988592 0 10 11 4789 0 0 1 94 49 0 0 54675 57771

[15:30:19]	[Recv]	cancel 0 0 -1

[15:30:19]	[Recv]	cond 2 4988592 0 0 15

[15:30:19]	[Recv]	st 2 5017545 94 0 100 100 92062 184124 92062 184124 0

[15:30:19]	[Send]	suctl 5443 1 4988592 3 5018053
[15:30:19]	[Send]	ptctl 5443 1 4988603 38 49 4988603 15
[15:30:19]	[Recv]	cond 2 4988603 0 0 15

[15:30:19]	[Send]	ncif 3 5018048
[15:30:19]	[Recv]	st 3 5018048 99 0 100 100 67711 2828 67711 2828 0

[15:30:19]	[Send]	u_s 0 3 5018048
[15:30:19]	[Send]	suctl 5443 1 4988603 3 5018048
[15:30:20]	[Recv]	ct 1 2073308 3 5018048 -1 -1 1114

[15:30:20]	[Recv]	bf 3 5018048 0.4110.80 99

[15:30:20]	[Recv]	eff 3 5018048 0

[15:30:20]	[Recv]	su 1 2073308 3 5018048 1114 7 11 4260 0 0 1 85 9584 0 0 58127 67711

[15:30:20]	[Recv]	eff 2 4988603 5005

[15:30:20]	[Recv]	ct 2 4988603 3 5018048 -1 -1 0

[15:30:20]	[Recv]	eff 2 4988603 15

[15:30:20]	[Recv]	su 2 4988603 3 5018048 0 12 11 8360 0 0 1 62 15991 0 0 42136 67711

[15:30:20]	[Send]	ptctl 5443 2 4988603 43 49 4988592 43 48 4988603 15
[15:30:20]	[Recv]	cond 1 2073308 0 0 18

[15:30:20]	[Recv]	cond 1 2073308 0 0 18

[15:30:20]	[Send]	ncif 3 5018048
[15:30:20]	[Recv]	ct 3 5018051 2 4988592 -1 -1 0

[15:30:20]	[Recv]	su 3 5018051 2 4988592 0 10 11 4789 0 0 1 94 243 0 0 54432 57771

[15:30:20]	[Recv]	ct 3 5018048 2 4988592 -1 -1 0

[15:30:20]	[Recv]	su 3 5018048 2 4988592 0 10 11 4757 0 0 1 94 29 0 0 54403 57771

[15:30:20]	[Recv]	st 2 5017544 94 0 100 100 92062 184124 92062 184124 0

[15:30:20]	[Recv]	sr 0

[15:30:20]	[Recv]	cond 2 4988603 0 0 15

[15:30:20]	[Recv]	cond 2 4988592 0 0 15

[15:30:20]	[Send]	ptctl 5443 1 4988592 46 45 4988592 15
[15:30:20]	[Send]	u_s 0 3 5018048
[15:30:20]	[Recv]	st 3 5018048 99 0 62 100 42136 2828 67711 2828 0 4110.99

[15:30:21]	[Recv]	ct 3 5018049 2 4988592 -1 -1 0

[15:30:21]	[Recv]	su 3 5018049 2 4988592 0 10 11 4789 0 0 1 94 49 0 0 54354 57771

[15:30:21]	[Recv]	st 2 5017546 94 0 100 100 92062 184124 92062 184124 0

[15:30:21]	[Recv]	cond 2 4988592 0 0 15

[15:30:21]	[Recv]	cond 1 2073308 0 0 18

[15:30:21]	[Recv]	cond 1 2073308 0 0 18

[15:30:21]	[Send]	ptctl 5443 1 4988603 39 49 4988603 15
[15:30:21]	[Send]	suctl 5443 1 4988603 3 5018048
[15:30:21]	[Recv]	ct 1 2073308 3 5018048 -1 -1 1114

[15:30:21]	[Recv]	eff 1 2073308 15

[15:30:21]	[Recv]	su 1 2073308 3 5018048 1114 7 11 4260 0 0 1 10 35168 0 0 6968 67711

[15:30:21]	[Recv]	cond 1 2073308 0 0 18

[15:30:21]	[Recv]	bf 1 2073308 0.4254.80 99

[15:30:21]	[Recv]	sayi 1 2073308 20 26 3 4254 0 0 0

[15:30:21]	[Recv]	sayi 1 2073308 20 23 3 4254 0 0 0

[15:30:21]	[Recv]	cond 2 4988603 0 0 15

[15:30:21]	[Recv]	st 2 5017545 94 0 100 100 92062 184124 92062 184124 0

[15:30:21]	[Recv]	eff 2 4988603 5005

[15:30:21]	[Send]	suctl 5443 1 4988592 3 5018048
[15:30:21]	[Send]	ptctl 5443 2 4988603 44 50 4988592 46 50 4988603 15
[15:30:21]	[Recv]	eff 2 4988592 5005

[15:30:21]	[Recv]	cond 1 2073308 0 0 18

[15:30:21]	[Recv]	cond 1 2073308 0 0 18

[15:30:21]	[Send]	ncif 3 5018048
[15:30:21]	[Recv]	ct 2 4988603 3 5018048 -1 -1 0

[15:30:21]	[Recv]	su 2 4988603 3 5018048 0 12 11 8360 0 0 0 0 9643 0 0 0 67711

[15:30:21]	[Recv]	lev 99 0 99 0 2140719000 5991794 66990112 2 0 90 917705181 0

[15:30:21]	[Recv]	cond 2 4988460 0 0 9

[15:30:21]	[Recv]	petski 334 1831 1798

[15:30:21]	[Recv]	pet_cool2  0 0 0

[15:30:21]	[Recv]	pinit 2 2|4988603|0|94|@|-1|3206|1|2723|0|0 2|4988592|1|96|@|-1|1548|0|0|0|60

[15:30:21]	[Recv]	cond 2 4988603 0 0 15

[15:30:21]	[Recv]	cond 2 4988592 0 0 15

[15:30:21]	[Send]	u_s 0 3 5018048
[15:30:22]	[Recv]	ct 3 5018055 2 4988592 -1 -1 0

[15:30:22]	[Recv]	ct 2 4988592 3 5018048 -1 -1 0

[15:30:22]	[Recv]	su 2 4988592 2 4988592 0 10 11 0 0 0 1 94 0 2 0 54354 57771

[15:30:22]	[Recv]	sr 0

[15:30:22]	[Recv]	cond 1 2073308 0 0 18

[15:30:22]	[Recv]	cond 1 2073308 0 0 18

[15:30:22]	[Recv]	cancel 0 0 -1

[15:30:22]	[Recv]	su 3 5018055 2 4988592 0 10 11 4789 0 0 1 93 254 0 0 54100 57771

[15:30:22]	[Send]	ncif 3 5018055
[15:30:22]	[Recv]	st 3 5018055 99 0 1 100 1 2828 100086 2828 0 572.99 1921.99

[15:30:22]	[Send]	ptctl 5443 1 4988603 41 49 4988603 15
[15:30:22]	[Send]	suctl 5443 1 4988603 3 5018055
[15:30:22]	[Send]	ptctl 5443 1 4988592 46 49 4988592 15
[15:30:22]	[Recv]	sp 415934 1000000 0 10000

[15:30:22]	[Recv]	cond 2 4988603 0 0 15

[15:30:22]	[Send]	suctl 5443 1 4988592 3 5018052
[15:30:22]	[Recv]	eff 2 4988603 5005

[15:30:22]	[Send]	u_s 8 3 5018052
[15:30:22]	[Recv]	st 2 5017544 94 0 100 100 92062 184124 92062 184124 0

[15:30:22]	[Recv]	eff 2 5017544 7739

[15:30:22]	[Recv]	cond 2 4988592 0 0 15

[15:30:22]	[Send]	ncif 3 5018052
[15:30:22]	[Recv]	out 2 4988472

[15:30:22]	[Recv]	out 2 4988518

[15:30:22]	[Recv]	out 2 4988542

[15:30:22]	[Recv]	out 2 4988552

[15:30:22]	[Recv]	sayi 1 2073308 20 22 3 1027 0 0 0

[15:30:22]	[Recv]	bf 1 2073308 0.1027.0 99

[15:30:22]	[Recv]	eff 2 4988592 5005

[15:30:23]	[Recv]	st 2 5017546 94 0 100 100 92062 184124 92062 184124 0

[15:30:23]	[Recv]	eff 2 5017546 7739

[15:30:23]	[Recv]	ms_c 0

[15:30:23]	[Recv]	qslot 0 1.1.1 1.1.2 1.1.3 1.1.4 1.1.5 1.1.6 1.1.7 1.1.9 1.1.8 1.1.10 0.1.45 0.2.21 0.1.76 1.1.38 1.3.12 0.1.34 0.1.87 0.-1.-1 0.1.84 0.1.43 1.3.11 1.1.42 1.1.41 1.3.976 0.-1.-1 0.1.70 0.2.143 0.2.25 0.2.27 0.2.26

[15:30:23]	[Recv]	qslot 1 0.-1.-1 0.-1.-1 0.-1.-1 0.-1.-1 0.-1.-1 0.-1.-1 0.-1.-1 0.-1.-1 0.-1.-1 0.-1.-1 0.1.-1 0.1.-1 1.1.41 1.1.42 0.-1.-1 7.7.-1 7.7.-1 7.7.-1 7.7.-1 0.-1.-1 0.-1.-1 0.-1.-1 0.-1.-1 0.-1.-1 0.-1.-1 0.-1.-1 0.-1.-1 0.-1.-1 0.-1.-1 0.-1.-1

[15:30:23]	[Recv]	ct 1 2073308 3 5018052 -1 -1 1122

[15:30:23]	[Recv]	st 3 5018052 99 0 100 100 67711 2828 67711 2828 0

[15:30:23]	[Recv]	ct 2 4988592 3 5018052 -1 -1 0

[15:30:23]	[Recv]	su 2 4988592 3 5018052 0 4 11 0 0 0 1 91 5649 0 0 62062 67711

[15:30:23]	[Recv]	su 1 2073308 3 5018052 1122 150 41 4268 0 0 1 22 46743 0 0 15319 67711

[15:30:23]	[Recv]	su 1 2073308 3 5018052 -1 0 -1 7922 -1 -1 1 1 32720 0 1

[15:30:23]	[Recv]	bf 1 2073308 0.948.80 99

[15:30:23]	[Recv]	sayi 1 2073308 20 26 3 948 0 0 0

[15:30:23]	[Recv]	in 3 2371 5018107 45 48 2 100 100 0 0 0 -1 0 0 -1 - 0 -1 0 0 0 0 0 0 0 0 0 0 0 0

[15:30:23]	[Recv]	guri 31 1 2073308 45 48

[15:30:23]	[Send]	ncif 3 5018052
[15:30:23]	[Recv]	st 2 5017545 94 0 100 100 92062 184124 92062 184124 0

[15:30:23]	[Recv]	eff 2 5017545 7739

[15:30:23]	[Recv]	st 3 5018052 99 0 1 100 1 2828 67711 2828 0

[15:30:23]	[Recv]	ct 3 5018052 2 4988592 -1 -1 0

[15:30:23]	[Recv]	su 3 5018052 2 4988592 0 10 11 7174 0 0 1 93 113 0 0 53987 57771

[15:30:23]	[Send]	ptctl 5443 1 4988592 47 49 4988592 15
[15:30:23]	[Recv]	guri 31 1 2073308 43 48

[15:30:23]	[Recv]	su 3 5018107 3 5018052 -1 0 -1 4268 -1 -1 1 1 23371 0 0

[15:30:23]	[Recv]	die 3 5018107 3 5018107

[15:30:23]	[Recv]	cond 2 4988592 0 0 15

[15:30:23]	[Send]	suctl 5443 1 4988603 3 5018052
[15:30:23]	[Recv]	eff 2 4988603 5005

[15:30:24]	[Send]	suctl 5443 1 4988592 3 5018052
[15:30:24]	[Recv]	ct 2 4988603 3 5018052 -1 -1 0

[15:30:24]	[Recv]	su 2 4988603 3 5018052 0 12 11 8360 0 0 0 0 16417 0 0 0 67711

[15:30:24]	[Recv]	lev 99 0 99 0 2140719000 5991794 66990112 2 0 90 917705181 0

[15:30:24]	[Send]	ncif 3 5018055
[15:30:24]	[Send]	u_s 0 3 5018052
[15:30:24]	[Recv]	st 3 5018055 99 0 1 100 1 2828 100086 2828 0 572.99 1921.99

[15:30:24]	[Recv]	ct 3 5018055 2 4988603 -1 -1 0

[15:30:24]	[Recv]	cancel 0 0 -1

[15:30:24]	[Recv]	su 3 5018055 2 4988603 0 10 11 4789 0 0 1 93 113 0 0 18150 19451

[15:30:24]	[Recv]	ct 3 5018051 2 4988603 -1 -1 0

[15:30:24]	[Recv]	su 3 5018051 2 4988603 0 10 11 4789 0 0 1 92 113 0 0 18037 19451

[15:30:24]	[Recv]	ct 3 5018049 2 4988603 -1 -1 0

[15:30:24]	[Recv]	su 3 5018049 2 4988603 0 10 11 4789 0 0 1 92 114 0 0 17923 19451

[15:30:24]	[Recv]	st 2 5017544 94 0 100 100 92062 184124 92062 184124 0

[15:30:24]	[Send]	ncif 3 5018049
[15:30:25]	[Recv]	st 2 5017546 94 0 100 100 92062 184124 92062 184124 0

[15:30:25]	[Recv]	st 3 5018049 99 0 1 100 1 2828 100086 2828 0

[15:30:25]	[Recv]	sr 1

[15:30:25]	[Send]	suctl 5443 1 4988603 3 5018049
[15:30:25]	[Send]	u_s 1 3 5018049
[15:30:25]	[Send]	ptctl 5443 1 4988592 43 47 4988592 15
[15:30:25]	[Recv]	eff 2 4988603 5005

[15:30:25]	[Recv]	st 2 5017545 94 0 100 100 92062 184124 92062 184124 0

[15:30:25]	[Recv]	ms_c 0

[15:30:25]	[Recv]	qslot 0 1.1.1 1.1.2 1.1.3 1.1.4 1.1.5 1.1.6 1.1.7 1.1.9 1.1.8 1.1.10 0.1.45 0.2.21 0.1.76 1.1.38 1.3.12 0.1.34 0.1.87 0.-1.-1 0.1.84 0.1.43 1.3.11 1.1.42 1.1.41 1.3.976 0.-1.-1 0.1.70 0.2.143 0.2.25 0.2.27 0.2.26

[15:30:25]	[Recv]	qslot 1 0.-1.-1 0.-1.-1 0.-1.-1 0.-1.-1 0.-1.-1 0.-1.-1 0.-1.-1 0.-1.-1 0.-1.-1 0.-1.-1 0.1.-1 0.1.-1 1.1.41 1.1.42 0.-1.-1 7.7.-1 7.7.-1 7.7.-1 7.7.-1 0.-1.-1 0.-1.-1 0.-1.-1 0.-1.-1 0.-1.-1 0.-1.-1 0.-1.-1 0.-1.-1 0.-1.-1 0.-1.-1 0.-1.-1

[15:30:25]	[Send]	ptctl 5443 2 4988603 41 44 4988592 45 44 4988603 15
[15:30:25]	[Recv]	ct 1 2073308 3 5018049 14 4263 1115

[15:30:25]	[Recv]	cond 2 4988592 0 0 15

[15:30:25]	[Recv]	ct 2 4988603 3 5018049 -1 -1 0

[15:30:25]	[Recv]	su 2 4988603 3 5018049 0 12 11 8360 0 0 0 0 7733 0 0 0 100086

[15:30:25]	[Recv]	lev 99 0 99 0 2140719000 5991794 66990112 2 0 90 917705181 0

[15:30:25]	[Recv]	cond 2 4988603 0 0 15

[15:30:25]	[Recv]	cond 2 4988592 0 0 15

[15:30:25]	[Send]	ptctl 5443 1 4988592 43 47 4988592 15
[15:30:25]	[Recv]	cond 2 4988592 0 0 15

[15:30:25]	[Send]	ncif 3 5018051
[15:30:25]	[Recv]	su 1 2073308 1 2073308 1115 70 12 4264 0 0 1 100 0 2 0 95497 95497

[15:30:25]	[Recv]	sr 1

[15:30:25]	[Recv]	eff 1 2073308 4013

[15:30:25]	[Recv]	st 3 5018051 99 0 52 100 52669 2828 100086 2828 0

[15:30:25]	[Send]	ptctl 5443 1 4988592 42 46 4988592 15
[15:30:26]	[Recv]	cond 2 4988592 0 0 15

[15:30:26]	[Recv]	sc_p 170 1548 4988592 96 636 24085514 0 0 1889 2049 1289 19 90 9 975 627 958 627 866 3 90 90 110 80 53987 57771 18100 18100 1 84982200 0 @ 0 0 6 60 1831 1798 0 100

[15:30:26]	[Send]	ptctl 5443 2 4988603 39 52 4988592 39 49 4988603 15
[15:30:26]	[Recv]	cond 1 2073308 0 0 18

[15:30:26]	[Recv]	cond 1 2073308 0 0 18

[15:30:26]	[Send]	ptctl 5443 2 4988603 37 50 4988592 38 51 4988603 15
[15:30:26]	[Recv]	cond 2 4988603 0 0 15

[15:30:26]	[Recv]	cond 2 4988592 0 0 15

[15:30:26]	[Recv]	cond 1 2073308 0 0 18

[15:30:26]	[Recv]	cond 1 2073308 0 0 18

[15:30:26]	[Send]	ptctl 5443 2 4988603 35 47 4988592 36 48 4988603 15
[15:30:26]	[Recv]	cond 2 4988603 0 0 15

[15:30:26]	[Recv]	cond 2 4988592 0 0 15

[15:30:26]	[Recv]	team_cool 4 0

[15:30:26]	[Recv]	cond 1 2073308 0 0 18

[15:30:26]	[Recv]	cond 1 2073308 0 0 18

[15:30:26]	[Send]	ncif 3 5018051
[15:30:26]	[Recv]	ct 3 5018051 2 4988592 -1 -1 0

[15:30:26]	[Recv]	su 3 5018051 2 4988592 0 10 11 4789 0 0 1 93 51 0 0 53936 57771

[15:30:26]	[Recv]	ct 3 5018050 2 5017544 -1 -1 0

[15:30:26]	[Recv]	su 3 5018050 2 5017544 0 10 11 4757 0 0 1 99 640 0 0 91422 92062

[15:30:26]	[Recv]	st 2 5017544 94 0 99 100 91422 184124 92062 184124 0

[15:30:26]	[Recv]	cond 2 4988603 0 0 15

[15:30:26]	[Recv]	cond 2 4988592 0 0 15

[15:30:26]	[Send]	ptctl 5443 2 4988603 34 47 4988592 35 48 4988603 15
[15:30:26]	[Recv]	st 3 5018051 99 0 52 100 52669 2828 100086 2828 0

[15:30:27]	[Recv]	st 2 5017546 94 0 100 100 92062 184124 92062 184124 0

[15:30:27]	[Recv]	cond 1 2073308 0 0 18

[15:30:27]	[Recv]	cond 1 2073308 0 0 18

[15:30:27]	[Recv]	cond 2 4988603 0 0 15

[15:30:27]	[Recv]	cond 2 4988592 0 0 15

[15:30:27]	[Send]	u_s 0 3 5018050
[15:30:27]	[Send]	ncif 3 5018050
[15:30:27]	[Recv]	st 2 5017545 94 0 100 100 92062 184124 92062 184124 0

[15:30:27]	[Recv]	cond 1 2073308 0 0 18

[15:30:27]	[Recv]	cond 1 2073308 0 0 18

[15:30:27]	[Recv]	sp 415924 1000000 0 10000

[15:30:27]	[Recv]	ct 1 2073308 3 5018050 -1 -1 1114

[15:30:27]	[Recv]	eff 1 2073308 15

[15:30:27]	[Recv]	su 1 2073308 3 5018050 1114 7 11 4260 0 0 1 56 29411 0 0 38300 67711

[15:30:27]	[Recv]	st 3 5018050 99 0 56 100 38300 2828 67711 2828 0

[15:30:27]	[Send]	ptctl 5443 1 4988592 31 51 4988592 15
[15:30:27]	[Send]	ptctl 5443 1 4988603 33 47 4988603 15
[15:30:27]	[Send]	suctl 5443 1 4988603 3 5018050
[15:30:27]	[Send]	ptctl 5443 2 4988603 33 52 4988592 37 52 4988603 15
[15:30:27]	[Recv]	eff 2 5017544 7739

[15:30:27]	[Recv]	cond 2 4988592 0 0 15

[15:30:27]	[Recv]	cond 2 4988603 0 0 15

[15:30:27]	[Send]	ptctl 5443 1 4988592 38 53 4988592 15
[15:30:28]	[Recv]	eff 2 5017546 7739

[15:30:28]	[Recv]	eff 2 4988603 5005

[15:30:28]	[Send]	ncif 3 5018050
[15:30:28]	[Recv]	cond 1 2073308 0 0 18

[15:30:28]	[Recv]	cond 1 2073308 0 0 18

[15:30:28]	[Recv]	cond 2 4988603 0 0 15

[15:30:28]	[Recv]	cond 2 4988592 0 0 15

[15:30:28]	[Send]	u_s 0 3 5018050
[15:30:28]	[Send]	ptctl 5443 1 4988592 31 51 4988592 15
[15:30:28]	[Recv]	sr 0

[15:30:28]	[Recv]	cond 2 4988592 0 0 15

[15:30:28]	[Recv]	ct 2 4988603 3 5018050 -1 -1 0

[15:30:28]	[Recv]	su 2 4988603 3 5018050 0 12 11 8360 0 0 1 43 9087 0 0 29213 67711

[15:30:28]	[Recv]	eff 2 5017545 7739

[15:30:28]	[Recv]	st 3 5018050 99 0 43 100 29213 2828 67711 2828 0

[15:30:28]	[Recv]	sr 13

[15:30:28]	[Recv]	cond 1 2073308 0 0 18

[15:30:28]	[Recv]	cond 1 2073308 0 0 18

[15:30:28]	[Recv]	ct 1 2073308 3 5018050 -1 -1 1114

[15:30:28]	[Recv]	su 1 2073308 3 5018050 1114 7 11 4260 0 0 1 27 10808 0 0 18405 67711

[15:30:28]	[Recv]	cond 2 4988592 0 0 15

[15:30:28]	[Send]	ptctl 5443 2 4988603 38 51 4988592 39 51 4988603 15
[15:30:28]	[Recv]	st 2 5017544 94 0 100 100 92062 184124 92062 184124 0

[15:30:28]	[Recv]	cond 1 2073308 0 0 18

[15:30:28]	[Recv]	cond 1 2073308 0 0 18

[15:30:28]	[Recv]	cond 2 4988603 0 0 15

[15:30:28]	[Recv]	cond 2 4988592 0 0 15

[15:30:28]	[Send]	ptctl 5443 1 4988592 40 52 4988592 15
[15:30:29]	[Recv]	ct 3 5018050 2 4988603 -1 -1 0

[15:30:29]	[Recv]	su 3 5018050 2 4988603 0 10 11 4757 0 0 1 91 127 0 0 17796 19451

[15:30:29]	[Recv]	st 2 5017546 94 0 100 100 92062 184124 92062 184124 0

[15:30:29]	[Recv]	cond 2 4988592 0 0 15

[15:30:29]	[Send]	ptctl 5443 2 4988603 38 53 4988592 40 51 4988603 15
[15:30:29]	[Send]	ncif 3 5018050
[15:30:29]	[Send]	ptctl 5443 1 4988592 32 51 4988592 15
[15:30:29]	[Send]	ptctl 5443 1 4988603 33 51 4988603 15
[15:30:29]	[Send]	suctl 5443 1 4988603 3 5018050
[15:30:29]	[Recv]	cond 1 2073308 0 0 18

[15:30:29]	[Recv]	sayi 1 2073308 20 22 3 4254 0 0 0

[15:30:29]	[Recv]	bf 1 2073308 0.4254.0 99

[15:30:29]	[Recv]	cond 2 4988603 0 0 15

[15:30:29]	[Recv]	cond 2 4988592 0 0 15

[15:30:29]	[Recv]	st 3 5018050 99 0 27 100 18405 2828 67711 2828 0

[15:30:29]	[Send]	u_s 0 3 5018050
[15:30:29]	[Recv]	st 2 5017545 94 0 100 100 92062 184124 92062 184124 0

[15:30:29]	[Recv]	sr 0

[15:30:29]	[Recv]	cond 2 4988592 0 0 15

[15:30:29]	[Recv]	cond 2 4988603 0 0 15

[15:30:29]	[Recv]	ct 3 5018055 1 2073308 -1 -1 0

[15:30:29]	[Recv]	ct 3 5018051 2 4988592 -1 -1 0

[15:30:29]	[Recv]	su 3 5018051 2 4988592 0 10 11 4789 0 0 1 93 0 1 0 53936 57771

[15:30:29]	[Recv]	eff 2 4988603 5005

[15:30:29]	[Recv]	cond 1 2073308 0 0 18

[15:30:29]	[Recv]	cond 1 2073308 0 0 18

[15:30:29]	[Send]	ptctl 5443 2 4988603 38 51 4988592 39 51 4988603 15
[15:30:29]	[Recv]	su 3 5018055 1 2073308 0 10 11 4789 0 0 1 100 0 1 0 95497 95497

[15:30:29]	[Recv]	ct 1 2073308 3 5018050 -1 -1 1114

[15:30:29]	[Recv]	su 1 2073308 3 5018050 1114 7 11 4260 0 0 1 11 10645 0 0 7760 67711

[15:30:29]	[Recv]	cond 2 4988603 0 0 15

[15:30:29]	[Recv]	cond 2 4988592 0 0 15

[15:30:29]	[Send]	ptctl 5443 2 4988603 39 51 4988592 40 50 4988603 15
[15:30:30]	[Recv]	ct 2 4988603 3 5018050 -1 -1 0

[15:30:30]	[Recv]	eff 2 4988603 15

[15:30:30]	[Recv]	su 2 4988603 3 5018050 0 12 11 8360 0 0 0 0 15181 0 0 0 67711

[15:30:30]	[Recv]	lev 99 0 99 0 2140719000 5991794 66990112 2 0 90 917705181 0

[15:30:30]	[Recv]	cond 2 4988603 0 0 15

[15:30:30]	[Recv]	cond 2 4988592 0 0 15

[15:30:30]	[Send]	ncif 3 5018055
[15:30:30]	[Recv]	st 3 5018055 99 0 1 100 1 2828 100086 2828 0 572.99

[15:30:30]	[Send]	ptctl 5443 1 4988592 39 50 4988592 15
[15:30:30]	[Send]	ptctl 5443 1 4988603 34 51 4988603 15
[15:30:30]	[Send]	suctl 5443 1 4988603 3 5018055
[15:30:30]	[Send]	u_s 0 3 5018055
[15:30:30]	[Recv]	in 3 688 5018132 6 43 6 100 100 0 0 0 -1 0 0 -1 - 0 -1 0 0 0 0 0 0 0 0 0 0 0 0

[15:30:30]	[Recv]	msgi 0 679 0 0 0 0 0

[15:30:30]	[Recv]	in 3 726 5018133 7 42 5 100 100 0 0 0 -1 0 0 -1 - 0 -1 0 0 0 0 0 0 0 0 0 0 0 0

[15:30:30]	[Recv]	msgi 0 679 0 0 0 0 0

[15:30:30]	[Recv]	in 3 688 5018134 7 43 1 100 100 0 0 0 -1 0 0 -1 - 0 -1 0 0 0 0 0 0 0 0 0 0 0 0

[15:30:30]	[Recv]	msgi 0 679 0 0 0 0 0

[15:30:30]	[Recv]	in 3 688 5018135 8 43 5 100 100 0 0 0 -1 0 0 -1 - 0 -1 0 0 0 0 0 0 0 0 0 0 0 0

[15:30:30]	[Recv]	msgi 0 679 0 0 0 0 0

[15:30:30]	[Recv]	in 3 708 5018136 39 5 5 100 100 0 0 0 -1 0 0 -1 - 0 -1 0 0 0 0 0 0 0 0 0 0 0 0

[15:30:30]	[Recv]	msgi 0 679 0 0 0 0 0

[15:30:30]	[Recv]	in 3 700 5018137 39 6 4 100 100 0 0 0 -1 0 0 -1 - 0 -1 0 0 0 0 0 0 0 0 0 0 0 0

[15:30:30]	[Recv]	msgi 0 679 0 0 0 0 0

[15:30:30]	[Recv]	in 3 708 5018138 40 5 7 100 100 0 0 0 -1 0 0 -1 - 0 -1 0 0 0 0 0 0 0 0 0 0 0 0

[15:30:30]	[Recv]	msgi 0 679 0 0 0 0 0

[15:30:30]	[Recv]	in 3 700 5018139 40 6 0 100 100 0 0 0 -1 0 0 -1 - 0 -1 0 0 0 0 0 0 0 0 0 0 0 0

[15:30:30]	[Recv]	msgi 0 679 0 0 0 0 0

[15:30:30]	[Recv]	in 3 726 5018140 41 5 4 100 100 0 0 0 -1 0 0 -1 - 0 -1 0 0 0 0 0 0 0 0 0 0 0 0

[15:30:30]	[Recv]	msgi 0 679 0 0 0 0 0

[15:30:30]	[Recv]	in 3 700 5018141 41 6 0 100 100 0 0 0 -1 0 0 -1 - 0 -1 0 0 0 0 0 0 0 0 0 0 0 0

[15:30:30]	[Recv]	msgi 0 679 0 0 0 0 0

[15:30:30]	[Recv]	in 3 760 5018142 42 5 7 100 100 0 0 0 -1 0 0 -1 - 0 -1 0 0 0 0 0 0 0 0 0 0 0 0

[15:30:30]	[Recv]	msgi 0 679 0 0 0 0 0

[15:30:30]	[Recv]	in 3 700 5018143 42 6 7 100 100 0 0 0 -1 0 0 -1 - 0 -1 0 0 0 0 0 0 0 0 0 0 0 0

[15:30:30]	[Recv]	msgi 0 679 0 0 0 0 0

[15:30:30]	[Recv]	in 3 688 5018144 71 45 4 100 100 0 0 0 -1 0 0 -1 - 0 -1 0 0 0 0 0 0 0 0 0 0 0 0

[15:30:30]	[Recv]	msgi 0 679 0 0 0 0 0

[15:30:30]	[Recv]	in 3 726 5018145 72 44 1 100 100 0 0 0 -1 0 0 -1 - 0 -1 0 0 0 0 0 0 0 0 0 0 0 0

[15:30:30]	[Recv]	msgi 0 679 0 0 0 0 0

[15:30:30]	[Recv]	in 3 688 5018146 72 45 4 100 100 0 0 0 -1 0 0 -1 - 0 -1 0 0 0 0 0 0 0 0 0 0 0 0

[15:30:30]	[Recv]	msgi 0 679 0 0 0 0 0

[15:30:30]	[Recv]	in 3 688 5018147 74 45 1 100 100 0 0 0 -1 0 0 -1 - 0 -1 0 0 0 0 0 0 0 0 0 0 0 0

[15:30:30]	[Recv]	msgi 0 679 0 0 0 0 0

[15:30:30]	[Recv]	eff 3 5018143 5000

[15:30:30]	[Recv]	eff 3 5018140 5000

[15:30:30]	[Recv]	eff 3 5018137 5000

[15:30:30]	[Recv]	eff 3 5018133 5000

[15:30:30]	[Recv]	sr 0

[15:30:30]	[Recv]	cond 2 4988592 0 0 15

[15:30:30]	[Recv]	cond 2 4988603 0 0 15

[15:30:30]	[Recv]	st 2 5017544 94 0 100 100 92062 184124 92062 184124 0

[15:30:30]	[Recv]	eff 2 4988603 5005

[15:30:30]	[Send]	suctl 5443 1 4988592 3 5018055
[15:30:31]	[Recv]	st 2 5017546 94 0 100 100 92062 184124 92062 184124 0

[15:30:31]	[Recv]	ct 1 2073308 3 5018055 -1 -1 1114

[15:30:31]	[Recv]	su 1 2073308 3 5018055 1114 7 11 4260 0 0 0 0 22343 3 0 0 100086

[15:30:31]	[Recv]	lev 99 0 99 0 2140719000 5991794 66990112 2 0 90 917705181 0

[15:30:31]	[Recv]	sayi 1 2073308 20 22 3 948 0 0 0

[15:30:31]	[Recv]	bf 1 2073308 0.948.0 99

[15:30:31]	[Recv]	st 2 5017545 94 0 100 100 92062 184124 92062 184124 0

[15:30:31]	[Recv]	sr 0

[15:30:31]	[Recv]	ct 3 5018051 2 4988592 -1 -1 0

[15:30:31]	[Recv]	su 3 5018051 2 4988592 0 10 11 4789 0 0 1 93 0 1 0 53936 57771

[15:30:31]	[Send]	u_ts 778 19 49
[15:30:31]	[Send]	ptctl 5443 2 4988603 38 54 4988592 36 53 4988603 15
[15:30:32]	[Recv]	in 2 669 4988543 19 49 2 100 100 0 0 0 2073308 0 0 -1 @ 2 -1 0 0 0 0 0 0 0 0 0 0 19 4

[15:30:32]	[Recv]	ctl 2 4988543 0 1

[15:30:32]	[Recv]	in 2 643 4988539 20 51 2 100 100 0 0 0 2073308 0 0 -1 @ 2 -1 0 0 0 0 0 0 0 0 0 0 20 4

[15:30:32]	[Recv]	ctl 2 4988539 0 1

[15:30:32]	[Recv]	in 2 639 4988535 17 48 2 100 100 0 0 0 2073308 0 0 -1 @ 2 -1 0 0 0 0 0 0 0 0 0 0 18 4

[15:30:32]	[Recv]	ctl 2 4988535 0 1

[15:30:32]	[Recv]	in 2 638 4988534 17 50 2 100 100 0 0 0 2073308 0 0 -1 @ 2 -1 0 0 0 0 0 0 0 0 0 0 17 4

[15:30:32]	[Recv]	ctl 2 4988534 0 1

[15:30:32]	[Recv]	bf 1 2073308 0.1029.200 99

[15:30:32]	[Recv]	sayi 1 2073308 20 26 3 1029 0 0 0

[15:30:32]	[Recv]	team_cool 4 900

[15:30:32]	[Recv]	cond 2 4988603 0 0 15

[15:30:32]	[Recv]	cond 2 4988592 0 0 15

[15:30:32]	[Send]	ptctl 5443 2 4988603 40 52 4988592 38 51 4988603 15
[15:30:32]	[Recv]	cond 1 2073308 0 0 18

[15:30:32]	[Recv]	cond 1 2073308 0 0 18

[15:30:32]	[Send]	ncif 3 5018051
[15:30:32]	[Recv]	cond 2 4988603 0 0 15

[15:30:32]	[Recv]	cond 2 4988592 0 0 15

[15:30:32]	[Send]	ptctl 5443 2 4988603 38 52 4988592 38 49 4988603 15
[15:30:32]	[Send]	suctl 5443 1 4988603 3 5018051
[15:30:32]	[Send]	u_s 0 3 5018051
[15:30:32]	[Recv]	sp 415914 1000000 0 10000

[15:30:32]	[Recv]	ct 2 4988534 3 5018135 -1 -1 0

[15:30:32]	[Recv]	eff 3 5018135 6003

[15:30:32]	[Recv]	su 2 4988534 3 5018135 0 11 11 4948 0 0 1 100 1 0 0 12525 12526

[15:30:32]	[Recv]	st 3 5018051 99 0 52 100 52669 2828 100086 2828 0

[15:30:32]	[Recv]	cond 2 4988603 0 0 15

[15:30:32]	[Recv]	cond 2 4988592 0 0 15

[15:30:32]	[Recv]	sc_p 81 639 4988535 1 2987 0 2 0 144 201 70 4 70 0 27 35 29 35 25 3 60 50 80 50 501 501 220 220 0 15 0 @ 0 18 4 1 0 0 0 90

[15:30:32]	[Recv]	st 2 5017544 94 0 100 100 92062 184124 92062 184124 0

[15:30:32]	[Recv]	eff 2 5017544 7739

[15:30:32]	[Recv]	eff 2 4988603 5005

[15:30:33]	[Recv]	ct 2 4988535 3 5018134 -1 -1 0

[15:30:33]	[Recv]	su 2 4988535 3 5018134 0 11 11 4948 0 0 1 100 1 0 0 12525 12526

[15:30:33]	[Recv]	sc_p 86 643 4988539 1 2987 0 2 0 144 201 70 4 70 0 27 35 29 35 25 3 60 50 80 50 501 501 220 220 0 15 0 @ 0 20 4 1 0 0 0 90

[15:30:33]	[Recv]	st 2 5017546 94 0 100 100 92062 184124 92062 184124 0

[15:30:33]	[Recv]	eff 2 5017546 7739

[15:30:33]	[Recv]	ct 1 2073308 3 5018051 -1 -1 1114

[15:30:33]	[Recv]	su 1 2073308 3 5018051 1114 7 11 4260 0 0 1 24 28176 0 0 24493 100086

[15:30:33]	[Recv]	cond 1 2073308 0 0 18

[15:30:33]	[Recv]	bf 1 2073308 0.4254.80 99

[15:30:33]	[Recv]	sayi 1 2073308 20 26 3 4254 0 0 0

[15:30:33]	[Recv]	sayi 1 2073308 20 23 3 4254 0 0 0

[15:30:33]	[Send]	suctl 5443 1 4988592 3 5018051
[15:30:33]	[Recv]	ct 2 4988603 3 5018051 -1 -1 0

[15:30:33]	[Recv]	su 2 4988603 3 5018051 0 12 11 8360 0 0 1 16 7800 0 0 16693 100086

[15:30:33]	[Recv]	eff 2 4988592 5005

[15:30:33]	[Recv]	ct 2 4988539 3 5018135 -1 -1 0

[15:30:33]	[Recv]	su 2 4988539 3 5018135 0 11 11 4948 0 0 1 100 1 0 0 12524 12526

[15:30:33]	[Recv]	st 2 5017545 94 0 100 100 92062 184124 92062 184124 0

[15:30:33]	[Recv]	eff 2 5017545 7739

[15:30:33]	[Send]	ncif 3 5018051
[15:30:33]	[Send]	pulse 5760 0
[15:30:33]	[Recv]	umi 5060.340 5676.-1 5797.-1 13459.-2

[15:30:33]	[Recv]	ct 2 4988592 3 5018051 -1 -1 0

[15:30:33]	[Recv]	su 2 4988592 3 5018051 0 10 11 0 0 0 1 4 12524 0 0 4169 100086

[15:30:33]	[Recv]	st 3 5018051 99 0 4 100 4169 2828 100086 2828 0

[15:30:33]	[Recv]	sr 0

[15:30:33]	[Recv]	ct 2 4988543 3 5018133 -1 -1 0

[15:30:33]	[Recv]	su 2 4988543 3 5018133 0 11 11 4948 0 0 1 100 1 0 0 67710 67711

[15:30:33]	[Send]	suctl 5443 1 4988603 3 5018051
[15:30:34]	[Send]	u_ts 758 66 39
[15:30:34]	[Recv]	ct 3 5018051 2 4988592 -1 -1 0

[15:30:34]	[Recv]	su 3 5018051 2 4988592 0 10 11 4789 0 0 1 93 52 0 0 53884 57771

[15:30:34]	[Recv]	eff 2 4988603 5005

[15:30:34]	[Recv]	cond 2 4988602 0 0 12

[15:30:34]	[Recv]	c_mode 2 4988602 2343 0 0

[15:30:34]	[Recv]	sc_n 4 2640 4988602 94 1000 473672 991.2.4 996.0.10 317.0.5 321.0.5 0 0 1 4 566 686 820 9 160 10 201 555 264 555 248 3 7 7 110 2 17310 17310 10544 10544 0 291503800 @ 2343 0 4812.100 1318.3 1319.3 1320.7 2138 3 0

[15:30:34]	[Recv]	out 2 4988602

[15:30:34]	[Recv]	in 2 2640 4988602 66 39 2 100 100 0 0 3 2073308 1 0 2343 @ 1 4 0 0 0 0 0 0 0 0 2138 0 3 0

[15:30:34]	[Recv]	pinit 2 2|4988603|0|94|@|-1|3206|1|2723|0|0 2|4988592|1|96|@|-1|1548|0|0|0|60


[15:30:34]	[Recv]	in 2 2640 4988602 66 39 2 100 100 0 0 3 2073308 0 0 2343 @ 1 4 0 0 0 0 0 0 0 0 2138 0 3 0

[15:30:34]	[Recv]	ctl 2 4988602 0 1

[15:30:34]	[Recv]	in 2 822 4988567 64 41 2 100 100 0 0 3 2073308 0 0 -1 @ 1 3 0 0 0 0 0 0 0 0 0 0 4 0

[15:30:34]	[Recv]	ctl 2 4988567 0 1

[15:30:34]	[Recv]	cond 2 4988487 0 0 12

[15:30:34]	[Recv]	c_mode 2 4988487 2323 0 0

[15:30:34]	[Recv]	sc_n 2 319 4988487 99 1000 398653210 990.4.5 997.5.6 -1 -1 0 0 0 5 661 711 543 10 150 6 592 586 461 586 372 2 9 15 9 11 38176 38176 11281 11281 0 428143800 Kliff 2323 0 4809.100 1299.2 1300.4 1301.7 2127 1 0

[15:30:34]	[Recv]	out 2 4988487

[15:30:34]	[Recv]	in 2 319 4988487 66 38 2 100 100 0 0 3 2073308 1 0 2323 Kliff 1 2 0 0 0 0 0 0 0 0 2127 0 1 0

[15:30:34]	[Recv]	pinit 2 2|4988603|0|94|@|-1|3206|1|2723|0|0 2|4988592|1|96|@|-1|1548|0|0|0|60


[15:30:34]	[Recv]	in 2 319 4988487 66 38 2 100 100 0 0 3 2073308 0 0 2323 Kliff 1 2 0 0 0 0 0 0 0 0 2127 0 1 0

[15:30:34]	[Recv]	ctl 2 4988487 0 1

[15:30:34]	[Recv]	cond 2 4988486 0 0 11

[15:30:34]	[Recv]	c_mode 2 4988486 2367 0 0

[15:30:34]	[Recv]	sc_n 0 317 4988486 94 1000 202328 991.2.4 -1 -1 -1 0 0 1 4 558 678 801 9 160 0 88 214 107 214 79 2 1 5 1 1 16921 16921 6757 6757 0 291503800 Bob 2367 0 8239.0 0.0 0.0 0.0 2181 2 0

[15:30:34]	[Recv]	out 2 4988486

[15:30:34]	[Recv]	in 2 317 4988486 66 39 2 100 100 0 0 3 2073308 1 0 2367 Bob 1 0 0 0 0 0 0 0 0 0 2181 0 2 0

[15:30:34]	[Recv]	pinit 2 2|4988603|0|94|@|-1|3206|1|2723|0|0 2|4988592|1|96|@|-1|1548|0|0|0|60


[15:30:34]	[Recv]	in 2 317 4988486 66 39 2 100 100 0 0 3 2073308 0 0 2367 Bob 1 0 0 0 0 0 0 0 0 0 2181 0 2 0

[15:30:34]	[Recv]	ctl 2 4988486 0 1

[15:30:34]	[Recv]	bf 1 2073308 0.1025.200 99

[15:30:34]	[Recv]	sayi 1 2073308 20 26 3 1025 0 0 0

[15:30:34]	[Recv]	team_cool 0 900

[15:30:34]	[Recv]	ct 3 5018133 2 4988543 -1 -1 0

[15:30:34]	[Recv]	su 3 5018133 2 4988543 0 10 11 7174 0 0 1 13 436 0 0 65 501

[15:30:34]	[Send]	suctl 5443 1 4988592 3 5018051
[15:30:34]	[Recv]	eff 2 4988592 5005

[15:30:34]	[Send]	ptctl 5443 2 4988603 38 47 4988592 37 44 4988603 15
[15:30:34]	[Recv]	cond 1 2073308 0 0 18

[15:30:34]	[Recv]	cond 1 2073308 0 0 18

[15:30:34]	[Recv]	cond 2 4988603 0 0 15

[15:30:34]	[Recv]	cond 2 4988592 0 0 15

[15:30:34]	[Send]	ncif 3 5018051
[15:30:34]	[Recv]	ct 2 4988602 3 5018144 -1 -1 0

[15:30:34]	[Recv]	su 2 4988602 3 5018144 0 11 11 4085 0 0 0 0 14868 3 0 0 12526

[15:30:34]	[Recv]	lev 99 0 99 0 2140719000 5991794 66990112 2 0 90 917705181 0

[15:30:34]	[Recv]	ct 2 4988592 3 5018051 -1 -1 0

[15:30:34]	[Recv]	su 2 4988592 3 5018051 0 5 11 0 0 0 0 0 12279 0 0 0 100086

[15:30:34]	[Recv]	lev 99 0 99 0 2140719000 5991794 66990112 2 0 90 917705181 0

[15:30:34]	[Send]	u_s 0 3 5018051
[15:30:34]	[Recv]	cond 1 2073308 0 0 18

[15:30:34]	[Recv]	cond 1 2073308 0 0 18

[15:30:34]	[Recv]	sc_p 80 638 4988534 1 2991 0 2 0 144 201 70 4 70 0 27 35 29 35 25 3 60 50 80 50 501 501 220 220 0 15 0 @ 0 17 4 1 0 0 0 90

[15:30:34]	[Recv]	sc_p 83 669 4988543 1 2987 0 2 0 144 201 70 4 70 0 27 35 29 35 25 3 60 50 80 50 65 501 220 220 0 15 0 @ 0 19 4 1 0 0 0 90

[15:30:34]	[Recv]	st 2 5017544 94 0 100 100 92062 184124 92062 184124 0

[15:30:34]	[Recv]	cancel 0 0 -1

[15:30:35]	[Send]	ptctl 5443 2 4988603 43 48 4988592 43 47 4988603 15
[15:30:35]	[Recv]	ct 2 4988534 3 5018135 -1 -1 0

[15:30:35]	[Recv]	su 2 4988534 3 5018135 0 11 11 4948 0 0 1 100 1 0 0 12523 12526

[15:30:35]	[Recv]	st 2 5017546 94 0 100 100 92062 184124 92062 184124 0

[15:30:35]	[Send]	ncif 3 5018051
[15:30:35]	[Recv]	cond 1 2073308 0 0 18

[15:30:35]	[Recv]	cond 1 2073308 0 0 18

[15:30:35]	[Send]	ptctl 5443 1 4988603 44 48 4988603 15
[15:30:35]	[Recv]	cond 2 4988603 0 0 15

[15:30:35]	[Recv]	cond 2 4988592 0 0 15

[15:30:35]	[Send]	ptctl 5443 1 4988603 46 48 4988603 15
[15:30:35]	[Recv]	eff 3 5018142 4799

[15:30:35]	[Recv]	ct 2 4988535 3 5018134 -1 -1 0

[15:30:35]	[Recv]	su 2 4988535 3 5018134 0 11 11 4948 0 0 1 100 1 0 0 12524 12526

[15:30:35]	[Recv]	st 2 5017545 94 0 100 100 92062 184124 92062 184124 0

[15:30:35]	[Recv]	cond 1 2073308 0 0 18

[15:30:35]	[Recv]	cond 1 2073308 0 0 18

[15:30:35]	[Recv]	cond 2 4988603 0 0 15

[15:30:35]	[Recv]	ct 2 4988567 3 5018147 -1 -1 0

[15:30:35]	[Recv]	cond 1 2073308 0 0 18

[15:30:35]	[Recv]	cond 1 2073308 0 0 18

[15:30:35]	[Send]	ncif 3 5018145
[15:30:35]	[Recv]	cond 2 4988603 0 0 15

[15:30:35]	[Recv]	su 2 4988567 3 5018147 0 6 11 3601 0 0 1 60 4942 0 0 7584 12526

[15:30:35]	[Recv]	st 3 5018145 99 0 100 100 67711 2828 67711 2828 0

[15:30:35]	[Send]	ptctl 5443 2 4988603 48 51 4988592 46 47 4988603 15
[15:30:36]	[Recv]	ct 2 4988486 3 5018146 -1 -1 0

[15:30:36]	[Recv]	ct 2 4988602 3 5018146 -1 -1 0

[15:30:36]	[Recv]	su 2 4988602 3 5018146 0 11 11 4085 0 0 1 38 7667 0 0 4859 12526

[15:30:36]	[Recv]	cond 1 2073308 0 0 18

[15:30:36]	[Recv]	cond 1 2073308 0 0 18

[15:30:36]	[Recv]	cond 2 4988603 0 0 15

[15:30:36]	[Recv]	cond 2 4988592 0 0 15

[15:30:36]	[Send]	ptctl 5443 1 4988592 47 47 4988592 15
[15:30:36]	[Send]	ptctl 5443 1 4988603 51 49 4988603 15
[15:30:36]	[Recv]	ct 3 5018134 2 4988535 -1 -1 0

[15:30:36]	[Recv]	su 3 5018134 2 4988535 0 5 11 0 0 0 0 0 1430 0 0 0 501

[15:30:36]	[Recv]	su 2 4988486 3 5018146 0 6 11 7130 0 0 1 4 4335 0 0 524 12526

[15:30:36]	[Recv]	ct 2 4988543 3 5018133 -1 -1 0

[15:30:36]	[Recv]	su 2 4988543 3 5018133 0 11 11 4948 0 0 1 100 1 0 0 67709 67711

[15:30:36]	[Recv]	sc_p 170 1548 4988592 96 635 24086074 0 0 1889 2049 1289 19 90 9 975 627 958 627 866 3 90 90 110 80 53884 57771 18100 18100 1 84982200 0 @ 0 0 6 60 1831 1798 0 100

[15:30:36]	[Recv]	cond 2 4988592 0 0 15

[15:30:36]	[Recv]	ct 3 5018133 2 4988543 -1 -1 0

[15:30:36]	[Recv]	su 3 5018133 2 4988543 0 10 11 7174 0 0 0 0 1480 0 0 0 501

[15:30:36]	[Recv]	cond 2 4988603 0 0 15

[15:30:36]	[Send]	ptctl 5443 1 4988592 50 47 4988592 15
[15:30:36]	[Send]	u_s 1 3 5018145
[15:30:36]	[Recv]	ct 2 4988539 3 5018135 -1 -1 0

[15:30:36]	[Recv]	su 2 4988539 3 5018135 0 11 11 4948 0 0 1 100 1 0 0 12522 12526

[15:30:36]	[Recv]	cond 2 4988592 0 0 15

[15:30:36]	[Send]	ncif 3 5018145
[15:30:36]	[Recv]	cond 1 2073308 0 0 18

[15:30:36]	[Recv]	cond 1 2073308 0 0 18

[15:30:36]	[Recv]	st 2 5017544 94 0 100 100 92062 184124 92062 184124 0

[15:30:36]	[Recv]	ms_c 0

[15:30:36]	[Recv]	qslot 0 1.1.1 1.1.2 1.1.3 1.1.4 1.1.5 1.1.6 1.1.7 1.1.9 1.1.8 1.1.10 0.1.45 0.2.21 0.1.76 1.1.38 1.3.12 0.1.34 0.1.87 0.-1.-1 0.1.84 0.1.43 1.3.11 1.1.42 1.1.41 1.3.976 0.-1.-1 0.1.70 0.2.143 0.2.25 0.2.27 0.2.26

[15:30:36]	[Recv]	qslot 1 0.-1.-1 0.-1.-1 0.-1.-1 0.-1.-1 0.-1.-1 0.-1.-1 0.-1.-1 0.-1.-1 0.-1.-1 0.-1.-1 0.1.-1 0.1.-1 1.1.41 1.1.42 0.-1.-1 7.7.-1 7.7.-1 7.7.-1 7.7.-1 0.-1.-1 0.-1.-1 0.-1.-1 0.-1.-1 0.-1.-1 0.-1.-1 0.-1.-1 0.-1.-1 0.-1.-1 0.-1.-1 0.-1.-1

[15:30:36]	[Recv]	ct 1 2073308 3 5018145 14 4263 1115

[15:30:36]	[Recv]	st 3 5018145 99 0 100 100 67711 2828 67711 2828 0

[15:30:37]	[Recv]	ct 2 4988486 3 5018146 -1 -1 0

[15:30:37]	[Recv]	st 2 5017546 94 0 100 100 92062 184124 92062 184124 0

[15:30:37]	[Send]	ptctl 5443 1 4988592 54 48 4988592 15
[15:30:37]	[Recv]	su 2 4988486 3 5018146 0 6 11 7130 0 0 0 0 4349 0 0 0 12526

[15:30:37]	[Recv]	lev 99 0 99 0 2140719000 5991794 66990112 2 0 90 917705181 0

[15:30:37]	[Recv]	eff 1 2073308 15

[15:30:37]	[Recv]	su 1 2073308 3 5018145 1115 70 12 4264 0 0 0 0 295263 3 0 0 67711

[15:30:37]	[Recv]	lev 99 0 99 0 2140719000 5991794 66990112 2 0 90 917705181 0

[15:30:37]	[Recv]	mslot 1127 -1

[15:30:37]	[Recv]	qset 0 0 1.1.13.0

[15:30:37]	[Send]	ptctl 5443 1 4988603 56 49 4988603 15
[15:30:37]	[Recv]	cond 2 4988592 0 0 15

[15:30:37]	[Recv]	st 2 5017545 94 0 100 100 92062 184124 92062 184124 0

[15:30:37]	[Recv]	cond 2 4988603 0 0 15

[15:30:37]	[Send]	ptctl 5443 1 4988592 55 51 4988592 15
[15:30:37]	[Recv]	sp 415904 1000000 0 10000

[15:30:37]	[Recv]	ct 2 4988567 3 5018147 -1 -1 0

[15:30:37]	[Recv]	cond 2 4988592 0 0 15

[15:30:37]	[Send]	ptctl 5443 1 4988592 52 48 4988592 15
[15:30:37]	[Send]	ptctl 5443 2 4988603 55 54 4988592 54 53 4988603 15
[15:30:37]	[Recv]	ct 3 5018147 2 4988567 -1 -1 0

[15:30:37]	[Recv]	su 3 5018147 2 4988567 0 5 11 0 0 0 1 96 752 0 0 17861 18613

[15:30:37]	[Recv]	ct 3 5018135 2 4988539 -1 -1 0

[15:30:37]	[Recv]	su 3 5018135 2 4988539 0 5 11 0 0 0 0 0 1436 0 0 0 501

[15:30:37]	[Recv]	eff 2 4988567 15

[15:30:37]	[Recv]	su 2 4988567 3 5018147 0 6 11 3601 0 0 1 12 6028 0 0 1556 12526

[15:30:37]	[Recv]	ct 2 4988602 3 5018147 -1 -1 0

[15:30:37]	[Recv]	su 2 4988602 3 5018147 0 11 11 4085 0 0 0 0 7658 0 0 0 12526

[15:30:37]	[Recv]	lev 99 0 99 0 2140719000 5991794 66990112 2 0 90 917705181 0

[15:30:37]	[Recv]	out 2 4988535

[15:30:37]	[Recv]	eff 2 5017544 7739

[15:30:37]	[Recv]	cond 2 4988592 0 0 15

[15:30:37]	[Recv]	cond 1 2073308 0 0 18

[15:30:37]	[Recv]	cond 1 2073308 0 0 18

[15:30:38]	[Recv]	out 2 4988543

[15:30:38]	[Recv]	eff 2 5017546 7739

[15:30:38]	[Recv]	cond 2 4988603 0 0 15

[15:30:38]	[Recv]	cond 2 4988592 0 0 15

[15:30:38]	[Recv]	ct 2 4988534 3 5018135 -1 -1 0

[15:30:38]	[Recv]	su 2 4988534 3 5018135 0 11 11 4948 0 0 1 100 1 0 0 12521 12526

[15:30:38]	[Recv]	sr 8

[15:30:38]	[Recv]	eff 2 5017545 7739

[15:30:38]	[Send]	ptctl 5443 1 4988603 57 56 4988603 15
[15:30:38]	[Recv]	st 2 5017544 94 0 100 100 92062 184124 92062 184124 0

[15:30:38]	[Recv]	cond 2 4988603 0 0 15

[15:30:38]	[Send]	ptctl 5443 1 4988592 58 57 4988592 15
[15:30:39]	[Send]	ptctl 5443 2 4988603 52 56 4988592 50 54 4988603 15
[15:30:39]	[Recv]	st 2 5017546 94 0 100 100 92062 184124 92062 184124 0

[15:30:39]	[Recv]	cond 1 2073308 0 0 18

[15:30:39]	[Recv]	cond 1 2073308 0 0 18

[15:30:39]	[Recv]	cond 2 4988592 0 0 15

[15:30:39]	[Send]	ptctl 5443 2 4988603 51 56 4988592 49 54 4988603 15
[15:30:39]	[Recv]	cond 1 2073308 0 0 18

[15:30:39]	[Recv]	cond 1 2073308 0 0 18

[15:30:39]	[Recv]	cond 2 4988603 0 0 15

[15:30:39]	[Recv]	cond 2 4988592 0 0 15

[15:30:39]	[Recv]	out 2 4988539

[15:30:39]	[Recv]	st 2 5017545 94 0 100 100 92062 184124 92062 184124 0

[15:30:39]	[Recv]	cond 1 2073308 0 0 18

[15:30:39]	[Recv]	cond 1 2073308 0 0 18

[15:30:39]	[Recv]	cond 2 4988603 0 0 15

[15:30:39]	[Recv]	cond 2 4988592 0 0 15

[15:30:39]	[Recv]	ct 3 5018135 2 4988534 -1 -1 0

[15:30:39]	[Recv]	su 3 5018135 2 4988534 0 5 11 0 0 0 0 0 1458 0 0 0 501

[15:30:39]	[Send]	ptctl 5443 2 4988603 48 56 4988592 46 54 4988603 15
[15:30:39]	[Recv]	cond 1 2073308 0 0 18

[15:30:39]	[Recv]	cond 1 2073308 0 0 18

[15:30:39]	[Recv]	cond 2 4988603 0 0 15

[15:30:39]	[Recv]	cond 2 4988592 0 0 15

[15:30:40]	[Recv]	cond 2 4988535 0 0 9

[15:30:40]	[Recv]	petski 334 1831 1798

[15:30:40]	[Recv]	pet_cool2  0 0 0

[15:30:40]	[Recv]	pinit 2 2|4988603|0|94|@|-1|3206|1|2723|0|0 2|4988592|1|96|@|-1|1548|0|0|0|60

[15:30:40]	[Send]	ptctl 5443 2 4988603 46 56 4988592 44 54 4988603 15
[15:30:40]	[Recv]	cond 1 2073308 0 0 18

[15:30:40]	[Recv]	cond 1 2073308 0 0 18

[15:30:40]	[Recv]	cond 2 4988543 0 0 9

[15:30:40]	[Recv]	petski 334 1831 1798

[15:30:40]	[Recv]	pet_cool2  0 0 0

[15:30:40]	[Recv]	pinit 2 2|4988603|0|94|@|-1|3206|1|2723|0|0 2|4988592|1|96|@|-1|1548|0|0|0|60

[15:30:40]	[Recv]	cond 2 4988603 0 0 15

[15:30:40]	[Recv]	cond 2 4988592 0 0 15

[15:30:40]	[Recv]	eff 3 5018142 4799

[15:30:40]	[Send]	ptctl 5443 2 4988603 43 56 4988592 41 54 4988603 15
[15:30:40]	[Recv]	cond 1 2073308 0 0 18

[15:30:40]	[Recv]	cond 1 2073308 0 0 18

[15:30:40]	[Recv]	cond 2 4988603 0 0 15

[15:30:40]	[Recv]	cond 2 4988592 0 0 15

[15:30:40]	[Send]	ptctl 5443 2 4988603 41 56 4988592 39 54 4988603 15
[15:30:40]	[Recv]	st 2 5017544 94 0 100 100 92062 184124 92062 184124 0

[15:30:40]	[Recv]	cond 1 2073308 0 0 18

[15:30:40]	[Recv]	sayi 1 2073308 20 22 3 4254 0 0 0

[15:30:40]	[Recv]	bf 1 2073308 0.4254.0 99

[15:30:40]	[Recv]	cond 1 2073308 0 0 18

[15:30:40]	[Recv]	cond 1 2073308 0 0 18

[15:30:41]	[Recv]	st 2 5017546 94 0 100 100 92062 184124 92062 184124 0

[15:30:41]	[Recv]	cond 2 4988603 0 0 15

[15:30:41]	[Recv]	cond 2 4988592 0 0 15

[15:30:41]	[Send]	ptctl 5443 2 4988603 39 56 4988592 37 54 4988603 15
[15:30:41]	[Recv]	out 2 4988534

[15:30:41]	[Recv]	cond 1 2073308 0 0 18

[15:30:41]	[Recv]	cond 1 2073308 0 0 18

[15:30:41]	[Recv]	st 2 5017545 94 0 100 100 92062 184124 92062 184124 0

[15:30:41]	[Recv]	cond 2 4988603 0 0 15

[15:30:41]	[Recv]	cond 2 4988592 0 0 15

[15:30:41]	[Send]	ncif 3 5018132
[15:30:41]	[Send]	u_s 13 3 5018132
[15:30:41]	[Send]	ptctl 5443 1 4988592 34 54 4988592 15
[15:30:41]	[Recv]	cond 2 4988539 0 0 9

[15:30:41]	[Recv]	petski 334 1831 1798

[15:30:41]	[Recv]	pet_cool2  0 0 0

[15:30:41]	[Recv]	pinit 2 2|4988603|0|94|@|-1|3206|1|2723|0|0 2|4988592|1|96|@|-1|1548|0|0|0|60

[15:30:41]	[Recv]	st 3 5018132 99 0 100 100 12526 2828 12526 2828 0

[15:30:41]	[Recv]	cond 1 2073308 0 0 18

[15:30:41]	[Recv]	cond 1 2073308 0 0 18

[15:30:41]	[Recv]	ms_c 0

[15:30:41]	[Recv]	qslot 0 1.1.1 1.1.2 1.1.3 1.1.4 1.1.5 1.1.6 1.1.7 1.1.9 1.1.8 1.1.10 0.1.45 0.2.21 0.1.76 1.1.38 1.3.12 0.1.34 0.1.87 0.-1.-1 0.1.84 0.1.43 1.3.11 1.1.42 1.1.41 1.3.976 0.-1.-1 0.1.70 0.2.143 0.2.25 0.2.27 0.2.26

[15:30:41]	[Recv]	qslot 1 0.-1.-1 0.-1.-1 0.-1.-1 0.-1.-1 0.-1.-1 0.-1.-1 0.-1.-1 0.-1.-1 0.-1.-1 0.-1.-1 0.1.-1 0.1.-1 1.1.41 1.1.42 0.-1.-1 7.7.-1 7.7.-1 7.7.-1 7.7.-1 0.-1.-1 0.-1.-1 0.-1.-1 0.-1.-1 0.-1.-1 0.-1.-1 0.-1.-1 0.-1.-1 0.-1.-1 0.-1.-1 0.-1.-1

[15:30:41]	[Recv]	ct 1 2073308 3 5018132 -1 -1 1127

[15:30:41]	[Recv]	eff 1 2073308 15

[15:30:41]	[Recv]	su 1 2073308 3 5018132 1127 100 22 4284 0 0 0 0 87971 0 0 0 12526

[15:30:41]	[Recv]	lev 99 0 99 0 2140719000 5991794 66990112 2 0 90 917705181 0

[15:30:41]	[Recv]	cond 2 4988592 0 0 15

[15:30:42]	[Send]	ptctl 5443 2 4988603 34 56 4988592 32 55 4988603 15
[15:30:42]	[Recv]	cond 1 2073308 0 0 18

[15:30:42]	[Recv]	cond 1 2073308 0 0 18

[15:30:42]	[Send]	ptctl 5443 2 4988603 33 56 4988592 31 55 4988603 15
[15:30:42]	[Recv]	cond 2 4988603 0 0 15

[15:30:42]	[Recv]	cond 2 4988592 0 0 15

[15:30:42]	[Recv]	cond 1 2073308 0 0 18

[15:30:42]	[Recv]	cond 1 2073308 0 0 18

[15:30:42]	[Send]	ptctl 5443 2 4988603 32 56 4988592 30 54 4988603 15
[15:30:42]	[Recv]	cond 2 4988603 0 0 15

[15:30:42]	[Recv]	cond 2 4988592 0 0 15

[15:30:42]	[Recv]	cond 1 2073308 0 0 18

[15:30:42]	[Recv]	cond 1 2073308 0 0 18

[15:30:42]	[Recv]	sp 415894 1000000 0 10000

[15:30:42]	[Recv]	cond 2 4988603 0 0 15

[15:30:42]	[Recv]	cond 2 4988592 0 0 15

[15:30:42]	[Send]	ptctl 5443 2 4988603 30 56 4988592 28 54 4988603 15
[15:30:42]	[Recv]	st 2 5017544 94 0 100 100 92062 184124 92062 184124 0

[15:30:42]	[Recv]	eff 2 5017544 7739

[15:30:42]	[Recv]	cond 1 2073308 0 0 18

[15:30:42]	[Recv]	cond 1 2073308 0 0 18

[15:30:42]	[Send]	ncif 3 5018134
[15:30:42]	[Recv]	cond 2 4988603 0 0 15

[15:30:42]	[Recv]	cond 2 4988592 0 0 15

[15:30:43]	[Recv]	st 2 5017546 94 0 100 100 92062 184124 92062 184124 0

[15:30:43]	[Recv]	eff 2 5017546 7739

[15:30:43]	[Recv]	st 3 5018134 99 0 100 100 12524 2828 12526 2828 0

[15:30:43]	[Send]	u_s 0 3 5018134
[15:30:43]	[Send]	ptctl 5443 1 4988592 26 56 4988592 15
[15:30:43]	[Recv]	ct 3 5018133 2 4988592 -1 -1 0

[15:30:43]	[Recv]	su 3 5018133 2 4988592 0 10 11 7174 0 0 1 93 23 0 0 53861 57771

[15:30:43]	[Recv]	cond 1 2073308 0 0 18

[15:30:43]	[Recv]	cond 1 2073308 0 0 18

[15:30:43]	[Recv]	st 2 5017545 94 0 100 100 92062 184124 92062 184124 0

[15:30:43]	[Recv]	eff 2 5017545 7739

[15:30:43]	[Recv]	cond 2 4988534 0 0 9

[15:30:43]	[Recv]	petski 334 1831 1798

[15:30:43]	[Recv]	pet_cool2  0 0 0

[15:30:43]	[Recv]	pinit 2 2|4988603|0|94|@|-1|3206|1|2723|0|0 2|4988592|1|96|@|-1|1548|0|0|0|60

[15:30:43]	[Recv]	ct 1 2073308 3 5018134 -1 -1 1114

[15:30:43]	[Recv]	su 1 2073308 3 5018134 1114 7 11 4260 0 0 0 0 102455 3 0 0 12526

[15:30:43]	[Recv]	lev 99 0 99 0 2140719000 5991794 66990112 2 0 90 917705181 0

[15:30:43]	[Recv]	cond 2 4988592 0 0 15

[15:30:43]	[Send]	ptctl 5443 1 4988592 25 58 4988592 15
[15:30:43]	[Send]	ptctl 5443 1 4988603 29 56 4988603 15
[15:30:43]	[Send]	suctl 5443 1 4988603 3 5018134
[15:30:43]	[Recv]	cond 2 4988592 0 0 15

[15:30:43]	[Send]	ptctl 5443 2 4988603 27 52 4988592 27 50 4988603 15
[15:30:43]	[Recv]	cond 2 4988603 0 0 15

[15:30:43]	[Send]	ncif 3 5018135
[15:30:43]	[Recv]	cond 1 2073308 0 0 18

[15:30:43]	[Recv]	cond 1 2073308 0 0 18

[15:30:44]	[Recv]	cond 2 4988603 0 0 15

[15:30:44]	[Recv]	cond 2 4988592 0 0 15

[15:30:44]	[Send]	u_s 0 3 5018135
[15:30:44]	[Recv]	sr 0

[15:30:44]	[Recv]	st 3 5018135 99 0 100 100 12521 2828 12526 2828 0

[15:30:44]	[Send]	ptctl 5443 1 4988592 23 53 4988592 15
[15:30:44]	[Recv]	sr 1

[15:30:44]	[Recv]	cond 1 2073308 0 0 18

[15:30:44]	[Recv]	cond 1 2073308 0 0 18

[15:30:44]	[Send]	ptctl 5443 1 4988592 25 48 4988592 15
[15:30:44]	[Send]	ncif 3 5018133
[15:30:44]	[Recv]	gcon 7761498|0|25070115

[15:30:44]	[Recv]	ginfo Sanguinarius Dante† 0 24 31085000 32210200 116 150 3 1 0 1 1 2 1 1 5kk^skladka/fees-^more^info^on^dc->^skladki/fees

[15:30:44]	[Recv]	ct 1 2073308 3 5018135 -1 -1 1114

[15:30:44]	[Recv]	eff 1 2073308 15

[15:30:44]	[Recv]	su 1 2073308 3 5018135 1114 7 11 4260 0 0 0 0 257198 3 0 0 12526

[15:30:44]	[Recv]	lev 99 0 99 0 2140719000 5991794 66990112 2 0 90 917705181 0

[15:30:44]	[Recv]	cond 2 4988592 0 0 15

[15:30:44]	[Recv]	cond 2 4988592 0 0 15

[15:30:44]	[Recv]	st 3 5018133 99 0 100 100 67709 2828 67711 2828 0

[15:30:44]	[Send]	ptctl 5443 1 4988603 23 48 4988603 15
[15:30:44]	[Recv]	cond 2 4988603 0 0 15

[15:30:44]	[Send]	ptctl 5443 2 4988603 30 53 4988592 31 50 4988603 15
[15:30:44]	[Recv]	st 2 5017544 94 0 100 100 92062 184124 92062 184124 0

[15:30:44]	[Recv]	cond 1 2073308 0 0 18

[15:30:44]	[Recv]	cond 1 2073308 0 0 18

[15:30:45]	[Send]	ptctl 5443 1 4988603 28 51 4988603 15
[15:30:45]	[Send]	suctl 5443 1 4988603 3 5018133
[15:30:45]	[Send]	u_s 0 3 5018133
[15:30:45]	[Send]	ptctl 5443 1 4988592 25 48 4988592 15
[15:30:45]	[Recv]	st 2 5017546 94 0 100 100 92062 184124 92062 184124 0

[15:30:45]	[Recv]	cond 2 4988603 0 0 15

[15:30:45]	[Recv]	cond 2 4988592 0 0 15

[15:30:45]	[Send]	ncif 3 5018133
[15:30:45]	[Recv]	sr 0

[15:30:45]	[Recv]	cond 2 4988603 0 0 15

[15:30:45]	[Recv]	eff 2 4988603 5005

[15:30:45]	[Recv]	cond 1 2073308 0 0 18

[15:30:45]	[Recv]	cond 1 2073308 0 0 18

[15:30:45]	[Recv]	eff 3 5018142 4799

[15:30:45]	[Recv]	ct 3 5018133 2 4988603 -1 -1 0

[15:30:45]	[Recv]	su 3 5018133 2 4988603 0 10 11 7174 0 0 1 91 140 0 0 17656 19451

[15:30:45]	[Recv]	st 2 5017545 94 0 100 100 92062 184124 92062 184124 0

[15:30:45]	[Recv]	ct 1 2073308 3 5018133 -1 -1 1114

[15:30:45]	[Recv]	su 1 2073308 3 5018133 1114 7 11 4260 0 0 1 100 0 4 0 67709 67711

[15:30:45]	[Recv]	cond 2 4988592 0 0 15

[15:30:45]	[Send]	suctl 5443 1 4988592 3 5018133
[15:30:45]	[Recv]	ct 2 4988603 3 5018133 -1 -1 0

[15:30:45]	[Recv]	su 2 4988603 3 5018133 0 12 11 8360 0 0 1 75 16506 0 0 51203 67711

[15:30:45]	[Recv]	st 3 5018133 99 0 75 100 51203 2828 67711 2828 0

[15:30:45]	[Send]	ptctl 5443 2 4988603 33 51 4988592 30 48 4988603 15
[15:30:45]	[Recv]	eff 2 4988592 5005

[15:30:45]	[Recv]	psr 1

[15:30:45]	[Recv]	cond 1 2073308 0 0 18

[15:30:45]	[Recv]	cond 1 2073308 0 0 18

[15:30:45]	[Recv]	cond 2 4988603 0 0 15

[15:30:45]	[Recv]	cond 2 4988592 0 0 15

[15:30:46]	[Recv]	ct 2 4988592 3 5018133 -1 -1 0

[15:30:46]	[Recv]	su 2 4988592 3 5018133 0 10 11 0 0 0 1 67 5725 0 0 45478 67711

[15:30:46]	[Send]	ncif 3 5018133
[15:30:46]	[Send]	u_s 0 3 5018133
[15:30:46]	[Recv]	sc_p 170 1548 4988592 96 634 24086914 0 0 1889 2049 1289 19 90 9 975 627 958 627 866 3 90 90 110 80 53861 57771 18100 18100 1 84982200 0 @ 0 0 6 60 1831 1798 0 100

[15:30:46]	[Recv]	sr 0

[15:30:46]	[Recv]	st 3 5018133 99 0 67 100 45478 2828 67711 2828 0

[15:30:46]	[Send]	ptctl 5443 1 4988603 29 51 4988603 15
[15:30:46]	[Send]	suctl 5443 1 4988603 3 5018133
[15:30:46]	[Recv]	cond 1 2073308 0 0 18

[15:30:46]	[Recv]	cond 1 2073308 0 0 18

[15:30:46]	[Send]	ptctl 5443 2 4988603 34 51 4988592 32 50 4988603 15
[15:30:46]	[Recv]	ct 1 2073308 3 5018133 -1 -1 1114

[15:30:46]	[Recv]	su 1 2073308 3 5018133 1114 7 11 4260 0 0 0 0 112305 3 0 0 67711

[15:30:46]	[Recv]	lev 99 0 99 0 2140719000 5991794 66990112 2 0 90 917705181 0

[15:30:46]	[Recv]	bf 1 2073308 0.4126.100 99

[15:30:46]	[Recv]	sayi 1 2073308 20 26 3 4126 0 0 0

[15:30:46]	[Recv]	cond 2 4988603 0 0 15

[15:30:46]	[Recv]	eff 3 5018139 5000

[15:30:46]	[Recv]	cond 2 4988603 0 0 15

[15:30:46]	[Recv]	cond 2 4988592 0 0 15

[15:30:46]	[Send]	ptctl 5443 1 4988603 35 52 4988603 15
[15:30:46]	[Recv]	st 2 5017544 94 0 100 100 92062 184124 92062 184124 0

[15:30:46]	[Recv]	cond 1 2073308 0 0 18

[15:30:46]	[Recv]	cond 1 2073308 0 0 18

[15:30:46]	[Recv]	cond 2 4988603 0 0 15

[15:30:46]	[Send]	ptctl 5443 2 4988603 36 54 4988592 34 50 4988603 15
[15:30:47]	[Recv]	st 2 5017546 94 0 100 100 92062 184124 92062 184124 0

[15:30:47]	[Recv]	cond 2 4988603 0 0 15

[15:30:47]	[Recv]	cond 2 4988592 0 0 15

[15:30:47]	[Send]	ptctl 5443 2 4988603 37 53 4988592 35 49 4988603 15
[15:30:47]	[Recv]	sr 0

[15:30:47]	[Recv]	cond 1 2073308 0 0 18

[15:30:47]	[Recv]	cond 1 2073308 0 0 18

[15:30:47]	[Send]	ptctl 5443 2 4988603 39 49 4988592 36 48 4988603 15
[15:30:47]	[Recv]	cond 2 4988603 0 0 15

[15:30:47]	[Recv]	cond 2 4988592 0 0 15

[15:30:47]	[Recv]	st 2 5017545 94 0 100 100 92062 184124 92062 184124 0

[15:30:47]	[Recv]	cond 1 2073308 0 0 18

[15:30:47]	[Recv]	cond 1 2073308 0 0 18

[15:30:47]	[Recv]	cond 2 4988603 0 0 15

[15:30:47]	[Recv]	cond 2 4988592 0 0 15

[15:30:47]	[Send]	ncif 3 5018139
[15:30:47]	[Recv]	ct 3 5018140 2 4988592 -1 -1 0

[15:30:47]	[Recv]	su 3 5018140 2 4988592 0 10 11 7174 0 0 1 93 113 0 0 53748 57771

[15:30:47]	[Recv]	eff 2 5017544 7739

[15:30:47]	[Recv]	st 3 5018139 99 0 100 100 100086 2828 100086 2828 0

[15:30:47]	[Send]	ptctl 5443 1 4988592 35 43 4988592 15
[15:30:48]	[Send]	u_s 1 3 5018139
[15:30:48]	[Recv]	eff 2 5017546 7739

[15:30:48]	[Recv]	cond 2 4988592 0 0 15

[15:30:48]	[Recv]	ms_c 0

[15:30:48]	[Recv]	qslot 0 1.1.1 1.1.2 1.1.3 1.1.4 1.1.5 1.1.6 1.1.7 1.1.9 1.1.8 1.1.10 0.1.45 0.2.21 0.1.76 1.1.38 1.3.12 0.1.34 0.1.87 0.-1.-1 0.1.84 0.1.43 1.3.11 1.1.42 1.1.41 1.3.976 0.-1.-1 0.1.70 0.2.143 0.2.25 0.2.27 0.2.26

[15:30:48]	[Recv]	qslot 1 0.-1.-1 0.-1.-1 0.-1.-1 0.-1.-1 0.-1.-1 0.-1.-1 0.-1.-1 0.-1.-1 0.-1.-1 0.-1.-1 0.1.-1 0.1.-1 1.1.41 1.1.42 0.-1.-1 7.7.-1 7.7.-1 7.7.-1 7.7.-1 0.-1.-1 0.-1.-1 0.-1.-1 0.-1.-1 0.-1.-1 0.-1.-1 0.-1.-1 0.-1.-1 0.-1.-1 0.-1.-1 0.-1.-1

[15:30:48]	[Recv]	ct 1 2073308 3 5018139 14 4263 1115

[15:30:48]	[Send]	suctl 5443 1 4988603 3 5018139
[15:30:48]	[Recv]	eff 2 5017545 7739

[15:30:48]	[Recv]	su 1 2073308 3 5018139 1115 70 12 4264 0 0 1 1 100032 3 0 54 100086

[15:30:48]	[Recv]	in 3 2371 5018175 42 54 2 100 100 0 0 0 -1 0 0 -1 - 0 -1 0 0 0 0 0 0 0 0 0 0 0 0

[15:30:48]	[Recv]	guri 31 1 2073308 42 54

[15:30:48]	[Recv]	bf 3 5018143 0.4110.80 99

[15:30:48]	[Recv]	eff 3 5018143 0

[15:30:48]	[Recv]	eff 1 2073308 15

[15:30:48]	[Recv]	su 1 2073308 3 5018143 1115 70 12 4264 0 0 1 49 50968 6 0 49118 100086

[15:30:48]	[Recv]	su 1 2073308 3 5018143 -1 0 -1 7922 -1 -1 1 13 35677 0 1

[15:30:48]	[Recv]	bf 1 2073308 0.948.80 99

[15:30:48]	[Recv]	sayi 1 2073308 20 26 3 948 0 0 0

[15:30:48]	[Recv]	su 1 2073308 3 5018137 1115 70 12 4264 0 0 1 71 28893 5 0 71193 100086

[15:30:48]	[Recv]	mslot 1127 -1

[15:30:48]	[Recv]	qset 0 0 1.1.13.0

[15:30:48]	[Recv]	eff 2 4988603 5005

[15:30:48]	[Recv]	sp 415882 1000000 0 10000

[15:30:48]	[Recv]	guri 31 1 2073308 42 54

[15:30:48]	[Recv]	su 3 5018175 3 5018139 -1 0 -1 4264 -1 -1 1 1 50016 0 0

[15:30:48]	[Recv]	su 3 5018175 3 5018143 -1 0 -1 1047 -1 -1 1 1 50016 0 0

[15:30:48]	[Recv]	su 3 5018175 3 5018137 -1 0 -1 1047 -1 -1 1 21 50016 0 0

[15:30:48]	[Send]	ncif 3 5018139
[15:30:48]	[Recv]	die 3 5018175 3 5018175

[15:30:48]	[Recv]	ct 3 5018139 2 4988592 -1 -1 0

[15:30:48]	[Recv]	su 3 5018139 2 4988592 0 10 11 4789 0 0 1 92 259 0 0 53489 57771

[15:30:48]	[Recv]	ct 3 5018137 2 4988592 -1 -1 0

[15:30:48]	[Recv]	su 3 5018137 2 4988592 0 10 11 4789 0 0 1 92 51 0 0 53438 57771

[15:30:48]	[Recv]	ct 2 4988603 3 5018139 -1 -1 0

[15:30:48]	[Recv]	su 2 4988603 3 5018139 0 12 11 8360 0 0 0 0 7753 0 0 0 100086

[15:30:48]	[Recv]	lev 99 0 99 0 2140719000 5991794 66990112 2 0 90 917705181 0

[15:30:48]	[Recv]	st 2 5017544 94 0 100 100 92062 184124 92062 184124 0

[15:30:48]	[Send]	ptctl 5443 1 4988592 37 40 4988592 15
[15:30:49]	[Recv]	st 2 5017546 94 0 100 100 92062 184124 92062 184124 0

[15:30:49]	[Recv]	cond 2 4988592 0 0 15

[15:30:49]	[Recv]	ct 3 5018143 2 4988592 -1 -1 0

[15:30:49]	[Recv]	su 3 5018143 2 4988592 0 10 11 4789 0 0 1 92 49 0 0 53389 57771

[15:30:49]	[Send]	ncif 3 5018142
[15:30:49]	[Send]	u_s 0 3 5018142
[15:30:49]	[Recv]	st 2 5017545 94 0 100 100 92062 184124 92062 184124 0

[15:30:49]	[Recv]	st 3 5018142 99 0 100 100 12526 2828 12526 2828 0

[15:30:49]	[Send]	ptctl 5443 1 4988592 40 40 4988592 15
[15:30:49]	[Recv]	ct 1 2073308 3 5018142 -1 -1 1114

[15:30:49]	[Recv]	eff 1 2073308 15

[15:30:49]	[Recv]	su 1 2073308 3 5018142 1114 7 11 4260 0 0 0 0 81340 0 0 0 12526

[15:30:49]	[Recv]	lev 99 0 99 0 2140719000 5991794 66990112 2 0 90 917705181 0

[15:30:49]	[Send]	suctl 5443 1 4988603 3 5018142
[15:30:49]	[Recv]	cond 2 4988592 0 0 15

[15:30:49]	[Send]	ptctl 5443 2 4988603 35 52 4988592 39 45 4988603 15
[15:30:50]	[Recv]	ct 3 5018140 2 4988592 -1 -1 0

[15:30:50]	[Recv]	su 3 5018140 2 4988592 0 10 11 7174 0 0 1 92 23 0 0 53366 57771

[15:30:50]	[Recv]	cond 1 2073308 0 0 18

[15:30:50]	[Recv]	cond 1 2073308 0 0 18

[15:30:50]	[Recv]	cond 2 4988603 0 0 15

[15:30:50]	[Recv]	cond 2 4988592 0 0 15

[15:30:50]	[Send]	ncif 3 5018141
[15:30:50]	[Recv]	sr 0

[15:30:50]	[Recv]	st 3 5018141 99 0 100 100 100086 2828 100086 2828 0

[15:30:50]	[Send]	ptctl 5443 1 4988592 35 44 4988592 15
[15:30:50]	[Recv]	cond 2 4988592 0 0 15

[15:30:50]	[Send]	u_s 0 3 5018141
[15:30:50]	[Send]	ptctl 5443 2 4988603 35 47 4988592 33 44 4988603 15
[15:30:50]	[Recv]	cond 1 2073308 0 0 18

[15:30:50]	[Recv]	cond 1 2073308 0 0 18

[15:30:50]	[Recv]	st 2 5017544 94 0 100 100 92062 184124 92062 184124 0

[15:30:50]	[Send]	ncif 3 5018138
[15:30:50]	[Recv]	ct 1 2073308 3 5018141 -1 -1 1114

[15:30:50]	[Recv]	bf 3 5018141 0.4110.80 99

[15:30:50]	[Recv]	eff 3 5018141 0

[15:30:50]	[Recv]	eff 1 2073308 15

[15:30:50]	[Recv]	su 1 2073308 3 5018141 1114 7 11 4260 0 0 1 45 54751 3 0 45335 100086

[15:30:50]	[Recv]	cond 2 4988603 0 0 15

[15:30:50]	[Recv]	cond 2 4988592 0 0 15

[15:30:51]	[Recv]	ct 3 5018137 2 4988592 -1 -1 0

[15:30:51]	[Recv]	su 3 5018137 2 4988592 0 10 11 4789 0 0 1 92 258 3 0 53108 57771

[15:30:51]	[Recv]	st 2 5017546 94 0 100 100 92062 184124 92062 184124 0

[15:30:51]	[Recv]	st 3 5018138 99 0 100 100 67711 2828 67711 2828 0

[15:30:51]	[Send]	ptctl 5443 2 4988603 35 49 4988592 32 45 4988603 15
[15:30:51]	[Send]	suctl 5443 1 4988603 3 5018138
[15:30:51]	[Recv]	cond 2 4988603 0 0 15

[15:30:51]	[Recv]	cond 2 4988592 0 0 15

[15:30:51]	[Send]	ptctl 5443 2 4988603 38 53 4988592 37 48 4988603 15
[15:30:51]	[Recv]	eff 2 4988603 5005

[15:30:51]	[Recv]	ct 3 5018141 2 4988603 -1 -1 0

[15:30:51]	[Recv]	su 3 5018141 2 4988603 0 10 11 4789 0 0 1 90 113 0 0 17543 19451

[15:30:51]	[Recv]	st 2 5017545 94 0 100 100 92062 184124 92062 184124 0

[15:30:51]	[Recv]	cond 1 2073308 0 0 18

[15:30:51]	[Recv]	cond 1 2073308 0 0 18

[15:30:51]	[Send]	ptctl 5443 1 4988592 31 46 4988592 15
[15:30:51]	[Recv]	cond 2 4988603 0 0 15

[15:30:51]	[Recv]	cond 2 4988592 0 0 15

[15:30:51]	[Send]	u_s 0 3 5018138
[15:30:51]	[Recv]	ct 2 4988567 3 5018136 -1 -1 0

[15:30:51]	[Recv]	ct 2 4988603 3 5018138 -1 -1 0

[15:30:51]	[Recv]	su 2 4988603 3 5018138 0 12 11 8360 0 0 1 86 9116 0 0 58595 67711

[15:30:51]	[Recv]	sr 0

[15:30:51]	[Recv]	cond 2 4988592 0 0 15

[15:30:51]	[Send]	ncif 3 5018138
[15:30:51]	[Recv]	cond 1 2073308 0 0 18

[15:30:51]	[Recv]	cond 1 2073308 0 0 18

[15:30:51]	[Recv]	su 2 4988567 3 5018136 0 6 11 3601 0 0 1 100 0 4 0 67711 67711

[15:30:51]	[Recv]	sr 13

[15:30:51]	[Recv]	ct 1 2073308 3 5018138 -1 -1 1114

[15:30:51]	[Recv]	su 1 2073308 3 5018138 1114 7 11 4260 0 0 0 0 80293 3 0 0 67711

[15:30:51]	[Recv]	in 3 2371 5018183 33 55 2 100 100 0 0 0 -1 0 0 -1 - 0 -1 0 0 0 0 0 0 0 0 0 0 0 0

[15:30:51]	[Recv]	guri 31 1 2073308 33 55

[15:30:51]	[Recv]	lev 99 0 99 0 2140719000 5991794 66990112 2 0 90 917705181 0

[15:30:52]	[Recv]	ct 2 4988486 3 5018136 -1 -1 0

[15:30:52]	[Send]	ptctl 5443 2 4988603 41 52 4988592 36 48 4988603 15
[15:30:52]	[Recv]	sayi 1 2073308 20 22 3 1029 0 0 0

[15:30:52]	[Recv]	bf 1 2073308 0.1029.0 99

[15:30:52]	[Recv]	ct 3 5018136 2 4988567 -1 -1 0

[15:30:52]	[Recv]	su 3 5018136 2 4988567 0 10 11 4757 0 0 1 88 1380 0 0 16481 18613

[15:30:52]	[Recv]	su 2 4988486 3 5018136 0 6 11 7130 0 0 1 94 3924 0 0 63787 67711

[15:30:52]	[Recv]	cond 1 2073308 0 0 18

[15:30:52]	[Recv]	cond 1 2073308 0 0 18

[15:30:52]	[Send]	ptctl 5443 2 4988603 41 53 4988592 38 48 4988603 15
[15:30:52]	[Recv]	cond 2 4988603 0 0 15

[15:30:52]	[Recv]	cond 2 4988592 0 0 15

[15:30:52]	[Recv]	cond 2 4988603 0 0 15

[15:30:52]	[Recv]	cond 2 4988592 0 0 15

[15:30:52]	[Recv]	ct 2 4988567 3 5018136 -1 -1 0

[15:30:52]	[Recv]	sr 0

[15:30:52]	[Send]	ptctl 5443 2 4988603 42 49 4988592 40 46 4988603 15
[15:30:52]	[Recv]	cond 1 2073308 0 0 18

[15:30:52]	[Recv]	cond 1 2073308 0 0 18

[15:30:52]	[Recv]	die 3 5018183 3 5018183

[15:30:52]	[Recv]	ct 3 5018140 2 4988592 -1 -1 0

[15:30:52]	[Recv]	su 3 5018140 2 4988592 0 10 11 7174 0 0 1 92 23 0 0 53085 57771

[15:30:52]	[Recv]	su 2 4988567 3 5018136 0 6 11 3601 0 0 1 94 0 4 0 63787 67711

[15:30:52]	[Recv]	st 2 5017544 94 0 100 100 92062 184124 92062 184124 0

[15:30:52]	[Recv]	eff 2 5017544 7739

[15:30:52]	[Recv]	cond 2 4988603 0 0 15

[15:30:52]	[Recv]	cond 2 4988592 0 0 15

[15:30:53]	[Recv]	ct 2 4988486 3 5018136 -1 -1 0

[15:30:53]	[Recv]	st 2 5017546 94 0 100 100 92062 184124 92062 184124 0

[15:30:53]	[Recv]	eff 2 5017546 7739

[15:30:53]	[Send]	ptctl 5443 2 4988603 44 47 4988592 43 46 4988603 15
[15:30:53]	[Recv]	cond 1 2073308 0 0 18

[15:30:53]	[Recv]	cond 1 2073308 0 0 18

[15:30:53]	[Recv]	su 2 4988486 3 5018136 0 6 11 7130 0 0 1 88 3978 0 0 59809 67711

[15:30:53]	[Recv]	cond 2 4988603 0 0 15

[15:30:53]	[Recv]	cond 2 4988592 0 0 15

[15:30:53]	[Send]	ncif 3 5018136
[15:30:53]	[Send]	ptctl 5443 1 4988592 45 46 4988592 15
[15:30:53]	[Send]	u_s 13 3 5018136
[15:30:53]	[Send]	ptctl 5443 1 4988603 42 49 4988603 15
[15:30:53]	[Send]	suctl 5443 1 4988603 3 5018136
[15:30:53]	[Recv]	st 2 5017545 94 0 100 100 92062 184124 92062 184124 0

[15:30:53]	[Recv]	eff 2 5017545 7739

[15:30:53]	[Recv]	st 3 5018136 99 0 88 100 59809 2828 67711 2828 0

[15:30:53]	[Recv]	ms_c 0

[15:30:53]	[Recv]	qslot 0 1.1.1 1.1.2 1.1.3 1.1.4 1.1.5 1.1.6 1.1.7 1.1.9 1.1.8 1.1.10 0.1.45 0.2.21 0.1.76 1.1.38 1.3.12 0.1.34 0.1.87 0.-1.-1 0.1.84 0.1.43 1.3.11 1.1.42 1.1.41 1.3.976 0.-1.-1 0.1.70 0.2.143 0.2.25 0.2.27 0.2.26

[15:30:53]	[Recv]	qslot 1 0.-1.-1 0.-1.-1 0.-1.-1 0.-1.-1 0.-1.-1 0.-1.-1 0.-1.-1 0.-1.-1 0.-1.-1 0.-1.-1 0.1.-1 0.1.-1 1.1.41 1.1.42 0.-1.-1 7.7.-1 7.7.-1 7.7.-1 7.7.-1 0.-1.-1 0.-1.-1 0.-1.-1 0.-1.-1 0.-1.-1 0.-1.-1 0.-1.-1 0.-1.-1 0.-1.-1 0.-1.-1 0.-1.-1

[15:30:53]	[Recv]	cond 2 4988592 0 0 15

[15:30:53]	[Recv]	sp 415872 1000000 0 10000

[15:30:53]	[Recv]	ct 2 4988567 3 5018136 -1 -1 0

[15:30:53]	[Recv]	cond 1 2073308 0 0 18

[15:30:53]	[Recv]	cond 1 2073308 0 0 18

[15:30:53]	[Recv]	ms_c 0

[15:30:53]	[Recv]	cancel 0 13 -1

[15:30:53]	[Send]	u_s 0 3 5018136
[15:30:53]	[Recv]	su 2 4988567 3 5018136 0 6 11 3601 0 0 1 88 0 4 0 59809 67711

[15:30:53]	[Recv]	cond 2 4988603 0 0 15

[15:30:53]	[Send]	ptctl 5443 2 4988603 39 51 4988592 40 50 4988603 15
[15:30:53]	[Recv]	eff 2 4988603 5005

[15:30:54]	[Send]	ptctl 5443 2 4988603 38 51 4988592 39 50 4988603 15
[15:30:54]	[Recv]	ct 2 4988486 3 5018136 -1 -1 0

[15:30:54]	[Recv]	ct 1 2073308 3 5018136 -1 -1 1114

[15:30:54]	[Recv]	su 1 2073308 3 5018136 1114 7 11 4260 0 0 1 72 10474 0 0 49335 67711

[15:30:54]	[Recv]	cond 2 4988486 0 0 11

[15:30:54]	[Recv]	c_mode 2 4988486 1100 0 0

[15:30:54]	[Recv]	sc_n 0 317 4988486 94 1000 202328 991.2.4 -1 -1 -1 0 0 1 4 558 678 801 9 160 0 88 214 107 214 79 0 0 0 0 0 16921 16921 6757 6757 0 291503800 Bob 1100 0 8239.0 0.0 0.0 0.0 0 2 0

[15:30:54]	[Recv]	out 2 4988486

[15:30:54]	[Recv]	in 2 317 4988486 53 46 2 100 100 0 0 3 2073308 1 0 1100 Bob 1 0 0 0 0 0 0 0 0 0 0 0 2 0

[15:30:54]	[Recv]	pinit 2 2|4988603|0|94|@|-1|3206|1|2723|0|0 2|4988592|1|96|@|-1|1548|0|0|0|60


[15:30:54]	[Recv]	psd 10

[15:30:54]	[Recv]	out 2 4988486

[15:30:54]	[Recv]	cond 2 4988487 0 0 11

[15:30:54]	[Recv]	c_mode 2 4988487 1102 0 0

[15:30:54]	[Recv]	sc_n 2 319 4988487 99 1000 398653210 990.4.5 997.5.6 -1 -1 0 0 0 5 661 711 543 10 150 6 592 586 461 586 372 0 5 5 5 5 38176 38176 11281 11281 0 428143800 Kliff 1102 0 4809.100 1299.2 1300.4 1301.7 0 1 0

[15:30:54]	[Recv]	out 2 4988487

[15:30:54]	[Recv]	in 2 319 4988487 56 38 2 100 100 0 0 3 2073308 1 0 1102 Kliff 1 2 0 0 0 0 0 0 0 0 0 0 1 0

[15:30:54]	[Recv]	pinit 2 2|4988603|0|94|@|-1|3206|1|2723|0|0 2|4988592|1|96|@|-1|1548|0|0|0|60


[15:30:54]	[Recv]	psd 10

[15:30:54]	[Recv]	out 2 4988487

[15:30:54]	[Recv]	out 2 4988567

[15:30:54]	[Recv]	cond 2 4988602 0 0 11

[15:30:54]	[Recv]	c_mode 2 4988602 -1 0 0

[15:30:54]	[Recv]	sc_n 4 2640 4988602 94 1000 473672 991.2.4 996.0.10 317.0.5 321.0.5 0 0 1 4 566 686 820 9 160 10 201 555 264 555 248 1 0 0 96 0 17310 17310 10544 10544 0 291503800 @ -1 0 4812.100 1318.3 1319.3 1320.7 0 3 0

[15:30:54]	[Recv]	out 2 4988602

[15:30:54]	[Recv]	in 2 2640 4988602 70 37 2 100 100 0 0 3 2073308 1 0 -1 @ 1 4 0 0 0 0 0 0 0 0 0 0 3 0

[15:30:54]	[Recv]	pinit 2 2|4988603|0|94|@|-1|3206|1|2723|0|0 2|4988592|1|96|@|-1|1548|0|0|0|60


[15:30:54]	[Recv]	psd 10

[15:30:54]	[Recv]	out 2 4988602

[15:30:54]	[Recv]	sayi 1 2073308 20 22 3 1025 0 0 0

[15:30:54]	[Recv]	bf 1 2073308 0.1025.0 99

[15:30:54]	[Recv]	cond 2 4988603 0 0 15

[15:30:54]	[Recv]	cond 2 4988592 0 0 15

[15:30:54]	[Recv]	ct 2 4988603 3 5018136 -1 -1 0

[15:30:54]	[Recv]	eff 2 4988603 15

[15:30:54]	[Recv]	su 2 4988603 3 5018136 0 12 11 8360 0 0 1 50 15105 0 0 34230 67711

[15:30:54]	[Recv]	cond 2 4988603 0 0 15

[15:30:54]	[Recv]	cond 2 4988592 0 0 15

[15:30:54]	[Send]	ptctl 5443 1 4988592 46 48 4988592 15
[15:30:54]	[Send]	ncif 3 5018136
[15:30:54]	[Recv]	ct 3 5018136 1 2073308 -1 -1 0

[15:30:54]	[Recv]	su 3 5018136 1 2073308 0 10 11 4757 0 0 1 99 450 0 0 95047 95497

[15:30:54]	[Recv]	cond 2 4988592 0 0 15

[15:30:54]	[Recv]	st 3 5018136 99 0 50 100 34230 2828 67711 2828 0

[15:30:54]	[Send]	ptctl 5443 1 4988603 40 49 4988603 15
[15:30:54]	[Send]	suctl 5443 1 4988603 3 5018136
[15:30:54]	[Send]	u_s 0 3 5018136
[15:30:54]	[Recv]	st 2 5017544 94 0 100 100 92062 184124 92062 184124 0

[15:30:54]	[Recv]	sr 0

[15:30:54]	[Recv]	cond 2 4988603 0 0 15

[15:30:54]	[Recv]	eff 2 4988603 5005

[15:30:55]	[Recv]	st 2 5017546 94 0 100 100 92062 184124 92062 184124 0

[15:30:55]	[Recv]	ct 1 2073308 3 5018136 -1 -1 1114

[15:30:55]	[Recv]	eff 1 2073308 15

[15:30:55]	[Recv]	rc 1 2073308 200 0

[15:30:55]	[Recv]	su 1 2073308 3 5018136 1114 7 11 4260 0 0 1 10 27068 0 0 7162 67711

[15:30:55]	[Recv]	cond 1 2073308 0 0 18

[15:30:55]	[Recv]	bf 1 2073308 0.4254.80 99

[15:30:55]	[Recv]	sayi 1 2073308 20 26 3 4254 0 0 0

[15:30:55]	[Recv]	sayi 1 2073308 20 23 3 4254 0 0 0

[15:30:55]	[Send]	ncif 3 5018136
[15:30:55]	[Send]	suctl 5443 1 4988592 3 5018136
[15:30:55]	[Recv]	st 2 5017545 94 0 100 100 92062 184124 92062 184124 0

[15:30:55]	[Recv]	st 3 5018136 99 0 10 100 7162 2828 67711 2828 0

[15:30:55]	[Send]	ptctl 5443 2 4988603 37 53 4988592 41 48 4988603 15
[15:30:55]	[Recv]	sr 1

[15:30:55]	[Recv]	eff 2 4988592 5005

[15:30:55]	[Recv]	ct 3 5018140 2 4988603 -1 -1 0

[15:30:55]	[Recv]	su 3 5018140 2 4988603 0 10 11 7174 0 0 1 89 139 0 0 17404 19451

[15:30:55]	[Recv]	cond 1 2073308 0 0 18

[15:30:55]	[Recv]	cond 1 2073308 0 0 18

[15:30:55]	[Send]	u_s 0 3 5018136
[15:30:55]	[Recv]	cond 2 4988603 0 0 15

[15:30:55]	[Recv]	cond 2 4988592 0 0 15

[15:30:55]	[Recv]	ct 3 5018137 2 4988603 -1 -1 0

[15:30:55]	[Recv]	su 3 5018137 2 4988603 0 10 11 4789 0 0 1 89 114 0 0 17290 19451

[15:30:55]	[Recv]	ct 2 4988592 3 5018136 -1 -1 0

[15:30:55]	[Recv]	su 2 4988592 3 5018136 0 10 11 0 0 0 1 10 0 1 0 7162 67711

[15:30:55]	[Recv]	sr 0

[15:30:55]	[Recv]	cond 1 2073308 0 0 18

[15:30:55]	[Recv]	cond 1 2073308 0 0 18

[15:30:56]	[Recv]	ct 1 2073308 3 5018136 -1 -1 1114

[15:30:56]	[Recv]	rc 1 2073308 200 0

[15:30:56]	[Recv]	su 1 2073308 3 5018136 1114 7 11 4260 0 0 0 0 78078 3 0 0 67711

[15:30:56]	[Recv]	lev 99 0 99 0 2140719000 5991794 66990112 2 0 90 917705181 0

[15:30:56]	[Recv]	sr 0

[15:30:56]	[Recv]	eff 1 2073308 4013

[15:30:56]	[Send]	suctl 5443 1 4988603 3 5018136
[15:30:56]	[Recv]	sc_p 170 1548 4988592 96 633 24087614 0 0 1889 2049 1289 19 90 9 975 627 958 627 866 3 90 90 110 80 53085 57771 18100 18100 1 84982200 0 @ 0 0 6 60 1831 1798 0 100

[15:30:56]	[Send]	ncif 3 5018141
[15:30:56]	[Recv]	sayi 1 2073308 20 22 3 948 0 0 0

[15:30:56]	[Recv]	bf 1 2073308 0.948.0 99

[15:30:56]	[Recv]	sayi 1 2073308 20 22 3 4126 0 0 0

[15:30:56]	[Recv]	bf 1 2073308 0.4126.0 99

[15:30:56]	[Recv]	st 3 5018141 99 0 45 100 45335 2828 100086 2828 0 4110.99

[15:30:56]	[Send]	ptctl 5443 1 4988592 38 48 4988592 15
[15:30:56]	[Recv]	cond 2 4988592 0 0 15

[15:30:56]	[Recv]	st 2 5017544 94 0 100 100 92062 184124 92062 184124 0

[15:30:56]	[Send]	u_s 8 3 5018141
[15:30:57]	[Recv]	st 2 5017546 94 0 100 100 92062 184124 92062 184124 0

[15:30:57]	[Recv]	ms_c 0

[15:30:57]	[Recv]	qslot 0 1.1.1 1.1.2 1.1.3 1.1.4 1.1.5 1.1.6 1.1.7 1.1.9 1.1.8 1.1.10 0.1.45 0.2.21 0.1.76 1.1.38 1.3.12 0.1.34 0.1.87 0.-1.-1 0.1.84 0.1.43 1.3.11 1.1.42 1.1.41 1.3.976 0.-1.-1 0.1.70 0.2.143 0.2.25 0.2.27 0.2.26

[15:30:57]	[Recv]	qslot 1 0.-1.-1 0.-1.-1 0.-1.-1 0.-1.-1 0.-1.-1 0.-1.-1 0.-1.-1 0.-1.-1 0.-1.-1 0.-1.-1 0.1.-1 0.1.-1 1.1.41 1.1.42 0.-1.-1 7.7.-1 7.7.-1 7.7.-1 7.7.-1 0.-1.-1 0.-1.-1 0.-1.-1 0.-1.-1 0.-1.-1 0.-1.-1 0.-1.-1 0.-1.-1 0.-1.-1 0.-1.-1 0.-1.-1

[15:30:57]	[Recv]	ct 1 2073308 3 5018141 -1 -1 1122

[15:30:57]	[Recv]	ct 3 5018143 2 4988592 -1 -1 0

[15:30:57]	[Recv]	su 3 5018143 2 4988592 0 10 11 4789 0 0 1 91 247 0 0 52838 57771

[15:30:57]	[Recv]	rc 1 2073308 50 0

[15:30:57]	[Recv]	su 1 2073308 3 5018141 1122 150 41 4268 0 0 1 21 23681 3 0 21654 100086

[15:30:57]	[Recv]	mslot 1125 -1

[15:30:57]	[Recv]	qset 0 8 1.1.11.0

[15:30:57]	[Send]	ncif 3 5018141
[15:30:57]	[Send]	mtlist 1 2 4988592 
[15:30:57]	[Send]	u_s 11 3 5018141
[15:30:57]	[Send]	suctl 5443 1 4988603 3 5018141
[15:30:57]	[Recv]	st 2 5017545 94 0 100 100 92062 184124 92062 184124 0

[15:30:57]	[Recv]	st 3 5018141 99 0 21 100 21654 2828 100086 2828 0 4110.99

[15:30:57]	[Send]	ptctl 5443 1 4988592 37 48 4988592 15
[15:30:57]	[Send]	suctl 5443 1 4988592 3 5018141
[15:30:57]	[Recv]	ct 3 5018141 2 4988592 -1 -1 0

[15:30:57]	[Recv]	su 3 5018141 2 4988592 0 10 11 4789 0 0 1 91 51 0 0 52787 57771

[15:30:57]	[Recv]	ms_c 0

[15:30:57]	[Recv]	qslot 0 1.1.1 1.1.2 1.1.3 1.1.4 1.1.5 1.1.6 1.1.7 1.1.9 1.1.8 1.1.10 0.1.45 0.2.21 0.1.76 1.1.38 1.3.12 0.1.34 0.1.87 0.-1.-1 0.1.84 0.1.43 1.3.11 1.1.42 1.1.41 1.3.976 0.-1.-1 0.1.70 0.2.143 0.2.25 0.2.27 0.2.26

[15:30:57]	[Recv]	qslot 1 0.-1.-1 0.-1.-1 0.-1.-1 0.-1.-1 0.-1.-1 0.-1.-1 0.-1.-1 0.-1.-1 0.-1.-1 0.-1.-1 0.1.-1 0.1.-1 1.1.41 1.1.42 0.-1.-1 7.7.-1 7.7.-1 7.7.-1 7.7.-1 0.-1.-1 0.-1.-1 0.-1.-1 0.-1.-1 0.-1.-1 0.-1.-1 0.-1.-1 0.-1.-1 0.-1.-1 0.-1.-1 0.-1.-1

[15:30:57]	[Recv]	ct 3 5018140 2 4988592 -1 -1 0

[15:30:57]	[Recv]	su 3 5018140 2 4988592 0 10 11 7174 0 0 1 91 23 0 0 52764 57771

[15:30:57]	[Recv]	eff 2 5017544 7739

[15:30:57]	[Recv]	ct 1 2073308 3 5018141 -1 -1 1125

[15:30:57]	[Recv]	cond 1 2073308 0 0 21

[15:30:57]	[Recv]	bf 1 2073308 0.576.20 99

[15:30:57]	[Recv]	sayi 1 2073308 20 26 3 576 0 0 0

[15:30:57]	[Recv]	eff 1 2073308 15

[15:30:57]	[Recv]	su 1 2073308 3 5018141 1125 3 22 4272 0 0 0 0 53840 3 0 0 100086

[15:30:57]	[Recv]	lev 99 0 99 0 2140719000 5991794 66990112 2 0 90 917705181 0

[15:30:57]	[Recv]	mslot 1126 -1

[15:30:57]	[Recv]	qset 0 8 1.1.12.0

[15:30:57]	[Send]	ptctl 5443 2 4988603 37 48 4988592 37 43 4988603 15
[15:30:57]	[Recv]	cond 2 4988592 0 0 15

[15:30:58]	[Recv]	ct 3 5018137 2 4988592 -1 -1 0

[15:30:58]	[Recv]	su 3 5018137 2 4988592 0 10 11 4789 0 0 1 91 246 0 0 52518 57771

[15:30:58]	[Recv]	eff 2 5017546 7739

[15:30:58]	[Recv]	sr 11

[15:30:58]	[Recv]	cond 1 2073308 0 0 21

[15:30:58]	[Recv]	cond 1 2073308 0 0 21

[15:30:58]	[Recv]	cond 2 4988603 0 0 15

[15:30:58]	[Recv]	cond 2 4988592 0 0 15

[15:30:58]	[Recv]	eff 2 5017545 7739

[15:30:58]	[Send]	ncif 3 5018140
[15:30:58]	[Recv]	st 3 5018140 99 0 100 100 67711 2828 67711 2828 0

[15:30:58]	[Send]	mtlist 0 
[15:30:58]	[Send]	u_s 12 3 5018140
[15:30:58]	[Recv]	sp 415862 1000000 0 10000

[15:30:58]	[Recv]	cond 1 2073308 0 0 21

[15:30:58]	[Recv]	cond 1 2073308 0 0 21

[15:30:58]	[Send]	ptctl 5443 1 4988592 39 42 4988592 15
[15:30:58]	[Send]	ptctl 5443 1 4988603 37 47 4988603 15
[15:30:58]	[Send]	suctl 5443 1 4988603 3 5018140
[15:30:58]	[Recv]	st 2 5017544 94 0 100 100 92062 184124 92062 184124 0

[15:30:58]	[Recv]	ms_c 0

[15:30:58]	[Recv]	qslot 0 1.1.1 1.1.2 1.1.3 1.1.4 1.1.5 1.1.6 1.1.7 1.1.9 1.1.8 1.1.10 0.1.45 0.2.21 0.1.76 1.1.38 1.3.12 0.1.34 0.1.87 0.-1.-1 0.1.84 0.1.43 1.3.11 1.1.42 1.1.41 1.3.976 0.-1.-1 0.1.70 0.2.143 0.2.25 0.2.27 0.2.26

[15:30:58]	[Recv]	qslot 1 0.-1.-1 0.-1.-1 0.-1.-1 0.-1.-1 0.-1.-1 0.-1.-1 0.-1.-1 0.-1.-1 0.-1.-1 0.-1.-1 0.1.-1 0.1.-1 1.1.41 1.1.42 0.-1.-1 7.7.-1 7.7.-1 7.7.-1 7.7.-1 0.-1.-1 0.-1.-1 0.-1.-1 0.-1.-1 0.-1.-1 0.-1.-1 0.-1.-1 0.-1.-1 0.-1.-1 0.-1.-1 0.-1.-1

[15:30:58]	[Recv]	ct 1 2073308 3 5018140 -1 -1 1126

[15:30:58]	[Recv]	bf 3 5018140 0.4110.80 99

[15:30:58]	[Recv]	eff 3 5018140 0

[15:30:58]	[Recv]	eff 1 2073308 15

[15:30:58]	[Recv]	su 1 2073308 3 5018140 1126 3 26 4273 0 0 0 0 286674 3 0 0 67711

[15:30:58]	[Recv]	in 3 2371 5018190 46 48 2 100 100 0 0 0 -1 0 0 -1 - 0 -1 0 0 0 0 0 0 0 0 0 0 0 0

[15:30:58]	[Recv]	guri 31 1 2073308 46 48

[15:30:58]	[Recv]	lev 99 0 99 0 2140719000 5991794 66990112 2 0 90 917705181 0

[15:30:58]	[Recv]	cond 1 2073308 0 0 22

[15:30:58]	[Recv]	bf 1 2073308 0.567.400 99

[15:30:58]	[Recv]	eff 1 2073308 0

[15:30:58]	[Recv]	sayi 1 2073308 20 26 3 567 0 0 0

[15:30:58]	[Recv]	mslot 1125 -1

[15:30:58]	[Recv]	qset 0 8 1.1.11.0

[15:30:58]	[Recv]	bf 1 2073308 0.4254.80 99

[15:30:58]	[Recv]	cond 2 4988592 0 0 15

[15:30:59]	[Recv]	st 2 5017546 94 0 100 100 92062 184124 92062 184124 0

[15:30:59]	[Recv]	cond 2 4988603 0 0 15

[15:30:59]	[Send]	mtlist 0 
[15:30:59]	[Send]	u_s 11 3 5018140
[15:30:59]	[Send]	suctl 5443 1 4988592 3 5018140
[15:30:59]	[Recv]	sr 12

[15:30:59]	[Send]	ptctl 5443 2 4988603 39 51 4988592 39 47 4988603 15
[15:30:59]	[Recv]	ct 3 5018143 2 4988592 -1 -1 0

[15:30:59]	[Recv]	su 3 5018143 2 4988592 0 10 11 4789 0 0 1 90 51 0 0 52467 57771

[15:30:59]	[Recv]	st 2 5017545 94 0 100 100 92062 184124 92062 184124 0

[15:30:59]	[Recv]	cancel 0 11 -1

[15:30:59]	[Send]	ptctl 5443 2 4988603 41 51 4988592 39 49 4988603 15
[15:30:59]	[Recv]	cond 2 4988603 0 0 15

[15:30:59]	[Recv]	cond 2 4988592 0 0 15

[15:30:59]	[Send]	ptctl 5443 1 4988603 40 53 4988603 15
[15:30:59]	[Recv]	cond 1 2073308 0 0 19

[15:30:59]	[Recv]	sayi 1 2073308 20 22 3 576 0 0 0

[15:30:59]	[Recv]	bf 1 2073308 0.576.0 99

[15:30:59]	[Recv]	cond 1 2073308 0 0 19

[15:30:59]	[Recv]	cond 1 2073308 0 0 19

[15:30:59]	[Send]	ncif 3 5018137
[15:30:59]	[Recv]	die 3 5018190 3 5018190

[15:30:59]	[Recv]	cond 2 4988603 0 0 15

[15:30:59]	[Recv]	cond 2 4988592 0 0 15

[15:30:59]	[Recv]	cond 1 2073308 0 0 19

[15:30:59]	[Recv]	cond 1 2073308 0 0 19

[15:30:59]	[Send]	mtlist 0 
[15:30:59]	[Send]	u_s 11 3 5018137
[15:31:00]	[Recv]	cond 2 4988603 0 0 15

[15:31:00]	[Send]	ptctl 5443 1 4988603 39 52 4988603 15
[15:31:00]	[Send]	suctl 5443 1 4988603 3 5018137
[15:31:00]	[Recv]	st 3 5018137 99 0 21 100 21177 2828 100086 2828 0

[15:31:00]	[Recv]	ct 3 5018137 2 4988592 -1 -1 0

[15:31:00]	[Recv]	su 3 5018137 2 4988592 0 10 11 4789 0 0 1 90 51 3 0 52416 57771

[15:31:00]	[Recv]	cond 1 2073308 0 0 19

[15:31:00]	[Recv]	cond 1 2073308 0 0 19

[15:31:00]	[Send]	ptctl 5443 1 4988592 39 46 4988592 15
[15:31:00]	[Recv]	ms_c 0

[15:31:00]	[Recv]	qslot 0 1.1.1 1.1.2 1.1.3 1.1.4 1.1.5 1.1.6 1.1.7 1.1.9 1.1.8 1.1.10 0.1.45 0.2.21 0.1.76 1.1.38 1.3.12 0.1.34 0.1.87 0.-1.-1 0.1.84 0.1.43 1.3.11 1.1.42 1.1.41 1.3.976 0.-1.-1 0.1.70 0.2.143 0.2.25 0.2.27 0.2.26

[15:31:00]	[Recv]	qslot 1 0.-1.-1 0.-1.-1 0.-1.-1 0.-1.-1 0.-1.-1 0.-1.-1 0.-1.-1 0.-1.-1 0.-1.-1 0.-1.-1 0.1.-1 0.1.-1 1.1.41 1.1.42 0.-1.-1 7.7.-1 7.7.-1 7.7.-1 7.7.-1 0.-1.-1 0.-1.-1 0.-1.-1 0.-1.-1 0.-1.-1 0.-1.-1 0.-1.-1 0.-1.-1 0.-1.-1 0.-1.-1 0.-1.-1

[15:31:00]	[Recv]	ct 1 2073308 3 5018137 -1 -1 1125

[15:31:00]	[Recv]	cond 1 2073308 0 0 22

[15:31:00]	[Recv]	bf 1 2073308 0.576.20 99

[15:31:00]	[Recv]	sayi 1 2073308 20 26 3 576 0 0 0

[15:31:00]	[Recv]	eff 1 2073308 15

[15:31:00]	[Recv]	su 1 2073308 3 5018137 1125 3 22 4272 0 0 0 0 52991 3 0 0 100086

[15:31:00]	[Recv]	lev 99 0 99 0 2140719000 5991794 66990112 2 0 90 917705181 0

[15:31:00]	[Recv]	mslot 1126 -1

[15:31:00]	[Recv]	qset 0 8 1.1.12.0

[15:31:00]	[Recv]	cond 2 4988603 0 0 15

[15:31:00]	[Recv]	in 3 688 5018264 6 43 4 100 100 0 0 0 -1 0 0 -1 - 0 -1 0 0 0 0 0 0 0 0 0 0 0 0

[15:31:00]	[Recv]	msgi 0 679 0 0 0 0 0

[15:31:00]	[Recv]	in 3 726 5018265 7 42 3 100 100 0 0 0 -1 0 0 -1 - 0 -1 0 0 0 0 0 0 0 0 0 0 0 0

[15:31:00]	[Recv]	msgi 0 679 0 0 0 0 0

[15:31:00]	[Recv]	in 3 688 5018266 7 43 2 100 100 0 0 0 -1 0 0 -1 - 0 -1 0 0 0 0 0 0 0 0 0 0 0 0

[15:31:00]	[Recv]	msgi 0 679 0 0 0 0 0

[15:31:00]	[Recv]	in 3 688 5018267 8 43 5 100 100 0 0 0 -1 0 0 -1 - 0 -1 0 0 0 0 0 0 0 0 0 0 0 0

[15:31:00]	[Recv]	msgi 0 679 0 0 0 0 0

[15:31:00]	[Recv]	in 3 708 5018268 39 5 0 100 100 0 0 0 -1 0 0 -1 - 0 -1 0 0 0 0 0 0 0 0 0 0 0 0

[15:31:00]	[Recv]	msgi 0 679 0 0 0 0 0

[15:31:00]	[Recv]	in 3 700 5018269 39 6 5 100 100 0 0 0 -1 0 0 -1 - 0 -1 0 0 0 0 0 0 0 0 0 0 0 0

[15:31:00]	[Recv]	msgi 0 679 0 0 0 0 0

[15:31:00]	[Recv]	in 3 708 5018270 40 5 2 100 100 0 0 0 -1 0 0 -1 - 0 -1 0 0 0 0 0 0 0 0 0 0 0 0

[15:31:00]	[Recv]	msgi 0 679 0 0 0 0 0

[15:31:00]	[Recv]	in 3 700 5018271 40 6 5 100 100 0 0 0 -1 0 0 -1 - 0 -1 0 0 0 0 0 0 0 0 0 0 0 0

[15:31:00]	[Recv]	msgi 0 679 0 0 0 0 0

[15:31:00]	[Recv]	in 3 726 5018272 41 5 4 100 100 0 0 0 -1 0 0 -1 - 0 -1 0 0 0 0 0 0 0 0 0 0 0 0

[15:31:00]	[Recv]	msgi 0 679 0 0 0 0 0

[15:31:00]	[Recv]	in 3 700 5018273 41 6 4 100 100 0 0 0 -1 0 0 -1 - 0 -1 0 0 0 0 0 0 0 0 0 0 0 0

[15:31:00]	[Recv]	msgi 0 679 0 0 0 0 0

[15:31:00]	[Recv]	in 3 760 5018274 42 5 0 100 100 0 0 0 -1 0 0 -1 - 0 -1 0 0 0 0 0 0 0 0 0 0 0 0

[15:31:00]	[Recv]	msgi 0 679 0 0 0 0 0

[15:31:00]	[Recv]	in 3 700 5018275 42 6 6 100 100 0 0 0 -1 0 0 -1 - 0 -1 0 0 0 0 0 0 0 0 0 0 0 0

[15:31:00]	[Recv]	msgi 0 679 0 0 0 0 0

[15:31:00]	[Recv]	in 3 688 5018276 71 45 7 100 100 0 0 0 -1 0 0 -1 - 0 -1 0 0 0 0 0 0 0 0 0 0 0 0

[15:31:00]	[Recv]	msgi 0 679 0 0 0 0 0

[15:31:00]	[Recv]	in 3 726 5018277 72 44 5 100 100 0 0 0 -1 0 0 -1 - 0 -1 0 0 0 0 0 0 0 0 0 0 0 0

[15:31:00]	[Recv]	msgi 0 679 0 0 0 0 0

[15:31:00]	[Recv]	in 3 688 5018278 72 45 3 100 100 0 0 0 -1 0 0 -1 - 0 -1 0 0 0 0 0 0 0 0 0 0 0 0

[15:31:00]	[Recv]	msgi 0 679 0 0 0 0 0

[15:31:00]	[Recv]	in 3 688 5018279 74 45 3 100 100 0 0 0 -1 0 0 -1 - 0 -1 0 0 0 0 0 0 0 0 0 0 0 0

[15:31:00]	[Recv]	msgi 0 679 0 0 0 0 0

[15:31:00]	[Recv]	eff 3 5018278 5000

[15:31:00]	[Recv]	eff 3 5018274 5000

[15:31:00]	[Recv]	eff 3 5018271 5000

[15:31:00]	[Recv]	eff 3 5018267 5000

[15:31:00]	[Recv]	eff 3 5018264 5000

[15:31:00]	[Send]	suctl 5443 1 4988592 3 5018137
[15:31:00]	[Recv]	cond 2 4988592 0 0 15

[15:31:00]	[Send]	mtlist 0 
[15:31:00]	[Send]	u_s 12 3 5018137
[15:31:00]	[Recv]	st 2 5017544 94 0 100 100 92062 184124 92062 184124 0

[15:31:00]	[Recv]	sr 11

[15:31:01]	[Recv]	st 2 5017546 94 0 100 100 92062 184124 92062 184124 0

[15:31:01]	[Recv]	cancel 0 12 -1

[15:31:01]	[Send]	mtlist 0 
[15:31:01]	[Send]	u_s 12 3 5018137
[15:31:01]	[Send]	ptctl 5443 2 4988603 39 47 4988592 39 41 4988603 15
[15:31:01]	[Recv]	cancel 0 12 -1

[15:31:01]	[Recv]	cond 2 4988603 0 0 15

[15:31:01]	[Recv]	cond 2 4988592 0 0 15

[15:31:01]	[Recv]	st 2 5017545 94 0 100 100 92062 184124 92062 184124 0

[15:31:01]	[Send]	ptctl 5443 2 4988603 44 50 4988592 41 47 4988603 15
[15:31:01]	[Recv]	ct 3 5018143 2 4988603 -1 -1 0

[15:31:01]	[Recv]	su 3 5018143 2 4988603 0 10 11 4789 0 0 1 88 114 0 0 17176 19451

[15:31:01]	[Recv]	cond 1 2073308 0 0 22

[15:31:01]	[Recv]	cond 1 2073308 0 0 22

[15:31:01]	[Send]	ncif 3 5018143
[15:31:01]	[Recv]	cond 2 4988603 0 0 15

[15:31:01]	[Recv]	cond 2 4988592 0 0 15

[15:31:01]	[Send]	ptctl 5443 2 4988603 41 48 4988592 39 45 4988603 15
[15:31:01]	[Send]	suctl 5443 1 4988603 3 5018143
[15:31:01]	[Send]	mtlist 1 2 4988603 
[15:31:01]	[Send]	u_s 12 3 5018143
[15:31:01]	[Recv]	st 3 5018143 99 0 1 100 1 2828 100086 2828 0

[15:31:02]	[Recv]	cond 2 4988603 0 0 15

[15:31:02]	[Recv]	cond 2 4988592 0 0 15

[15:31:02]	[Recv]	eff 2 4988603 5005

[15:31:02]	[Send]	suctl 5443 1 4988592 3 5018143
[15:31:02]	[Recv]	ms_c 0

[15:31:02]	[Recv]	qslot 0 1.1.1 1.1.2 1.1.3 1.1.4 1.1.5 1.1.6 1.1.7 1.1.9 1.1.8 1.1.10 0.1.45 0.2.21 0.1.76 1.1.38 1.3.12 0.1.34 0.1.87 0.-1.-1 0.1.84 0.1.43 1.3.11 1.1.42 1.1.41 1.3.976 0.-1.-1 0.1.70 0.2.143 0.2.25 0.2.27 0.2.26

[15:31:02]	[Recv]	qslot 1 0.-1.-1 0.-1.-1 0.-1.-1 0.-1.-1 0.-1.-1 0.-1.-1 0.-1.-1 0.-1.-1 0.-1.-1 0.-1.-1 0.1.-1 0.1.-1 1.1.41 1.1.42 0.-1.-1 7.7.-1 7.7.-1 7.7.-1 7.7.-1 0.-1.-1 0.-1.-1 0.-1.-1 0.-1.-1 0.-1.-1 0.-1.-1 0.-1.-1 0.-1.-1 0.-1.-1 0.-1.-1 0.-1.-1

[15:31:02]	[Recv]	ct 2 4988603 3 5018143 -1 -1 0

[15:31:02]	[Recv]	su 2 4988603 3 5018143 0 12 11 8360 0 0 0 0 7790 0 0 0 100086

[15:31:02]	[Recv]	lev 99 0 99 0 2140719000 5991794 66990112 2 0 90 917705181 0

[15:31:02]	[Recv]	ct 1 2073308 3 5018143 -1 -1 1126

[15:31:02]	[Recv]	su 1 2073308 1 2073308 1126 3 26 4273 0 0 1 100 0 2 0 95497 95497

[15:31:02]	[Recv]	cond 1 2073308 0 0 19

[15:31:02]	[Recv]	sayi 1 2073308 20 22 3 576 0 0 0

[15:31:02]	[Recv]	bf 1 2073308 0.576.0 99

[15:31:02]	[Send]	mtlist 1 2 4988603 
[15:31:02]	[Send]	u_s 12 3 5018143
[15:31:02]	[Recv]	sr 12

[15:31:02]	[Send]	ptctl 5443 2 4988603 46 48 4988592 44 45 4988603 15
[15:31:02]	[Recv]	st 2 5017544 94 0 100 100 92062 184124 92062 184124 0

[15:31:02]	[Recv]	eff 2 5017544 7739

[15:31:02]	[Recv]	cancel 0 12 -1

[15:31:02]	[Recv]	cond 2 4988603 0 0 15

[15:31:02]	[Recv]	cond 2 4988592 0 0 15

[15:31:03]	[Send]	ptctl 5443 2 4988603 47 48 4988592 45 45 4988603 15
[15:31:03]	[Recv]	st 2 5017546 94 0 100 100 92062 184124 92062 184124 0

[15:31:03]	[Recv]	eff 2 5017546 7739

[15:31:03]	[Recv]	cond 1 2073308 0 0 19

[15:31:03]	[Recv]	cond 1 2073308 0 0 19

[15:31:03]	[Recv]	cond 2 4988603 0 0 15

[15:31:03]	[Recv]	cond 2 4988592 0 0 15

[15:31:03]	[Send]	ptctl 5443 1 4988592 46 45 4988592 15
[15:31:03]	[Recv]	team_cool 3 0

[15:31:03]	[Recv]	cond 1 2073308 0 0 19

[15:31:03]	[Recv]	cond 1 2073308 0 0 19

[15:31:03]	[Recv]	cond 2 4988592 0 0 15

[15:31:03]	[Recv]	st 2 5017545 94 0 100 100 92062 184124 92062 184124 0

[15:31:03]	[Recv]	eff 2 5017545 7739

[15:31:03]	[Recv]	sp 415852 1000000 0 10000

[15:31:03]	[Recv]	sayi 1 2073308 11 2065 0 0 0 0 0

[15:31:03]	[Recv]	psd 0

[15:31:03]	[Recv]	sayi 1 2073308 11 2065 0 0 0 0 0

[15:31:03]	[Recv]	psd 0

[15:31:03]	[Recv]	sayi 1 2073308 11 2065 0 0 0 0 0

[15:31:03]	[Recv]	psd 0

[15:31:03]	[Recv]	sr 5

[15:31:03]	[Send]	u_s 5 1 2073308
[15:31:04]	[Send]	ptctl 5443 1 4988592 50 47 4988592 15
[15:31:04]	[Recv]	ms_c 0

[15:31:04]	[Recv]	qslot 0 1.1.1 1.1.2 1.1.3 1.1.4 1.1.5 1.1.6 1.1.7 1.1.9 1.1.8 1.1.10 0.1.45 0.2.21 0.1.76 1.1.38 1.3.12 0.1.34 0.1.87 0.-1.-1 0.1.84 0.1.43 1.3.11 1.1.42 1.1.41 1.3.976 0.-1.-1 0.1.70 0.2.143 0.2.25 0.2.27 0.2.26

[15:31:04]	[Recv]	qslot 1 0.-1.-1 0.-1.-1 0.-1.-1 0.-1.-1 0.-1.-1 0.-1.-1 0.-1.-1 0.-1.-1 0.-1.-1 0.-1.-1 0.1.-1 0.1.-1 1.1.41 1.1.42 0.-1.-1 7.7.-1 7.7.-1 7.7.-1 7.7.-1 0.-1.-1 0.-1.-1 0.-1.-1 0.-1.-1 0.-1.-1 0.-1.-1 0.-1.-1 0.-1.-1 0.-1.-1 0.-1.-1 0.-1.-1

[15:31:04]	[Recv]	ct 1 2073308 1 2073308 -1 -1 1119

[15:31:04]	[Recv]	cond 2 4988592 0 0 15

[15:31:04]	[Send]	ptctl 5443 1 4988603 51 50 4988603 15
[15:31:04]	[Recv]	bf 1 2073308 0.561.3000 99

[15:31:04]	[Recv]	bf 1 2073308 0.578.1200 99

[15:31:04]	[Recv]	bf 1 2073308 0.941.0 99

[15:31:04]	[Recv]	bf 1 2073308 0.830.60 99

[15:31:04]	[Recv]	eff 1 2073308 0

[15:31:04]	[Recv]	sayi 1 2073308 20 26 3 830 0 0 0

[15:31:04]	[Recv]	su 1 2073308 1 2073308 1119 600 25 4265 0 0 1 100 0 -1 0 95497 95497

[15:31:04]	[Recv]	cond 2 4988603 0 0 15

[15:31:04]	[Send]	ptctl 5443 2 4988603 48 53 4988592 48 50 4988603 15
[15:31:04]	[Recv]	cond 1 2073308 0 0 19

[15:31:04]	[Recv]	cond 1 2073308 0 0 19

[15:31:04]	[Recv]	cond 2 4988603 0 0 15

[15:31:04]	[Recv]	cond 2 4988592 0 0 15

[15:31:04]	[Recv]	st 2 5017544 94 0 100 100 92062 184124 92062 184124 0

[15:31:04]	[Recv]	team_cool 1 0

[15:31:05]	[Recv]	st 2 5017546 94 0 100 100 92062 184124 92062 184124 0

[15:31:05]	[Send]	ptctl 5443 1 4988592 50 55 4988592 15
[15:31:05]	[Recv]	eff 3 5018274 4799

[15:31:05]	[Recv]	cond 2 4988592 0 0 15

[15:31:05]	[Recv]	st 2 5017545 94 0 100 100 92062 184124 92062 184124 0

[15:31:05]	[Send]	u_ts 777 21 49
[15:31:05]	[Send]	ptctl 5443 2 4988603 51 53 4988592 51 51 4988603 15
[15:31:05]	[Recv]	cond 1 2073308 0 0 19

[15:31:05]	[Recv]	cond 1 2073308 0 0 19

[15:31:05]	[Recv]	in 2 2731 4988617 21 51 2 100 100 0 0 3 2073308 0 0 -1 @ 2 -1 0 0 0 0 0 0 0 0 0 0 15 5

[15:31:05]	[Recv]	ctl 2 4988617 0 1

[15:31:05]	[Recv]	in 2 1538 4988590 23 48 2 100 100 0 0 3 2073308 0 0 -1 @ 2 -1 0 0 0 0 0 0 0 0 0 0 16 6

[15:31:05]	[Recv]	ctl 2 4988590 0 1

[15:31:05]	[Recv]	in 2 840 4988573 21 47 2 100 100 0 0 0 2073308 0 0 -1 @ 2 -1 0 0 0 0 0 0 0 0 0 0 14 4

[15:31:05]	[Recv]	ctl 2 4988573 0 1

[15:31:05]	[Recv]	in 2 64 4988460 22 49 2 100 100 0 0 0 2073308 0 0 -1 @ 2 -1 0 0 0 0 0 0 0 0 0 0 13 3

[15:31:05]	[Recv]	ctl 2 4988460 0 1

[15:31:05]	[Recv]	bf 1 2073308 0.1028.200 99

[15:31:05]	[Recv]	sayi 1 2073308 20 26 3 1028 0 0 0

[15:31:05]	[Recv]	team_cool 3 900

[15:31:05]	[Recv]	cond 2 4988603 0 0 15

[15:31:05]	[Recv]	cond 2 4988592 0 0 15

[15:31:06]	[Send]	ptctl 5443 2 4988603 56 53 4988592 55 52 4988603 15
[15:31:06]	[Recv]	cond 1 2073308 0 0 19

[15:31:06]	[Recv]	cond 1 2073308 0 0 19

[15:31:06]	[Recv]	sc_p 170 1548 4988592 96 632 24088174 0 0 1889 2049 1289 19 90 9 975 627 958 627 866 3 90 90 110 80 52629 57771 18100 18100 1 84982200 0 @ 0 0 6 60 1831 1798 0 100

[15:31:06]	[Recv]	cond 2 4988603 0 0 15

[15:31:06]	[Recv]	cond 2 4988592 0 0 15

[15:31:06]	[Send]	ncif 3 5018277
[15:31:06]	[Send]	ptctl 5443 1 4988592 58 52 4988592 15
[15:31:06]	[Recv]	st 3 5018277 99 0 100 100 67711 2828 67711 2828 0

[15:31:06]	[Send]	u_s 1 3 5018277
[15:31:06]	[Send]	ptctl 5443 1 4988603 54 53 4988603 15
[15:31:06]	[Send]	suctl 5443 1 4988603 3 5018277
[15:31:06]	[Recv]	cond 2 4988592 0 0 15

[15:31:06]	[Recv]	cond 1 2073308 0 0 19

[15:31:06]	[Recv]	cond 1 2073308 0 0 19

[15:31:06]	[Recv]	ms_c 0

[15:31:06]	[Recv]	qslot 0 1.1.1 1.1.2 1.1.3 1.1.4 1.1.5 1.1.6 1.1.7 1.1.9 1.1.8 1.1.10 0.1.45 0.2.21 0.1.76 1.1.38 1.3.12 0.1.34 0.1.87 0.-1.-1 0.1.84 0.1.43 1.3.11 1.1.42 1.1.41 1.3.976 0.-1.-1 0.1.70 0.2.143 0.2.25 0.2.27 0.2.26

[15:31:06]	[Recv]	qslot 1 0.-1.-1 0.-1.-1 0.-1.-1 0.-1.-1 0.-1.-1 0.-1.-1 0.-1.-1 0.-1.-1 0.-1.-1 0.-1.-1 0.1.-1 0.1.-1 1.1.41 1.1.42 0.-1.-1 7.7.-1 7.7.-1 7.7.-1 7.7.-1 0.-1.-1 0.-1.-1 0.-1.-1 0.-1.-1 0.-1.-1 0.-1.-1 0.-1.-1 0.-1.-1 0.-1.-1 0.-1.-1 0.-1.-1

[15:31:06]	[Recv]	sc_p 74 1538 4988590 1 2984 0 0 0 1330 1388 730 18 150 0 622 74 624 74 619 2 90 110 100 100 15441 15441 15070 15070 0 15 0 @ 0 16 6 60 1819 1831 0 100

[15:31:06]	[Recv]	sc_p 77 2731 4988617 1 2984 0 0 0 820 850 450 15 80 0 345 38 350 38 360 4 83 93 73 108 7621 7621 7260 7260 0 15 0 @ 0 15 5 40 1805 1820 3 2130

[15:31:06]	[Recv]	st 2 5017544 94 0 100 100 92062 184124 92062 184124 0

[15:31:06]	[Recv]	ct 1 2073308 3 5018277 14 4263 1115

[15:31:06]	[Recv]	cond 1 2073308 0 0 19

[15:31:06]	[Recv]	sayi 1 2073308 20 22 3 4254 0 0 0

[15:31:06]	[Recv]	bf 1 2073308 0.4254.0 99

[15:31:06]	[Recv]	cond 2 4988603 0 0 15

[15:31:06]	[Send]	ptctl 5443 1 4988592 60 54 4988592 15
[15:31:06]	[Recv]	eff 2 4988603 5005

[15:31:07]	[Recv]	sc_p 78 840 4988573 1 2988 0 0 0 423 456 224 5 70 0 203 35 215 35 188 2 6 10 8 7 4021 4021 3740 3740 0 15 0 @ 0 14 4 23 1811 1797 629 630

[15:31:07]	[Recv]	st 2 5017546 94 0 100 100 92062 184124 92062 184124 0

[15:31:07]	[Recv]	cond 2 4988592 0 0 15

[15:31:07]	[Recv]	su 1 2073308 3 5018277 1115 70 12 4264 0 0 1 34 44083 0 0 23628 67711

[15:31:07]	[Recv]	bf 3 5018279 0.4110.80 99

[15:31:07]	[Recv]	eff 3 5018279 0

[15:31:07]	[Recv]	eff 1 2073308 15

[15:31:07]	[Recv]	su 1 2073308 3 5018279 1115 70 12 4264 0 0 0 0 265339 6 0 0 12526

[15:31:07]	[Recv]	lev 99 0 99 0 2140719000 5991794 66990112 2 0 90 917705181 0

[15:31:07]	[Recv]	mslot 1127 -1

[15:31:07]	[Recv]	qset 0 0 1.1.13.0

[15:31:07]	[Recv]	sc_p 72 64 4988460 1 2990 0 0 0 442 475 237 4 100 0 205 31 194 31 193 0 -3 12 12 14 4356 4356 4210 4210 0 15 0 @ 0 13 3 30 1804 1798 0 1080

[15:31:07]	[Recv]	ct 2 4988603 3 5018277 -1 -1 0

[15:31:07]	[Recv]	su 2 4988603 3 5018277 0 12 11 8360 0 0 1 10 16384 0 0 7244 67711

[15:31:07]	[Send]	ptctl 5443 1 4988592 60 56 4988592 15
[15:31:07]	[Send]	ncif 3 5018277
[15:31:07]	[Send]	u_s 13 3 5018277
[15:31:07]	[Recv]	cond 2 4988592 0 0 15

[15:31:07]	[Recv]	st 2 5017545 94 0 100 100 92062 184124 92062 184124 0

[15:31:07]	[Recv]	st 3 5018277 99 0 10 100 7244 2828 67711 2828 0

[15:31:07]	[Recv]	ms_c 0

[15:31:07]	[Recv]	qslot 0 1.1.1 1.1.2 1.1.3 1.1.4 1.1.5 1.1.6 1.1.7 1.1.9 1.1.8 1.1.10 0.1.45 0.2.21 0.1.76 1.1.38 1.3.12 0.1.34 0.1.87 0.-1.-1 0.1.84 0.1.43 1.3.11 1.1.42 1.1.41 1.3.976 0.-1.-1 0.1.70 0.2.143 0.2.25 0.2.27 0.2.26

[15:31:07]	[Recv]	qslot 1 0.-1.-1 0.-1.-1 0.-1.-1 0.-1.-1 0.-1.-1 0.-1.-1 0.-1.-1 0.-1.-1 0.-1.-1 0.-1.-1 0.1.-1 0.1.-1 1.1.41 1.1.42 0.-1.-1 7.7.-1 7.7.-1 7.7.-1 7.7.-1 0.-1.-1 0.-1.-1 0.-1.-1 0.-1.-1 0.-1.-1 0.-1.-1 0.-1.-1 0.-1.-1 0.-1.-1 0.-1.-1 0.-1.-1

[15:31:07]	[Recv]	ct 1 2073308 3 5018277 -1 -1 1127

[15:31:07]	[Recv]	eff 1 2073308 15

[15:31:07]	[Recv]	su 1 2073308 3 5018277 1127 100 22 4284 0 0 0 0 310268 3 0 0 67711

[15:31:07]	[Recv]	lev 99 0 99 0 2140719000 5991794 66990112 2 0 90 917705181 0

[15:31:07]	[Send]	ptctl 5443 2 4988603 56 57 4988592 58 59 4988603 15
[15:31:07]	[Recv]	ct 2 4988460 3 5018267 -1 -1 0

[15:31:07]	[Recv]	eff 2 5017544 7739

[15:31:07]	[Recv]	cond 1 2073308 0 0 19

[15:31:07]	[Recv]	cond 1 2073308 0 0 19

[15:31:07]	[Send]	ptctl 5443 2 4988603 55 59 4988592 58 60 4988603 15
[15:31:07]	[Recv]	cond 2 4988603 0 0 15

[15:31:07]	[Recv]	cond 2 4988592 0 0 15

[15:31:08]	[Recv]	su 2 4988460 3 5018267 0 12 11 1007 0 0 1 100 1 0 0 12525 12526

[15:31:08]	[Recv]	ct 2 4988617 3 5018264 -1 -1 0

[15:31:08]	[Recv]	su 2 4988617 3 5018264 0 5 11 8146 0 0 1 100 1 0 0 12525 12526

[15:31:08]	[Recv]	eff 2 5017546 7739

[15:31:08]	[Recv]	cond 1 2073308 0 0 19

[15:31:08]	[Recv]	cond 1 2073308 0 0 19

[15:31:08]	[Send]	ncif 3 5018276
[15:31:08]	[Recv]	cond 2 4988603 0 0 15

[15:31:08]	[Recv]	cond 2 4988592 0 0 15

[15:31:08]	[Recv]	st 3 5018276 99 0 100 100 12526 2828 12526 2828 0

[15:31:08]	[Send]	u_s 0 3 5018276
[15:31:08]	[Send]	ptctl 5443 1 4988603 54 56 4988603 15
[15:31:08]	[Send]	suctl 5443 1 4988603 3 5018276
[15:31:08]	[Recv]	ct 3 5018264 2 4988617 -1 -1 0

[15:31:08]	[Recv]	su 3 5018264 2 4988617 0 5 11 0 0 0 1 100 0 1 0 7621 7621

[15:31:08]	[Recv]	eff 2 5017545 7739

[15:31:08]	[Recv]	cond 1 2073308 0 0 19

[15:31:08]	[Recv]	cond 1 2073308 0 0 19

[15:31:08]	[Send]	ptctl 5443 1 4988592 56 57 4988592 15
[15:31:08]	[Recv]	sp 415842 1000000 0 10000

[15:31:08]	[Recv]	ct 2 4988590 3 5018265 -1 -1 0

[15:31:08]	[Recv]	su 2 4988590 3 5018265 0 10 11 4841 0 0 1 100 1 0 0 67710 67711

[15:31:08]	[Recv]	ct 1 2073308 3 5018276 -1 -1 1114

[15:31:08]	[Recv]	eff 1 2073308 15

[15:31:08]	[Recv]	su 1 2073308 3 5018276 1114 7 11 4260 0 0 0 0 204794 3 0 0 12526

[15:31:08]	[Recv]	lev 99 0 99 0 2140719000 5991794 66990112 2 0 90 917705181 0

[15:31:08]	[Recv]	cond 2 4988603 0 0 15

[15:31:08]	[Send]	ptctl 5443 2 4988603 49 56 4988592 52 58 4988603 15
[15:31:08]	[Recv]	ct 3 5018267 2 4988460 -1 -1 0

[15:31:08]	[Recv]	su 3 5018267 2 4988460 0 5 11 0 0 0 1 74 1136 0 0 3220 4356

[15:31:08]	[Recv]	st 2 5017544 94 0 100 100 92062 184124 92062 184124 0

[15:31:08]	[Recv]	cond 2 4988592 0 0 15

[15:31:08]	[Recv]	cond 1 2073308 0 0 19

[15:31:08]	[Recv]	cond 1 2073308 0 0 19

[15:31:08]	[Send]	ptctl 5443 2 4988603 48 56 4988592 51 58 4988603 15
[15:31:09]	[Recv]	ct 3 5018265 2 4988590 -1 -1 0

[15:31:09]	[Recv]	su 3 5018265 2 4988590 0 10 11 7174 0 0 1 97 413 0 0 15028 15441

[15:31:09]	[Recv]	st 2 5017546 94 0 100 100 92062 184124 92062 184124 0

[15:31:09]	[Recv]	cond 2 4988603 0 0 15

[15:31:09]	[Recv]	cond 2 4988592 0 0 15

[15:31:09]	[Send]	ptctl 5443 2 4988603 47 56 4988592 50 58 4988603 15
[15:31:09]	[Recv]	cond 1 2073308 0 0 19

[15:31:09]	[Recv]	cond 1 2073308 0 0 19

[15:31:09]	[Recv]	ct 2 4988617 3 5018264 -1 -1 0

[15:31:09]	[Recv]	su 2 4988617 3 5018264 0 10 11 8146 0 0 1 100 1 0 0 12524 12526

[15:31:09]	[Recv]	cond 2 4988603 0 0 15

[15:31:09]	[Recv]	cond 2 4988592 0 0 15

[15:31:09]	[Send]	ncif 3 5018276
[15:31:09]	[Recv]	sr 0

[15:31:09]	[Recv]	cond 2 4988603 0 0 15

[15:31:09]	[Recv]	cond 2 4988592 0 0 15

[15:31:09]	[Recv]	st 2 5017545 94 0 100 100 92062 184124 92062 184124 0

[15:31:09]	[Recv]	ct 3 5018264 2 4988617 -1 -1 0

[15:31:09]	[Recv]	su 3 5018264 2 4988617 0 5 11 0 0 0 1 95 347 0 0 7274 7621

[15:31:09]	[Send]	u_s 0 3 5018278
[15:31:09]	[Send]	ptctl 5443 1 4988592 55 54 4988592 15
[15:31:09]	[Recv]	cond 1 2073308 0 0 19

[15:31:09]	[Recv]	cond 1 2073308 0 0 19

[15:31:09]	[Send]	suctl 5443 1 4988603 3 5018278
[15:31:09]	[Send]	ncif 3 5018278
[15:31:09]	[Recv]	ct 1 2073308 3 5018278 -1 -1 1114

[15:31:09]	[Recv]	eff 1 2073308 15

[15:31:09]	[Recv]	su 1 2073308 3 5018278 1114 7 11 4260 0 0 0 0 259926 3 0 0 12526

[15:31:09]	[Recv]	lev 99 0 99 0 2140719000 5991794 66990112 2 0 90 917705181 0

[15:31:09]	[Recv]	cond 2 4988592 0 0 15

[15:31:10]	[Recv]	ct 3 5018267 2 4988460 -1 -1 0

[15:31:10]	[Recv]	su 3 5018267 2 4988460 0 5 11 0 0 0 1 74 0 1 0 3220 4356

[15:31:10]	[Recv]	sayi 1 2073308 20 22 3 830 0 0 0

[15:31:10]	[Recv]	bf 1 2073308 0.830.0 99

[15:31:10]	[Recv]	bf 1 2073308 0.941.3000 99

[15:31:10]	[Recv]	sayi 1 2073308 20 26 3 941 0 0 0

[15:31:10]	[Send]	ptctl 5443 2 4988603 42 56 4988592 48 56 4988603 15
[15:31:10]	[Recv]	eff 3 5018274 4799

[15:31:10]	[Recv]	cond 1 2073308 0 0 19

[15:31:10]	[Recv]	cond 1 2073308 0 0 19

[15:31:10]	[Send]	ptctl 5443 2 4988603 41 56 4988592 47 56 4988603 15
[15:31:10]	[Recv]	ct 2 4988573 3 5018266 -1 -1 0

[15:31:10]	[Recv]	su 2 4988573 3 5018266 0 10 11 200 0 0 1 100 1 0 0 12525 12526

[15:31:10]	[Recv]	cond 2 4988603 0 0 15

[15:31:10]	[Recv]	cond 2 4988592 0 0 15

[15:31:10]	[Send]	ptctl 5443 2 4988603 40 56 4988592 46 56 4988603 15
[15:31:10]	[Recv]	cond 1 2073308 0 0 19

[15:31:10]	[Recv]	cond 1 2073308 0 0 19

[15:31:10]	[Recv]	ct 2 4988460 3 5018267 -1 -1 0

[15:31:10]	[Recv]	sr 0

[15:31:10]	[Recv]	cond 2 4988603 0 0 15

[15:31:10]	[Recv]	cond 2 4988592 0 0 15

[15:31:10]	[Send]	ptctl 5443 2 4988603 39 56 4988592 45 56 4988603 15
[15:31:10]	[Recv]	cond 2 4988603 0 0 15

[15:31:10]	[Recv]	cond 2 4988592 0 0 15

[15:31:10]	[Recv]	ct 3 5018264 2 4988617 -1 -1 0

[15:31:10]	[Recv]	su 3 5018264 2 4988617 0 5 11 0 0 0 1 91 348 0 0 6926 7621

[15:31:10]	[Recv]	su 2 4988460 3 5018267 0 12 11 1007 0 0 1 100 0 1 0 12525 12526

[15:31:10]	[Recv]	ct 2 4988590 3 5018265 -1 -1 0

[15:31:10]	[Recv]	su 2 4988590 3 5018265 0 10 11 4841 0 0 1 100 1 3 0 67709 67711

[15:31:10]	[Recv]	st 2 5017544 94 0 100 100 92062 184124 92062 184124 0

[15:31:10]	[Recv]	cond 2 4988603 0 0 15

[15:31:10]	[Recv]	cond 2 4988592 0 0 15

[15:31:11]	[Send]	ptctl 5443 2 4988603 37 56 4988592 43 56 4988603 15
[15:31:11]	[Recv]	ct 3 5018266 2 4988573 -1 -1 0

[15:31:11]	[Recv]	su 3 5018266 2 4988573 0 5 11 0 0 0 1 100 0 1 0 4021 4021

[15:31:11]	[Recv]	st 2 5017546 94 0 100 100 92062 184124 92062 184124 0

[15:31:11]	[Recv]	cond 1 2073308 0 0 19

[15:31:11]	[Recv]	cond 1 2073308 0 0 19

[15:31:11]	[Recv]	ct 3 5018267 2 4988460 -1 -1 0

[15:31:11]	[Recv]	su 3 5018267 2 4988460 0 5 11 0 0 0 1 48 1150 3 0 2070 4356

[15:31:11]	[Recv]	ct 3 5018265 2 4988590 -1 -1 0

[15:31:11]	[Recv]	su 3 5018265 2 4988590 0 10 11 7174 0 0 1 94 454 0 0 14574 15441

[15:31:11]	[Recv]	cond 2 4988603 0 0 15

[15:31:11]	[Recv]	cond 2 4988592 0 0 15

[15:31:11]	[Send]	ptctl 5443 2 4988603 35 56 4988592 41 56 4988603 15
[15:31:11]	[Recv]	ct 2 4988617 3 5018264 -1 -1 0

[15:31:11]	[Recv]	su 2 4988617 3 5018264 0 10 11 8146 0 0 1 100 1 0 0 12523 12526

[15:31:11]	[Recv]	st 2 5017545 94 0 100 100 92062 184124 92062 184124 0

[15:31:11]	[Recv]	cond 1 2073308 0 0 19

[15:31:11]	[Recv]	cond 1 2073308 0 0 19

[15:31:11]	[Recv]	cond 2 4988603 0 0 15

[15:31:11]	[Recv]	cond 2 4988592 0 0 15

[15:31:11]	[Send]	ptctl 5443 2 4988603 32 56 4988592 38 56 4988603 15
[15:31:11]	[Recv]	cond 1 2073308 0 0 19

[15:31:11]	[Recv]	cond 1 2073308 0 0 19

[15:31:12]	[Recv]	ct 3 5018264 2 4988617 -1 -1 0

[15:31:12]	[Recv]	su 3 5018264 2 4988617 0 5 11 0 0 0 1 86 346 0 0 6580 7621

[15:31:12]	[Recv]	cond 2 4988603 0 0 15

[15:31:12]	[Recv]	cond 2 4988592 0 0 15

[15:31:12]	[Recv]	ct 3 5018266 2 4988573 -1 -1 0

[15:31:12]	[Recv]	su 3 5018266 2 4988573 0 5 11 0 0 0 1 84 635 0 0 3386 4021

[15:31:12]	[Recv]	sr 8

[15:31:12]	[Send]	ncif 3 5018265
[15:31:12]	[Recv]	st 3 5018265 99 0 100 100 67709 2828 67711 2828 0

[15:31:12]	[Recv]	ct 3 5018267 2 4988460 -1 -1 0

[15:31:12]	[Recv]	su 3 5018267 2 4988460 0 5 11 0 0 0 1 21 1155 0 0 915 4356

[15:31:12]	[Send]	ptctl 5443 1 4988592 33 56 4988592 15
[15:31:12]	[Recv]	ct 2 4988573 3 5018266 -1 -1 0

[15:31:12]	[Recv]	su 2 4988573 3 5018266 0 10 11 200 0 0 1 100 0 1 0 12525 12526

[15:31:12]	[Send]	ptctl 5443 1 4988603 27 56 4988603 15
[15:31:12]	[Recv]	cond 2 4988592 0 0 15

[15:31:12]	[Recv]	st 2 5017544 94 0 100 100 92062 184124 92062 184124 0

[15:31:12]	[Recv]	eff 2 5017544 7739

[15:31:12]	[Recv]	cond 2 4988603 0 0 15

[15:31:12]	[Recv]	cond 1 2073308 0 0 19

[15:31:12]	[Recv]	cond 1 2073308 0 0 19

[15:31:13]	[Recv]	ct 2 4988590 3 5018265 -1 -1 0

[15:31:13]	[Recv]	su 2 4988590 3 5018265 0 10 11 4841 0 0 1 100 1 3 0 67708 67711

[15:31:13]	[Recv]	st 2 5017546 94 0 100 100 92062 184124 92062 184124 0

[15:31:13]	[Recv]	eff 2 5017546 7739

[15:31:13]	[Recv]	ct 3 5018264 2 4988617 -1 -1 0

[15:31:13]	[Recv]	su 3 5018264 2 4988617 0 5 11 0 0 0 1 82 347 0 0 6233 7621

[15:31:13]	[Send]	ncif 3 5018265
[15:31:13]	[Recv]	ct 3 5018266 2 4988573 -1 -1 0

[15:31:13]	[Recv]	su 3 5018266 2 4988573 0 5 11 0 0 0 1 51 1316 0 0 2070 4021

[15:31:13]	[Recv]	ct 3 5018265 2 4988590 -1 -1 0

[15:31:13]	[Recv]	su 3 5018265 2 4988590 0 10 11 7174 0 0 1 92 348 0 0 14226 15441

[15:31:13]	[Recv]	ct 2 4988460 3 5018267 -1 -1 0

[15:31:13]	[Recv]	st 2 5017545 94 0 100 100 92062 184124 92062 184124 0

[15:31:13]	[Recv]	eff 2 5017545 7739

[15:31:13]	[Recv]	st 3 5018265 99 0 100 100 67708 2828 67711 2828 0

[15:31:13]	[Send]	u_s 0 3 5018265
[15:31:13]	[Send]	ptctl 5443 1 4988603 22 56 4988603 15
[15:31:13]	[Send]	ptctl 5443 1 4988592 28 56 4988592 15
[15:31:13]	[Recv]	sp 415832 1000000 0 10000

[15:31:13]	[Recv]	ct 3 5018267 2 4988460 -1 -1 0

[15:31:13]	[Recv]	su 3 5018267 2 4988460 0 5 11 0 0 0 0 0 1156 0 0 0 4356

[15:31:13]	[Recv]	ct 2 4988617 3 5018264 -1 -1 0

[15:31:13]	[Recv]	su 2 4988617 3 5018264 0 10 11 8146 0 0 1 100 1 0 0 12522 12526

[15:31:13]	[Recv]	cond 1 2073308 0 0 19

[15:31:13]	[Recv]	cond 1 2073308 0 0 19

[15:31:13]	[Send]	ptctl 5443 1 4988603 25 56 4988603 15
[15:31:13]	[Send]	suctl 5443 1 4988603 3 5018265
[15:31:13]	[Recv]	ct 1 2073308 3 5018265 -1 -1 1114

[15:31:13]	[Recv]	su 1 2073308 3 5018265 1114 7 11 4260 0 0 1 38 41492 0 0 26216 67711

[15:31:13]	[Recv]	cond 2 4988603 0 0 15

[15:31:13]	[Recv]	cond 2 4988592 0 0 15

[15:31:14]	[Recv]	cond 2 4988603 0 0 15

[15:31:14]	[Send]	ptctl 5443 2 4988603 25 52 4988592 27 52 4988603 15
[15:31:14]	[Recv]	sr 1

[15:31:14]	[Recv]	eff 2 4988603 5005

[15:31:14]	[Recv]	cond 1 2073308 0 0 19

[15:31:14]	[Recv]	cond 1 2073308 0 0 19

[15:31:14]	[Send]	ptctl 5443 1 4988592 24 54 4988592 15
[15:31:14]	[Send]	ncif 3 5018265
[15:31:14]	[Recv]	cond 2 4988603 0 0 15

[15:31:14]	[Recv]	cond 2 4988592 0 0 15

[15:31:14]	[Send]	u_s 0 3 5018265
[15:31:14]	[Recv]	ct 3 5018264 2 4988617 -1 -1 0

[15:31:14]	[Recv]	su 3 5018264 2 4988617 0 5 11 0 0 0 1 81 70 0 0 6163 7621

[15:31:14]	[Recv]	ct 2 4988603 3 5018265 -1 -1 0

[15:31:14]	[Recv]	su 2 4988603 3 5018265 0 12 11 8360 0 0 1 14 16511 0 0 9705 67711

[15:31:14]	[Recv]	cond 2 4988592 0 0 15

[15:31:14]	[Recv]	sr 0

[15:31:14]	[Recv]	st 3 5018265 99 0 14 100 9705 2828 67711 2828 0

[15:31:14]	[Recv]	ct 3 5018266 2 4988573 -1 -1 0

[15:31:14]	[Recv]	su 3 5018266 2 4988573 0 5 11 0 0 0 1 19 1276 0 0 794 4021

[15:31:14]	[Recv]	cond 1 2073308 0 0 19

[15:31:14]	[Recv]	cond 1 2073308 0 0 19

[15:31:14]	[Recv]	ct 2 4988573 3 5018266 -1 -1 0

[15:31:14]	[Recv]	su 2 4988573 3 5018266 0 10 11 200 0 0 1 100 0 1 0 12525 12526

[15:31:14]	[Recv]	st 2 5017544 94 0 100 100 92062 184124 92062 184124 0

[15:31:14]	[Recv]	ct 1 2073308 3 5018265 -1 -1 1114

[15:31:14]	[Recv]	su 1 2073308 3 5018265 1114 7 11 4260 0 0 0 0 42111 0 0 0 67711

[15:31:14]	[Recv]	lev 99 0 99 0 2140719000 5991794 66990112 2 0 90 917705181 0

[15:31:14]	[Send]	ptctl 5443 2 4988603 27 49 4988592 29 51 4988603 15
[15:31:15]	[Recv]	st 2 5017546 94 0 100 100 92062 184124 92062 184124 0

[15:31:15]	[Recv]	cond 1 2073308 0 0 19

[15:31:15]	[Recv]	cond 1 2073308 0 0 19

[15:31:15]	[Send]	ptctl 5443 2 4988603 27 50 4988592 29 50 4988603 15
[15:31:15]	[Recv]	cond 2 4988603 0 0 15

[15:31:15]	[Recv]	cond 2 4988592 0 0 15

[15:31:15]	[Recv]	eff 3 5018274 4799

[15:31:15]	[Recv]	out 2 4988460

[15:31:15]	[Recv]	cond 2 4988603 0 0 15

[15:31:15]	[Recv]	cond 2 4988592 0 0 15

[15:31:15]	[Recv]	st 2 5017545 94 0 100 100 92062 184124 92062 184124 0

[15:31:15]	[Send]	ncif 3 5018266
[15:31:15]	[Recv]	sr 0

[15:31:15]	[Recv]	ct 3 5018264 2 4988617 -1 -1 0

[15:31:15]	[Recv]	su 3 5018264 2 4988617 0 5 11 0 0 0 1 81 0 1 0 6163 7621

[15:31:15]	[Recv]	st 3 5018266 99 0 100 100 12525 2828 12526 2828 0

[15:31:15]	[Send]	suctl 5443 1 4988603 3 5018266
[15:31:15]	[Recv]	ct 3 5018266 2 4988573 -1 -1 0

[15:31:15]	[Recv]	su 3 5018266 2 4988573 0 5 11 0 0 0 1 2 690 0 0 104 4021

[15:31:15]	[Recv]	ct 2 4988617 3 5018264 -1 -1 0

[15:31:15]	[Recv]	su 2 4988617 3 5018264 0 10 11 8146 0 0 1 100 0 1 0 12522 12526

[15:31:15]	[Send]	u_s 0 3 5018266
[15:31:15]	[Send]	ptctl 5443 1 4988592 28 47 4988592 15
[15:31:15]	[Recv]	eff 2 4988603 5005

[15:31:16]	[Recv]	cond 1 2073308 0 0 19

[15:31:16]	[Recv]	cond 1 2073308 0 0 19

[15:31:16]	[Recv]	sc_p 170 1548 4988592 96 631 24088874 0 0 1889 2049 1289 19 90 9 975 627 958 627 866 3 90 90 110 80 52629 57771 18100 18100 1 84982200 0 @ 0 0 6 60 1831 1798 0 100

[15:31:16]	[Recv]	ct 2 4988603 3 5018266 -1 -1 0

[15:31:16]	[Recv]	su 2 4988603 3 5018266 0 12 11 8360 0 0 1 32 8431 0 0 4094 12526

[15:31:16]	[Recv]	ct 1 2073308 3 5018266 -1 -1 1114

[15:31:16]	[Recv]	su 1 2073308 3 5018266 1114 7 11 4260 0 0 0 0 102001 3 0 0 12526

[15:31:16]	[Recv]	lev 99 0 99 0 2140719000 5991794 66990112 2 0 90 917705181 0

[15:31:16]	[Recv]	cond 1 2073308 0 0 19

[15:31:16]	[Recv]	bf 1 2073308 0.4254.80 99

[15:31:16]	[Recv]	sayi 1 2073308 20 26 3 4254 0 0 0

[15:31:16]	[Recv]	sayi 1 2073308 20 23 3 4254 0 0 0

[15:31:16]	[Recv]	cond 2 4988592 0 0 15

[15:31:16]	[Send]	ptctl 5443 2 4988603 27 54 4988592 26 52 4988603 15
[15:31:16]	[Recv]	cond 1 2073308 0 0 19

[15:31:16]	[Recv]	cond 1 2073308 0 0 19

[15:31:16]	[Recv]	cond 2 4988603 0 0 15

[15:31:16]	[Recv]	cond 2 4988592 0 0 15

[15:31:16]	[Send]	ptctl 5443 2 4988603 27 53 4988592 28 53 4988603 15
[15:31:16]	[Recv]	eff 3 5018270 5000

[15:31:16]	[Recv]	cond 1 2073308 0 0 19

[15:31:16]	[Recv]	cond 1 2073308 0 0 19

[15:31:16]	[Send]	ncif 3 5018267
[15:31:16]	[Recv]	ct 3 5018264 2 4988617 -1 -1 0

[15:31:16]	[Recv]	su 3 5018264 2 4988617 0 5 11 0 0 0 1 76 349 0 0 5814 7621

[15:31:16]	[Recv]	sc_p 77 2731 4988617 1 2983 0 0 0 820 850 450 15 80 0 345 38 350 38 360 4 83 93 73 108 5814 7621 7260 7260 0 15 0 @ 0 15 5 40 1805 1820 3 2130

[15:31:16]	[Recv]	st 2 5017544 94 0 100 100 92062 184124 92062 184124 0

[15:31:16]	[Recv]	cond 2 4988603 0 0 15

[15:31:16]	[Recv]	cond 2 4988592 0 0 15

[15:31:16]	[Recv]	sr 0

[15:31:16]	[Recv]	st 3 5018267 99 0 100 100 12525 2828 12526 2828 0

[15:31:16]	[Send]	ptctl 5443 1 4988592 28 49 4988592 15
[15:31:17]	[Recv]	sc_p 78 840 4988573 1 2987 0 0 0 423 456 224 5 70 0 203 35 215 35 188 2 6 10 8 7 104 4021 3740 3740 0 15 0 @ 0 14 4 23 1811 1797 629 630

[15:31:17]	[Recv]	st 2 5017546 94 0 100 100 92062 184124 92062 184124 0

[15:31:17]	[Send]	u_s 0 3 5018267
[15:31:17]	[Recv]	cond 2 4988592 0 0 15

[15:31:17]	[Send]	ptctl 5443 1 4988603 27 52 4988603 15
[15:31:17]	[Send]	suctl 5443 1 4988603 3 5018267
[15:31:17]	[Recv]	ct 1 2073308 3 5018267 -1 -1 1114

[15:31:17]	[Recv]	su 1 2073308 3 5018267 1114 7 11 4260 0 0 0 0 34246 0 0 0 12526

[15:31:17]	[Recv]	lev 99 0 99 0 2140719000 5991794 66990112 2 0 90 917705181 0

[15:31:17]	[Recv]	cond 2 4988603 0 0 15

[15:31:17]	[Send]	ncif 3 5018267
[15:31:17]	[Recv]	st 2 5017545 94 0 100 100 92062 184124 92062 184124 0

[15:31:17]	[Send]	suctl 5443 1 4988592 3 5018267
[15:31:17]	[Send]	ptctl 5443 2 4988603 22 52 4988592 23 49 4988603 15
[15:31:17]	[Recv]	sr 13

[15:31:17]	[Recv]	cond 1 2073308 0 0 19

[15:31:17]	[Recv]	cond 1 2073308 0 0 19

[15:31:17]	[Send]	ptctl 5443 2 4988603 22 51 4988592 23 51 4988603 15
[15:31:17]	[Recv]	eff 2 5017544 7739

[15:31:17]	[Recv]	cond 2 4988603 0 0 15

[15:31:17]	[Recv]	cond 2 4988592 0 0 15

[15:31:17]	[Recv]	cond 2 4988603 0 0 15

[15:31:17]	[Recv]	cond 2 4988592 0 0 15

[15:31:18]	[Recv]	ct 3 5018264 2 4988617 -1 -1 0

[15:31:18]	[Recv]	su 3 5018264 2 4988617 0 5 11 0 0 0 1 71 347 0 0 5467 7621

[15:31:18]	[Recv]	ct 2 4988617 3 5018264 -1 -1 0

[15:31:18]	[Recv]	su 2 4988617 3 5018264 0 10 11 8146 0 0 1 100 0 1 0 12522 12526

[15:31:18]	[Recv]	eff 2 5017546 7739

[15:31:18]	[Recv]	sr 0

[15:31:18]	[Send]	ncif 3 5018264
[15:31:18]	[Recv]	st 3 5018264 99 0 100 100 12522 2828 12526 2828 0

[15:31:18]	[Send]	u_s 0 3 5018264
[15:31:18]	[Recv]	cond 1 2073308 0 0 19

[15:31:18]	[Recv]	cond 1 2073308 0 0 19

[15:31:18]	[Recv]	eff 2 5017545 7739

[15:31:18]	[Recv]	ct 1 2073308 3 5018264 -1 -1 1114

[15:31:18]	[Recv]	su 1 2073308 3 5018264 1114 7 11 4260 0 0 0 0 106552 3 0 0 12526

[15:31:18]	[Recv]	lev 99 0 99 0 2140719000 5991794 66990112 2 0 90 917705181 0

[15:31:18]	[Send]	suctl 5443 1 4988603 3 5018264
[15:31:18]	[Send]	ptctl 5443 1 4988592 22 47 4988592 15
[15:31:18]	[Send]	ptctl 5443 2 4988603 27 51 4988592 27 52 4988603 15
[15:31:18]	[Recv]	sp 415822 1000000 0 10000

[15:31:18]	[Recv]	ct 2 4988573 3 5018272 -1 -1 0

[15:31:18]	[Recv]	su 2 4988573 3 5018272 0 10 11 200 0 0 1 100 0 1 0 67711 67711

[15:31:18]	[Recv]	cond 2 4988592 0 0 15

[15:31:18]	[Send]	ptctl 5443 1 4988603 28 51 4988603 15
[15:31:18]	[Recv]	st 2 5017544 94 0 100 100 92062 184124 92062 184124 0

[15:31:18]	[Recv]	cond 1 2073308 0 0 19

[15:31:18]	[Recv]	cond 1 2073308 0 0 19

[15:31:18]	[Send]	ptctl 5443 2 4988603 29 51 4988592 28 52 4988603 15
[15:31:18]	[Recv]	cond 2 4988603 0 0 15

[15:31:18]	[Recv]	cond 2 4988592 0 0 15

[15:31:19]	[Recv]	st 2 5017546 94 0 100 100 92062 184124 92062 184124 0

[15:31:19]	[Recv]	cond 1 2073308 0 0 19

[15:31:19]	[Recv]	cond 1 2073308 0 0 19

[15:31:19]	[Send]	ptctl 5443 2 4988603 30 51 4988592 29 52 4988603 15
[15:31:19]	[Recv]	cond 2 4988603 0 0 15

[15:31:19]	[Recv]	sr 0

[15:31:19]	[Recv]	cond 2 4988603 0 0 15

[15:31:19]	[Recv]	cond 2 4988592 0 0 15

[15:31:19]	[Recv]	cond 2 4988603 0 0 15

[15:31:19]	[Recv]	cond 2 4988592 0 0 15

[15:31:19]	[Recv]	ct 3 5018272 2 4988573 -1 -1 0

[15:31:19]	[Recv]	su 3 5018272 2 4988573 0 10 11 7174 0 0 0 0 1321 0 0 0 4021

[15:31:19]	[Recv]	st 2 5017545 94 0 100 100 92062 184124 92062 184124 0

[15:31:19]	[Send]	ncif 3 5018272
[15:31:19]	[Send]	ptctl 5443 1 4988592 28 47 4988592 15
[15:31:19]	[Recv]	st 3 5018272 99 0 100 100 67711 2828 67711 2828 0

[15:31:19]	[Send]	u_s 1 3 5018272
[15:31:19]	[Recv]	cond 2 4988592 0 0 15

[15:31:19]	[Recv]	ct 3 5018268 2 4988603 -1 -1 0

[15:31:19]	[Recv]	su 3 5018268 2 4988603 0 10 11 4757 0 0 1 88 127 0 0 17262 19451

[15:31:19]	[Recv]	cond 1 2073308 0 0 19

[15:31:19]	[Recv]	cond 1 2073308 0 0 19

[15:31:19]	[Send]	suctl 5443 1 4988603 3 5018272
[15:31:19]	[Recv]	ms_c 0

[15:31:19]	[Recv]	qslot 0 1.1.1 1.1.2 1.1.3 1.1.4 1.1.5 1.1.6 1.1.7 1.1.9 1.1.8 1.1.10 0.1.45 0.2.21 0.1.76 1.1.38 1.3.12 0.1.34 0.1.87 0.-1.-1 0.1.84 0.1.43 1.3.11 1.1.42 1.1.41 1.3.976 0.-1.-1 0.1.70 0.2.143 0.2.25 0.2.27 0.2.26

[15:31:19]	[Recv]	qslot 1 0.-1.-1 0.-1.-1 0.-1.-1 0.-1.-1 0.-1.-1 0.-1.-1 0.-1.-1 0.-1.-1 0.-1.-1 0.-1.-1 0.1.-1 0.1.-1 1.1.41 1.1.42 0.-1.-1 7.7.-1 7.7.-1 7.7.-1 7.7.-1 0.-1.-1 0.-1.-1 0.-1.-1 0.-1.-1 0.-1.-1 0.-1.-1 0.-1.-1 0.-1.-1 0.-1.-1 0.-1.-1 0.-1.-1

[15:31:20]	[Recv]	ct 1 2073308 3 5018272 14 4263 1115

[15:31:20]	[Recv]	eff 2 4988603 5005

[15:31:20]	[Recv]	eff 3 5018274 4799

[15:31:20]	[Recv]	su 1 2073308 3 5018272 1115 70 12 4264 0 0 1 100 0 4 0 67711 67711

[15:31:20]	[Recv]	su 1 2073308 3 5018268 1115 70 12 4264 0 0 0 0 82869 6 0 0 67711

[15:31:20]	[Recv]	lev 99 0 99 0 2140719000 5991794 66990112 2 0 90 917705181 0

[15:31:20]	[Recv]	ct 2 4988603 3 5018272 -1 -1 0

[15:31:20]	[Recv]	eff 2 4988603 15

[15:31:20]	[Recv]	su 2 4988603 3 5018272 0 12 11 8360 0 0 1 61 25962 0 0 41749 67711

[15:31:20]	[Send]	ncif 3 5018272
[15:31:20]	[Recv]	st 3 5018272 99 0 61 100 41749 2828 67711 2828 0

[15:31:20]	[Send]	ptctl 5443 1 4988592 30 43 4988592 15
[15:31:20]	[Recv]	cond 2 4988592 0 0 15

[15:31:20]	[Send]	ptctl 5443 2 4988603 35 51 4988592 33 46 4988603 15
[15:31:20]	[Recv]	ct 3 5018270 2 4988592 -1 -1 0

[15:31:20]	[Recv]	su 3 5018270 2 4988592 0 10 11 4757 0 0 1 90 144 0 0 52485 57771

[15:31:20]	[Recv]	st 2 5017544 94 0 100 100 92062 184124 92062 184124 0

[15:31:20]	[Recv]	cond 1 2073308 0 0 19

[15:31:20]	[Recv]	cond 1 2073308 0 0 19

[15:31:20]	[Send]	ptctl 5443 2 4988603 36 51 4988592 34 46 4988603 15
[15:31:21]	[Recv]	out 2 4988573

[15:31:21]	[Recv]	st 2 5017546 94 0 100 100 92062 184124 92062 184124 0

[15:31:21]	[Recv]	cond 2 4988603 0 0 15

[15:31:21]	[Recv]	cond 2 4988592 0 0 15

[15:31:21]	[Recv]	cond 1 2073308 0 0 19

[15:31:21]	[Recv]	cond 1 2073308 0 0 19

[15:31:21]	[Recv]	cond 2 4988603 0 0 15

[15:31:21]	[Recv]	cond 2 4988592 0 0 15

[15:31:21]	[Recv]	st 2 5017545 94 0 100 100 92062 184124 92062 184124 0

[15:31:21]	[Send]	ncif 3 5018274
[15:31:21]	[Recv]	st 3 5018274 99 0 100 100 12526 2828 12526 2828 0

[15:31:21]	[Recv]	ct 3 5018272 2 4988592 -1 -1 0

[15:31:21]	[Recv]	su 3 5018272 2 4988592 0 10 11 7174 0 0 1 90 113 0 0 52372 57771

[15:31:21]	[Send]	ptctl 5443 1 4988603 34 51 4988603 15
[15:31:21]	[Send]	suctl 5443 1 4988603 3 5018274
[15:31:21]	[Send]	u_s 8 3 5018274
[15:31:21]	[Send]	ptctl 5443 1 4988592 39 46 4988592 15
[15:31:21]	[Recv]	cond 2 4988603 0 0 15

[15:31:21]	[Recv]	eff 2 4988603 5005

[15:31:22]	[Recv]	cond 1 2073308 0 0 19

[15:31:22]	[Recv]	cond 1 2073308 0 0 19

[15:31:22]	[Recv]	ms_c 0

[15:31:22]	[Recv]	qslot 0 1.1.1 1.1.2 1.1.3 1.1.4 1.1.5 1.1.6 1.1.7 1.1.9 1.1.8 1.1.10 0.1.45 0.2.21 0.1.76 1.1.38 1.3.12 0.1.34 0.1.87 0.-1.-1 0.1.84 0.1.43 1.3.11 1.1.42 1.1.41 1.3.976 0.-1.-1 0.1.70 0.2.143 0.2.25 0.2.27 0.2.26

[15:31:22]	[Recv]	qslot 1 0.-1.-1 0.-1.-1 0.-1.-1 0.-1.-1 0.-1.-1 0.-1.-1 0.-1.-1 0.-1.-1 0.-1.-1 0.-1.-1 0.1.-1 0.1.-1 1.1.41 1.1.42 0.-1.-1 7.7.-1 7.7.-1 7.7.-1 7.7.-1 0.-1.-1 0.-1.-1 0.-1.-1 0.-1.-1 0.-1.-1 0.-1.-1 0.-1.-1 0.-1.-1 0.-1.-1 0.-1.-1 0.-1.-1

[15:31:22]	[Recv]	ct 2 4988603 3 5018274 -1 -1 0

[15:31:22]	[Recv]	su 2 4988603 3 5018274 0 12 11 8360 0 0 1 32 8439 0 0 4087 12526

[15:31:22]	[Recv]	ct 1 2073308 3 5018274 -1 -1 1122

[15:31:22]	[Recv]	cond 2 4988592 0 0 15

[15:31:22]	[Recv]	eff 1 2073308 15

[15:31:22]	[Recv]	su 1 2073308 3 5018274 1122 150 41 4268 0 0 0 0 287157 3 0 0 12526

[15:31:22]	[Recv]	in 3 2371 5018491 38 56 2 100 100 0 0 0 -1 0 0 -1 - 0 -1 0 0 0 0 0 0 0 0 0 0 0 0

[15:31:22]	[Recv]	guri 31 1 2073308 38 56

[15:31:22]	[Recv]	lev 99 0 99 0 2140719000 5991794 66990112 2 0 90 917705181 0

[15:31:22]	[Recv]	mslot 1125 -1

[15:31:22]	[Recv]	qset 0 8 1.1.11.0

[15:31:22]	[Recv]	ct 3 5018271 2 4988592 -1 -1 0

[15:31:22]	[Recv]	su 3 5018271 2 4988592 0 10 11 4789 0 0 1 90 0 1 0 52372 57771

[15:31:22]	[Send]	ptctl 5443 1 4988592 40 47 4988592 15
[15:31:22]	[Send]	ptctl 5443 2 4988603 39 51 4988592 44 50 4988603 15
[15:31:22]	[Recv]	die 3 5018491 3 5018491

[15:31:22]	[Recv]	st 2 5017544 94 0 100 100 92062 184124 92062 184124 0

[15:31:22]	[Recv]	eff 2 5017544 7739

[15:31:22]	[Recv]	cond 2 4988592 0 0 15

[15:31:22]	[Send]	ptctl 5443 2 4988603 40 51 4988592 45 50 4988603 15
[15:31:22]	[Recv]	cond 1 2073308 0 0 19

[15:31:22]	[Recv]	cond 1 2073308 0 0 19

[15:31:23]	[Recv]	ct 3 5018275 2 4988603 -1 -1 0

[15:31:23]	[Recv]	su 3 5018275 2 4988603 0 10 11 4789 0 0 1 88 113 0 0 17149 19451

[15:31:23]	[Recv]	ct 3 5018270 2 4988592 -1 -1 0

[15:31:23]	[Recv]	su 3 5018270 2 4988592 0 10 11 4757 0 0 1 90 29 0 0 52343 57771

[15:31:23]	[Recv]	st 2 5017546 94 0 100 100 92062 184124 92062 184124 0

[15:31:23]	[Recv]	eff 2 5017546 7739

[15:31:23]	[Recv]	cond 2 4988603 0 0 15

[15:31:23]	[Recv]	cond 2 4988592 0 0 15

[15:31:23]	[Recv]	cond 1 2073308 0 0 19

[15:31:23]	[Recv]	cond 1 2073308 0 0 19

[15:31:23]	[Recv]	cond 2 4988573 0 0 10

[15:31:23]	[Recv]	petski 334 1831 1798

[15:31:23]	[Recv]	pet_cool2  0 0 0

[15:31:23]	[Recv]	pinit 2 2|4988603|0|94|@|-1|3206|1|2723|0|0 2|4988592|1|96|@|-1|1548|0|0|0|60

[15:31:23]	[Recv]	cond 2 4988603 0 0 15

[15:31:23]	[Recv]	cond 2 4988592 0 0 15

[15:31:23]	[Send]	ptctl 5443 2 4988603 40 48 4988592 39 50 4988603 15
[15:31:23]	[Recv]	st 2 5017545 94 0 100 100 92062 184124 92062 184124 0

[15:31:23]	[Recv]	eff 2 5017545 7739

[15:31:23]	[Recv]	cond 1 2073308 0 0 19

[15:31:23]	[Recv]	cond 1 2073308 0 0 19

[15:31:23]	[Recv]	sp 415812 1000000 0 10000

[15:31:23]	[Recv]	cond 2 4988603 0 0 15

[15:31:23]	[Recv]	cond 2 4988592 0 0 15

[15:31:23]	[Send]	ncif 3 5018269
[15:31:23]	[Send]	ptctl 5443 1 4988603 39 49 4988603 15
[15:31:23]	[Send]	suctl 5443 1 4988603 3 5018269
[15:31:23]	[Send]	ptctl 5443 1 4988592 40 51 4988592 15
[15:31:23]	[Recv]	st 3 5018269 99 0 100 100 100086 2828 100086 2828 0

[15:31:23]	[Send]	mtlist 0 
[15:31:23]	[Send]	u_s 11 3 5018269
[15:31:23]	[Recv]	cond 2 4988603 0 0 15

[15:31:24]	[Recv]	eff 2 4988603 5005

[15:31:24]	[Send]	ptctl 5443 1 4988592 40 52 4988592 15
[15:31:24]	[Send]	ptctl 5443 2 4988603 43 52 4988592 45 52 4988603 15
[15:31:24]	[Recv]	cond 1 2073308 0 0 19

[15:31:24]	[Recv]	sayi 1 2073308 20 22 3 4254 0 0 0

[15:31:24]	[Recv]	bf 1 2073308 0.4254.0 99

[15:31:24]	[Recv]	cond 2 4988592 0 0 15

[15:31:24]	[Recv]	cond 1 2073308 0 0 19

[15:31:24]	[Recv]	cond 1 2073308 0 0 19

[15:31:24]	[Send]	ptctl 5443 2 4988603 43 53 4988592 45 53 4988603 15
[15:31:24]	[Send]	ptctl 5443 2 4988603 43 54 4988592 45 54 4988603 15
[15:31:24]	[Recv]	ct 3 5018272 1 2073308 -1 -1 0

[15:31:24]	[Recv]	su 3 5018272 1 2073308 0 10 11 7174 0 0 1 99 448 0 0 95049 95497

[15:31:24]	[Recv]	ct 2 4988603 3 5018269 -1 -1 0

[15:31:24]	[Recv]	eff 2 4988603 15

[15:31:24]	[Recv]	su 2 4988603 3 5018269 0 12 11 8360 0 0 1 86 13268 0 0 86818 100086

[15:31:24]	[Recv]	ms_c 0

[15:31:24]	[Recv]	qslot 0 1.1.1 1.1.2 1.1.3 1.1.4 1.1.5 1.1.6 1.1.7 1.1.9 1.1.8 1.1.10 0.1.45 0.2.21 0.1.76 1.1.38 1.3.12 0.1.34 0.1.87 0.-1.-1 0.1.84 0.1.43 1.3.11 1.1.42 1.1.41 1.3.976 0.-1.-1 0.1.70 0.2.143 0.2.25 0.2.27 0.2.26

[15:31:24]	[Recv]	qslot 1 0.-1.-1 0.-1.-1 0.-1.-1 0.-1.-1 0.-1.-1 0.-1.-1 0.-1.-1 0.-1.-1 0.-1.-1 0.-1.-1 0.1.-1 0.1.-1 1.1.41 1.1.42 0.-1.-1 7.7.-1 7.7.-1 7.7.-1 7.7.-1 0.-1.-1 0.-1.-1 0.-1.-1 0.-1.-1 0.-1.-1 0.-1.-1 0.-1.-1 0.-1.-1 0.-1.-1 0.-1.-1 0.-1.-1

[15:31:24]	[Recv]	ct 1 2073308 3 5018269 -1 -1 1125

[15:31:24]	[Recv]	cond 1 2073308 0 0 22

[15:31:24]	[Recv]	bf 1 2073308 0.576.20 99

[15:31:24]	[Recv]	sayi 1 2073308 20 26 3 576 0 0 0

[15:31:24]	[Recv]	eff 1 2073308 15

[15:31:24]	[Recv]	rc 1 2073308 200 0

[15:31:24]	[Recv]	su 1 2073308 3 5018269 1125 3 22 4272 0 0 1 35 50928 3 0 35890 100086

[15:31:24]	[Recv]	in 3 2371 5018494 41 48 2 100 100 0 0 0 -1 0 0 -1 - 0 -1 0 0 0 0 0 0 0 0 0 0 0 0

[15:31:24]	[Recv]	guri 31 1 2073308 41 48

[15:31:24]	[Recv]	mslot 1126 -1

[15:31:24]	[Recv]	qset 0 8 1.1.12.0

[15:31:24]	[Recv]	cond 2 4988592 0 0 15

[15:31:24]	[Send]	ptctl 5443 2 4988603 45 53 4988592 46 54 4988603 15
[15:31:24]	[Recv]	cond 2 4988603 0 0 15

[15:31:24]	[Recv]	cond 2 4988592 0 0 15

[15:31:24]	[Send]	ncif 3 5018269
[15:31:24]	[Recv]	guri 31 1 2073308 41 48

[15:31:24]	[Recv]	su 3 5018494 3 5018269 -1 0 -1 4272 -1 -1 1 10 25464 0 0

[15:31:24]	[Recv]	cond 2 4988603 0 0 15

[15:31:24]	[Recv]	cond 2 4988592 0 0 15

[15:31:24]	[Send]	ptctl 5443 2 4988603 45 51 4988592 47 54 4988603 15
[15:31:24]	[Recv]	die 3 5018494 3 5018494

[15:31:24]	[Recv]	ct 3 5018269 2 4988592 -1 -1 0

[15:31:24]	[Recv]	su 3 5018269 2 4988592 0 10 11 4789 0 0 1 90 247 0 0 52096 57771

[15:31:24]	[Recv]	st 2 5017544 94 0 100 100 92062 184124 92062 184124 0

[15:31:24]	[Recv]	sr 11

[15:31:24]	[Recv]	cond 2 4988603 0 0 15

[15:31:24]	[Recv]	cond 2 4988592 0 0 15

[15:31:24]	[Recv]	cond 1 2073308 0 0 22

[15:31:24]	[Recv]	cond 1 2073308 0 0 22

[15:31:25]	[Recv]	st 2 5017546 94 0 100 100 92062 184124 92062 184124 0

[15:31:25]	[Recv]	cond 2 4988603 0 0 15

[15:31:25]	[Recv]	cond 2 4988592 0 0 15

[15:31:25]	[Send]	ptctl 5443 1 4988603 40 51 4988603 15
[15:31:25]	[Send]	suctl 5443 1 4988603 3 5018269
[15:31:25]	[Recv]	st 3 5018269 99 0 10 100 10426 2828 100086 2828 0

[15:31:25]	[Send]	mtlist 0 
[15:31:25]	[Send]	u_s 12 3 5018269
[15:31:25]	[Recv]	cond 1 2073308 0 0 22

[15:31:25]	[Recv]	cond 1 2073308 0 0 22

[15:31:25]	[Send]	ptctl 5443 1 4988592 41 53 4988592 15
[15:31:25]	[Recv]	cond 2 4988603 0 0 15

[15:31:25]	[Recv]	cond 2 4988592 0 0 15

[15:31:25]	[Recv]	st 2 5017545 94 0 100 100 92062 184124 92062 184124 0

[15:31:25]	[Recv]	cond 2 4988603 0 0 15

[15:31:25]	[Send]	ncif 3 5018273
[15:31:25]	[Recv]	eff 2 4988603 5005

[15:31:25]	[Recv]	cond 1 2073308 0 0 22

[15:31:25]	[Recv]	cond 1 2073308 0 0 22

[15:31:25]	[Send]	ptctl 5443 2 4988603 44 54 4988592 46 56 4988603 15
[15:31:25]	[Recv]	ct 3 5018275 2 4988603 -1 -1 0

[15:31:25]	[Recv]	su 3 5018275 2 4988603 0 10 11 4789 0 0 1 87 113 0 0 17036 19451

[15:31:25]	[Recv]	ct 3 5018270 2 4988603 -1 -1 0

[15:31:25]	[Recv]	su 3 5018270 2 4988603 0 10 11 4757 0 0 1 87 127 0 0 16909 19451

[15:31:25]	[Recv]	ct 2 4988603 3 5018269 -1 -1 0

[15:31:25]	[Recv]	su 2 4988603 3 5018269 0 12 11 8360 0 0 1 2 7802 0 0 2624 100086

[15:31:25]	[Recv]	out 2 4988590

[15:31:25]	[Recv]	out 2 4988617

[15:31:25]	[Recv]	sayi 1 2073308 20 22 3 1028 0 0 0

[15:31:25]	[Recv]	bf 1 2073308 0.1028.0 99

[15:31:25]	[Recv]	ms_c 0

[15:31:25]	[Recv]	qslot 0 1.1.1 1.1.2 1.1.3 1.1.4 1.1.5 1.1.6 1.1.7 1.1.9 1.1.8 1.1.10 0.1.45 0.2.21 0.1.76 1.1.38 1.3.12 0.1.34 0.1.87 0.-1.-1 0.1.84 0.1.43 1.3.11 1.1.42 1.1.41 1.3.976 0.-1.-1 0.1.70 0.2.143 0.2.25 0.2.27 0.2.26

[15:31:25]	[Recv]	qslot 1 0.-1.-1 0.-1.-1 0.-1.-1 0.-1.-1 0.-1.-1 0.-1.-1 0.-1.-1 0.-1.-1 0.-1.-1 0.-1.-1 0.1.-1 0.1.-1 1.1.41 1.1.42 0.-1.-1 7.7.-1 7.7.-1 7.7.-1 7.7.-1 0.-1.-1 0.-1.-1 0.-1.-1 0.-1.-1 0.-1.-1 0.-1.-1 0.-1.-1 0.-1.-1 0.-1.-1 0.-1.-1 0.-1.-1

[15:31:25]	[Recv]	ct 1 2073308 3 5018269 -1 -1 1126

[15:31:25]	[Recv]	rc 1 2073308 200 0

[15:31:25]	[Recv]	su 1 2073308 3 5018269 1126 3 26 4273 0 0 0 0 27551 0 0 0 100086

[15:31:25]	[Recv]	lev 99 0 99 0 2140719000 5991794 66990112 2 0 90 917705181 0

[15:31:25]	[Recv]	cond 1 2073308 0 0 21

[15:31:25]	[Recv]	bf 1 2073308 0.567.0 99

[15:31:25]	[Recv]	cond 1 2073308 0 0 23

[15:31:25]	[Recv]	bf 1 2073308 0.568.400 99

[15:31:25]	[Recv]	eff 1 2073308 0

[15:31:25]	[Recv]	sayi 1 2073308 20 26 3 568 0 0 0

[15:31:25]	[Recv]	mslot 1125 -1

[15:31:25]	[Recv]	qset 0 8 1.1.11.0

[15:31:25]	[Recv]	cond 2 4988592 0 0 15

[15:31:26]	[Send]	ptctl 5443 1 4988592 48 55 4988592 15
[15:31:26]	[Recv]	st 3 5018273 99 0 100 100 100086 2828 100086 2828 0

[15:31:26]	[Send]	mtlist 2 2 4988592 2 4988603 
[15:31:26]	[Send]	u_s 11 3 5018273
[15:31:26]	[Recv]	cond 2 4988603 0 0 15

[15:31:26]	[Recv]	cond 2 4988592 0 0 15

[15:31:26]	[Recv]	sc_p 170 1548 4988592 96 630 24089714 0 0 1889 2049 1289 19 90 9 975 627 958 627 866 3 90 90 110 80 52096 57771 18100 18100 1 84982200 0 @ 0 0 6 60 1831 1798 0 100

[15:31:26]	[Recv]	sr 12

[15:31:26]	[Recv]	cond 2 4988592 0 0 15

[15:31:26]	[Send]	ptctl 5443 2 4988603 41 51 4988592 48 56 4988603 15
[15:31:26]	[Send]	suctl 5443 1 4988603 3 5018273
[15:31:26]	[Recv]	cond 1 2073308 0 0 20

[15:31:26]	[Recv]	sayi 1 2073308 20 22 3 576 0 0 0

[15:31:26]	[Recv]	bf 1 2073308 0.576.0 99

[15:31:26]	[Recv]	ms_c 0

[15:31:26]	[Recv]	qslot 0 1.1.1 1.1.2 1.1.3 1.1.4 1.1.5 1.1.6 1.1.7 1.1.9 1.1.8 1.1.10 0.1.45 0.2.21 0.1.76 1.1.38 1.3.12 0.1.34 0.1.87 0.-1.-1 0.1.84 0.1.43 1.3.11 1.1.42 1.1.41 1.3.976 0.-1.-1 0.1.70 0.2.143 0.2.25 0.2.27 0.2.26

[15:31:26]	[Recv]	qslot 1 0.-1.-1 0.-1.-1 0.-1.-1 0.-1.-1 0.-1.-1 0.-1.-1 0.-1.-1 0.-1.-1 0.-1.-1 0.-1.-1 0.1.-1 0.1.-1 1.1.41 1.1.42 0.-1.-1 7.7.-1 7.7.-1 7.7.-1 7.7.-1 0.-1.-1 0.-1.-1 0.-1.-1 0.-1.-1 0.-1.-1 0.-1.-1 0.-1.-1 0.-1.-1 0.-1.-1 0.-1.-1 0.-1.-1

[15:31:26]	[Send]	ncif 3 5018273
[15:31:26]	[Recv]	ct 1 2073308 3 5018273 -1 -1 1125

[15:31:26]	[Recv]	cond 1 2073308 0 0 23

[15:31:26]	[Recv]	bf 1 2073308 0.576.20 99

[15:31:26]	[Recv]	sayi 1 2073308 20 26 3 576 0 0 0

[15:31:26]	[Recv]	rc 1 2073308 48 0

[15:31:26]	[Recv]	su 1 2073308 3 5018273 1125 3 22 4272 0 0 1 9 90871 3 0 9215 100086

[15:31:26]	[Recv]	bf 3 5018273 0.4253.100 99

[15:31:26]	[Recv]	mslot 1126 -1

[15:31:26]	[Recv]	qset 0 8 1.1.12.0

[15:31:26]	[Recv]	cond 2 4988603 0 0 15

[15:31:26]	[Recv]	cond 2 4988592 0 0 15

[15:31:26]	[Send]	ptctl 5443 1 4988592 49 57 4988592 15
[15:31:26]	[Recv]	ct 3 5018272 1 2073308 -1 -1 0

[15:31:26]	[Recv]	su 3 5018272 1 2073308 0 10 11 7174 0 0 1 99 449 0 0 95048 95497

[15:31:26]	[Recv]	eff 2 4988603 5005

[15:31:26]	[Recv]	st 3 5018273 99 0 9 100 9215 2828 100086 2828 0 4253.99

[15:31:26]	[Send]	mtlist 2 2 4988592 2 4988603 
[15:31:26]	[Send]	u_s 12 3 5018273
[15:31:26]	[Recv]	st 2 5017544 94 0 100 100 92062 184124 92062 184124 0

[15:31:26]	[Recv]	sr 11

[15:31:26]	[Recv]	cond 2 4988592 0 0 15

[15:31:27]	[Recv]	st 2 5017546 94 0 100 100 92062 184124 92062 184124 0

[15:31:27]	[Recv]	ms_c 0

[15:31:27]	[Recv]	qslot 0 1.1.1 1.1.2 1.1.3 1.1.4 1.1.5 1.1.6 1.1.7 1.1.9 1.1.8 1.1.10 0.1.45 0.2.21 0.1.76 1.1.38 1.3.12 0.1.34 0.1.87 0.-1.-1 0.1.84 0.1.43 1.3.11 1.1.42 1.1.41 1.3.976 0.-1.-1 0.1.70 0.2.143 0.2.25 0.2.27 0.2.26

[15:31:27]	[Recv]	qslot 1 0.-1.-1 0.-1.-1 0.-1.-1 0.-1.-1 0.-1.-1 0.-1.-1 0.-1.-1 0.-1.-1 0.-1.-1 0.-1.-1 0.1.-1 0.1.-1 1.1.41 1.1.42 0.-1.-1 7.7.-1 7.7.-1 7.7.-1 7.7.-1 0.-1.-1 0.-1.-1 0.-1.-1 0.-1.-1 0.-1.-1 0.-1.-1 0.-1.-1 0.-1.-1 0.-1.-1 0.-1.-1 0.-1.-1

[15:31:27]	[Send]	suctl 5443 1 4988592 3 5018273
[15:31:27]	[Recv]	ct 1 2073308 3 5018273 -1 -1 1126

[15:31:27]	[Recv]	rc 1 2073308 200 0

[15:31:27]	[Recv]	su 1 2073308 3 5018273 1126 3 26 4273 0 0 0 0 89984 3 0 0 100086

[15:31:27]	[Recv]	lev 99 0 99 0 2140719000 5991794 66990112 2 0 90 917705181 0

[15:31:27]	[Recv]	bf 1 2073308 0.568.400 99

[15:31:27]	[Recv]	mslot 1125 -1

[15:31:27]	[Recv]	qset 0 8 1.1.11.0

[15:31:27]	[Recv]	ct 3 5018271 1 2073308 -1 -1 0

[15:31:27]	[Recv]	su 3 5018271 1 2073308 0 10 11 4789 0 0 1 99 447 0 0 94801 95497

[15:31:27]	[Send]	mtlist 1 2 4988603 
[15:31:27]	[Send]	u_s 11 3 5018273
[15:31:27]	[Recv]	sr 1

[15:31:27]	[Recv]	st 2 5017545 94 0 100 100 92062 184124 92062 184124 0

[15:31:27]	[Recv]	sr 12

[15:31:27]	[Recv]	cancel 0 11 -1

[15:31:27]	[Send]	mtlist 1 2 4988603 
[15:31:27]	[Send]	u_s 11 3 5018273
[15:31:27]	[Send]	ncif 3 5018271
[15:31:27]	[Send]	suctl 5443 1 4988603 3 5018271
[15:31:27]	[Recv]	eff 2 5017544 7739

[15:31:27]	[Recv]	cancel 0 11 -1

[15:31:27]	[Recv]	st 3 5018271 99 0 100 100 100086 2828 100086 2828 0

[15:31:28]	[Send]	mtlist 1 3 5018272 
[15:31:28]	[Send]	u_s 11 3 5018271
[15:31:28]	[Recv]	ct 3 5018275 1 2073308 -1 -1 0

[15:31:28]	[Recv]	su 3 5018275 1 2073308 0 10 11 4789 0 0 1 98 450 0 0 94351 95497

[15:31:28]	[Recv]	ct 3 5018270 1 2073308 -1 -1 0

[15:31:28]	[Recv]	su 3 5018270 1 2073308 0 10 11 4757 0 0 1 98 450 0 0 93901 95497

[15:31:28]	[Recv]	eff 2 5017546 7739

[15:31:28]	[Recv]	eff 2 4988603 5005

[15:31:28]	[Send]	ptctl 5443 1 4988592 45 55 4988592 15
[15:31:28]	[Recv]	sayi 1 2073308 20 22 3 1647 0 0 0

[15:31:28]	[Recv]	bf 1 2073308 0.1647.0 99

[15:31:28]	[Recv]	ms_c 0

[15:31:28]	[Recv]	qslot 0 1.1.1 1.1.2 1.1.3 1.1.4 1.1.5 1.1.6 1.1.7 1.1.9 1.1.8 1.1.10 0.1.45 0.2.21 0.1.76 1.1.38 1.3.12 0.1.34 0.1.87 0.-1.-1 0.1.84 0.1.43 1.3.11 1.1.42 1.1.41 1.3.976 0.-1.-1 0.1.70 0.2.143 0.2.25 0.2.27 0.2.26

[15:31:28]	[Recv]	qslot 1 0.-1.-1 0.-1.-1 0.-1.-1 0.-1.-1 0.-1.-1 0.-1.-1 0.-1.-1 0.-1.-1 0.-1.-1 0.-1.-1 0.1.-1 0.1.-1 1.1.41 1.1.42 0.-1.-1 7.7.-1 7.7.-1 7.7.-1 7.7.-1 0.-1.-1 0.-1.-1 0.-1.-1 0.-1.-1 0.-1.-1 0.-1.-1 0.-1.-1 0.-1.-1 0.-1.-1 0.-1.-1 0.-1.-1

[15:31:28]	[Recv]	ct 1 2073308 3 5018271 -1 -1 1125

[15:31:28]	[Recv]	sayi 1 2073308 10 639 0 0 0 0 0

[15:31:28]	[Recv]	ivn 2 117.2083.319.0

[15:31:28]	[Recv]	bf 1 2073308 0.576.20 99

[15:31:28]	[Recv]	su 1 2073308 3 5018271 1125 3 22 4272 0 0 1 100 0 4 0 100086 100086

[15:31:28]	[Recv]	su 1 2073308 3 5018272 1125 3 22 4272 0 0 0 0 112880 6 0 0 67711

[15:31:28]	[Recv]	lev 99 0 99 0 2140719000 5991794 66990112 2 0 90 917705181 0

[15:31:28]	[Recv]	cond 2 4988592 0 0 15

[15:31:28]	[Recv]	ct 2 4988603 3 5018271 -1 -1 0

[15:31:28]	[Recv]	su 2 4988603 3 5018271 0 12 11 8360 0 0 1 92 7712 0 0 92374 100086

[15:31:28]	[Recv]	eff 2 5017545 7739

[15:31:28]	[Send]	mtlist 1 3 5018272 
[15:31:28]	[Send]	u_s 11 3 5018271
[15:31:28]	[Recv]	sp 415802 1000000 0 10000

[15:31:28]	[Recv]	sr 11

[15:31:28]	[Recv]	sayi 1 2073308 20 22 3 1676 0 0 0

[15:31:28]	[Recv]	bf 1 2073308 0.1676.0 99

[15:31:28]	[Send]	ncif 3 5018271
[15:31:28]	[Recv]	st 2 5017544 94 0 100 100 92062 184124 92062 184124 0

[15:31:28]	[Recv]	ms_c 0

[15:31:28]	[Recv]	cancel 0 11 -1

[15:31:28]	[Send]	u_s 0 3 5018271
[15:31:28]	[Recv]	st 3 5018271 99 0 92 100 92374 2828 100086 2828 0

[15:31:28]	[Send]	ptctl 5443 1 4988592 41 51 4988592 15
[15:31:29]	[Recv]	st 2 5017546 94 0 100 100 92062 184124 92062 184124 0

[15:31:29]	[Recv]	ct 1 2073308 3 5018271 -1 -1 1114

[15:31:29]	[Recv]	eff 1 2073308 15

[15:31:29]	[Recv]	rc 1 2073308 200 0

[15:31:29]	[Recv]	su 1 2073308 3 5018271 1114 7 11 4260 0 0 0 0 207179 3 0 0 100086

[15:31:29]	[Recv]	lev 99 0 99 0 2140719000 5991794 66990112 2 0 90 917705181 0

[15:31:29]	[Recv]	cond 2 4988592 0 0 15

[15:31:29]	[Send]	suctl 5443 1 4988603 3 5018271
[15:31:29]	[Send]	ncif 3 5018275
[15:31:29]	[Recv]	st 2 5017545 94 0 100 100 92062 184124 92062 184124 0

[15:31:29]	[Recv]	st 3 5018275 99 0 100 100 100086 2828 100086 2828 0

[15:31:29]	[Send]	ptctl 5443 2 4988603 39 46 4988592 41 46 4988603 15
[15:31:29]	[Recv]	sr 0

[15:31:29]	[Recv]	cond 1 2073308 0 0 23

[15:31:29]	[Recv]	cond 1 2073308 0 0 23

[15:31:30]	[Recv]	cond 2 4988603 0 0 15

[15:31:30]	[Recv]	cond 2 4988592 0 0 15

[15:31:30]	[Recv]	ct 3 5018275 2 4988603 -1 -1 0

[15:31:30]	[Recv]	su 3 5018275 2 4988603 0 10 11 4789 0 0 1 86 113 0 0 16796 19451

[15:31:30]	[Recv]	ct 3 5018270 1 2073308 -1 -1 0

[15:31:30]	[Recv]	su 3 5018270 1 2073308 0 10 11 4757 0 0 1 98 447 0 0 93654 95497

[15:31:30]	[Recv]	cond 1 2073308 0 0 20

[15:31:30]	[Recv]	sayi 1 2073308 20 22 3 576 0 0 0

[15:31:30]	[Recv]	bf 1 2073308 0.576.0 99

[15:31:30]	[Send]	ncif 3 5018275
[15:31:30]	[Send]	ptctl 5443 1 4988592 39 49 4988592 15
[15:31:30]	[Recv]	st 3 5018275 99 0 100 100 100086 2828 100086 2828 0

[15:31:30]	[Send]	u_s 1 3 5018275
[15:31:30]	[Recv]	cond 2 4988592 0 0 15

[15:31:30]	[Send]	ptctl 5443 1 4988603 40 47 4988603 15
[15:31:30]	[Send]	suctl 5443 1 4988603 3 5018275
[15:31:30]	[Recv]	cond 1 2073308 0 0 20

[15:31:30]	[Recv]	cond 1 2073308 0 0 20

[15:31:30]	[Recv]	in 3 688 5018529 6 43 5 100 100 0 0 0 -1 0 0 -1 - 0 -1 0 0 0 0 0 0 0 0 0 0 0 0

[15:31:30]	[Recv]	msgi 0 679 0 0 0 0 0

[15:31:30]	[Recv]	in 3 760 5018530 7 40 2 100 100 0 0 0 -1 0 0 -1 - 0 -1 0 0 0 0 0 0 0 0 0 0 0 0

[15:31:30]	[Recv]	msgi 0 679 0 0 0 0 0

[15:31:30]	[Recv]	in 3 726 5018531 7 42 2 100 100 0 0 0 -1 0 0 -1 - 0 -1 0 0 0 0 0 0 0 0 0 0 0 0

[15:31:30]	[Recv]	msgi 0 679 0 0 0 0 0

[15:31:30]	[Recv]	in 3 688 5018532 7 43 4 100 100 0 0 0 -1 0 0 -1 - 0 -1 0 0 0 0 0 0 0 0 0 0 0 0

[15:31:30]	[Recv]	msgi 0 679 0 0 0 0 0

[15:31:30]	[Recv]	in 3 688 5018533 8 43 4 100 100 0 0 0 -1 0 0 -1 - 0 -1 0 0 0 0 0 0 0 0 0 0 0 0

[15:31:30]	[Recv]	msgi 0 679 0 0 0 0 0

[15:31:30]	[Recv]	in 3 708 5018534 39 5 0 100 100 0 0 0 -1 0 0 -1 - 0 -1 0 0 0 0 0 0 0 0 0 0 0 0

[15:31:30]	[Recv]	msgi 0 679 0 0 0 0 0

[15:31:30]	[Recv]	in 3 700 5018535 39 6 6 100 100 0 0 0 -1 0 0 -1 - 0 -1 0 0 0 0 0 0 0 0 0 0 0 0

[15:31:30]	[Recv]	msgi 0 679 0 0 0 0 0

[15:31:30]	[Recv]	in 3 708 5018536 40 5 1 100 100 0 0 0 -1 0 0 -1 - 0 -1 0 0 0 0 0 0 0 0 0 0 0 0

[15:31:30]	[Recv]	msgi 0 679 0 0 0 0 0

[15:31:30]	[Recv]	in 3 700 5018537 40 6 2 100 100 0 0 0 -1 0 0 -1 - 0 -1 0 0 0 0 0 0 0 0 0 0 0 0

[15:31:30]	[Recv]	msgi 0 679 0 0 0 0 0

[15:31:30]	[Recv]	in 3 726 5018538 41 5 5 100 100 0 0 0 -1 0 0 -1 - 0 -1 0 0 0 0 0 0 0 0 0 0 0 0

[15:31:30]	[Recv]	msgi 0 679 0 0 0 0 0

[15:31:30]	[Recv]	in 3 700 5018539 41 6 6 100 100 0 0 0 -1 0 0 -1 - 0 -1 0 0 0 0 0 0 0 0 0 0 0 0

[15:31:30]	[Recv]	msgi 0 679 0 0 0 0 0

[15:31:30]	[Recv]	in 3 760 5018540 42 5 5 100 100 0 0 0 -1 0 0 -1 - 0 -1 0 0 0 0 0 0 0 0 0 0 0 0

[15:31:30]	[Recv]	msgi 0 679 0 0 0 0 0

[15:31:30]	[Recv]	in 3 700 5018541 42 6 5 100 100 0 0 0 -1 0 0 -1 - 0 -1 0 0 0 0 0 0 0 0 0 0 0 0

[15:31:30]	[Recv]	msgi 0 679 0 0 0 0 0

[15:31:30]	[Recv]	in 3 760 5018542 71 42 7 100 100 0 0 0 -1 0 0 -1 - 0 -1 0 0 0 0 0 0 0 0 0 0 0 0

[15:31:30]	[Recv]	msgi 0 679 0 0 0 0 0

[15:31:30]	[Recv]	in 3 688 5018543 71 45 2 100 100 0 0 0 -1 0 0 -1 - 0 -1 0 0 0 0 0 0 0 0 0 0 0 0

[15:31:30]	[Recv]	msgi 0 679 0 0 0 0 0

[15:31:30]	[Recv]	in 3 726 5018544 72 44 2 100 100 0 0 0 -1 0 0 -1 - 0 -1 0 0 0 0 0 0 0 0 0 0 0 0

[15:31:30]	[Recv]	msgi 0 679 0 0 0 0 0

[15:31:30]	[Recv]	in 3 688 5018545 72 45 3 100 100 0 0 0 -1 0 0 -1 - 0 -1 0 0 0 0 0 0 0 0 0 0 0 0

[15:31:30]	[Recv]	msgi 0 679 0 0 0 0 0

[15:31:30]	[Recv]	in 3 688 5018546 74 45 1 100 100 0 0 0 -1 0 0 -1 - 0 -1 0 0 0 0 0 0 0 0 0 0 0 0

[15:31:30]	[Recv]	msgi 0 679 0 0 0 0 0

[15:31:30]	[Recv]	eff 3 5018546 5000

[15:31:30]	[Recv]	eff 3 5018543 5000

[15:31:30]	[Recv]	eff 3 5018539 5000

[15:31:30]	[Recv]	eff 3 5018536 5000

[15:31:30]	[Recv]	eff 3 5018533 5000

[15:31:30]	[Recv]	eff 3 5018529 5000

[15:31:30]	[Recv]	ms_c 0

[15:31:30]	[Recv]	qslot 0 1.1.1 1.1.2 1.1.3 1.1.4 1.1.5 1.1.6 1.1.7 1.1.9 1.1.8 1.1.10 0.1.45 0.2.21 0.1.76 1.1.38 1.3.12 0.1.34 0.1.87 0.-1.-1 0.1.84 0.1.43 1.3.11 1.1.42 1.1.41 1.3.976 0.-1.-1 0.1.70 0.2.143 0.2.25 0.2.27 0.2.26

[15:31:30]	[Recv]	qslot 1 0.-1.-1 0.-1.-1 0.-1.-1 0.-1.-1 0.-1.-1 0.-1.-1 0.-1.-1 0.-1.-1 0.-1.-1 0.-1.-1 0.1.-1 0.1.-1 1.1.41 1.1.42 0.-1.-1 7.7.-1 7.7.-1 7.7.-1 7.7.-1 0.-1.-1 0.-1.-1 0.-1.-1 0.-1.-1 0.-1.-1 0.-1.-1 0.-1.-1 0.-1.-1 0.-1.-1 0.-1.-1 0.-1.-1

[15:31:30]	[Recv]	ct 1 2073308 3 5018275 14 4263 1115

[15:31:30]	[Recv]	cond 2 4988603 0 0 15

[15:31:30]	[Send]	suctl 5443 1 4988592 3 5018275
[15:31:30]	[Recv]	st 2 5017544 94 0 100 100 92062 184124 92062 184124 0

[15:31:30]	[Recv]	eff 2 4988603 5005

[15:31:30]	[Recv]	eff 2 4988592 5005

[15:31:31]	[Recv]	st 2 5017546 94 0 100 100 92062 184124 92062 184124 0

[15:31:31]	[Recv]	rc 1 2073308 200 0

[15:31:31]	[Recv]	su 1 2073308 3 5018275 1115 70 12 4264 0 0 1 19 80276 3 0 19810 100086

[15:31:31]	[Recv]	mslot 1127 -1

[15:31:31]	[Recv]	qset 0 0 1.1.13.0

[15:31:31]	[Send]	u_s 13 3 5018275
[15:31:31]	[Recv]	ct 2 4988592 3 5018275 -1 -1 0

[15:31:31]	[Recv]	su 2 4988592 3 5018275 0 10 11 0 0 0 1 7 12457 0 0 7353 100086

[15:31:31]	[Recv]	ct 2 4988603 3 5018275 -1 -1 0

[15:31:31]	[Recv]	su 2 4988603 3 5018275 0 12 11 8360 0 0 0 0 7618 0 0 0 100086

[15:31:31]	[Recv]	lev 99 0 99 0 2140719000 5991794 66990112 2 0 90 917705181 0

[15:31:31]	[Recv]	cancel 0 13 -1

[15:31:31]	[Send]	u_s 13 3 5018275
[15:31:31]	[Recv]	st 2 5017545 94 0 100 100 92062 184124 92062 184124 0

[15:31:31]	[Send]	ptctl 5443 2 4988603 37 51 4988592 36 53 4988603 15
[15:31:31]	[Recv]	cancel 0 13 -1

[15:31:31]	[Recv]	cond 2 4988603 0 0 15

[15:31:31]	[Recv]	cond 2 4988592 0 0 15

[15:31:31]	[Send]	ptctl 5443 2 4988603 37 52 4988592 34 52 4988603 15
[15:31:31]	[Recv]	cond 1 2073308 0 0 20

[15:31:31]	[Recv]	cond 1 2073308 0 0 20

[15:31:31]	[Recv]	cond 2 4988603 0 0 15

[15:31:31]	[Recv]	cond 2 4988592 0 0 15

[15:31:32]	[Send]	ptctl 5443 2 4988603 36 50 4988592 34 50 4988603 15
[15:31:32]	[Send]	ncif 3 5018270
[15:31:32]	[Recv]	cond 1 2073308 0 0 20

[15:31:32]	[Recv]	cond 1 2073308 0 0 20

[15:31:32]	[Send]	ptctl 5443 1 4988592 38 45 4988592 15
[15:31:32]	[Send]	u_s 13 3 5018270
[15:31:32]	[Send]	ptctl 5443 1 4988603 39 48 4988603 15
[15:31:32]	[Send]	suctl 5443 1 4988603 3 5018270
[15:31:32]	[Recv]	cond 2 4988603 0 0 15

[15:31:32]	[Recv]	cond 2 4988592 0 0 15

[15:31:32]	[Recv]	st 3 5018270 99 0 100 100 67711 2828 67711 2828 0

[15:31:32]	[Recv]	ct 3 5018270 1 2073308 -1 -1 0

[15:31:32]	[Recv]	su 3 5018270 1 2073308 0 10 11 4757 0 0 1 97 450 0 0 93404 95497

[15:31:32]	[Recv]	cond 2 4988592 0 0 15

[15:31:32]	[Recv]	cond 1 2073308 0 0 20

[15:31:32]	[Recv]	cond 1 2073308 0 0 20

[15:31:32]	[Recv]	ms_c 0

[15:31:32]	[Recv]	qslot 0 1.1.1 1.1.2 1.1.3 1.1.4 1.1.5 1.1.6 1.1.7 1.1.9 1.1.8 1.1.10 0.1.45 0.2.21 0.1.76 1.1.38 1.3.12 0.1.34 0.1.87 0.-1.-1 0.1.84 0.1.43 1.3.11 1.1.42 1.1.41 1.3.976 0.-1.-1 0.1.70 0.2.143 0.2.25 0.2.27 0.2.26

[15:31:32]	[Recv]	qslot 1 0.-1.-1 0.-1.-1 0.-1.-1 0.-1.-1 0.-1.-1 0.-1.-1 0.-1.-1 0.-1.-1 0.-1.-1 0.-1.-1 0.1.-1 0.1.-1 1.1.41 1.1.42 0.-1.-1 7.7.-1 7.7.-1 7.7.-1 7.7.-1 0.-1.-1 0.-1.-1 0.-1.-1 0.-1.-1 0.-1.-1 0.-1.-1 0.-1.-1 0.-1.-1 0.-1.-1 0.-1.-1 0.-1.-1

[15:31:32]	[Recv]	ct 1 2073308 3 5018270 -1 -1 1127

[15:31:32]	[Recv]	rc 1 2073308 200 0

[15:31:32]	[Recv]	su 1 2073308 3 5018270 1127 100 22 4284 0 0 0 0 71376 3 0 0 67711

[15:31:32]	[Recv]	lev 99 0 99 0 2140719000 5991794 66990112 2 0 90 917705181 0

[15:31:32]	[Recv]	cond 2 4988603 0 0 15

[15:31:32]	[Recv]	st 2 5017544 94 0 100 100 92062 184124 92062 184124 0

[15:31:32]	[Recv]	eff 2 5017544 7739

[15:31:32]	[Recv]	team_cool 2 0

[15:31:32]	[Send]	u_s 13 3 5018270
[15:31:33]	[Recv]	st 2 5017546 94 0 100 100 92062 184124 92062 184124 0

[15:31:33]	[Recv]	eff 2 5017546 7739

[15:31:33]	[Recv]	cancel 0 13 -1

[15:31:33]	[Send]	ptctl 5443 1 4988592 37 43 4988592 15
[15:31:33]	[Recv]	cond 2 4988592 0 0 15

[15:31:33]	[Send]	u_ts 759 13 50
[15:31:33]	[Send]	ptctl 5443 2 4988603 37 48 4988592 39 48 4988603 15
[15:31:33]	[Recv]	st 2 5017545 94 0 100 100 92062 184124 92062 184124 0

[15:31:33]	[Recv]	eff 2 5017545 7739

[15:31:33]	[Send]	pulse 5820 0
[15:31:33]	[Recv]	in 2 2709 4988615 12 50 2 100 100 0 0 3 2073308 0 0 -1 @ 2 -1 0 0 0 0 0 0 7549 0 0 0 8 4

[15:31:33]	[Recv]	ctl 2 4988615 0 1

[15:31:33]	[Recv]	in 2 2708 4988614 13 52 2 100 100 0 0 3 2073308 0 0 -1 Oso^polar^Grunidos 2 -1 0 0 0 0 0 0 0 0 0 0 6 3

[15:31:33]	[Recv]	ctl 2 4988614 0 1

[15:31:33]	[Recv]	in 2 670 4988544 15 49 2 100 100 0 0 3 2073308 0 0 -1 Fibi^Friggus 2 -1 0 0 0 0 0 0 0 0 0 0 5 3

[15:31:33]	[Recv]	ctl 2 4988544 0 1

[15:31:33]	[Recv]	in 2 567 4988523 15 52 2 100 100 0 0 3 2073308 0 0 -1 Hada^oval 2 -1 0 0 0 0 0 0 0 0 0 0 7 3

[15:31:33]	[Recv]	ctl 2 4988523 0 1

[15:31:33]	[Recv]	bf 1 2073308 0.1026.200 99

[15:31:33]	[Recv]	sayi 1 2073308 20 26 3 1026 0 0 0

[15:31:33]	[Recv]	team_cool 1 900

[15:31:33]	[Recv]	sp 415792 1000000 0 10000

[15:31:33]	[Recv]	umi 5060.340 5676.-1 5797.-1 13459.-2

[15:31:33]	[Recv]	cond 2 4988603 0 0 15

[15:31:33]	[Recv]	cond 2 4988592 0 0 15

[15:31:33]	[Send]	ptctl 5443 2 4988603 41 51 4988592 39 49 4988603 15
[15:31:33]	[Recv]	cond 1 2073308 0 0 20

[15:31:33]	[Recv]	cond 1 2073308 0 0 20

[15:31:33]	[Send]	ptctl 5443 2 4988603 41 52 4988592 40 49 4988603 15
[15:31:33]	[Recv]	cond 2 4988603 0 0 15

[15:31:33]	[Recv]	cond 2 4988592 0 0 15

[15:31:34]	[Send]	ptctl 5443 2 4988603 43 50 4988592 41 48 4988603 15
[15:31:34]	[Recv]	cond 1 2073308 0 0 20

[15:31:34]	[Recv]	cond 1 2073308 0 0 20

[15:31:34]	[Recv]	cond 2 4988603 0 0 15

[15:31:34]	[Recv]	cond 2 4988592 0 0 15

[15:31:34]	[Recv]	cond 1 2073308 0 0 20

[15:31:34]	[Recv]	cond 1 2073308 0 0 20

[15:31:34]	[Recv]	cond 2 4988603 0 0 15

[15:31:34]	[Recv]	cond 2 4988592 0 0 15

[15:31:34]	[Send]	ptctl 5443 2 4988603 46 49 4988592 45 47 4988603 15
[15:31:34]	[Recv]	eff 3 5018540 4799

[15:31:34]	[Recv]	ct 2 4988523 3 5018531 -1 -1 0

[15:31:34]	[Recv]	ct 2 4988615 3 5018530 -1 -1 0

[15:31:34]	[Recv]	su 2 4988615 3 5018530 0 1 11 7548 0 0 1 60 4945 0 0 7581 12526

[15:31:34]	[Recv]	cond 1 2073308 0 0 20

[15:31:34]	[Recv]	cond 1 2073308 0 0 20

[15:31:34]	[Recv]	cond 2 4988603 0 0 15

[15:31:34]	[Recv]	cond 2 4988592 0 0 15

[15:31:34]	[Send]	ptctl 5443 2 4988603 47 49 4988592 46 47 4988603 15
[15:31:34]	[Recv]	su 2 4988523 3 5018531 0 6 11 4742 0 0 1 100 0 4 0 67711 67711

[15:31:34]	[Recv]	ct 2 4988544 3 5018533 -1 -1 0

[15:31:34]	[Recv]	st 2 5017544 94 0 100 100 92062 184124 92062 184124 0

[15:31:34]	[Recv]	cond 1 2073308 0 0 20

[15:31:34]	[Recv]	cond 1 2073308 0 0 20

[15:31:34]	[Recv]	cond 2 4988603 0 0 15

[15:31:34]	[Recv]	cond 2 4988592 0 0 15

[15:31:35]	[Recv]	eff 3 5018530 4799

[15:31:35]	[Recv]	su 2 4988544 3 5018533 0 10 11 4398 0 0 1 56 5465 0 0 7061 12526

[15:31:35]	[Recv]	st 2 5017546 94 0 100 100 92062 184124 92062 184124 0

[15:31:35]	[Send]	ncif 3 5018544
[15:31:35]	[Recv]	st 3 5018544 99 0 100 100 67711 2828 67711 2828 0

[15:31:35]	[Send]	ptctl 5443 1 4988592 50 47 4988592 15
[15:31:35]	[Recv]	eff 3 5018542 4799

[15:31:35]	[Recv]	ct 3 5018533 2 4988544 -1 -1 0

[15:31:35]	[Recv]	su 3 5018533 2 4988544 0 5 11 0 0 0 1 100 39 0 0 50806 50845

[15:31:35]	[Recv]	ct 3 5018531 2 4988523 -1 -1 0

[15:31:35]	[Recv]	su 3 5018531 2 4988523 0 10 11 7174 0 0 1 42 2524 0 0 1844 4368

[15:31:35]	[Recv]	ct 2 4988615 3 5018530 -1 -1 0

[15:31:35]	[Recv]	su 2 4988615 3 5018530 0 12 11 7548 0 0 0 0 17851 3 0 0 12526

[15:31:35]	[Recv]	lev 99 0 99 0 2140719000 5991794 66990112 2 0 90 917705181 0

[15:31:35]	[Recv]	st 2 5017545 94 0 100 100 92062 184124 92062 184124 0

[15:31:35]	[Recv]	cond 2 4988592 0 0 15

[15:31:35]	[Send]	ptctl 5443 2 4988603 52 49 4988592 52 47 4988603 15
[15:31:35]	[Recv]	cond 1 2073308 0 0 20

[15:31:35]	[Recv]	cond 1 2073308 0 0 20

[15:31:35]	[Send]	u_s 0 3 5018544
[15:31:35]	[Recv]	eff 2 4988544 3007

[15:31:35]	[Recv]	cond 2 4988603 0 0 15

[15:31:35]	[Recv]	cond 2 4988592 0 0 15

[15:31:35]	[Recv]	cond 1 2073308 0 0 20

[15:31:35]	[Recv]	cond 1 2073308 0 0 20

[15:31:36]	[Send]	ncif 3 5018544
[15:31:36]	[Recv]	ct 1 2073308 3 5018544 -1 -1 1114

[15:31:36]	[Recv]	rc 1 2073308 200 0

[15:31:36]	[Recv]	su 1 2073308 3 5018544 1114 7 11 4260 0 0 1 41 39757 0 0 27954 67711

[15:31:36]	[Send]	ptctl 5443 2 4988603 51 54 4988592 50 52 4988603 15
[15:31:36]	[Recv]	ct 2 4988523 3 5018531 -1 -1 0

[15:31:36]	[Recv]	sc_p 170 1548 4988592 96 629 24090554 0 0 1889 2049 1289 19 90 9 975 627 958 627 866 3 90 90 110 80 52096 57771 18100 18100 1 84982200 0 @ 0 0 6 60 1831 1798 0 100

[15:31:36]	[Recv]	st 3 5018544 99 0 41 100 27954 2828 67711 2828 0

[15:31:36]	[Recv]	cond 1 2073308 0 0 20

[15:31:36]	[Recv]	cond 1 2073308 0 0 20

[15:31:36]	[Send]	ptctl 5443 2 4988603 51 55 4988592 50 53 4988603 15
[15:31:36]	[Recv]	ct 3 5018544 1 2073308 -1 -1 0

[15:31:36]	[Recv]	su 3 5018544 1 2073308 0 10 11 7174 0 0 1 97 450 0 0 93354 95497

[15:31:36]	[Recv]	su 2 4988523 3 5018531 0 11 11 4742 0 0 1 100 0 4 0 67711 67711

[15:31:36]	[Recv]	cond 2 4988603 0 0 15

[15:31:36]	[Recv]	cond 2 4988592 0 0 15

[15:31:36]	[Recv]	cond 2 4988603 0 0 15

[15:31:36]	[Recv]	cond 2 4988592 0 0 15

[15:31:36]	[Send]	ptctl 5443 1 4988592 55 50 4988592 15
[15:31:36]	[Send]	ptctl 5443 1 4988603 52 52 4988603 15
[15:31:36]	[Recv]	ct 3 5018533 2 4988544 -1 -1 0

[15:31:36]	[Recv]	su 3 5018533 2 4988544 0 5 11 0 0 0 1 99 390 3 0 50416 50845

[15:31:36]	[Recv]	cond 2 4988592 0 0 15

[15:31:36]	[Send]	u_s 0 3 5018544
[15:31:36]	[Recv]	st 2 5017544 94 0 100 100 92062 184124 92062 184124 0

[15:31:36]	[Recv]	sr 0

[15:31:36]	[Recv]	cond 2 4988603 0 0 15

[15:31:36]	[Recv]	cond 1 2073308 0 0 20

[15:31:36]	[Recv]	cond 1 2073308 0 0 20

[15:31:36]	[Send]	suctl 5443 1 4988603 3 5018544
[15:31:37]	[Recv]	st 2 5017546 94 0 100 100 92062 184124 92062 184124 0

[15:31:37]	[Send]	ncif 3 5018544
[15:31:37]	[Recv]	ct 1 2073308 3 5018544 -1 -1 1114

[15:31:37]	[Recv]	eff 1 2073308 15

[15:31:37]	[Recv]	rc 1 2073308 200 0

[15:31:37]	[Recv]	su 1 2073308 3 5018544 1114 7 11 4260 0 0 0 0 245396 3 0 0 67711

[15:31:37]	[Recv]	lev 99 0 99 0 2140719000 5991794 66990112 2 0 90 917705181 0

[15:31:37]	[Recv]	cond 1 2073308 0 0 20

[15:31:37]	[Recv]	bf 1 2073308 0.4254.80 99

[15:31:37]	[Recv]	sayi 1 2073308 20 26 3 4254 0 0 0

[15:31:37]	[Recv]	sayi 1 2073308 20 23 3 4254 0 0 0

[15:31:37]	[Recv]	ct 2 4988544 3 5018533 -1 -1 0

[15:31:37]	[Recv]	sr 8

[15:31:37]	[Recv]	su 2 4988544 3 5018533 0 10 11 4398 0 0 1 13 5425 0 0 1636 12526

[15:31:37]	[Recv]	st 2 5017545 94 0 100 100 92062 184124 92062 184124 0

[15:31:37]	[Send]	ptctl 5443 1 4988592 61 50 4988592 15
[15:31:37]	[Recv]	ct 3 5018531 2 4988523 -1 -1 0

[15:31:37]	[Recv]	su 3 5018531 2 4988523 0 10 11 7174 0 0 0 0 2547 0 0 0 4368

[15:31:37]	[Send]	ncif 3 5018542
[15:31:37]	[Recv]	cond 2 4988592 0 0 15

[15:31:37]	[Recv]	ct 3 5018533 2 4988544 -1 -1 0

[15:31:37]	[Recv]	su 3 5018533 2 4988544 0 5 11 0 0 0 1 99 38 0 0 50378 50845

[15:31:37]	[Recv]	eff 2 5017544 7739

[15:31:37]	[Recv]	sr 0

[15:31:37]	[Recv]	st 3 5018542 99 0 100 100 12526 2828 12526 2828 0

[15:31:38]	[Recv]	ct 3 5018546 2 4988592 -1 -1 0

[15:31:38]	[Recv]	su 3 5018546 2 4988592 0 5 11 0 0 0 1 90 37 0 0 52059 57771

[15:31:38]	[Recv]	ct 2 4988614 3 5018532 -1 -1 0

[15:31:38]	[Recv]	su 2 4988614 3 5018532 0 15 11 7538 0 0 1 28 8980 0 0 3546 12526

[15:31:38]	[Recv]	ct 2 4988615 3 5018529 -1 -1 0

[15:31:38]	[Recv]	su 2 4988615 3 5018529 0 12 11 7548 0 0 1 65 4393 0 0 8133 12526

[15:31:38]	[Recv]	eff 2 5017546 7739

[15:31:38]	[Recv]	sr 1

[15:31:38]	[Send]	u_s 1 3 5018542
[15:31:38]	[Recv]	ms_c 0

[15:31:38]	[Recv]	qslot 0 1.1.1 1.1.2 1.1.3 1.1.4 1.1.5 1.1.6 1.1.7 1.1.9 1.1.8 1.1.10 0.1.45 0.2.21 0.1.76 1.1.38 1.3.12 0.1.34 0.1.87 0.-1.-1 0.1.84 0.1.43 1.3.11 1.1.42 1.1.41 1.3.976 0.-1.-1 0.1.70 0.2.143 0.2.25 0.2.27 0.2.26

[15:31:38]	[Recv]	qslot 1 0.-1.-1 0.-1.-1 0.-1.-1 0.-1.-1 0.-1.-1 0.-1.-1 0.-1.-1 0.-1.-1 0.-1.-1 0.-1.-1 0.1.-1 0.1.-1 1.1.41 1.1.42 0.-1.-1 7.7.-1 7.7.-1 7.7.-1 7.7.-1 0.-1.-1 0.-1.-1 0.-1.-1 0.-1.-1 0.-1.-1 0.-1.-1 0.-1.-1 0.-1.-1 0.-1.-1 0.-1.-1 0.-1.-1

[15:31:38]	[Send]	ptctl 5443 1 4988603 53 52 4988603 15
[15:31:38]	[Recv]	ct 1 2073308 3 5018542 14 4263 1115

[15:31:38]	[Recv]	ct 3 5018532 2 4988614 -1 -1 0

[15:31:38]	[Recv]	su 3 5018532 2 4988614 0 5 11 0 0 0 1 98 667 0 0 38246 38913

[15:31:38]	[Recv]	eff 2 5017545 7739

[15:31:38]	[Recv]	cond 2 4988603 0 0 15

[15:31:38]	[Send]	suctl 5443 1 4988603 3 5018542
[15:31:38]	[Send]	ncif 3 5018542
[15:31:38]	[Recv]	eff 2 4988603 5005

[15:31:38]	[Send]	ptctl 5443 1 4988592 62 50 4988592 15
[15:31:38]	[Recv]	sp 415782 1000000 0 10000

[15:31:38]	[Recv]	su 1 2073308 3 5018542 -1 0 -1 7687 -1 -1 1 86 1683 0 0

[15:31:38]	[Recv]	bf 3 5018542 0.1921.100 99

[15:31:38]	[Recv]	eff 3 5018542 0

[15:31:38]	[Recv]	bf 3 5018542 0.4110.80 99

[15:31:38]	[Recv]	eff 3 5018542 0

[15:31:38]	[Recv]	rc 1 2073308 200 0

[15:31:38]	[Recv]	su 1 2073308 3 5018542 1115 70 12 4264 0 0 0 0 98652 3 0 0 12526

[15:31:38]	[Recv]	lev 99 0 99 0 2140719000 5991794 66990112 2 0 90 917705181 0

[15:31:38]	[Recv]	bf 1 2073308 0.4254.80 99

[15:31:38]	[Recv]	cond 2 4988592 0 0 15

[15:31:38]	[Send]	ptctl 5443 1 4988592 62 51 4988592 15
[15:31:38]	[Recv]	ct 2 4988603 3 5018542 -1 -1 0

[15:31:38]	[Recv]	su 2 4988603 2 4988603 0 12 11 8360 0 0 1 86 0 2 0 16796 19451

[15:31:38]	[Recv]	st 2 5017544 94 0 100 100 92062 184124 92062 184124 0

[15:31:38]	[Recv]	cond 2 4988592 0 0 15

[15:31:38]	[Send]	suctl 5443 1 4988592 3 5018542
[15:31:39]	[Recv]	ct 3 5018533 2 4988544 -1 -1 0

[15:31:39]	[Recv]	su 3 5018533 2 4988544 0 5 11 0 0 0 1 98 376 0 0 50002 50845

[15:31:39]	[Recv]	st 2 5017546 94 0 100 100 92062 184124 92062 184124 0

[15:31:39]	[Send]	ptctl 5443 2 4988603 49 55 4988592 57 51 4988603 15
[15:31:39]	[Send]	ncif 3 5018543
[15:31:39]	[Recv]	ct 3 5018543 1 2073308 -1 -1 0

[15:31:39]	[Recv]	su 3 5018543 1 2073308 0 5 11 0 0 0 1 98 0 1 0 93754 95497

[15:31:39]	[Recv]	out 2 4988523

[15:31:39]	[Recv]	cond 1 2073308 0 0 20

[15:31:39]	[Recv]	cond 1 2073308 0 0 20

[15:31:39]	[Recv]	cond 2 4988603 0 0 15

[15:31:39]	[Recv]	cond 2 4988592 0 0 15

[15:31:39]	[Recv]	st 2 5017545 94 0 100 100 92062 184124 92062 184124 0

[15:31:39]	[Recv]	st 3 5018543 99 0 100 100 12526 2828 12526 2828 0

[15:31:39]	[Send]	u_s 0 3 5018543
[15:31:39]	[Recv]	eff 3 5018540 4799

[15:31:39]	[Recv]	ct 3 5018532 2 4988614 -1 -1 0

[15:31:39]	[Recv]	su 3 5018532 2 4988614 0 5 11 0 0 0 1 96 633 0 0 37613 38913

[15:31:39]	[Recv]	ct 2 4988544 3 5018533 -1 -1 0

[15:31:39]	[Recv]	cond 1 2073308 0 0 20

[15:31:39]	[Recv]	cond 1 2073308 0 0 20

[15:31:39]	[Send]	ptctl 5443 1 4988603 51 53 4988603 15
[15:31:39]	[Send]	suctl 5443 1 4988603 3 5018543
[15:31:39]	[Recv]	su 2 4988544 3 5018533 0 10 11 4398 0 0 0 0 5443 0 0 0 12526

[15:31:39]	[Recv]	lev 99 0 99 0 2140719000 5991794 66990112 2 0 90 917705181 0

[15:31:39]	[Recv]	ct 1 2073308 3 5018543 -1 -1 1114

[15:31:39]	[Recv]	rc 1 2073308 200 0

[15:31:39]	[Recv]	su 1 2073308 3 5018543 1114 7 11 4260 0 0 0 0 32609 0 0 0 12526

[15:31:39]	[Recv]	lev 99 0 99 0 2140719000 5991794 66990112 2 0 90 917705181 0

[15:31:39]	[Recv]	cond 2 4988603 0 0 15

[15:31:39]	[Send]	ptctl 5443 1 4988592 52 52 4988592 15
[15:31:40]	[Send]	ptctl 5443 2 4988603 50 58 4988592 54 56 4988603 15
[15:31:40]	[Recv]	cond 2 4988592 0 0 15

[15:31:40]	[Recv]	cond 1 2073308 0 0 20

[15:31:40]	[Recv]	cond 1 2073308 0 0 20

[15:31:40]	[Send]	ncif 3 5018545
[15:31:40]	[Recv]	cond 2 4988603 0 0 15

[15:31:40]	[Recv]	cond 2 4988592 0 0 15

[15:31:40]	[Recv]	st 3 5018545 99 0 100 100 12526 2828 12526 2828 0

[15:31:40]	[Send]	u_s 0 3 5018545
[15:31:40]	[Recv]	sr 0

[15:31:40]	[Recv]	cond 1 2073308 0 0 20

[15:31:40]	[Recv]	cond 1 2073308 0 0 20

[15:31:40]	[Recv]	ct 2 4988615 3 5018529 -1 -1 0

[15:31:40]	[Recv]	su 2 4988615 3 5018529 0 12 11 7548 0 0 1 25 4972 0 0 3161 12526

[15:31:40]	[Recv]	ct 1 2073308 3 5018545 -1 -1 1114

[15:31:40]	[Recv]	bf 3 5018545 0.4110.80 99

[15:31:40]	[Recv]	eff 3 5018545 0

[15:31:40]	[Recv]	rc 1 2073308 200 0

[15:31:40]	[Recv]	su 1 2073308 3 5018545 1114 7 11 4260 0 0 0 0 92412 3 0 0 12526

[15:31:40]	[Recv]	in 3 2371 5018591 56 57 2 100 100 0 0 0 -1 0 0 -1 - 0 -1 0 0 0 0 0 0 0 0 0 0 0 0

[15:31:40]	[Recv]	guri 31 1 2073308 56 57

[15:31:40]	[Recv]	lev 99 0 99 0 2140719000 5991794 66990112 2 0 90 917705181 0

[15:31:40]	[Recv]	ct 3 5018532 2 4988614 -1 -1 0

[15:31:40]	[Recv]	su 3 5018532 2 4988614 0 5 11 0 0 0 1 96 253 0 0 37360 38913

[15:31:40]	[Recv]	sc_p 7 670 4988544 97 2992 19789695 2 2 1093 1265 70 4 70 8 559 604 523 604 576 2 67 87 77 67 50002 50845 31831 31831 0 92185200 1 Fibi^Friggus 0 5 3 30 1798 1825 0 1080

[15:31:40]	[Recv]	eff 2 4988544 3007

[15:31:40]	[Recv]	sc_p 6 2708 4988614 94 2986 150447 0 1 908 1116 696 14 90 4 460 550 428 550 375 3 65 65 75 55 37360 38913 5790 5790 0 72875950 0 Oso^polar^Grunidos 0 6 3 20 1797 1818 11 500

[15:31:40]	[Recv]	sc_p 0 2709 4988615 94 1797 11595282 1 0 1086 1264 1063 14 240 0 539 627 565 627 516 0 32 32 32 32 28975 28975 12890 12890 0 72875950 0 @ 0 8 4 28 1818 1825 201 930

[15:31:40]	[Recv]	st 2 5017544 94 0 100 100 92062 184124 92062 184124 0

[15:31:41]	[Send]	ncif 3 5018546
[15:31:41]	[Recv]	st 2 5017546 94 0 100 100 92062 184124 92062 184124 0

[15:31:41]	[Send]	ptctl 5443 1 4988592 57 54 4988592 15
[15:31:41]	[Send]	ptctl 5443 1 4988603 51 58 4988603 15
[15:31:41]	[Recv]	st 3 5018546 99 0 100 100 12526 2828 12526 2828 0

[15:31:41]	[Recv]	ct 2 4988614 3 5018532 -1 -1 0

[15:31:41]	[Recv]	su 2 4988614 3 5018532 0 15 11 7538 0 0 0 0 8986 0 0 0 12526

[15:31:41]	[Recv]	lev 99 0 99 0 2140719000 5991794 66990112 2 0 90 917705181 0

[15:31:41]	[Recv]	cond 2 4988592 0 0 15

[15:31:41]	[Send]	ptctl 5443 2 4988603 47 56 4988592 49 54 4988603 15
[15:31:41]	[Recv]	cond 2 4988603 0 0 15

[15:31:41]	[Recv]	st 2 5017545 94 0 100 100 92062 184124 92062 184124 0

[15:31:41]	[Recv]	cond 2 4988523 0 0 6

[15:31:41]	[Recv]	petski 334 1831 1798

[15:31:41]	[Recv]	pet_cool2  0 0 0

[15:31:41]	[Recv]	pinit 2 2|4988603|0|94|@|-1|3206|1|2723|0|0 2|4988592|1|96|@|-1|1548|0|0|0|60

[15:31:41]	[Recv]	sr 0

[15:31:41]	[Recv]	cond 1 2073308 0 0 20

[15:31:41]	[Recv]	cond 1 2073308 0 0 20

[15:31:41]	[Send]	ptctl 5443 2 4988603 49 58 4988592 56 54 4988603 15
[15:31:41]	[Send]	suctl 5443 1 4988603 3 5018546
[15:31:41]	[Send]	u_s 0 3 5018546
[15:31:41]	[Recv]	cond 2 4988603 0 0 15

[15:31:41]	[Recv]	cond 2 4988592 0 0 15

[15:31:41]	[Recv]	cond 2 4988603 0 0 15

[15:31:41]	[Recv]	cond 2 4988592 0 0 15

[15:31:41]	[Recv]	eff 2 4988603 5005

[15:31:41]	[Recv]	die 3 5018591 3 5018591

[15:31:41]	[Recv]	cond 1 2073308 0 0 20

[15:31:41]	[Recv]	cond 1 2073308 0 0 20

[15:31:41]	[Send]	ptctl 5443 2 4988603 44 58 4988592 48 56 4988603 15
[15:31:42]	[Recv]	ct 2 4988603 3 5018546 -1 -1 0

[15:31:42]	[Recv]	eff 2 4988603 15

[15:31:42]	[Recv]	su 2 4988603 3 5018546 0 12 11 8360 0 0 0 0 13751 0 0 0 12526

[15:31:42]	[Recv]	lev 99 0 99 0 2140719000 5991794 66990112 2 0 90 917705181 0

[15:31:42]	[Recv]	ct 1 2073308 3 5018546 -1 -1 1114

[15:31:42]	[Recv]	su 1 2073308 1 2073308 1114 7 11 4260 0 0 1 98 0 2 0 94154 95497

[15:31:42]	[Recv]	cond 2 4988603 0 0 15

[15:31:42]	[Recv]	cond 2 4988592 0 0 15

[15:31:42]	[Send]	ptctl 5443 2 4988603 43 56 4988592 47 56 4988603 15
[15:31:42]	[Recv]	cond 1 2073308 0 0 20

[15:31:42]	[Recv]	cond 1 2073308 0 0 20

[15:31:42]	[Recv]	cond 2 4988603 0 0 15

[15:31:42]	[Recv]	cond 2 4988592 0 0 15

[15:31:42]	[Send]	ptctl 5443 2 4988603 43 58 4988592 45 56 4988603 15
[15:31:42]	[Recv]	cond 1 2073308 0 0 20

[15:31:42]	[Recv]	cond 1 2073308 0 0 20

[15:31:42]	[Send]	ptctl 5443 2 4988603 43 57 4988592 44 56 4988603 15
[15:31:42]	[Recv]	cond 2 4988603 0 0 15

[15:31:42]	[Recv]	cond 2 4988592 0 0 15

[15:31:42]	[Recv]	sr 0

[15:31:42]	[Recv]	sr 13

[15:31:42]	[Recv]	cond 2 4988603 0 0 15

[15:31:42]	[Recv]	cond 2 4988592 0 0 15

[15:31:42]	[Recv]	st 2 5017544 94 0 100 100 92062 184124 92062 184124 0

[15:31:42]	[Recv]	eff 2 5017544 7739

[15:31:43]	[Recv]	st 2 5017546 94 0 100 100 92062 184124 92062 184124 0

[15:31:43]	[Recv]	eff 2 5017546 7739

[15:31:43]	[Send]	ncif 3 5018534
[15:31:43]	[Recv]	ct 2 4988615 3 5018529 -1 -1 0

[15:31:43]	[Recv]	su 2 4988615 3 5018529 0 12 11 7548 0 0 0 0 4937 0 0 0 12526

[15:31:43]	[Recv]	lev 99 0 99 0 2140719000 5991794 66990112 2 0 90 917705181 0

[15:31:43]	[Recv]	st 3 5018534 99 0 100 100 67711 2828 67711 2828 0

[15:31:43]	[Send]	u_s 8 3 5018534
[15:31:43]	[Recv]	st 2 5017545 94 0 100 100 92062 184124 92062 184124 0

[15:31:43]	[Recv]	eff 2 5017545 7739

[15:31:43]	[Send]	ptctl 5443 1 4988592 44 51 4988592 15
[15:31:43]	[Recv]	cond 1 2073308 0 0 20

[15:31:43]	[Recv]	cond 1 2073308 0 0 20

[15:31:43]	[Recv]	sp 415772 1000000 0 10000

[15:31:43]	[Recv]	ct 2 4988544 3 5018531 -1 -1 0

[15:31:43]	[Recv]	ms_c 0

[15:31:43]	[Recv]	qslot 0 1.1.1 1.1.2 1.1.3 1.1.4 1.1.5 1.1.6 1.1.7 1.1.9 1.1.8 1.1.10 0.1.45 0.2.21 0.1.76 1.1.38 1.3.12 0.1.34 0.1.87 0.-1.-1 0.1.84 0.1.43 1.3.11 1.1.42 1.1.41 1.3.976 0.-1.-1 0.1.70 0.2.143 0.2.25 0.2.27 0.2.26

[15:31:43]	[Recv]	qslot 1 0.-1.-1 0.-1.-1 0.-1.-1 0.-1.-1 0.-1.-1 0.-1.-1 0.-1.-1 0.-1.-1 0.-1.-1 0.-1.-1 0.1.-1 0.1.-1 1.1.41 1.1.42 0.-1.-1 7.7.-1 7.7.-1 7.7.-1 7.7.-1 0.-1.-1 0.-1.-1 0.-1.-1 0.-1.-1 0.-1.-1 0.-1.-1 0.-1.-1 0.-1.-1 0.-1.-1 0.-1.-1 0.-1.-1

[15:31:43]	[Recv]	ct 1 2073308 3 5018534 -1 -1 1122

[15:31:43]	[Recv]	cond 2 4988592 0 0 15

[15:31:43]	[Send]	ptctl 5443 1 4988603 39 53 4988603 15
[15:31:43]	[Recv]	su 2 4988544 3 5018531 0 10 11 4398 0 0 1 91 5586 0 0 62125 67711

[15:31:43]	[Recv]	eff 1 2073308 15

[15:31:43]	[Recv]	rc 1 2073308 200 0

[15:31:43]	[Recv]	su 1 2073308 3 5018534 1122 150 41 4268 0 0 1 56 29692 0 0 38019 67711

[15:31:43]	[Recv]	in 3 2371 5018599 47 56 2 100 100 0 0 0 -1 0 0 -1 - 0 -1 0 0 0 0 0 0 0 0 0 0 0 0

[15:31:43]	[Recv]	guri 31 1 2073308 47 56

[15:31:43]	[Recv]	mslot 1125 -1

[15:31:43]	[Recv]	qset 0 8 1.1.11.0

[15:31:43]	[Recv]	bf 1 2073308 0.4254.80 99

[15:31:43]	[Send]	mtlist 0 
[15:31:43]	[Send]	u_s 11 3 5018534
[15:31:43]	[Recv]	cond 2 4988603 0 0 15

[15:31:44]	[Recv]	ms_c 0

[15:31:44]	[Recv]	qslot 0 1.1.1 1.1.2 1.1.3 1.1.4 1.1.5 1.1.6 1.1.7 1.1.9 1.1.8 1.1.10 0.1.45 0.2.21 0.1.76 1.1.38 1.3.12 0.1.34 0.1.87 0.-1.-1 0.1.84 0.1.43 1.3.11 1.1.42 1.1.41 1.3.976 0.-1.-1 0.1.70 0.2.143 0.2.25 0.2.27 0.2.26

[15:31:44]	[Recv]	qslot 1 0.-1.-1 0.-1.-1 0.-1.-1 0.-1.-1 0.-1.-1 0.-1.-1 0.-1.-1 0.-1.-1 0.-1.-1 0.-1.-1 0.1.-1 0.1.-1 1.1.41 1.1.42 0.-1.-1 7.7.-1 7.7.-1 7.7.-1 7.7.-1 0.-1.-1 0.-1.-1 0.-1.-1 0.-1.-1 0.-1.-1 0.-1.-1 0.-1.-1 0.-1.-1 0.-1.-1 0.-1.-1 0.-1.-1

[15:31:44]	[Send]	ncif 3 5018534
[15:31:44]	[Send]	ptctl 5443 2 4988603 36 57 4988592 39 51 4988603 15
[15:31:44]	[Recv]	ct 3 5018534 1 2073308 -1 -1 0

[15:31:44]	[Recv]	su 3 5018534 1 2073308 0 10 11 4757 0 0 1 98 450 0 0 93904 95497

[15:31:44]	[Recv]	ct 1 2073308 3 5018534 -1 -1 1125

[15:31:44]	[Recv]	cond 1 2073308 0 0 23

[15:31:44]	[Recv]	bf 1 2073308 0.576.20 99

[15:31:44]	[Recv]	sayi 1 2073308 20 26 3 576 0 0 0

[15:31:44]	[Recv]	eff 1 2073308 15

[15:31:44]	[Recv]	rc 1 2073308 200 0

[15:31:44]	[Recv]	su 1 2073308 3 5018534 1125 3 22 4272 0 0 1 14 28531 0 0 9488 67711

[15:31:44]	[Recv]	bf 3 5018534 0.4253.100 99

[15:31:44]	[Recv]	mslot 1126 -1

[15:31:44]	[Recv]	qset 0 8 1.1.12.0

[15:31:44]	[Recv]	st 3 5018534 99 0 14 100 9488 2828 67711 2828 0 4253.99

[15:31:44]	[Recv]	cond 2 4988603 0 0 15

[15:31:44]	[Recv]	cond 2 4988592 0 0 15

[15:31:44]	[Send]	ptctl 5443 2 4988603 35 57 4988592 39 53 4988603 15
[15:31:44]	[Recv]	ct 3 5018531 2 4988544 -1 -1 0

[15:31:44]	[Recv]	su 3 5018531 2 4988544 0 10 11 7174 0 0 1 97 393 0 0 49609 50845

[15:31:44]	[Send]	ptctl 5443 2 4988603 34 56 4988592 38 54 4988603 15
[15:31:44]	[Recv]	sr 11

[15:31:44]	[Recv]	cond 1 2073308 0 0 23

[15:31:44]	[Recv]	cond 1 2073308 0 0 23

[15:31:44]	[Recv]	eff 3 5018540 4799

[15:31:44]	[Recv]	cond 2 4988603 0 0 15

[15:31:44]	[Recv]	cond 2 4988592 0 0 15

[15:31:44]	[Recv]	guri 31 1 2073308 47 56

[15:31:44]	[Recv]	su 3 5018599 3 5018534 -1 0 -1 4268 -1 -1 1 1 14846 0 0

[15:31:44]	[Recv]	su 3 5018599 3 5018534 -1 0 -1 1047 -1 -1 1 1 14846 0 0

[15:31:44]	[Recv]	cond 1 2073308 0 0 23

[15:31:44]	[Recv]	cond 1 2073308 0 0 23

[15:31:44]	[Send]	mtlist 1 2 4988592 
[15:31:44]	[Send]	u_s 12 3 5018534
[15:31:44]	[Send]	ptctl 5443 1 4988603 37 54 4988603 15
[15:31:44]	[Recv]	die 3 5018599 3 5018599

[15:31:44]	[Recv]	st 2 5017544 94 0 100 100 92062 184124 92062 184124 0

[15:31:44]	[Recv]	cond 2 4988603 0 0 15

[15:31:44]	[Recv]	cond 2 4988592 0 0 15

[15:31:44]	[Send]	ptctl 5443 1 4988592 40 47 4988592 15
[15:31:44]	[Recv]	cond 1 2073308 0 0 23

[15:31:44]	[Recv]	cond 1 2073308 0 0 23

[15:31:45]	[Recv]	ct 2 4988614 3 5018531 -1 -1 0

[15:31:45]	[Recv]	su 2 4988614 3 5018531 0 15 11 7538 0 0 1 85 4225 0 0 57900 67711

[15:31:45]	[Recv]	st 2 5017546 94 0 100 100 92062 184124 92062 184124 0

[15:31:45]	[Send]	ptctl 5443 2 4988603 33 57 4988592 36 54 4988603 15
[15:31:45]	[Recv]	ms_c 0

[15:31:45]	[Recv]	qslot 0 1.1.1 1.1.2 1.1.3 1.1.4 1.1.5 1.1.6 1.1.7 1.1.9 1.1.8 1.1.10 0.1.45 0.2.21 0.1.76 1.1.38 1.3.12 0.1.34 0.1.87 0.-1.-1 0.1.84 0.1.43 1.3.11 1.1.42 1.1.41 1.3.976 0.-1.-1 0.1.70 0.2.143 0.2.25 0.2.27 0.2.26

[15:31:45]	[Recv]	qslot 1 0.-1.-1 0.-1.-1 0.-1.-1 0.-1.-1 0.-1.-1 0.-1.-1 0.-1.-1 0.-1.-1 0.-1.-1 0.-1.-1 0.1.-1 0.1.-1 1.1.41 1.1.42 0.-1.-1 7.7.-1 7.7.-1 7.7.-1 7.7.-1 0.-1.-1 0.-1.-1 0.-1.-1 0.-1.-1 0.-1.-1 0.-1.-1 0.-1.-1 0.-1.-1 0.-1.-1 0.-1.-1 0.-1.-1

[15:31:45]	[Send]	ncif 3 5018534
[15:31:45]	[Recv]	ct 1 2073308 3 5018534 -1 -1 1126

[15:31:45]	[Recv]	rc 1 2073308 200 0

[15:31:45]	[Recv]	su 1 2073308 3 5018534 1126 3 26 4273 0 0 0 0 65481 3 0 0 67711

[15:31:45]	[Recv]	lev 99 0 99 0 2140719000 5991794 66990112 2 0 90 917705181 0

[15:31:45]	[Recv]	bf 1 2073308 0.568.400 99

[15:31:45]	[Recv]	mslot 1125 -1

[15:31:45]	[Recv]	qset 0 8 1.1.11.0

[15:31:45]	[Recv]	cond 2 4988603 0 0 15

[15:31:45]	[Send]	ptctl 5443 2 4988603 33 58 4988592 35 54 4988603 15
[15:31:45]	[Recv]	cond 2 4988592 0 0 15

[15:31:45]	[Recv]	st 2 5017545 94 0 100 100 92062 184124 92062 184124 0

[15:31:45]	[Recv]	cond 2 4988603 0 0 15

[15:31:45]	[Recv]	cond 2 4988592 0 0 15

[15:31:45]	[Recv]	sr 12

[15:31:45]	[Recv]	sr 1

[15:31:45]	[Recv]	cond 1 2073308 0 0 23

[15:31:45]	[Recv]	cond 1 2073308 0 0 23

[15:31:45]	[Send]	ncif 3 5018531
[15:31:45]	[Send]	ptctl 5443 1 4988603 34 57 4988603 15
[15:31:45]	[Send]	suctl 5443 1 4988603 3 5018531
[15:31:45]	[Recv]	cond 2 4988603 0 0 15

[15:31:45]	[Recv]	cond 2 4988592 0 0 15

[15:31:45]	[Send]	mtlist 1 2 4988592 
[15:31:45]	[Send]	u_s 11 3 5018531
[15:31:45]	[Send]	ptctl 5443 1 4988592 30 56 4988592 15
[15:31:45]	[Recv]	eff 2 4988544 3007

[15:31:45]	[Recv]	st 3 5018531 99 0 85 100 57900 2828 67711 2828 0

[15:31:45]	[Recv]	cond 2 4988603 0 0 15

[15:31:46]	[Recv]	ct 2 4988544 3 5018531 -1 -1 0

[15:31:46]	[Recv]	eff 2 4988603 5005

[15:31:46]	[Recv]	cond 1 2073308 0 0 20

[15:31:46]	[Recv]	sayi 1 2073308 20 22 3 576 0 0 0

[15:31:46]	[Recv]	bf 1 2073308 0.576.0 99

[15:31:46]	[Recv]	cond 1 2073308 0 0 20

[15:31:46]	[Recv]	cond 1 2073308 0 0 20

[15:31:46]	[Recv]	su 2 4988544 3 5018531 0 10 11 4398 0 0 1 77 5495 0 0 52405 67711

[15:31:46]	[Recv]	sc_p 170 1548 4988592 96 628 24091814 0 0 1889 2049 1289 19 90 9 975 627 958 627 866 3 90 90 110 80 52059 57771 18100 18100 1 84982200 0 @ 0 0 6 60 1831 1798 0 100

[15:31:46]	[Recv]	ms_c 0

[15:31:46]	[Recv]	qslot 0 1.1.1 1.1.2 1.1.3 1.1.4 1.1.5 1.1.6 1.1.7 1.1.9 1.1.8 1.1.10 0.1.45 0.2.21 0.1.76 1.1.38 1.3.12 0.1.34 0.1.87 0.-1.-1 0.1.84 0.1.43 1.3.11 1.1.42 1.1.41 1.3.976 0.-1.-1 0.1.70 0.2.143 0.2.25 0.2.27 0.2.26

[15:31:46]	[Recv]	qslot 1 0.-1.-1 0.-1.-1 0.-1.-1 0.-1.-1 0.-1.-1 0.-1.-1 0.-1.-1 0.-1.-1 0.-1.-1 0.-1.-1 0.1.-1 0.1.-1 1.1.41 1.1.42 0.-1.-1 7.7.-1 7.7.-1 7.7.-1 7.7.-1 0.-1.-1 0.-1.-1 0.-1.-1 0.-1.-1 0.-1.-1 0.-1.-1 0.-1.-1 0.-1.-1 0.-1.-1 0.-1.-1 0.-1.-1

[15:31:46]	[Recv]	ct 2 4988603 3 5018531 -1 -1 0

[15:31:46]	[Recv]	su 2 4988603 3 5018531 0 12 11 8360 0 0 1 53 16460 0 0 35945 67711

[15:31:46]	[Recv]	ct 1 2073308 3 5018531 -1 -1 1125

[15:31:46]	[Recv]	cond 1 2073308 0 0 23

[15:31:46]	[Recv]	bf 1 2073308 0.576.20 99

[15:31:46]	[Recv]	sayi 1 2073308 20 26 3 576 0 0 0

[15:31:46]	[Recv]	rc 1 2073308 200 0

[15:31:46]	[Recv]	su 1 2073308 3 5018531 1125 3 22 4272 0 0 0 0 101409 3 0 0 67711

[15:31:46]	[Recv]	lev 99 0 99 0 2140719000 5991794 66990112 2 0 90 917705181 0

[15:31:46]	[Recv]	mslot 1126 -1

[15:31:46]	[Recv]	qset 0 8 1.1.12.0

[15:31:46]	[Recv]	cond 2 4988592 0 0 15

[15:31:46]	[Send]	ptctl 5443 2 4988603 39 55 4988592 37 54 4988603 15
[15:31:46]	[Recv]	eff 3 5018541 5000

[15:31:46]	[Recv]	eff 3 5018538 5000

[15:31:46]	[Recv]	cond 1 2073308 0 0 23

[15:31:46]	[Recv]	cond 1 2073308 0 0 23

[15:31:46]	[Recv]	sr 11

[15:31:46]	[Recv]	cond 2 4988603 0 0 15

[15:31:46]	[Recv]	cond 2 4988592 0 0 15

[15:31:46]	[Recv]	st 2 5017544 94 0 100 100 92062 184124 92062 184124 0

[15:31:46]	[Send]	ptctl 5443 2 4988603 37 53 4988592 39 51 4988603 15
[15:31:47]	[Recv]	st 2 5017546 94 0 100 100 92062 184124 92062 184124 0

[15:31:47]	[Recv]	cond 1 2073308 0 0 23

[15:31:47]	[Recv]	cond 1 2073308 0 0 23

[15:31:47]	[Recv]	cond 2 4988603 0 0 15

[15:31:47]	[Recv]	cond 2 4988592 0 0 15

[15:31:47]	[Send]	ncif 3 5018536
[15:31:47]	[Recv]	st 3 5018536 99 0 100 100 67711 2828 67711 2828 0

[15:31:47]	[Send]	mtlist 0 
[15:31:47]	[Send]	u_s 12 3 5018536
[15:31:47]	[Recv]	st 2 5017545 94 0 100 100 92062 184124 92062 184124 0

[15:31:47]	[Send]	ptctl 5443 1 4988592 38 47 4988592 15
[15:31:47]	[Recv]	cond 1 2073308 0 0 23

[15:31:47]	[Recv]	cond 1 2073308 0 0 23

[15:31:47]	[Recv]	ms_c 0

[15:31:47]	[Recv]	qslot 0 1.1.1 1.1.2 1.1.3 1.1.4 1.1.5 1.1.6 1.1.7 1.1.9 1.1.8 1.1.10 0.1.45 0.2.21 0.1.76 1.1.38 1.3.12 0.1.34 0.1.87 0.-1.-1 0.1.84 0.1.43 1.3.11 1.1.42 1.1.41 1.3.976 0.-1.-1 0.1.70 0.2.143 0.2.25 0.2.27 0.2.26

[15:31:47]	[Recv]	qslot 1 0.-1.-1 0.-1.-1 0.-1.-1 0.-1.-1 0.-1.-1 0.-1.-1 0.-1.-1 0.-1.-1 0.-1.-1 0.-1.-1 0.1.-1 0.1.-1 1.1.41 1.1.42 0.-1.-1 7.7.-1 7.7.-1 7.7.-1 7.7.-1 0.-1.-1 0.-1.-1 0.-1.-1 0.-1.-1 0.-1.-1 0.-1.-1 0.-1.-1 0.-1.-1 0.-1.-1 0.-1.-1 0.-1.-1

[15:31:47]	[Recv]	ct 3 5018538 1 2073308 -1 -1 0

[15:31:47]	[Recv]	su 3 5018538 1 2073308 0 10 11 7174 0 0 1 98 448 0 0 94056 95497

[15:31:47]	[Recv]	eff 2 5017544 7739

[15:31:47]	[Recv]	ct 1 2073308 3 5018536 -1 -1 1126

[15:31:47]	[Recv]	rc 1 2073308 200 0

[15:31:47]	[Recv]	su 1 2073308 3 5018536 1126 3 26 4273 0 0 1 1 67245 3 0 466 67711

[15:31:47]	[Recv]	bf 1 2073308 0.568.400 99

[15:31:47]	[Recv]	mslot 1125 -1

[15:31:47]	[Recv]	qset 0 8 1.1.11.0

[15:31:47]	[Recv]	cond 2 4988592 0 0 15

[15:31:48]	[Recv]	ct 3 5018536 1 2073308 -1 -1 0

[15:31:48]	[Recv]	su 3 5018536 1 2073308 0 10 11 4757 0 0 1 98 448 0 0 93808 95497

[15:31:48]	[Recv]	eff 2 5017546 7739

[15:31:48]	[Send]	mtlist 0 
[15:31:48]	[Send]	u_s 11 3 5018536
[15:31:48]	[Recv]	sr 12

[15:31:48]	[Send]	ptctl 5443 1 4988603 41 49 4988603 15
[15:31:48]	[Send]	ncif 3 5018536
[15:31:48]	[Recv]	cond 1 2073308 0 0 20

[15:31:48]	[Recv]	sayi 1 2073308 20 22 3 576 0 0 0

[15:31:48]	[Recv]	bf 1 2073308 0.576.0 99

[15:31:48]	[Recv]	ms_c 0

[15:31:48]	[Recv]	qslot 0 1.1.1 1.1.2 1.1.3 1.1.4 1.1.5 1.1.6 1.1.7 1.1.9 1.1.8 1.1.10 0.1.45 0.2.21 0.1.76 1.1.38 1.3.12 0.1.34 0.1.87 0.-1.-1 0.1.84 0.1.43 1.3.11 1.1.42 1.1.41 1.3.976 0.-1.-1 0.1.70 0.2.143 0.2.25 0.2.27 0.2.26

[15:31:48]	[Recv]	qslot 1 0.-1.-1 0.-1.-1 0.-1.-1 0.-1.-1 0.-1.-1 0.-1.-1 0.-1.-1 0.-1.-1 0.-1.-1 0.-1.-1 0.1.-1 0.1.-1 1.1.41 1.1.42 0.-1.-1 7.7.-1 7.7.-1 7.7.-1 7.7.-1 0.-1.-1 0.-1.-1 0.-1.-1 0.-1.-1 0.-1.-1 0.-1.-1 0.-1.-1 0.-1.-1 0.-1.-1 0.-1.-1 0.-1.-1

[15:31:48]	[Recv]	eff 2 5017545 7739

[15:31:48]	[Recv]	ct 1 2073308 3 5018536 -1 -1 1125

[15:31:48]	[Recv]	cond 1 2073308 0 0 23

[15:31:48]	[Recv]	bf 1 2073308 0.576.20 99

[15:31:48]	[Recv]	sayi 1 2073308 20 26 3 576 0 0 0

[15:31:48]	[Recv]	rc 1 2073308 200 0

[15:31:48]	[Recv]	su 1 2073308 3 5018536 1125 3 22 4272 0 0 0 0 69595 3 0 0 67711

[15:31:48]	[Recv]	lev 99 0 99 0 2140719000 5991794 66990112 2 0 90 917705181 0

[15:31:48]	[Recv]	bf 1 2073308 0.4126.100 99

[15:31:48]	[Recv]	sayi 1 2073308 20 26 3 4126 0 0 0

[15:31:48]	[Recv]	bf 1 2073308 0.4254.80 99

[15:31:48]	[Recv]	cond 2 4988603 0 0 15

[15:31:48]	[Send]	ptctl 5443 2 4988603 39 46 4988592 38 42 4988603 15
[15:31:48]	[Recv]	cond 1 2073308 0 0 23

[15:31:48]	[Recv]	cond 1 2073308 0 0 23

[15:31:48]	[Recv]	sr 11

[15:31:48]	[Recv]	cond 2 4988603 0 0 15

[15:31:48]	[Recv]	cond 2 4988592 0 0 15

[15:31:48]	[Recv]	st 2 5017544 94 0 100 100 92062 184124 92062 184124 0

[15:31:48]	[Send]	ncif 3 5018540
[15:31:48]	[Recv]	st 3 5018540 99 0 100 100 12526 2828 12526 2828 0

[15:31:49]	[Recv]	ct 3 5018539 1 2073308 -1 -1 0

[15:31:49]	[Recv]	su 3 5018539 1 2073308 0 10 11 4789 0 0 1 98 0 1 0 94008 95497

[15:31:49]	[Recv]	ct 3 5018537 1 2073308 -1 -1 0

[15:31:49]	[Recv]	su 3 5018537 1 2073308 0 10 11 4789 0 0 1 98 447 0 0 93561 95497

[15:31:49]	[Recv]	st 2 5017546 94 0 100 100 92062 184124 92062 184124 0

[15:31:49]	[Send]	ptctl 5443 2 4988603 39 48 4988592 40 42 4988603 15
[15:31:49]	[Send]	suctl 5443 1 4988603 3 5018540
[15:31:49]	[Recv]	cond 2 4988603 0 0 15

[15:31:49]	[Recv]	cond 2 4988592 0 0 15

[15:31:49]	[Recv]	eff 2 4988603 5005

[15:31:49]	[Send]	u_s 0 3 5018540
[15:31:49]	[Recv]	ct 3 5018541 2 4988592 -1 -1 0

[15:31:49]	[Recv]	su 3 5018541 2 4988592 0 10 11 4789 0 0 1 89 251 0 0 51808 57771

[15:31:49]	[Recv]	st 2 5017545 94 0 100 100 92062 184124 92062 184124 0

[15:31:49]	[Recv]	cond 1 2073308 0 0 23

[15:31:49]	[Recv]	cond 1 2073308 0 0 23

[15:31:49]	[Send]	suctl 5443 1 4988592 3 5018540
[15:31:49]	[Recv]	sp 415760 1000000 0 10000

[15:31:49]	[Recv]	eff 3 5018540 4799

[15:31:49]	[Recv]	ct 2 4988603 3 5018540 -1 -1 0

[15:31:49]	[Recv]	eff 2 4988603 15

[15:31:49]	[Recv]	su 2 4988603 3 5018540 0 12 11 8360 0 0 0 0 13565 0 0 0 12526

[15:31:49]	[Recv]	lev 99 0 99 0 2140719000 5991794 66990112 2 0 90 917705181 0

[15:31:49]	[Recv]	ct 1 2073308 3 5018540 -1 -1 1114

[15:31:49]	[Recv]	su 1 2073308 1 2073308 1114 7 11 4260 0 0 1 98 0 2 0 93561 95497

[15:31:49]	[Send]	ptctl 5443 2 4988603 43 51 4988592 40 47 4988603 15
[15:31:49]	[Recv]	cond 1 2073308 0 0 23

[15:31:49]	[Recv]	cond 1 2073308 0 0 23

[15:31:49]	[Send]	ptctl 5443 2 4988603 42 52 4988592 40 48 4988603 15
[15:31:49]	[Recv]	cond 2 4988603 0 0 15

[15:31:49]	[Recv]	cond 2 4988592 0 0 15

[15:31:50]	[Recv]	ct 3 5018538 1 2073308 -1 -1 0

[15:31:50]	[Recv]	su 3 5018538 1 2073308 0 10 11 7174 0 0 1 97 448 0 0 93113 95497

[15:31:50]	[Recv]	cond 1 2073308 0 0 23

[15:31:50]	[Recv]	cond 1 2073308 0 0 23

[15:31:50]	[Recv]	cond 2 4988603 0 0 15

[15:31:50]	[Recv]	cond 2 4988592 0 0 15

[15:31:50]	[Recv]	sr 0

[15:31:50]	[Recv]	cond 1 2073308 0 0 20

[15:31:50]	[Recv]	sayi 1 2073308 20 22 3 576 0 0 0

[15:31:50]	[Recv]	bf 1 2073308 0.576.0 99

[15:31:50]	[Send]	ncif 3 5018538
[15:31:50]	[Send]	ptctl 5443 1 4988603 40 49 4988603 15
[15:31:50]	[Send]	suctl 5443 1 4988603 3 5018538
[15:31:50]	[Recv]	st 3 5018538 99 0 100 100 67711 2828 67711 2828 0

[15:31:50]	[Send]	u_s 0 3 5018538
[15:31:50]	[Send]	ptctl 5443 1 4988592 41 52 4988592 15
[15:31:50]	[Send]	ptctl 5443 1 4988592 40 44 4988592 15
[15:31:50]	[Recv]	cond 2 4988603 0 0 15

[15:31:50]	[Recv]	eff 2 4988544 3007

[15:31:50]	[Recv]	st 2 5017544 94 0 100 100 92062 184124 92062 184124 0

[15:31:50]	[Recv]	eff 2 4988603 5005

[15:31:50]	[Recv]	cond 1 2073308 0 0 20

[15:31:50]	[Recv]	cond 1 2073308 0 0 20

[15:31:51]	[Recv]	st 2 5017546 94 0 100 100 92062 184124 92062 184124 0

[15:31:51]	[Recv]	ct 1 2073308 3 5018538 -1 -1 1114

[15:31:51]	[Recv]	rc 1 2073308 200 0

[15:31:51]	[Recv]	su 1 2073308 3 5018538 1114 7 11 4260 0 0 0 0 101657 3 0 0 67711

[15:31:51]	[Recv]	lev 99 0 99 0 2140719000 5991794 66990112 2 0 90 917705181 0

[15:31:51]	[Recv]	cond 2 4988592 0 0 15

[15:31:51]	[Recv]	ct 3 5018539 1 2073308 -1 -1 0

[15:31:51]	[Recv]	su 3 5018539 1 2073308 0 10 11 4789 0 0 1 97 449 3 0 92864 95497

[15:31:51]	[Recv]	ct 3 5018537 1 2073308 -1 -1 0

[15:31:51]	[Recv]	su 3 5018537 1 2073308 0 10 11 4789 0 0 1 97 0 1 0 92864 95497

[15:31:51]	[Recv]	ct 2 4988603 3 5018538 -1 -1 0

[15:31:51]	[Recv]	su 2 4988603 2 4988603 0 12 11 8360 0 0 1 86 0 2 0 16796 19451

[15:31:51]	[Recv]	cond 2 4988592 0 0 15

[15:31:51]	[Send]	ptctl 5443 2 4988603 43 51 4988592 42 50 4988603 15
[15:31:51]	[Recv]	st 2 5017545 94 0 100 100 92062 184124 92062 184124 0

[15:31:51]	[Recv]	cond 1 2073308 0 0 20

[15:31:51]	[Recv]	cond 1 2073308 0 0 20

[15:31:51]	[Recv]	cond 2 4988603 0 0 15

[15:31:51]	[Recv]	cond 2 4988592 0 0 15

[15:31:51]	[Recv]	ct 3 5018541 2 4988592 -1 -1 0

[15:31:51]	[Recv]	su 3 5018541 2 4988592 0 10 11 4789 0 0 1 89 259 0 0 51549 57771

[15:31:51]	[Send]	ncif 3 5018539
[15:31:51]	[Recv]	st 3 5018539 99 0 100 100 100086 2828 100086 2828 0

[15:31:51]	[Recv]	sr 0

[15:31:51]	[Send]	u_s 0 3 5018539
[15:31:51]	[Send]	ptctl 5443 1 4988603 41 49 4988603 15
[15:31:51]	[Send]	suctl 5443 1 4988603 3 5018539
[15:31:52]	[Send]	ptctl 5443 1 4988592 41 45 4988592 15
[15:31:52]	[Recv]	cond 1 2073308 0 0 20

[15:31:52]	[Recv]	cond 1 2073308 0 0 20

[15:31:52]	[Recv]	ct 1 2073308 3 5018539 -1 -1 1114

[15:31:52]	[Recv]	rc 1 2073308 200 0

[15:31:52]	[Recv]	su 1 2073308 3 5018539 1114 7 11 4260 0 0 1 19 80889 3 0 19197 100086

[15:31:52]	[Recv]	cond 2 4988603 0 0 15

[15:31:52]	[Recv]	eff 2 4988603 5005

[15:31:52]	[Recv]	cond 2 4988592 0 0 15

[15:31:52]	[Send]	ptctl 5443 2 4988603 43 54 4988592 41 52 4988603 15
[15:31:52]	[Recv]	ct 2 4988603 3 5018539 -1 -1 0

[15:31:52]	[Recv]	su 2 4988603 3 5018539 0 12 11 8360 0 0 1 11 7612 0 0 11585 100086

[15:31:52]	[Recv]	cond 1 2073308 0 0 20

[15:31:52]	[Recv]	cond 1 2073308 0 0 20

[15:31:52]	[Send]	ncif 3 5018539
[15:31:52]	[Send]	ptctl 5443 1 4988592 41 47 4988592 15
[15:31:52]	[Recv]	cond 2 4988603 0 0 15

[15:31:52]	[Recv]	cond 2 4988592 0 0 15

[15:31:52]	[Send]	u_s 0 3 5018539
[15:31:52]	[Recv]	st 2 5017544 94 0 100 100 92062 184124 92062 184124 0

[15:31:52]	[Recv]	eff 2 5017544 7739

[15:31:52]	[Recv]	st 3 5018539 99 0 11 100 11585 2828 100086 2828 0

[15:31:52]	[Recv]	sr 0

[15:31:52]	[Recv]	cond 2 4988592 0 0 15

[15:31:53]	[Recv]	st 2 5017546 94 0 100 100 92062 184124 92062 184124 0

[15:31:53]	[Recv]	eff 2 5017546 7739

[15:31:53]	[Recv]	cond 1 2073308 0 0 20

[15:31:53]	[Recv]	cond 1 2073308 0 0 20

[15:31:53]	[Recv]	ct 1 2073308 3 5018539 -1 -1 1114

[15:31:53]	[Recv]	eff 1 2073308 15

[15:31:53]	[Recv]	rc 1 2073308 200 0

[15:31:53]	[Recv]	su 1 2073308 3 5018539 1114 7 11 4260 0 0 0 0 215751 3 0 0 100086

[15:31:53]	[Recv]	lev 99 0 99 0 2140719000 5991794 66990112 2 0 90 917705181 0

[15:31:53]	[Send]	suctl 5443 1 4988592 3 5018539
[15:31:53]	[Send]	ptctl 5443 1 4988603 41 50 4988603 15
[15:31:53]	[Send]	ptctl 5443 2 4988603 41 55 4988592 41 52 4988603 15
[15:31:53]	[Send]	suctl 5443 1 4988603 3 5018539
[15:31:53]	[Recv]	ct 3 5018537 2 4988592 -1 -1 0

[15:31:53]	[Recv]	su 3 5018537 2 4988592 0 10 11 4789 0 0 1 88 245 0 0 51304 57771

[15:31:53]	[Recv]	st 2 5017545 94 0 100 100 92062 184124 92062 184124 0

[15:31:53]	[Recv]	eff 2 5017545 7739

[15:31:53]	[Recv]	cond 2 4988460 0 0 9

[15:31:53]	[Recv]	petski 334 1831 1798

[15:31:53]	[Recv]	pet_cool2  0 0 0

[15:31:53]	[Recv]	pinit 2 2|4988603|0|94|@|-1|3206|1|2723|0|0 2|4988592|1|96|@|-1|1548|0|0|0|60

[15:31:53]	[Send]	ptctl 5443 2 4988603 42 55 4988592 41 53 4988603 15
[15:31:53]	[Recv]	out 2 4988544

[15:31:53]	[Recv]	out 2 4988614

[15:31:53]	[Recv]	out 2 4988615

[15:31:53]	[Recv]	sayi 1 2073308 20 22 3 1026 0 0 0

[15:31:53]	[Recv]	bf 1 2073308 0.1026.0 99

[15:31:53]	[Recv]	cond 2 4988603 0 0 15

[15:31:53]	[Send]	ptctl 5443 2 4988603 41 56 4988592 41 54 4988603 15
[15:31:53]	[Recv]	cond 1 2073308 0 0 20

[15:31:53]	[Recv]	cond 1 2073308 0 0 20

[15:31:53]	[Recv]	cond 2 4988603 0 0 15

[15:31:53]	[Recv]	cond 2 4988592 0 0 15

[15:31:53]	[Recv]	ct 3 5018541 2 4988592 -1 -1 0

[15:31:53]	[Recv]	su 3 5018541 2 4988592 0 10 11 4789 0 0 1 88 254 0 0 51050 57771

[15:31:53]	[Recv]	sr 0

[15:31:53]	[Recv]	cond 2 4988603 0 0 15

[15:31:53]	[Recv]	cond 2 4988592 0 0 15

[15:31:53]	[Send]	ptctl 5443 2 4988603 45 49 4988592 46 49 4988603 15
[15:31:53]	[Send]	ptctl 5443 2 4988603 46 51 4988592 45 49 4988603 15
[15:31:54]	[Send]	ncif 3 5018537
[15:31:54]	[Recv]	cond 2 4988603 0 0 15

[15:31:54]	[Recv]	cond 2 4988592 0 0 15

[15:31:54]	[Recv]	cond 1 2073308 0 0 20

[15:31:54]	[Recv]	cond 1 2073308 0 0 20

[15:31:54]	[Send]	ptctl 5443 2 4988603 47 50 4988592 47 51 4988603 15
[15:31:54]	[Recv]	cond 2 4988603 0 0 15

[15:31:54]	[Recv]	cond 2 4988592 0 0 15

[15:31:54]	[Send]	u_s 0 3 5018537
[15:31:54]	[Send]	ptctl 5443 1 4988592 43 47 4988592 15
[15:31:54]	[Recv]	cond 2 4988603 0 0 15

[15:31:54]	[Recv]	cond 2 4988592 0 0 15

[15:31:54]	[Recv]	cond 1 2073308 0 0 20

[15:31:54]	[Recv]	cond 1 2073308 0 0 20

[15:31:54]	[Recv]	st 3 5018537 99 0 100 100 100086 2828 100086 2828 0

[15:31:54]	[Recv]	sp 415750 1000000 0 10000

[15:31:54]	[Recv]	cond 1 2073308 0 0 20

[15:31:54]	[Recv]	cond 1 2073308 0 0 20

[15:31:54]	[Send]	ptctl 5443 1 4988603 46 51 4988603 15
[15:31:54]	[Send]	suctl 5443 1 4988603 3 5018537
[15:31:54]	[Recv]	cond 2 4988603 0 0 15

[15:31:54]	[Recv]	cond 2 4988592 0 0 15

[15:31:54]	[Recv]	st 2 5017544 94 0 100 100 92062 184124 92062 184124 0

[15:31:54]	[Recv]	cond 1 2073308 0 0 20

[15:31:54]	[Recv]	cond 1 2073308 0 0 20

[15:31:54]	[Send]	ptctl 5443 2 4988603 42 55 4988592 44 53 4988603 15
[15:31:55]	[Send]	ptctl 5443 1 4988603 42 54 4988603 15
[15:31:55]	[Recv]	st 2 5017546 94 0 100 100 92062 184124 92062 184124 0

[15:31:55]	[Recv]	ct 1 2073308 3 5018537 -1 -1 1114

[15:31:55]	[Recv]	bf 3 5018537 0.4110.80 99

[15:31:55]	[Recv]	eff 3 5018537 0

[15:31:55]	[Recv]	eff 1 2073308 15

[15:31:55]	[Recv]	rc 1 2073308 200 0

[15:31:55]	[Recv]	su 1 2073308 3 5018537 1114 7 11 4260 0 0 1 30 69767 0 0 30319 100086

[15:31:55]	[Recv]	in 3 2371 5018619 42 47 2 100 100 0 0 0 -1 0 0 -1 - 0 -1 0 0 0 0 0 0 0 0 0 0 0 0

[15:31:55]	[Recv]	guri 31 1 2073308 42 47

[15:31:55]	[Recv]	cond 2 4988592 0 0 15

[15:31:55]	[Send]	ncif 3 5018537
[15:31:55]	[Recv]	cond 2 4988603 0 0 15

[15:31:55]	[Recv]	eff 2 4988603 5005

[15:31:55]	[Send]	ptctl 5443 1 4988592 44 47 4988592 15
[15:31:55]	[Recv]	cond 2 4988603 0 0 15

[15:31:55]	[Recv]	cond 2 4988592 0 0 15

[15:31:55]	[Recv]	st 2 5017545 94 0 100 100 92062 184124 92062 184124 0

[15:31:55]	[Recv]	cond 2 4988603 0 0 15

[15:31:55]	[Recv]	st 3 5018537 99 0 30 100 30319 2828 100086 2828 0 4110.99

[15:31:55]	[Recv]	ct 2 4988603 3 5018537 -1 -1 0

[15:31:55]	[Recv]	eff 2 4988603 15

[15:31:55]	[Recv]	su 2 4988603 3 5018537 0 12 11 8360 0 0 1 16 14151 0 0 16168 100086

[15:31:55]	[Recv]	cond 2 4988592 0 0 15

[15:31:55]	[Send]	u_s 0 3 5018537
[15:31:55]	[Recv]	sr 0

[15:31:55]	[Recv]	guri 31 1 2073308 42 47

[15:31:55]	[Recv]	su 3 5018619 3 5018537 -1 0 -1 4260 -1 -1 1 1 34883 0 0

[15:31:55]	[Recv]	die 3 5018619 3 5018619

[15:31:55]	[Recv]	ct 1 2073308 3 5018537 -1 -1 1114

[15:31:55]	[Recv]	rc 1 2073308 200 0

[15:31:55]	[Recv]	su 1 2073308 3 5018537 1114 7 11 4260 0 0 0 0 18995 3 0 0 100086

[15:31:55]	[Recv]	in 3 2371 5018629 49 53 2 100 100 0 0 0 -1 0 0 -1 - 0 -1 0 0 0 0 0 0 0 0 0 0 0 0

[15:31:55]	[Recv]	guri 31 1 2073308 49 53

[15:31:55]	[Recv]	lev 99 0 99 0 2140719000 5991794 66990112 2 0 90 917705181 0

[15:31:56]	[Send]	suctl 5443 1 4988592 3 5018537
[15:31:56]	[Recv]	ct 3 5018541 2 4988592 -1 -1 0

[15:31:56]	[Recv]	su 3 5018541 2 4988592 0 10 11 4789 0 0 1 88 0 1 0 51050 57771

[15:31:56]	[Send]	ncif 3 5018535
[15:31:56]	[Send]	suctl 5443 1 4988603 3 5018537
[15:31:56]	[Recv]	sc_p 170 1548 4988592 96 627 24092654 0 0 1889 2049 1289 19 90 9 975 627 958 627 866 3 90 90 110 80 51050 57771 18100 18100 1 84982200 0 @ 0 0 6 60 1831 1798 0 100

[15:31:56]	[Recv]	st 3 5018535 99 0 100 100 100086 2828 100086 2828 0

[15:31:56]	[Send]	ptctl 5443 2 4988603 47 54 4988592 47 51 4988603 15
[15:31:56]	[Recv]	cond 1 2073308 0 0 20

[15:31:56]	[Recv]	sayi 1 2073308 20 22 3 4254 0 0 0

[15:31:56]	[Recv]	bf 1 2073308 0.4254.0 99

[15:31:56]	[Recv]	cond 1 2073308 0 0 20

[15:31:56]	[Recv]	cond 1 2073308 0 0 20

[15:31:56]	[Recv]	sr 0

[15:31:56]	[Recv]	cond 2 4988603 0 0 15

[15:31:56]	[Recv]	cond 2 4988592 0 0 15

[15:31:56]	[Send]	u_s 0 3 5018535
[15:31:56]	[Recv]	cond 1 2073308 0 0 20

[15:31:56]	[Recv]	cond 1 2073308 0 0 20

[15:31:56]	[Recv]	die 3 5018629 3 5018629

[15:31:56]	[Recv]	st 2 5017544 94 0 100 100 92062 184124 92062 184124 0

[15:31:56]	[Recv]	ct 1 2073308 3 5018535 -1 -1 1114

[15:31:56]	[Recv]	bf 3 5018535 0.4110.80 99

[15:31:56]	[Recv]	eff 3 5018535 0

[15:31:56]	[Recv]	eff 1 2073308 15

[15:31:56]	[Recv]	rc 1 2073308 200 0

[15:31:56]	[Recv]	su 1 2073308 3 5018535 1114 7 11 4260 0 0 0 0 210516 3 0 0 100086

[15:31:56]	[Recv]	in 3 2371 5018636 43 48 2 100 100 0 0 0 -1 0 0 -1 - 0 -1 0 0 0 0 0 0 0 0 0 0 0 0

[15:31:56]	[Recv]	guri 31 1 2073308 43 48

[15:31:56]	[Recv]	lev 99 0 99 0 2140719000 5991794 66990112 2 0 90 917705181 0

[15:31:57]	[Recv]	st 2 5017546 94 0 100 100 92062 184124 92062 184124 0

[15:31:57]	[Send]	ptctl 5443 2 4988603 46 56 4988592 46 54 4988603 15
[15:31:57]	[Recv]	cond 1 2073308 0 0 20

[15:31:57]	[Recv]	cond 1 2073308 0 0 20

[15:31:57]	[Recv]	cond 2 4988603 0 0 15

[15:31:57]	[Recv]	cond 2 4988592 0 0 15

[15:31:57]	[Send]	ptctl 5443 2 4988603 41 55 4988592 43 55 4988603 15
[15:31:57]	[Recv]	st 2 5017545 94 0 100 100 92062 184124 92062 184124 0

[15:31:57]	[Recv]	cond 1 2073308 0 0 20

[15:31:57]	[Recv]	cond 1 2073308 0 0 20

[15:31:57]	[Send]	ncif 3 5018541
[15:31:57]	[Recv]	cond 2 4988603 0 0 15

[15:31:57]	[Recv]	cond 2 4988592 0 0 15

[15:31:57]	[Recv]	sr 0

[15:31:57]	[Recv]	st 3 5018541 99 0 100 100 100086 2828 100086 2828 0

[15:31:57]	[Send]	ptctl 5443 1 4988592 44 49 4988592 15
[15:31:57]	[Send]	u_s 0 3 5018541
[15:31:57]	[Recv]	die 3 5018636 3 5018636

[15:31:57]	[Recv]	eff 2 5017544 7739

[15:31:57]	[Recv]	cond 2 4988592 0 0 15

[15:31:57]	[Send]	ptctl 5443 1 4988603 43 56 4988603 15
[15:31:57]	[Send]	suctl 5443 1 4988603 3 5018541
[15:31:57]	[Recv]	cond 1 2073308 0 0 20

[15:31:57]	[Recv]	cond 1 2073308 0 0 20

[15:31:58]	[Recv]	eff 2 5017546 7739

[15:31:58]	[Recv]	ct 1 2073308 3 5018541 -1 -1 1114

[15:31:58]	[Recv]	su 1 2073308 3 5018541 1114 7 11 4260 0 0 1 100 0 4 0 100086 100086

[15:31:58]	[Recv]	cond 2 4988603 0 0 15

[15:31:58]	[Recv]	eff 2 4988603 5005

[15:31:58]	[Send]	ptctl 5443 2 4988603 39 52 4988592 40 53 4988603 15
[15:31:58]	[Recv]	sayi 1 2073308 20 22 3 4126 0 0 0

[15:31:58]	[Recv]	bf 1 2073308 0.4126.0 99

[15:31:58]	[Recv]	cond 1 2073308 0 0 20

[15:31:58]	[Recv]	cond 1 2073308 0 0 20

[15:31:58]	[Send]	ptctl 5443 1 4988603 40 53 4988603 15
[15:31:58]	[Recv]	eff 2 5017545 7739

[15:31:58]	[Recv]	cond 2 4988603 0 0 15

[15:31:58]	[Recv]	cond 2 4988592 0 0 15

[15:31:58]	[Send]	ncif 3 5018541
[15:31:58]	[Recv]	cond 2 4988603 0 0 15

[15:31:58]	[Send]	ptctl 5443 1 4988603 38 53 4988603 15
[15:31:58]	[Recv]	ct 2 4988603 3 5018541 -1 -1 0

[15:31:58]	[Recv]	su 2 4988603 3 5018541 0 12 11 8360 0 0 1 92 7648 0 0 92438 100086

[15:31:58]	[Recv]	st 3 5018541 99 0 92 100 92438 2828 100086 2828 0

[15:31:58]	[Send]	ptctl 5443 1 4988592 43 50 4988592 15
[15:31:58]	[Recv]	cond 2 4988603 0 0 15

[15:31:58]	[Send]	u_s 0 3 5018541
[15:31:58]	[Recv]	st 2 5017544 94 0 100 100 92062 184124 92062 184124 0

[15:31:58]	[Recv]	sr 0

[15:31:58]	[Recv]	sr 8

[15:31:58]	[Recv]	cond 2 4988592 0 0 15

[15:31:58]	[Recv]	cond 1 2073308 0 0 20

[15:31:58]	[Recv]	cond 1 2073308 0 0 20

[15:31:59]	[Recv]	st 2 5017546 94 0 100 100 92062 184124 92062 184124 0

[15:31:59]	[Send]	suctl 5443 1 4988592 3 5018541
[15:31:59]	[Recv]	ct 1 2073308 3 5018541 -1 -1 1114

[15:31:59]	[Recv]	rc 1 2073308 200 0

[15:31:59]	[Recv]	su 1 2073308 3 5018541 1114 7 11 4260 0 0 1 75 17275 0 0 75163 100086

[15:31:59]	[Recv]	eff 2 4988592 5005

[15:31:59]	[Send]	ptctl 5443 2 4988603 37 56 4988592 39 52 4988603 15
[15:31:59]	[Recv]	cond 1 2073308 0 0 20

[15:31:59]	[Recv]	cond 1 2073308 0 0 20

[15:31:59]	[Send]	ptctl 5443 2 4988603 38 54 4988592 39 54 4988603 15
[15:31:59]	[Recv]	ct 2 4988592 3 5018541 -1 -1 0

[15:31:59]	[Recv]	su 2 4988592 3 5018541 0 10 11 0 0 0 1 75 0 1 0 75163 100086

[15:31:59]	[Recv]	st 2 5017545 94 0 100 100 92062 184124 92062 184124 0

[15:31:59]	[Recv]	cond 2 4988603 0 0 15

[15:31:59]	[Recv]	cond 2 4988592 0 0 15

[15:31:59]	[Send]	ptctl 5443 1 4988603 37 54 4988603 15
[15:31:59]	[Send]	ncif 3 5018541
[15:31:59]	[Recv]	cond 1 2073308 0 0 20

[15:31:59]	[Recv]	cond 1 2073308 0 0 20

[15:31:59]	[Recv]	sp 415740 1000000 0 10000

[15:31:59]	[Recv]	cond 2 4988603 0 0 15

[15:31:59]	[Recv]	cond 2 4988592 0 0 15

[15:31:59]	[Send]	ptctl 5443 1 4988603 39 54 4988603 15
[15:31:59]	[Send]	suctl 5443 1 4988603 3 5018541
[15:31:59]	[Recv]	cond 2 4988603 0 0 15

[15:31:59]	[Send]	u_s 0 3 5018541
[15:31:59]	[Recv]	ct 3 5018541 2 4988592 -1 -1 0

[15:31:59]	[Recv]	su 3 5018541 2 4988592 0 10 11 4789 0 0 1 88 257 0 0 50793 57771

[15:31:59]	[Recv]	sr 0

[15:31:59]	[Recv]	st 3 5018541 99 0 75 100 75163 2828 100086 2828 0

[15:31:59]	[Recv]	cond 2 4988603 0 0 15

[15:32:00]	[Recv]	eff 2 4988603 5005

[15:32:00]	[Recv]	cond 1 2073308 0 0 20

[15:32:00]	[Recv]	cond 1 2073308 0 0 20

[15:32:00]	[Send]	ptctl 5443 1 4988592 42 50 4988592 15
[15:32:00]	[Send]	suctl 5443 1 4988592 3 5018541
[15:32:00]	[Send]	ptctl 5443 2 4988603 39 52 4988592 38 54 4988603 15
[15:32:00]	[Recv]	ct 1 2073308 3 5018541 -1 -1 1114

[15:32:00]	[Recv]	rc 1 2073308 200 0

[15:32:00]	[Recv]	su 1 2073308 3 5018541 1114 7 11 4260 0 0 1 47 28020 0 0 47143 100086

[15:32:00]	[Recv]	cond 2 4988592 0 0 15

[15:32:00]	[Recv]	ct 2 4988603 3 5018541 -1 -1 0

[15:32:00]	[Recv]	eff 2 4988603 15

[15:32:00]	[Recv]	su 2 4988603 3 5018541 0 12 11 8360 0 0 1 33 13271 0 0 33872 100086

[15:32:00]	[Recv]	eff 2 4988592 5005

[15:32:00]	[Send]	ptctl 5443 2 4988603 37 52 4988592 39 54 4988603 15
[15:32:00]	[Send]	ncif 3 5018541
[15:32:00]	[Recv]	cond 2 4988603 0 0 15

[15:32:00]	[Recv]	cond 2 4988592 0 0 15

[15:32:00]	[Recv]	in 3 688 5018650 6 43 0 100 100 0 0 0 -1 0 0 -1 - 0 -1 0 0 0 0 0 0 0 0 0 0 0 0

[15:32:00]	[Recv]	msgi 0 679 0 0 0 0 0

[15:32:00]	[Recv]	in 3 760 5018651 7 40 1 100 100 0 0 0 -1 0 0 -1 - 0 -1 0 0 0 0 0 0 0 0 0 0 0 0

[15:32:00]	[Recv]	msgi 0 679 0 0 0 0 0

[15:32:00]	[Recv]	in 3 726 5018652 7 42 3 100 100 0 0 0 -1 0 0 -1 - 0 -1 0 0 0 0 0 0 0 0 0 0 0 0

[15:32:00]	[Recv]	msgi 0 679 0 0 0 0 0

[15:32:00]	[Recv]	in 3 688 5018653 7 43 0 100 100 0 0 0 -1 0 0 -1 - 0 -1 0 0 0 0 0 0 0 0 0 0 0 0

[15:32:00]	[Recv]	msgi 0 679 0 0 0 0 0

[15:32:00]	[Recv]	in 3 688 5018654 8 43 1 100 100 0 0 0 -1 0 0 -1 - 0 -1 0 0 0 0 0 0 0 0 0 0 0 0

[15:32:00]	[Recv]	msgi 0 679 0 0 0 0 0

[15:32:00]	[Recv]	in 3 708 5018655 39 5 7 100 100 0 0 0 -1 0 0 -1 - 0 -1 0 0 0 0 0 0 0 0 0 0 0 0

[15:32:00]	[Recv]	msgi 0 679 0 0 0 0 0

[15:32:00]	[Recv]	in 3 700 5018656 39 6 0 100 100 0 0 0 -1 0 0 -1 - 0 -1 0 0 0 0 0 0 0 0 0 0 0 0

[15:32:00]	[Recv]	msgi 0 679 0 0 0 0 0

[15:32:00]	[Recv]	in 3 708 5018657 40 5 1 100 100 0 0 0 -1 0 0 -1 - 0 -1 0 0 0 0 0 0 0 0 0 0 0 0

[15:32:00]	[Recv]	msgi 0 679 0 0 0 0 0

[15:32:00]	[Recv]	in 3 700 5018658 40 6 6 100 100 0 0 0 -1 0 0 -1 - 0 -1 0 0 0 0 0 0 0 0 0 0 0 0

[15:32:00]	[Recv]	msgi 0 679 0 0 0 0 0

[15:32:00]	[Recv]	in 3 726 5018659 41 5 2 100 100 0 0 0 -1 0 0 -1 - 0 -1 0 0 0 0 0 0 0 0 0 0 0 0

[15:32:00]	[Recv]	msgi 0 679 0 0 0 0 0

[15:32:00]	[Recv]	in 3 700 5018660 41 6 5 100 100 0 0 0 -1 0 0 -1 - 0 -1 0 0 0 0 0 0 0 0 0 0 0 0

[15:32:00]	[Recv]	msgi 0 679 0 0 0 0 0

[15:32:00]	[Recv]	in 3 760 5018661 42 5 0 100 100 0 0 0 -1 0 0 -1 - 0 -1 0 0 0 0 0 0 0 0 0 0 0 0

[15:32:00]	[Recv]	msgi 0 679 0 0 0 0 0

[15:32:00]	[Recv]	in 3 700 5018662 42 6 3 100 100 0 0 0 -1 0 0 -1 - 0 -1 0 0 0 0 0 0 0 0 0 0 0 0

[15:32:00]	[Recv]	msgi 0 679 0 0 0 0 0

[15:32:00]	[Recv]	in 3 760 5018663 71 42 5 100 100 0 0 0 -1 0 0 -1 - 0 -1 0 0 0 0 0 0 0 0 0 0 0 0

[15:32:00]	[Recv]	msgi 0 679 0 0 0 0 0

[15:32:00]	[Recv]	in 3 688 5018664 71 45 2 100 100 0 0 0 -1 0 0 -1 - 0 -1 0 0 0 0 0 0 0 0 0 0 0 0

[15:32:00]	[Recv]	msgi 0 679 0 0 0 0 0

[15:32:00]	[Recv]	in 3 726 5018665 72 44 6 100 100 0 0 0 -1 0 0 -1 - 0 -1 0 0 0 0 0 0 0 0 0 0 0 0

[15:32:00]	[Recv]	msgi 0 679 0 0 0 0 0

[15:32:00]	[Recv]	in 3 688 5018666 72 45 5 100 100 0 0 0 -1 0 0 -1 - 0 -1 0 0 0 0 0 0 0 0 0 0 0 0

[15:32:00]	[Recv]	msgi 0 679 0 0 0 0 0

[15:32:00]	[Recv]	in 3 688 5018667 74 45 7 100 100 0 0 0 -1 0 0 -1 - 0 -1 0 0 0 0 0 0 0 0 0 0 0 0

[15:32:00]	[Recv]	msgi 0 679 0 0 0 0 0

[15:32:00]	[Recv]	eff 3 5018665 5000

[15:32:00]	[Recv]	eff 3 5018662 5000

[15:32:00]	[Recv]	eff 3 5018659 5000

[15:32:00]	[Recv]	eff 3 5018656 5000

[15:32:00]	[Recv]	eff 3 5018653 5000

[15:32:00]	[Recv]	eff 3 5018650 5000

[15:32:00]	[Recv]	cond 1 2073308 0 0 20

[15:32:00]	[Recv]	cond 1 2073308 0 0 20

[15:32:00]	[Recv]	cond 2 4988603 0 0 15

[15:32:00]	[Recv]	cond 2 4988592 0 0 15

[15:32:00]	[Recv]	ct 2 4988592 3 5018541 -1 -1 0

[15:32:00]	[Recv]	su 2 4988592 3 5018541 0 3 11 0 0 0 1 21 12479 0 0 21393 100086

[15:32:00]	[Recv]	st 2 5017544 94 0 100 100 92062 184124 92062 184124 0

[15:32:00]	[Recv]	st 3 5018541 99 0 21 100 21393 2828 100086 2828 0

[15:32:00]	[Send]	u_s 0 3 5018541
[15:32:01]	[Send]	ptctl 5443 1 4988603 39 52 4988603 15
[15:32:01]	[Send]	suctl 5443 1 4988603 3 5018541
[15:32:01]	[Recv]	st 2 5017546 94 0 100 100 92062 184124 92062 184124 0

[15:32:01]	[Recv]	sr 0

[15:32:01]	[Recv]	cond 1 2073308 0 0 20

[15:32:01]	[Recv]	cond 1 2073308 0 0 20

[15:32:01]	[Recv]	ct 1 2073308 3 5018541 -1 -1 1114

[15:32:01]	[Recv]	eff 1 2073308 15

[15:32:01]	[Recv]	rc 1 2073308 200 0

[15:32:01]	[Recv]	su 1 2073308 3 5018541 1114 7 11 4260 0 0 0 0 63069 0 0 0 100086

[15:32:01]	[Recv]	lev 99 0 99 0 2140719000 5991794 66990112 2 0 90 917705181 0

[15:32:01]	[Recv]	cond 1 2073308 0 0 20

[15:32:01]	[Recv]	bf 1 2073308 0.4254.80 99

[15:32:01]	[Recv]	sayi 1 2073308 20 26 3 4254 0 0 0

[15:32:01]	[Recv]	sayi 1 2073308 20 23 3 4254 0 0 0

[15:32:01]	[Recv]	cond 2 4988603 0 0 15

[15:32:01]	[Send]	ptctl 5443 1 4988592 41 51 4988592 15
[15:32:01]	[Send]	ptctl 5443 2 4988603 44 52 4988592 45 53 4988603 15
[15:32:01]	[Recv]	st 2 5017545 94 0 100 100 92062 184124 92062 184124 0

[15:32:01]	[Recv]	cond 2 4988592 0 0 15

[15:32:01]	[Recv]	cond 1 2073308 0 0 20

[15:32:01]	[Recv]	cond 1 2073308 0 0 20

[15:32:01]	[Send]	ptctl 5443 1 4988603 45 52 4988603 15
[15:32:01]	[Recv]	cond 2 4988603 0 0 15

[15:32:01]	[Recv]	cond 2 4988592 0 0 15

[15:32:01]	[Send]	ptctl 5443 2 4988603 46 52 4988592 46 53 4988603 15
[15:32:01]	[Recv]	cond 1 2073308 0 0 20

[15:32:01]	[Recv]	cond 1 2073308 0 0 20

[15:32:01]	[Recv]	cond 2 4988603 0 0 15

[15:32:01]	[Recv]	sr 0

[15:32:01]	[Recv]	cond 2 4988603 0 0 15

[15:32:01]	[Recv]	cond 2 4988592 0 0 15

[15:32:02]	[Recv]	team_cool 4 0

[15:32:02]	[Send]	ptctl 5443 1 4988603 51 54 4988603 15
[15:32:02]	[Recv]	cond 2 4988603 0 0 15

[15:32:02]	[Send]	ptctl 5443 1 4988592 51 54 4988592 15
[15:32:02]	[Recv]	st 2 5017544 94 0 100 100 92062 184124 92062 184124 0

[15:32:02]	[Recv]	eff 2 5017544 7739

[15:32:02]	[Recv]	cond 2 4988592 0 0 15

[15:32:02]	[Send]	u_ts 776 26 48
[15:32:02]	[Send]	ptctl 5443 2 4988603 51 53 4988592 51 53 4988603 15
[15:32:03]	[Recv]	st 2 5017546 94 0 100 100 92062 184124 92062 184124 0

[15:32:03]	[Recv]	eff 2 5017546 7739

[15:32:03]	[Recv]	cond 1 2073308 0 0 20

[15:32:03]	[Recv]	cond 1 2073308 0 0 20

[15:32:03]	[Recv]	in 2 754 4988552 25 47 2 100 100 0 0 3 2073308 0 0 -1 @ 2 -1 0 0 0 0 0 0 0 0 0 0 10 2

[15:32:03]	[Recv]	ctl 2 4988552 0 1

[15:32:03]	[Recv]	in 2 668 4988542 24 50 2 100 100 0 0 3 2073308 0 0 -1 @ 2 -1 0 0 0 0 0 0 0 0 0 0 9 3

[15:32:03]	[Recv]	ctl 2 4988542 0 1

[15:32:03]	[Recv]	in 2 478 4988518 26 47 2 100 100 0 0 3 2073308 0 0 -1 @ 2 -1 0 0 0 0 0 0 0 0 0 0 11 2

[15:32:03]	[Recv]	ctl 2 4988518 0 1

[15:32:03]	[Recv]	in 2 181 4988472 28 49 2 100 100 0 0 3 2073308 0 0 -1 @ 2 -1 0 0 0 0 0 0 0 0 0 0 12 2

[15:32:03]	[Recv]	ctl 2 4988472 0 1

[15:32:03]	[Recv]	bf 1 2073308 0.1027.200 99

[15:32:03]	[Recv]	sayi 1 2073308 20 26 3 1027 0 0 0

[15:32:03]	[Recv]	team_cool 2 900

[15:32:03]	[Send]	ptctl 5443 2 4988603 55 52 4988592 55 53 4988603 15
[15:32:03]	[Recv]	ct 2 4988542 3 5018050 -1 -1 0

[15:32:03]	[Recv]	su 2 4988542 2 4988542 0 10 11 4755 0 0 1 100 0 2 0 16600 16600

[15:32:03]	[Recv]	cond 2 4988603 0 0 15

[15:32:03]	[Recv]	cond 2 4988592 0 0 15

[15:32:03]	[Recv]	cond 1 2073308 0 0 20

[15:32:03]	[Recv]	cond 1 2073308 0 0 20

[15:32:03]	[Recv]	st 2 5017545 94 0 100 100 92062 184124 92062 184124 0

[15:32:03]	[Recv]	eff 2 5017545 7739

[15:32:03]	[Recv]	cond 1 2073308 0 0 20

[15:32:03]	[Recv]	cond 1 2073308 0 0 20

[15:32:03]	[Recv]	cond 2 4988603 0 0 15

[15:32:03]	[Recv]	cond 2 4988592 0 0 15

[15:32:03]	[Send]	ptctl 5443 2 4988603 58 51 4988592 57 53 4988603 15
[15:32:03]	[Recv]	cond 1 2073308 0 0 20

[15:32:03]	[Recv]	cond 1 2073308 0 0 20

[15:32:03]	[Send]	ptctl 5443 2 4988603 58 50 4988592 59 53 4988603 15
[15:32:03]	[Recv]	cond 2 4988603 0 0 15

[15:32:03]	[Recv]	cond 2 4988592 0 0 15

[15:32:04]	[Recv]	cond 1 2073308 0 0 20

[15:32:04]	[Recv]	cond 1 2073308 0 0 20

[15:32:04]	[Recv]	team_cool 0 0

[15:32:04]	[Recv]	cond 2 4988603 0 0 15

[15:32:04]	[Recv]	cond 2 4988592 0 0 15

[15:32:04]	[Send]	ncif 3 5018665
[15:32:04]	[Recv]	ct 3 5018665 1 2073308 -1 -1 0

[15:32:04]	[Recv]	su 3 5018665 1 2073308 0 10 11 7174 0 0 1 98 448 0 0 94016 95497

[15:32:04]	[Recv]	sr 5

[15:32:04]	[Recv]	st 3 5018665 99 0 100 100 67711 2828 67711 2828 0

[15:32:04]	[Send]	ptctl 5443 1 4988592 61 51 4988592 15
[15:32:04]	[Send]	u_s 1 3 5018665
[15:32:04]	[Send]	suctl 5443 1 4988603 3 5018665
[15:32:04]	[Recv]	cond 2 4988592 0 0 15

[15:32:04]	[Recv]	sp 415730 1000000 0 10000

[15:32:04]	[Recv]	cond 1 2073308 0 0 20

[15:32:04]	[Recv]	cond 1 2073308 0 0 20

[15:32:04]	[Recv]	ms_c 0

[15:32:04]	[Recv]	qslot 0 1.1.1 1.1.2 1.1.3 1.1.4 1.1.5 1.1.6 1.1.7 1.1.9 1.1.8 1.1.10 0.1.45 0.2.21 0.1.76 1.1.38 1.3.12 0.1.34 0.1.87 0.-1.-1 0.1.84 0.1.43 1.3.11 1.1.42 1.1.41 1.3.976 0.-1.-1 0.1.70 0.2.143 0.2.25 0.2.27 0.2.26

[15:32:04]	[Recv]	qslot 1 0.-1.-1 0.-1.-1 0.-1.-1 0.-1.-1 0.-1.-1 0.-1.-1 0.-1.-1 0.-1.-1 0.-1.-1 0.-1.-1 0.1.-1 0.1.-1 1.1.41 1.1.42 0.-1.-1 7.7.-1 7.7.-1 7.7.-1 7.7.-1 0.-1.-1 0.-1.-1 0.-1.-1 0.-1.-1 0.-1.-1 0.-1.-1 0.-1.-1 0.-1.-1 0.-1.-1 0.-1.-1 0.-1.-1

[15:32:04]	[Recv]	sc_p 63 478 4988518 60 2989 0 0 0 639 803 452 17 150 0 295 341 336 341 287 2 24 36 49 27 21388 21388 3531 3531 0 1371320 0 @ 0 11 2 20 1811 1818 0 500

[15:32:04]	[Recv]	st 2 5017544 94 0 100 100 92062 184124 92062 184124 0

[15:32:04]	[Recv]	ct 1 2073308 3 5018665 14 4263 1115

[15:32:04]	[Recv]	eff 2 4988603 5005

[15:32:05]	[Recv]	eff 3 5018651 4799

[15:32:05]	[Recv]	st 2 5017546 94 0 100 100 92062 184124 92062 184124 0

[15:32:05]	[Recv]	su 1 2073308 3 5018665 1115 70 12 4264 0 0 1 100 0 4 0 67711 67711

[15:32:05]	[Recv]	eff 1 2073308 15

[15:32:05]	[Recv]	su 1 2073308 3 5018663 1115 70 12 4264 0 0 0 0 236558 6 0 0 12526

[15:32:05]	[Recv]	lev 99 0 99 0 2140719000 5991794 66990112 2 0 90 917705181 0

[15:32:05]	[Recv]	mslot 1127 -1

[15:32:05]	[Recv]	qset 0 0 1.1.13.0

[15:32:05]	[Send]	ncif 3 5018665
[15:32:05]	[Recv]	eff 3 5018661 4799

[15:32:05]	[Recv]	ct 2 4988603 3 5018665 -1 -1 0

[15:32:05]	[Recv]	su 2 4988603 3 5018665 0 12 11 8360 0 0 1 75 16496 0 0 51215 67711

[15:32:05]	[Send]	ptctl 5443 1 4988592 65 47 4988592 15
[15:32:05]	[Recv]	st 3 5018665 99 0 75 100 51215 2828 67711 2828 0

[15:32:05]	[Send]	u_s 13 3 5018665
[15:32:05]	[Recv]	st 2 5017545 94 0 100 100 92062 184124 92062 184124 0

[15:32:05]	[Recv]	cond 2 4988592 0 0 15

[15:32:05]	[Recv]	ms_c 0

[15:32:05]	[Recv]	qslot 0 1.1.1 1.1.2 1.1.3 1.1.4 1.1.5 1.1.6 1.1.7 1.1.9 1.1.8 1.1.10 0.1.45 0.2.21 0.1.76 1.1.38 1.3.12 0.1.34 0.1.87 0.-1.-1 0.1.84 0.1.43 1.3.11 1.1.42 1.1.41 1.3.976 0.-1.-1 0.1.70 0.2.143 0.2.25 0.2.27 0.2.26

[15:32:05]	[Recv]	qslot 1 0.-1.-1 0.-1.-1 0.-1.-1 0.-1.-1 0.-1.-1 0.-1.-1 0.-1.-1 0.-1.-1 0.-1.-1 0.-1.-1 0.1.-1 0.1.-1 1.1.41 1.1.42 0.-1.-1 7.7.-1 7.7.-1 7.7.-1 7.7.-1 0.-1.-1 0.-1.-1 0.-1.-1 0.-1.-1 0.-1.-1 0.-1.-1 0.-1.-1 0.-1.-1 0.-1.-1 0.-1.-1 0.-1.-1

[15:32:05]	[Recv]	ct 1 2073308 3 5018665 -1 -1 1127

[15:32:05]	[Recv]	su 1 2073308 3 5018665 1127 100 22 4284 0 0 1 75 0 4 0 51215 67711

[15:32:05]	[Send]	ptctl 5443 2 4988603 57 55 4988592 58 51 4988603 15
[15:32:05]	[Recv]	ct 2 4988518 3 5018653 -1 -1 0

[15:32:05]	[Recv]	su 2 4988518 3 5018653 0 9 11 4720 0 0 1 100 0 1 0 12526 12526

[15:32:05]	[Recv]	cond 1 2073308 0 0 20

[15:32:05]	[Recv]	cond 1 2073308 0 0 20

[15:32:05]	[Recv]	cond 2 4988603 0 0 15

[15:32:05]	[Recv]	cond 2 4988592 0 0 15

[15:32:06]	[Send]	ptctl 5443 1 4988603 58 51 4988603 15
[15:32:06]	[Send]	suctl 5443 1 4988603 3 5018665
[15:32:06]	[Send]	ptctl 5443 1 4988592 65 47 4988592 15
[15:32:06]	[Recv]	cond 2 4988603 0 0 15

[15:32:06]	[Send]	u_s 0 3 5018665
[15:32:06]	[Recv]	ct 3 5018653 2 4988518 -1 -1 0

[15:32:06]	[Recv]	su 3 5018653 2 4988518 0 5 11 0 0 0 1 100 0 1 0 21388 21388

[15:32:06]	[Recv]	sc_p 170 1548 4988592 96 626 24093074 0 0 1889 2049 1289 19 90 9 975 627 958 627 866 3 90 90 110 80 50793 57771 18100 18100 1 84982200 0 @ 0 0 6 60 1831 1798 0 100

[15:32:06]	[Recv]	eff 2 4988603 5005

[15:32:06]	[Send]	ncif 3 5018665
[15:32:06]	[Recv]	cond 2 4988592 0 0 15

[15:32:06]	[Recv]	ct 3 5018665 2 4988603 -1 -1 0

[15:32:06]	[Recv]	su 3 5018665 2 4988603 0 10 11 7174 0 0 1 85 141 0 0 16655 19451

[15:32:06]	[Recv]	cond 1 2073308 0 0 20

[15:32:06]	[Recv]	cond 1 2073308 0 0 20

[15:32:06]	[Send]	ptctl 5443 2 4988603 56 54 4988592 60 54 4988603 15
[15:32:06]	[Recv]	ct 2 4988603 3 5018665 -1 -1 0

[15:32:06]	[Recv]	su 2 4988603 3 5018665 0 12 11 8360 0 0 1 51 16423 0 0 34792 67711

[15:32:06]	[Recv]	ct 1 2073308 3 5018665 -1 -1 1114

[15:32:06]	[Recv]	rc 1 2073308 200 0

[15:32:06]	[Recv]	su 1 2073308 3 5018665 1114 7 11 4260 0 0 0 0 100196 3 0 0 67711

[15:32:06]	[Recv]	lev 99 0 99 0 2140719000 5991794 66990112 2 0 90 917705181 0

[15:32:06]	[Send]	ptctl 5443 2 4988603 56 56 4988592 58 54 4988603 15
[15:32:06]	[Recv]	cond 2 4988603 0 0 15

[15:32:06]	[Recv]	cond 2 4988592 0 0 15

[15:32:06]	[Recv]	st 2 5017544 94 0 100 100 92062 184124 92062 184124 0

[15:32:06]	[Recv]	cond 1 2073308 0 0 20

[15:32:06]	[Recv]	cond 1 2073308 0 0 20

[15:32:06]	[Recv]	cond 2 4988603 0 0 15

[15:32:06]	[Recv]	cond 2 4988592 0 0 15

[15:32:07]	[Recv]	st 2 5017546 94 0 100 100 92062 184124 92062 184124 0

[15:32:07]	[Send]	ncif 3 5018666
[15:32:07]	[Recv]	st 3 5018666 99 0 100 100 12526 2828 12526 2828 0

[15:32:07]	[Recv]	sr 0

[15:32:07]	[Send]	ptctl 5443 1 4988603 58 52 4988603 15
[15:32:07]	[Send]	suctl 5443 1 4988603 3 5018666
[15:32:07]	[Send]	u_s 0 3 5018666
[15:32:07]	[Recv]	ct 3 5018653 2 4988518 -1 -1 0

[15:32:07]	[Recv]	su 3 5018653 2 4988518 0 5 11 0 0 0 1 96 835 0 0 20553 21388

[15:32:07]	[Recv]	st 2 5017545 94 0 100 100 92062 184124 92062 184124 0

[15:32:07]	[Send]	suctl 5443 1 4988592 3 5018666
[15:32:07]	[Recv]	cond 2 4988603 0 0 15

[15:32:07]	[Recv]	ct 2 4988472 3 5018652 -1 -1 0

[15:32:07]	[Recv]	su 2 4988472 3 5018652 0 9 11 1006 0 0 1 100 0 1 0 67711 67711

[15:32:07]	[Recv]	eff 2 4988603 5005

[15:32:07]	[Recv]	cond 1 2073308 0 0 20

[15:32:07]	[Recv]	cond 1 2073308 0 0 20

[15:32:07]	[Recv]	ct 2 4988518 3 5018653 10 -1 509

[15:32:07]	[Recv]	eff 2 5017544 7739

[15:32:07]	[Recv]	ct 1 2073308 3 5018666 -1 -1 1114

[15:32:07]	[Recv]	eff 1 2073308 15

[15:32:07]	[Recv]	rc 1 2073308 200 0

[15:32:07]	[Recv]	su 1 2073308 3 5018666 1114 7 11 4260 0 0 0 0 80254 0 0 0 12526

[15:32:07]	[Recv]	lev 99 0 99 0 2140719000 5991794 66990112 2 0 90 917705181 0

[15:32:08]	[Recv]	su 2 4988518 3 5018653 509 10 12 4721 0 0 1 74 3154 0 0 9372 12526

[15:32:08]	[Recv]	ct 2 4988542 3 5018650 -1 -1 0

[15:32:08]	[Recv]	su 2 4988542 3 5018650 0 10 11 4755 0 0 1 100 0 1 0 12526 12526

[15:32:08]	[Recv]	ct 2 4988603 3 5018666 -1 -1 0

[15:32:08]	[Recv]	su 2 4988603 2 4988603 0 12 11 8360 0 0 1 85 0 2 0 16655 19451

[15:32:08]	[Recv]	eff 2 5017546 7739

[15:32:08]	[Send]	ptctl 5443 2 4988603 53 52 4988592 53 54 4988603 15
[15:32:08]	[Recv]	cond 1 2073308 0 0 20

[15:32:08]	[Recv]	cond 1 2073308 0 0 20

[15:32:08]	[Send]	ncif 3 5018666
[15:32:08]	[Recv]	cond 2 4988603 0 0 15

[15:32:08]	[Recv]	cond 2 4988592 0 0 15

[15:32:08]	[Recv]	ct 3 5018652 2 4988472 -1 -1 0

[15:32:08]	[Recv]	su 3 5018652 2 4988472 0 10 11 7174 0 0 1 86 1603 0 0 10410 12013

[15:32:08]	[Recv]	ct 3 5018651 2 5017544 -1 -1 0

[15:32:08]	[Recv]	su 3 5018651 2 5017544 0 25 11 7200 0 0 1 97 2169 0 0 89893 92062

[15:32:08]	[Recv]	eff 2 5017545 7739

[15:32:08]	[Send]	u_s 0 3 5018666
[15:32:08]	[Send]	ptctl 5443 1 4988592 57 53 4988592 15
[15:32:08]	[Recv]	ct 3 5018653 2 4988518 -1 -1 0

[15:32:08]	[Recv]	su 3 5018653 2 4988518 0 5 11 0 0 0 1 92 866 0 0 19687 21388

[15:32:08]	[Recv]	ct 3 5018650 2 4988542 -1 -1 0

[15:32:08]	[Recv]	su 3 5018650 2 4988542 0 5 11 0 0 0 1 95 722 0 0 15878 16600

[15:32:08]	[Recv]	sr 0

[15:32:08]	[Recv]	cond 1 2073308 0 0 20

[15:32:08]	[Recv]	cond 1 2073308 0 0 20

[15:32:08]	[Send]	ptctl 5443 2 4988603 57 52 4988592 56 54 4988603 15
[15:32:08]	[Recv]	cancel 0 0 -1

[15:32:08]	[Send]	ncif 3 5018664
[15:32:08]	[Recv]	st 2 5017544 94 0 97 100 89893 184124 92062 184124 0

[15:32:08]	[Recv]	cond 2 4988592 0 0 15

[15:32:08]	[Recv]	cond 2 4988603 0 0 15

[15:32:08]	[Recv]	cond 2 4988592 0 0 15

[15:32:09]	[Send]	ptctl 5443 1 4988592 57 59 4988592 15
[15:32:09]	[Send]	suctl 5443 1 4988603 3 5018664
[15:32:09]	[Recv]	ct 2 4988552 3 5018652 -1 -1 0

[15:32:09]	[Recv]	su 2 4988552 3 5018652 0 11 11 1047 0 0 1 100 0 1 0 67711 67711

[15:32:09]	[Recv]	st 2 5017546 94 0 100 100 92062 184124 92062 184124 0

[15:32:09]	[Recv]	st 3 5018664 99 0 100 100 12526 2828 12526 2828 0

[15:32:09]	[Recv]	cond 1 2073308 0 0 20

[15:32:09]	[Recv]	sayi 1 2073308 20 22 3 4254 0 0 0

[15:32:09]	[Recv]	bf 1 2073308 0.4254.0 99

[15:32:09]	[Recv]	cond 2 4988592 0 0 15

[15:32:09]	[Recv]	eff 2 4988603 5005

[15:32:09]	[Send]	u_s 0 3 5018664
[15:32:09]	[Send]	ptctl 5443 1 4988592 57 61 4988592 15
[15:32:09]	[Recv]	st 2 5017545 94 0 100 100 92062 184124 92062 184124 0

[15:32:09]	[Send]	ptctl 5443 2 4988603 53 55 4988592 51 57 4988603 15
[15:32:09]	[Recv]	sp 415720 1000000 0 10000

[15:32:09]	[Recv]	ct 2 4988472 3 5018652 -1 -1 0

[15:32:09]	[Recv]	su 2 4988472 3 5018652 0 9 11 1006 0 0 1 100 0 1 0 67711 67711

[15:32:09]	[Recv]	ct 2 4988603 3 5018664 -1 -1 0

[15:32:09]	[Recv]	su 2 4988603 3 5018664 0 12 11 8360 0 0 1 33 8331 0 0 4195 12526

[15:32:09]	[Recv]	ct 1 2073308 3 5018664 -1 -1 1114

[15:32:09]	[Recv]	bf 3 5018664 0.4110.80 99

[15:32:09]	[Recv]	eff 3 5018664 0

[15:32:09]	[Recv]	eff 1 2073308 15

[15:32:09]	[Recv]	rc 1 2073308 200 0

[15:32:09]	[Recv]	su 1 2073308 3 5018664 1114 7 11 4260 0 0 0 0 224994 3 0 0 12526

[15:32:09]	[Recv]	lev 99 0 99 0 2140719000 5991794 66990112 2 0 90 917705181 0

[15:32:09]	[Recv]	cond 2 4988592 0 0 15

[15:32:09]	[Send]	ptctl 5443 2 4988603 52 56 4988592 50 57 4988603 15
[15:32:09]	[Recv]	cond 2 4988603 0 0 15

[15:32:09]	[Recv]	cond 2 4988592 0 0 15

[15:32:09]	[Recv]	ct 3 5018653 2 4988518 -1 -1 0

[15:32:09]	[Recv]	su 3 5018653 2 4988518 0 5 11 0 0 0 1 88 803 0 0 18884 21388

[15:32:09]	[Recv]	ct 3 5018650 2 4988542 -1 -1 0

[15:32:09]	[Recv]	su 3 5018650 2 4988542 0 5 11 0 0 0 1 91 736 0 0 15142 16600

[15:32:09]	[Recv]	cond 1 2073308 0 0 20

[15:32:09]	[Recv]	cond 1 2073308 0 0 20

[15:32:09]	[Recv]	cond 2 4988603 0 0 15

[15:32:09]	[Recv]	cond 2 4988592 0 0 15

[15:32:10]	[Recv]	eff 3 5018651 4799

[15:32:10]	[Recv]	ct 2 4988518 3 5018653 -1 -1 0

[15:32:10]	[Recv]	su 2 4988518 3 5018653 0 9 11 4720 0 0 1 74 0 1 0 9372 12526

[15:32:10]	[Recv]	eff 3 5018661 4799

[15:32:10]	[Recv]	ct 2 4988542 3 5018650 -1 -1 0

[15:32:10]	[Recv]	su 2 4988542 3 5018650 0 10 11 4755 0 0 1 100 0 1 0 12526 12526

[15:32:10]	[Send]	ptctl 5443 2 4988603 56 57 4988592 53 61 4988603 15
[15:32:10]	[Recv]	sr 0

[15:32:10]	[Recv]	cond 1 2073308 0 0 20

[15:32:10]	[Recv]	cond 1 2073308 0 0 20

[15:32:10]	[Recv]	cond 2 4988603 0 0 15

[15:32:10]	[Recv]	cond 2 4988592 0 0 15

[15:32:10]	[Send]	ncif 3 5018667
[15:32:10]	[Recv]	ct 3 5018652 2 4988472 -1 -1 0

[15:32:10]	[Recv]	su 3 5018652 2 4988472 0 10 11 7174 0 0 1 73 1564 0 0 8846 12013

[15:32:10]	[Recv]	st 3 5018667 99 0 100 100 12526 2828 12526 2828 0

[15:32:10]	[Recv]	ct 3 5018667 2 5017546 -1 -1 0

[15:32:10]	[Recv]	su 3 5018667 2 5017546 0 5 11 0 0 0 1 99 505 0 0 91557 92062

[15:32:10]	[Recv]	st 2 5017544 94 0 98 100 90813 184124 92062 184124 0

[15:32:10]	[Send]	u_s 0 3 5018667
[15:32:10]	[Send]	ptctl 5443 1 4988592 54 64 4988592 15
[15:32:11]	[Send]	ptctl 5443 1 4988603 56 56 4988603 15
[15:32:11]	[Send]	suctl 5443 1 4988603 3 5018667
[15:32:11]	[Recv]	ct 3 5018653 2 4988518 -1 -1 0

[15:32:11]	[Recv]	su 3 5018653 2 4988518 0 5 11 0 0 0 1 84 814 0 0 18070 21388

[15:32:11]	[Recv]	ct 3 5018650 2 4988542 -1 -1 0

[15:32:11]	[Recv]	su 3 5018650 2 4988542 0 5 11 0 0 0 1 86 741 0 0 14401 16600

[15:32:11]	[Recv]	st 2 5017546 94 0 99 100 91557 184124 92062 184124 0

[15:32:11]	[Recv]	cond 1 2073308 0 0 20

[15:32:11]	[Recv]	cond 1 2073308 0 0 20

[15:32:11]	[Recv]	sayi2 1 -1  10 1992 17 Gang404† 918 

[15:32:11]	[Recv]	gcon 7761498|1|0

[15:32:11]	[Recv]	ct 1 2073308 3 5018667 -1 -1 1114

[15:32:11]	[Recv]	rc 1 2073308 200 0

[15:32:11]	[Recv]	su 1 2073308 3 5018667 1114 7 11 4260 0 0 0 0 89794 3 0 0 12526

[15:32:11]	[Recv]	lev 99 0 99 0 2140719000 5991794 66990112 2 0 90 917705181 0

[15:32:11]	[Recv]	cond 2 4988592 0 0 15

[15:32:11]	[Recv]	cond 2 4988603 0 0 15

[15:32:11]	[Send]	ptctl 5443 2 4988603 51 56 4988592 48 63 4988603 15
[15:32:11]	[Recv]	ct 2 4988552 3 5018652 10 -1 960

[15:32:11]	[Recv]	st 2 5017545 94 0 100 100 92062 184124 92062 184124 0

[15:32:11]	[Send]	ptctl 5443 1 4988603 50 56 4988603 15
[15:32:11]	[Recv]	cond 1 2073308 0 0 20

[15:32:11]	[Recv]	cond 1 2073308 0 0 20

[15:32:11]	[Recv]	ct 2 4988472 3 5018652 -1 -1 0

[15:32:11]	[Recv]	su 2 4988472 3 5018652 0 9 11 1006 0 0 1 100 0 1 0 67711 67711

[15:32:11]	[Recv]	cond 2 4988603 0 0 15

[15:32:11]	[Recv]	cond 2 4988592 0 0 15

[15:32:11]	[Send]	ptctl 5443 2 4988603 49 56 4988592 47 63 4988603 15
[15:32:11]	[Recv]	cond 1 2073308 0 0 20

[15:32:11]	[Recv]	cond 1 2073308 0 0 20

[15:32:11]	[Recv]	cond 2 4988603 0 0 15

[15:32:11]	[Recv]	sr 0

[15:32:11]	[Recv]	cond 2 4988603 0 0 15

[15:32:11]	[Recv]	cond 2 4988592 0 0 15

[15:32:12]	[Recv]	ct 2 4988518 3 5018653 10 -1 509

[15:32:12]	[Recv]	su 2 4988552 3 5018652 960 12 11 1047 0 0 1 100 0 1 0 67711 67711

[15:32:12]	[Recv]	sr 1

[15:32:12]	[Recv]	ct 3 5018654 2 5017544 -1 -1 0

[15:32:12]	[Recv]	su 3 5018654 2 5017544 0 5 11 0 0 0 1 99 501 0 0 91232 92062

[15:32:12]	[Recv]	ct 3 5018653 2 4988518 -1 -1 0

[15:32:12]	[Recv]	su 3 5018653 2 4988518 0 5 11 0 0 0 1 80 837 0 0 17233 21388

[15:32:12]	[Recv]	ct 3 5018650 2 4988542 -1 -1 0

[15:32:12]	[Recv]	su 3 5018650 2 4988542 0 5 11 0 0 0 1 82 687 0 0 13714 16600

[15:32:12]	[Recv]	su 2 4988518 3 5018653 509 10 12 4721 0 0 1 49 3154 0 0 6218 12526

[15:32:12]	[Recv]	ct 2 4988542 3 5018650 -1 -1 0

[15:32:12]	[Recv]	su 2 4988542 3 5018650 0 10 11 4755 0 0 1 100 0 1 0 12526 12526

[15:32:12]	[Send]	ptctl 5443 2 4988603 44 56 4988592 42 63 4988603 15
[15:32:12]	[Recv]	cond 1 2073308 0 0 20

[15:32:12]	[Recv]	cond 1 2073308 0 0 20

[15:32:12]	[Recv]	cond 2 4988603 0 0 15

[15:32:12]	[Recv]	cond 2 4988592 0 0 15

[15:32:12]	[Recv]	ct 3 5018652 2 4988472 -1 -1 0

[15:32:12]	[Recv]	su 3 5018652 2 4988472 0 10 11 7174 0 0 1 61 1426 0 0 7420 12013

[15:32:12]	[Recv]	st 2 5017544 94 0 99 100 91232 184124 92062 184124 0

[15:32:12]	[Recv]	eff 2 5017544 7739

[15:32:13]	[Send]	ptctl 5443 2 4988603 41 56 4988592 39 63 4988603 15
[15:32:13]	[Recv]	st 2 5017546 94 0 100 100 92062 184124 92062 184124 0

[15:32:13]	[Recv]	eff 2 5017546 7739

[15:32:13]	[Recv]	ct 2 5017544 3 5018654 -1 -1 0

[15:32:13]	[Recv]	su 2 5017544 3 5018654 0 10 11 0 0 0 1 100 0 1 0 12526 12526

[15:32:13]	[Recv]	cond 1 2073308 0 0 20

[15:32:13]	[Recv]	cond 1 2073308 0 0 20

[15:32:13]	[Recv]	cond 2 4988603 0 0 15

[15:32:13]	[Recv]	cond 2 4988592 0 0 15

[15:32:13]	[Recv]	ct 3 5018654 2 5017544 -1 -1 0

[15:32:13]	[Recv]	su 3 5018654 2 5017544 0 5 11 0 0 0 1 99 503 0 0 91559 92062

[15:32:13]	[Recv]	ct 3 5018653 2 4988518 -1 -1 0

[15:32:13]	[Recv]	su 3 5018653 2 4988518 0 5 11 0 0 0 1 77 794 0 0 16439 21388

[15:32:13]	[Recv]	ct 3 5018650 2 4988542 -1 -1 0

[15:32:13]	[Recv]	su 3 5018650 2 4988542 0 5 11 0 0 0 1 78 694 0 0 13020 16600

[15:32:13]	[Recv]	st 2 5017545 94 0 100 100 92062 184124 92062 184124 0

[15:32:13]	[Recv]	eff 2 5017545 7739

[15:32:13]	[Recv]	ct 3 5018651 2 5017544 -1 -1 0

[15:32:13]	[Recv]	su 3 5018651 2 5017544 0 25 11 7200 0 0 1 97 2179 0 0 89380 92062

[15:32:13]	[Recv]	ct 2 4988472 3 5018652 -1 -1 0

[15:32:13]	[Recv]	su 2 4988472 3 5018652 0 9 11 1006 0 0 1 97 1879 0 0 65832 67711

[15:32:13]	[Send]	ptctl 5443 1 4988592 34 63 4988592 15
[15:32:13]	[Send]	ptctl 5443 1 4988603 36 56 4988603 15
[15:32:14]	[Recv]	cond 2 4988592 0 0 15

[15:32:14]	[Recv]	cond 2 4988603 0 0 15

[15:32:14]	[Send]	u_i 1 2073308 1 43 0 0 
[15:32:14]	[Recv]	ct 2 4988518 3 5018653 -1 -1 0

[15:32:14]	[Recv]	su 2 4988518 3 5018653 0 9 11 4720 0 0 1 49 0 1 0 6218 12526

[15:32:14]	[Recv]	cond 1 2073308 0 0 20

[15:32:14]	[Recv]	cond 1 2073308 0 0 20

[15:32:14]	[Recv]	bf 1 2073308 0.117.6000 99

[15:32:14]	[Recv]	eff 1 2073308 203

[15:32:14]	[Recv]	ivn 1 43.9021.142.0

[15:32:14]	[Recv]	ct 2 4988552 3 5018652 -1 -1 0

[15:32:14]	[Recv]	su 2 4988552 3 5018652 0 11 11 1047 0 0 1 97 0 1 0 65832 67711

[15:32:14]	[Recv]	sp 415710 1000000 0 10000

[15:32:14]	[Recv]	ct 3 5018654 2 5017544 -1 -1 0

[15:32:14]	[Recv]	su 3 5018654 2 5017544 0 5 11 0 0 0 1 96 505 0 0 88875 92062

[15:32:14]	[Recv]	ct 3 5018653 2 4988518 -1 -1 0

[15:32:14]	[Recv]	su 3 5018653 2 4988518 0 5 11 0 0 0 1 73 824 0 0 15615 21388

[15:32:14]	[Recv]	ct 3 5018650 2 4988542 -1 -1 0

[15:32:14]	[Recv]	su 3 5018650 2 4988542 0 5 11 0 0 0 1 73 746 0 0 12274 16600

[15:32:14]	[Recv]	ct 2 4988542 3 5018650 -1 -1 0

[15:32:14]	[Recv]	su 2 4988542 3 5018650 0 10 11 4755 0 0 1 100 0 1 0 12526 12526

[15:32:14]	[Send]	ptctl 5443 1 4988592 29 63 4988592 15
[15:32:14]	[Send]	ptctl 5443 1 4988603 31 56 4988603 15
[15:32:14]	[Send]	u_i 1 2073308 1 84 0 0 
[15:32:14]	[Recv]	sc_p 62 181 4988472 55 2983 0 0 0 578 754 422 6 160 0 257 301 261 301 250 3 19 14 34 -6 7420 12013 3369 3369 0 850664 0 @ 0 12 2 20 1811 1825 0 500

[15:32:14]	[Recv]	sc_p 63 478 4988518 60 2988 0 0 0 639 803 452 17 150 0 295 341 336 341 287 2 24 36 49 27 15615 21388 3531 3531 0 1371320 0 @ 0 11 2 20 1811 1818 0 500

[15:32:14]	[Recv]	sc_p 68 668 4988542 52 2986 0 0 0 952 1077 502 6 120 0 329 286 343 286 322 0 37 37 37 37 12274 16600 5077 5077 0 678201 0 @ 0 9 3 30 1826 1818 0 1080

[15:32:14]	[Recv]	sc_p 69 754 4988552 53 2985 0 0 0 542 634 617 9 165 0 263 301 280 301 250 2 38 38 38 38 41888 41888 3307 3307 0 733605 0 @ 0 10 2 20 1825 1797 0 500

[15:32:14]	[Recv]	st 2 5017544 94 0 96 100 88875 184124 92062 184124 0

[15:32:14]	[Recv]	cond 2 4988592 0 0 15

[15:32:14]	[Recv]	cond 2 4988603 0 0 15

[15:32:15]	[Recv]	ct 3 5018652 2 4988472 -1 -1 0

[15:32:15]	[Recv]	su 3 5018652 2 4988472 0 10 11 7174 0 0 1 50 1390 0 0 6030 12013

[15:32:15]	[Recv]	eff 3 5018651 4799

[15:32:15]	[Recv]	st 2 5017546 94 0 100 100 92062 184124 92062 184124 0

[15:32:15]	[Recv]	bf 1 2073308 0.116.6000 99

[15:32:15]	[Recv]	eff 1 2073308 203

[15:32:15]	[Recv]	ivn 1 84.1246.85.0

[15:32:15]	[Recv]	cond 1 2073308 0 0 20

[15:32:15]	[Recv]	cond 1 2073308 0 0 20

[15:32:15]	[Send]	ncif 3 5018654
[15:32:15]	[Recv]	eff 3 5018661 4799

[15:32:15]	[Recv]	ct 2 5017544 3 5018654 -1 -1 0

[15:32:15]	[Recv]	su 2 5017544 3 5018654 0 10 11 0 0 0 1 100 0 1 0 12526 12526

[15:32:15]	[Recv]	st 3 5018654 99 0 100 100 12526 2828 12526 2828 0

[15:32:15]	[Recv]	st 2 5017545 94 0 100 100 92062 184124 92062 184124 0

[15:32:15]	[Send]	ptctl 5443 1 4988592 24 63 4988592 15
[15:32:15]	[Send]	ptctl 5443 1 4988603 27 59 4988603 15
[15:32:15]	[Recv]	ct 2 4988472 3 5018652 -1 -1 0

[15:32:15]	[Recv]	su 2 4988472 3 5018652 0 9 11 1006 0 0 1 94 1946 0 0 63886 67711

[15:32:15]	[Recv]	sr 13

[15:32:15]	[Recv]	cond 2 4988592 0 0 15

[15:32:15]	[Send]	u_s 0 3 5018654
[15:32:15]	[Recv]	cond 2 4988603 0 0 15

[15:32:15]	[Recv]	ct 3 5018654 2 5017544 -1 -1 0

[15:32:15]	[Recv]	su 3 5018654 2 5017544 0 5 11 0 0 0 1 97 501 0 0 89294 92062

[15:32:15]	[Recv]	ct 3 5018653 2 4988518 -1 -1 0

[15:32:15]	[Recv]	su 3 5018653 2 4988518 0 5 11 0 0 0 1 73 0 1 0 15615 21388

[15:32:15]	[Recv]	ct 3 5018650 2 4988542 -1 -1 0

[15:32:15]	[Recv]	su 3 5018650 2 4988542 0 5 11 0 0 0 1 69 718 0 0 11556 16600

[15:32:15]	[Recv]	ct 1 2073308 3 5018654 -1 -1 1114

[15:32:15]	[Recv]	eff 1 2073308 15

[15:32:15]	[Recv]	rc 1 2073308 200 0

[15:32:15]	[Recv]	su 1 2073308 3 5018654 1114 7 11 4260 0 0 0 0 80983 0 0 0 12526

[15:32:15]	[Recv]	lev 99 0 99 0 2140719000 5991794 66990112 2 0 90 917705181 0

[15:32:15]	[Send]	ptctl 5443 1 4988603 28 58 4988603 15
[15:32:15]	[Send]	suctl 5443 1 4988603 3 5018654
[15:32:16]	[Recv]	cond 2 4988603 0 0 15

[15:32:16]	[Send]	ptctl 5443 2 4988603 23 56 4988592 25 58 4988603 15
[15:32:16]	[Send]	ptctl 5443 1 4988603 23 57 4988603 15
[15:32:16]	[Recv]	ct 2 4988518 3 5018653 -1 -1 0

[15:32:16]	[Recv]	su 2 4988518 3 5018653 0 9 11 4720 0 0 1 49 0 1 0 6218 12526

[15:32:16]	[Recv]	sc_p 170 1548 4988592 96 625 24093774 0 0 1889 2049 1289 19 90 9 975 627 958 627 866 3 90 90 110 80 50793 57771 18100 18100 1 84982200 0 @ 0 0 6 60 1831 1798 0 100

[15:32:16]	[Recv]	cond 1 2073308 0 0 20

[15:32:16]	[Recv]	cond 1 2073308 0 0 20

[15:32:16]	[Recv]	cond 2 4988603 0 0 15

[15:32:16]	[Recv]	cond 2 4988592 0 0 15

[15:32:16]	[Recv]	cond 1 2073308 0 0 20

[15:32:16]	[Recv]	cond 1 2073308 0 0 20

[15:32:16]	[Send]	ncif 3 5018651
[15:32:16]	[Recv]	cond 2 4988603 0 0 15

[15:32:16]	[Recv]	eff 3 5018655 5000

[15:32:16]	[Recv]	sr 0

[15:32:16]	[Recv]	st 3 5018651 99 0 100 100 12526 2828 12526 2828 0

[15:32:16]	[Send]	u_s 1 3 5018651
[15:32:16]	[Send]	ptctl 5443 1 4988592 20 58 4988592 15
[15:32:16]	[Recv]	ct 2 4988542 3 5018650 -1 -1 0

[15:32:16]	[Recv]	su 2 4988542 3 5018650 0 10 11 4755 0 0 1 100 0 1 0 12526 12526

[15:32:16]	[Recv]	ct 2 4988552 3 5018652 -1 -1 0

[15:32:16]	[Recv]	su 2 4988552 3 5018652 0 11 11 1047 0 0 1 89 2959 0 0 60927 67711

[15:32:16]	[Recv]	st 2 5017544 94 0 97 100 89294 184124 92062 184124 0

[15:32:16]	[Recv]	cond 1 2073308 0 0 20

[15:32:16]	[Recv]	cond 1 2073308 0 0 20

[15:32:16]	[Recv]	ms_c 0

[15:32:16]	[Recv]	qslot 0 1.1.1 1.1.2 1.1.3 1.1.4 1.1.5 1.1.6 1.1.7 1.1.9 1.1.8 1.1.10 0.1.45 0.2.21 0.1.76 1.1.38 1.3.12 0.1.34 0.1.87 0.-1.-1 0.1.84 0.1.43 1.3.11 1.1.42 1.1.41 1.3.976 0.-1.-1 0.1.70 0.2.143 0.2.25 0.2.27 0.2.26

[15:32:16]	[Recv]	qslot 1 0.-1.-1 0.-1.-1 0.-1.-1 0.-1.-1 0.-1.-1 0.-1.-1 0.-1.-1 0.-1.-1 0.-1.-1 0.-1.-1 0.1.-1 0.1.-1 1.1.41 1.1.42 0.-1.-1 7.7.-1 7.7.-1 7.7.-1 7.7.-1 0.-1.-1 0.-1.-1 0.-1.-1 0.-1.-1 0.-1.-1 0.-1.-1 0.-1.-1 0.-1.-1 0.-1.-1 0.-1.-1 0.-1.-1

[15:32:17]	[Recv]	ct 3 5018653 2 4988518 -1 -1 0

[15:32:17]	[Recv]	su 3 5018653 2 4988518 0 5 11 0 0 0 1 69 794 0 0 14821 21388

[15:32:17]	[Recv]	ct 3 5018650 2 4988542 -1 -1 0

[15:32:17]	[Recv]	su 3 5018650 2 4988542 0 5 11 0 0 0 1 65 713 0 0 10843 16600

[15:32:17]	[Recv]	st 2 5017546 94 0 100 100 92062 184124 92062 184124 0

[15:32:17]	[Recv]	ct 1 2073308 3 5018651 14 4263 1115

[15:32:17]	[Recv]	cond 2 4988592 0 0 15

[15:32:17]	[Send]	ptctl 5443 1 4988603 19 53 4988603 15
[15:32:17]	[Recv]	ct 3 5018652 2 4988472 -1 -1 0

[15:32:17]	[Recv]	su 3 5018652 2 4988472 0 10 11 7174 0 0 1 36 1613 0 0 4417 12013

[15:32:17]	[Recv]	cond 2 4988603 0 0 15

[15:32:17]	[Send]	ptctl 5443 1 4988603 22 56 4988603 15
[15:32:17]	[Send]	suctl 5443 1 4988603 3 5018651
[15:32:17]	[Recv]	rc 1 2073308 200 0

[15:32:17]	[Recv]	su 1 2073308 3 5018651 1115 70 12 4264 0 0 0 0 32428 0 0 0 12526

[15:32:17]	[Recv]	lev 99 0 99 0 2140719000 5991794 66990112 2 0 90 917705181 0

[15:32:17]	[Recv]	st 2 5017545 94 0 100 100 92062 184124 92062 184124 0

[15:32:17]	[Recv]	cond 2 4988603 0 0 15

[15:32:17]	[Recv]	ct 2 4988472 3 5018652 -1 -1 0

[15:32:17]	[Recv]	su 2 4988472 3 5018652 0 9 11 1006 0 0 1 87 1879 0 0 59048 67711

[15:32:17]	[Send]	ptctl 5443 2 4988603 27 56 4988592 25 58 4988603 15
[15:32:17]	[Recv]	cond 1 2073308 0 0 20

[15:32:17]	[Recv]	cond 1 2073308 0 0 20

[15:32:17]	[Recv]	eff 2 5017544 7739

[15:32:17]	[Recv]	cond 2 4988603 0 0 15

[15:32:17]	[Recv]	cond 2 4988592 0 0 15

[15:32:17]	[Send]	ptctl 5443 2 4988603 28 56 4988592 26 58 4988603 15
[15:32:17]	[Recv]	cond 1 2073308 0 0 20

[15:32:17]	[Recv]	cond 1 2073308 0 0 20

[15:32:18]	[Recv]	eff 2 5017546 7739

[15:32:18]	[Recv]	cond 2 4988603 0 0 15

[15:32:18]	[Recv]	cond 2 4988592 0 0 15

[15:32:18]	[Recv]	ct 3 5018653 2 4988518 -1 -1 0

[15:32:18]	[Recv]	su 3 5018653 2 4988518 0 5 11 0 0 0 1 65 866 0 0 13955 21388

[15:32:18]	[Recv]	ct 3 5018650 2 4988542 -1 -1 0

[15:32:18]	[Recv]	su 3 5018650 2 4988542 0 5 11 0 0 0 1 60 750 3 0 10093 16600

[15:32:18]	[Recv]	ct 2 4988518 3 5018653 -1 -1 0

[15:32:18]	[Recv]	su 2 4988518 3 5018653 0 9 11 4720 0 0 1 21 3549 0 0 2669 12526

[15:32:18]	[Send]	u_s 5 1 2073308
[15:32:18]	[Recv]	eff 2 5017545 7739

[15:32:18]	[Recv]	cond 1 2073308 0 0 20

[15:32:18]	[Recv]	cond 1 2073308 0 0 20

[15:32:18]	[Recv]	ms_c 0

[15:32:18]	[Recv]	qslot 0 1.1.1 1.1.2 1.1.3 1.1.4 1.1.5 1.1.6 1.1.7 1.1.9 1.1.8 1.1.10 0.1.45 0.2.21 0.1.76 1.1.38 1.3.12 0.1.34 0.1.87 0.-1.-1 0.1.84 0.1.43 1.3.11 1.1.42 1.1.41 1.3.976 0.-1.-1 0.1.70 0.2.143 0.2.25 0.2.27 0.2.26

[15:32:18]	[Recv]	qslot 1 0.-1.-1 0.-1.-1 0.-1.-1 0.-1.-1 0.-1.-1 0.-1.-1 0.-1.-1 0.-1.-1 0.-1.-1 0.-1.-1 0.1.-1 0.1.-1 1.1.41 1.1.42 0.-1.-1 7.7.-1 7.7.-1 7.7.-1 7.7.-1 0.-1.-1 0.-1.-1 0.-1.-1 0.-1.-1 0.-1.-1 0.-1.-1 0.-1.-1 0.-1.-1 0.-1.-1 0.-1.-1 0.-1.-1

[15:32:18]	[Recv]	ct 1 2073308 1 2073308 -1 -1 1119

[15:32:18]	[Send]	ptctl 5443 1 4988603 32 55 4988603 15
[15:32:18]	[Recv]	bf 1 2073308 0.561.3000 99

[15:32:18]	[Recv]	bf 1 2073308 0.578.1200 99

[15:32:18]	[Recv]	bf 1 2073308 0.941.0 99

[15:32:18]	[Recv]	bf 1 2073308 0.830.60 99

[15:32:18]	[Recv]	eff 1 2073308 0

[15:32:18]	[Recv]	sayi 1 2073308 20 26 3 830 0 0 0

[15:32:18]	[Recv]	su 1 2073308 1 2073308 1119 600 25 4265 0 0 1 99 0 -1 0 95216 95497

[15:32:18]	[Send]	ptctl 5443 1 4988592 31 57 4988592 15
[15:32:18]	[Send]	ptctl 5443 2 4988603 34 56 4988592 32 58 4988603 15
[15:32:18]	[Recv]	st 2 5017544 94 0 98 100 90214 184124 92062 184124 0

[15:32:18]	[Recv]	cond 2 4988603 0 0 15

[15:32:18]	[Recv]	cond 2 4988592 0 0 15

[15:32:18]	[Send]	ptctl 5443 2 4988603 35 56 4988592 33 56 4988603 15
[15:32:19]	[Recv]	ct 2 4988542 3 5018650 -1 -1 0

[15:32:19]	[Recv]	su 2 4988542 3 5018650 0 10 11 4755 0 0 1 100 0 1 0 12526 12526

[15:32:19]	[Recv]	st 2 5017546 94 0 100 100 92062 184124 92062 184124 0

[15:32:19]	[Recv]	cond 1 2073308 0 0 20

[15:32:19]	[Recv]	cond 1 2073308 0 0 20

[15:32:19]	[Send]	ptctl 5443 1 4988603 35 54 4988603 15
[15:32:19]	[Recv]	cond 2 4988603 0 0 15

[15:32:19]	[Recv]	cond 2 4988592 0 0 15

[15:32:19]	[Recv]	ct 2 4988552 3 5018652 -1 -1 0

[15:32:19]	[Recv]	su 2 4988552 3 5018652 0 11 11 1047 0 0 1 87 0 1 0 59048 67711

[15:32:19]	[Recv]	cond 1 2073308 0 0 20

[15:32:19]	[Recv]	cond 1 2073308 0 0 20

[15:32:19]	[Send]	ptctl 5443 2 4988603 35 52 4988592 35 56 4988603 15
[15:32:19]	[Recv]	cond 2 4988603 0 0 15

[15:32:19]	[Recv]	cond 2 4988592 0 0 15

[15:32:19]	[Send]	ptctl 5443 1 4988603 36 51 4988603 15
[15:32:19]	[Recv]	ct 3 5018653 2 4988518 -1 -1 0

[15:32:19]	[Recv]	su 3 5018653 2 4988518 0 5 11 0 0 0 1 61 788 0 0 13167 21388

[15:32:19]	[Recv]	ct 3 5018652 2 4988552 -1 -1 0

[15:32:19]	[Recv]	su 3 5018652 2 4988552 0 10 11 7174 0 0 1 96 1451 0 0 40437 41888

[15:32:19]	[Recv]	ct 3 5018650 2 4988542 -1 -1 0

[15:32:19]	[Recv]	su 3 5018650 2 4988542 0 5 11 0 0 0 1 56 723 0 0 9370 16600

[15:32:19]	[Recv]	st 2 5017545 94 0 100 100 92062 184124 92062 184124 0

[15:32:19]	[Recv]	cond 1 2073308 0 0 20

[15:32:19]	[Recv]	cond 1 2073308 0 0 20

[15:32:19]	[Recv]	cond 2 4988603 0 0 15

[15:32:19]	[Send]	ptctl 5443 2 4988603 37 51 4988592 35 55 4988603 15
[15:32:19]	[Recv]	sp 415700 1000000 0 10000

[15:32:19]	[Recv]	ct 2 4988472 3 5018652 -1 -1 0

[15:32:19]	[Recv]	su 2 4988472 3 5018652 0 9 11 1006 0 0 1 84 1938 0 0 57110 67711

[15:32:19]	[Recv]	cond 2 4988603 0 0 15

[15:32:19]	[Recv]	cond 2 4988592 0 0 15

[15:32:19]	[Recv]	cond 2 4988603 0 0 15

[15:32:19]	[Recv]	ct 3 5018657 2 4988472 -1 -1 0

[15:32:19]	[Recv]	su 3 5018657 2 4988472 0 10 11 4757 0 0 1 22 1748 0 0 2669 12013

[15:32:19]	[Recv]	cond 2 4988603 0 0 15

[15:32:19]	[Recv]	cond 2 4988592 0 0 15

[15:32:20]	[Send]	ncif 3 5018659
[15:32:20]	[Recv]	ct 3 5018659 2 4988603 -1 -1 0

[15:32:20]	[Recv]	su 3 5018659 2 4988603 0 10 11 7174 0 0 1 85 137 0 0 16518 19451

[15:32:20]	[Recv]	ct 3 5018655 2 4988603 -1 -1 0

[15:32:20]	[Recv]	su 3 5018655 2 4988603 0 10 11 4757 0 0 1 84 129 0 0 16389 19451

[15:32:20]	[Recv]	st 3 5018659 99 0 100 100 67711 2828 67711 2828 0

[15:32:20]	[Recv]	eff 3 5018661 4799

[15:32:20]	[Recv]	ct 2 4988518 3 5018653 -1 -1 0

[15:32:20]	[Recv]	su 2 4988518 3 5018653 0 9 11 4720 0 0 1 21 0 1 0 2669 12526

[15:32:20]	[Send]	ptctl 5443 1 4988592 35 50 4988592 15
[15:32:20]	[Recv]	cond 2 4988592 0 0 15

[15:32:20]	[Send]	suctl 5443 1 4988603 3 5018659
[15:32:20]	[Recv]	eff 2 4988603 5005

[15:32:20]	[Recv]	ct 3 5018653 2 4988518 -1 -1 0

[15:32:20]	[Recv]	su 3 5018653 2 4988518 0 5 11 0 0 0 1 57 838 0 0 12329 21388

[15:32:20]	[Recv]	ct 3 5018650 2 4988542 -1 -1 0

[15:32:20]	[Recv]	su 3 5018650 2 4988542 0 5 11 0 0 0 1 52 724 3 0 8646 16600

[15:32:20]	[Recv]	ct 2 4988603 3 5018659 -1 -1 0

[15:32:20]	[Recv]	su 2 4988603 3 5018659 0 12 11 8360 0 0 1 76 16226 0 0 51485 67711

[15:32:20]	[Recv]	st 2 5017544 94 0 99 100 91134 184124 92062 184124 0

[15:32:21]	[Send]	ncif 3 5018659
[15:32:21]	[Recv]	st 2 5017546 94 0 100 100 92062 184124 92062 184124 0

[15:32:21]	[Recv]	cond 1 2073308 0 0 20

[15:32:21]	[Recv]	cond 1 2073308 0 0 20

[15:32:21]	[Send]	u_s 8 3 5018659
[15:32:21]	[Recv]	st 3 5018659 99 0 76 100 51485 2828 67711 2828 0

[15:32:21]	[Recv]	ct 2 4988542 3 5018650 -1 -1 0

[15:32:21]	[Recv]	su 2 4988542 3 5018650 0 10 11 4755 0 0 1 100 0 1 0 12526 12526

[15:32:21]	[Recv]	cond 1 2073308 0 0 20

[15:32:21]	[Recv]	cond 1 2073308 0 0 20

[15:32:21]	[Send]	ptctl 5443 1 4988592 37 46 4988592 15
[15:32:21]	[Recv]	ms_c 0

[15:32:21]	[Recv]	qslot 0 1.1.1 1.1.2 1.1.3 1.1.4 1.1.5 1.1.6 1.1.7 1.1.9 1.1.8 1.1.10 0.1.45 0.2.21 0.1.76 1.1.38 1.3.12 0.1.34 0.1.87 0.-1.-1 0.1.84 0.1.43 1.3.11 1.1.42 1.1.41 1.3.976 0.-1.-1 0.1.70 0.2.143 0.2.25 0.2.27 0.2.26

[15:32:21]	[Recv]	qslot 1 0.-1.-1 0.-1.-1 0.-1.-1 0.-1.-1 0.-1.-1 0.-1.-1 0.-1.-1 0.-1.-1 0.-1.-1 0.-1.-1 0.1.-1 0.1.-1 1.1.41 1.1.42 0.-1.-1 7.7.-1 7.7.-1 7.7.-1 7.7.-1 0.-1.-1 0.-1.-1 0.-1.-1 0.-1.-1 0.-1.-1 0.-1.-1 0.-1.-1 0.-1.-1 0.-1.-1 0.-1.-1 0.-1.-1

[15:32:21]	[Recv]	st 2 5017545 94 0 100 100 92062 184124 92062 184124 0

[15:32:21]	[Recv]	ct 1 2073308 3 5018659 -1 -1 1122

[15:32:21]	[Recv]	cond 2 4988592 0 0 15

[15:32:21]	[Recv]	rc 1 2073308 200 0

[15:32:21]	[Recv]	su 1 2073308 3 5018659 1122 150 41 4268 0 0 0 0 106925 3 0 0 67711

[15:32:21]	[Recv]	in 3 2371 5018791 39 57 2 100 100 0 0 0 -1 0 0 -1 - 0 -1 0 0 0 0 0 0 0 0 0 0 0 0

[15:32:21]	[Recv]	guri 31 1 2073308 39 57

[15:32:21]	[Recv]	lev 99 0 99 0 2140719000 5991794 66990112 2 0 90 917705181 0

[15:32:21]	[Recv]	mslot 1125 -1

[15:32:21]	[Recv]	qset 0 8 1.1.11.0

[15:32:21]	[Recv]	ct 3 5018652 2 4988472 -1 -1 0

[15:32:21]	[Recv]	su 3 5018652 2 4988472 0 10 11 7174 0 0 1 10 1433 0 0 1236 12013

[15:32:21]	[Recv]	ct 2 4988472 3 5018652 -1 -1 0

[15:32:21]	[Recv]	su 2 4988472 3 5018652 0 9 11 1006 0 0 1 84 0 1 0 57110 67711

[15:32:21]	[Recv]	ct 2 4988552 3 5018652 -1 -1 0

[15:32:21]	[Recv]	su 2 4988552 3 5018652 0 11 11 1047 0 0 1 84 0 1 0 57110 67711

[15:32:21]	[Send]	suctl 5443 1 4988603 3 5018659
[15:32:21]	[Recv]	die 3 5018791 3 5018791

[15:32:21]	[Recv]	ct 3 5018653 2 4988518 -1 -1 0

[15:32:21]	[Recv]	su 3 5018653 2 4988518 0 5 11 0 0 0 1 57 0 1 0 12329 21388

[15:32:21]	[Recv]	ct 3 5018650 2 4988542 -1 -1 0

[15:32:21]	[Recv]	su 3 5018650 2 4988542 0 5 11 0 0 0 1 47 734 0 0 7912 16600

[15:32:22]	[Send]	ncif 3 5018661
[15:32:22]	[Send]	mtlist 1 2 4988603 
[15:32:22]	[Send]	u_s 11 3 5018661
[15:32:22]	[Recv]	ct 3 5018657 2 4988472 -1 -1 0

[15:32:22]	[Recv]	su 3 5018657 2 4988472 0 10 11 4757 0 0 0 0 1851 0 0 0 12013

[15:32:22]	[Recv]	ct 3 5018656 2 4988592 -1 -1 0

[15:32:22]	[Recv]	su 3 5018656 2 4988592 0 10 11 4789 0 0 1 87 250 0 0 50543 57771

[15:32:22]	[Send]	ptctl 5443 1 4988592 40 45 4988592 15
[15:32:22]	[Recv]	st 3 5018661 99 0 100 100 12526 2828 12526 2828 0

[15:32:22]	[Recv]	ct 3 5018655 2 4988592 -1 -1 0

[15:32:22]	[Recv]	su 3 5018655 2 4988592 0 10 11 4757 0 0 1 87 143 0 0 50400 57771

[15:32:22]	[Recv]	ct 2 4988518 3 5018653 -1 -1 0

[15:32:22]	[Recv]	su 2 4988518 3 5018653 0 9 11 4720 0 0 1 21 0 1 0 2669 12526

[15:32:22]	[Recv]	ms_c 0

[15:32:22]	[Recv]	qslot 0 1.1.1 1.1.2 1.1.3 1.1.4 1.1.5 1.1.6 1.1.7 1.1.9 1.1.8 1.1.10 0.1.45 0.2.21 0.1.76 1.1.38 1.3.12 0.1.34 0.1.87 0.-1.-1 0.1.84 0.1.43 1.3.11 1.1.42 1.1.41 1.3.976 0.-1.-1 0.1.70 0.2.143 0.2.25 0.2.27 0.2.26

[15:32:22]	[Recv]	qslot 1 0.-1.-1 0.-1.-1 0.-1.-1 0.-1.-1 0.-1.-1 0.-1.-1 0.-1.-1 0.-1.-1 0.-1.-1 0.-1.-1 0.1.-1 0.1.-1 1.1.41 1.1.42 0.-1.-1 7.7.-1 7.7.-1 7.7.-1 7.7.-1 0.-1.-1 0.-1.-1 0.-1.-1 0.-1.-1 0.-1.-1 0.-1.-1 0.-1.-1 0.-1.-1 0.-1.-1 0.-1.-1 0.-1.-1

[15:32:22]	[Recv]	ct 3 5018662 2 4988592 -1 -1 0

[15:32:22]	[Recv]	su 3 5018662 2 4988592 0 10 11 4789 0 0 1 86 249 0 0 50151 57771

[15:32:22]	[Recv]	ct 1 2073308 3 5018661 -1 -1 1125

[15:32:22]	[Recv]	cond 1 2073308 0 0 23

[15:32:22]	[Recv]	bf 1 2073308 0.576.20 99

[15:32:22]	[Recv]	sayi 1 2073308 20 26 3 576 0 0 0

[15:32:22]	[Recv]	su 1 2073308 3 5018661 -1 0 -1 7687 -1 -1 1 86 1683 0 0

[15:32:22]	[Recv]	bf 3 5018661 0.1921.100 99

[15:32:22]	[Recv]	eff 3 5018661 0

[15:32:22]	[Recv]	bf 3 5018661 0.4110.80 99

[15:32:22]	[Recv]	eff 3 5018661 0

[15:32:22]	[Recv]	eff 1 2073308 15

[15:32:22]	[Recv]	rc 1 2073308 81 0

[15:32:22]	[Recv]	su 1 2073308 3 5018661 1125 3 22 4272 0 0 0 0 231328 3 0 0 12526

[15:32:22]	[Recv]	lev 99 0 99 0 2140719000 5991794 66990112 2 0 90 917705181 0

[15:32:22]	[Recv]	mslot 1126 -1

[15:32:22]	[Recv]	qset 0 8 1.1.12.0

[15:32:22]	[Recv]	cond 2 4988592 0 0 15

[15:32:22]	[Send]	ptctl 5443 1 4988592 40 46 4988592 15
[15:32:22]	[Recv]	cond 2 4988592 0 0 15

[15:32:22]	[Send]	mtlist 1 2 4988603 
[15:32:22]	[Send]	u_s 12 3 5018661
[15:32:22]	[Recv]	sr 11

[15:32:22]	[Send]	suctl 5443 1 4988592 3 5018661
[15:32:22]	[Recv]	st 2 5017544 94 0 100 100 92054 184124 92062 184124 0

[15:32:22]	[Recv]	eff 2 5017544 7739

[15:32:22]	[Recv]	cancel 0 12 -1

[15:32:22]	[Send]	mtlist 1 2 4988603 
[15:32:22]	[Send]	u_s 12 3 5018661
[15:32:22]	[Send]	ptctl 5443 2 4988603 37 46 4988592 42 42 4988603 15
[15:32:23]	[Recv]	ct 3 5018653 2 4988518 -1 -1 0

[15:32:23]	[Recv]	su 3 5018653 2 4988518 0 5 11 0 0 0 1 54 798 0 0 11531 21388

[15:32:23]	[Recv]	ct 3 5018650 2 4988542 -1 -1 0

[15:32:23]	[Recv]	su 3 5018650 2 4988542 0 5 11 0 0 0 1 43 744 0 0 7168 16600

[15:32:23]	[Recv]	st 2 5017546 94 0 100 100 92062 184124 92062 184124 0

[15:32:23]	[Recv]	eff 2 5017546 7739

[15:32:23]	[Recv]	out 2 4988472

[15:32:23]	[Recv]	out 2 4988518

[15:32:23]	[Recv]	out 2 4988542

[15:32:23]	[Recv]	out 2 4988552

[15:32:23]	[Recv]	sayi 1 2073308 20 22 3 1027 0 0 0

[15:32:23]	[Recv]	bf 1 2073308 0.1027.0 99

[15:32:23]	[Recv]	cancel 0 12 -1

[15:32:23]	[Recv]	cond 2 4988603 0 0 15

[15:32:23]	[Recv]	cond 2 4988592 0 0 15

[15:32:23]	[Recv]	st 2 5017545 94 0 100 100 92062 184124 92062 184124 0

[15:32:23]	[Recv]	eff 2 5017545 7739

[15:32:23]	[Send]	ptctl 5443 1 4988603 39 41 4988603 15
[15:32:23]	[Send]	ptctl 5443 1 4988592 43 41 4988592 15
[15:32:23]	[Recv]	cond 2 4988603 0 0 15

[15:32:24]	[Recv]	cond 2 4988592 0 0 15

[15:32:24]	[Send]	ncif 3 5018655
[15:32:24]	[Send]	ptctl 5443 1 4988592 43 42 4988592 15
[15:32:24]	[Send]	ptctl 5443 1 4988603 37 43 4988603 15
[15:32:24]	[Send]	suctl 5443 1 4988603 3 5018655
[15:32:24]	[Send]	mtlist 1 3 5018662 
[15:32:24]	[Send]	u_s 12 3 5018655
[15:32:24]	[Recv]	st 3 5018655 99 0 100 100 67711 2828 67711 2828 0

[15:32:24]	[Send]	suctl 5443 1 4988592 3 5018655
[15:32:24]	[Recv]	sr 1

[15:32:24]	[Recv]	cond 1 2073308 0 0 20

[15:32:24]	[Recv]	sayi 1 2073308 20 22 3 576 0 0 0

[15:32:24]	[Recv]	bf 1 2073308 0.576.0 99

[15:32:24]	[Recv]	cond 2 4988592 0 0 15

[15:32:24]	[Recv]	ct 3 5018655 2 4988592 -1 -1 0

[15:32:24]	[Recv]	su 3 5018655 2 4988592 0 10 11 4757 0 0 1 86 29 0 0 50122 57771

[15:32:24]	[Recv]	cond 2 4988603 0 0 15

[15:32:24]	[Recv]	eff 2 4988603 5005

[15:32:24]	[Recv]	sp 415690 1000000 0 10000

[15:32:24]	[Recv]	sayi 1 2073308 20 22 3 830 0 0 0

[15:32:24]	[Recv]	bf 1 2073308 0.830.0 99

[15:32:24]	[Recv]	bf 1 2073308 0.941.3000 99

[15:32:24]	[Recv]	sayi 1 2073308 20 26 3 941 0 0 0

[15:32:24]	[Recv]	ms_c 0

[15:32:24]	[Recv]	qslot 0 1.1.1 1.1.2 1.1.3 1.1.4 1.1.5 1.1.6 1.1.7 1.1.9 1.1.8 1.1.10 0.1.45 0.2.21 0.1.76 1.1.38 1.3.12 0.1.34 0.1.87 0.-1.-1 0.1.84 0.1.43 1.3.11 1.1.42 1.1.41 1.3.976 0.-1.-1 0.1.70 0.2.143 0.2.25 0.2.27 0.2.26

[15:32:24]	[Recv]	qslot 1 0.-1.-1 0.-1.-1 0.-1.-1 0.-1.-1 0.-1.-1 0.-1.-1 0.-1.-1 0.-1.-1 0.-1.-1 0.-1.-1 0.1.-1 0.1.-1 1.1.41 1.1.42 0.-1.-1 7.7.-1 7.7.-1 7.7.-1 7.7.-1 0.-1.-1 0.-1.-1 0.-1.-1 0.-1.-1 0.-1.-1 0.-1.-1 0.-1.-1 0.-1.-1 0.-1.-1 0.-1.-1 0.-1.-1

[15:32:24]	[Recv]	ct 2 4988603 3 5018655 -1 -1 0

[15:32:24]	[Recv]	su 2 4988603 3 5018655 0 12 11 8360 0 0 1 86 9145 0 0 58566 67711

[15:32:24]	[Recv]	st 2 5017544 94 0 100 100 92062 184124 92062 184124 0

[15:32:24]	[Recv]	ct 1 2073308 3 5018655 -1 -1 1126

[15:32:24]	[Recv]	eff 1 2073308 15

[15:32:24]	[Recv]	su 1 2073308 3 5018655 1126 3 26 4273 0 0 1 46 27038 0 0 31528 67711

[15:32:24]	[Recv]	bf 1 2073308 0.568.400 99

[15:32:24]	[Recv]	su 1 2073308 3 5018662 1126 3 26 4273 0 0 1 82 17626 5 0 82460 100086

[15:32:24]	[Recv]	su 1 2073308 3 5018662 -1 0 -1 7922 -1 -1 1 70 12338 0 1

[15:32:24]	[Recv]	bf 1 2073308 0.948.80 99

[15:32:24]	[Recv]	sayi 1 2073308 20 26 3 948 0 0 0

[15:32:24]	[Recv]	mslot 1125 -1

[15:32:24]	[Recv]	qset 0 8 1.1.11.0

[15:32:24]	[Recv]	eff 2 4988592 5005

[15:32:25]	[Recv]	ct 3 5018656 2 4988603 -1 -1 0

[15:32:25]	[Recv]	su 3 5018656 2 4988603 0 10 11 4789 0 0 1 83 114 0 0 16275 19451

[15:32:25]	[Recv]	st 2 5017546 94 0 100 100 92062 184124 92062 184124 0

[15:32:25]	[Send]	mtlist 0 
[15:32:25]	[Send]	u_s 11 3 5018655
[15:32:25]	[Send]	ncif 3 5018655
[15:32:25]	[Recv]	sr 12

[15:32:25]	[Recv]	ct 3 5018662 2 4988603 -1 -1 0

[15:32:25]	[Recv]	su 3 5018662 2 4988603 0 10 11 4789 0 0 1 83 113 0 0 16162 19451

[15:32:25]	[Recv]	ct 2 4988592 3 5018655 -1 -1 0

[15:32:25]	[Recv]	su 2 4988592 3 5018655 0 10 11 0 0 0 1 34 8503 0 0 23025 67711

[15:32:25]	[Recv]	ms_c 0

[15:32:25]	[Recv]	qslot 0 1.1.1 1.1.2 1.1.3 1.1.4 1.1.5 1.1.6 1.1.7 1.1.9 1.1.8 1.1.10 0.1.45 0.2.21 0.1.76 1.1.38 1.3.12 0.1.34 0.1.87 0.-1.-1 0.1.84 0.1.43 1.3.11 1.1.42 1.1.41 1.3.976 0.-1.-1 0.1.70 0.2.143 0.2.25 0.2.27 0.2.26

[15:32:25]	[Recv]	qslot 1 0.-1.-1 0.-1.-1 0.-1.-1 0.-1.-1 0.-1.-1 0.-1.-1 0.-1.-1 0.-1.-1 0.-1.-1 0.-1.-1 0.1.-1 0.1.-1 1.1.41 1.1.42 0.-1.-1 7.7.-1 7.7.-1 7.7.-1 7.7.-1 0.-1.-1 0.-1.-1 0.-1.-1 0.-1.-1 0.-1.-1 0.-1.-1 0.-1.-1 0.-1.-1 0.-1.-1 0.-1.-1 0.-1.-1

[15:32:25]	[Send]	suctl 5443 1 4988592 3 5018655
[15:32:25]	[Recv]	st 2 5017545 94 0 100 100 92062 184124 92062 184124 0

[15:32:25]	[Recv]	ct 1 2073308 3 5018655 -1 -1 1125

[15:32:25]	[Recv]	cond 1 2073308 0 0 23

[15:32:25]	[Recv]	bf 1 2073308 0.576.20 99

[15:32:25]	[Recv]	sayi 1 2073308 20 26 3 576 0 0 0

[15:32:25]	[Recv]	su 1 2073308 3 5018655 1125 3 22 4272 0 0 1 18 10675 0 0 12350 67711

[15:32:25]	[Recv]	bf 3 5018655 0.571.20 99

[15:32:25]	[Recv]	mslot 1126 -1

[15:32:25]	[Recv]	qset 0 8 1.1.12.0

[15:32:25]	[Recv]	st 3 5018655 99 0 18 100 12350 2828 67711 2828 0 571.99

[15:32:25]	[Recv]	eff 2 4988592 5005

[15:32:25]	[Send]	suctl 5443 1 4988603 3 5018655
[15:32:25]	[Recv]	eff 2 4988603 5005

[15:32:25]	[Send]	mtlist 0 
[15:32:25]	[Send]	u_s 12 3 5018655
[15:32:25]	[Recv]	sr 11

[15:32:25]	[Recv]	ms_c 0

[15:32:25]	[Recv]	qslot 0 1.1.1 1.1.2 1.1.3 1.1.4 1.1.5 1.1.6 1.1.7 1.1.9 1.1.8 1.1.10 0.1.45 0.2.21 0.1.76 1.1.38 1.3.12 0.1.34 0.1.87 0.-1.-1 0.1.84 0.1.43 1.3.11 1.1.42 1.1.41 1.3.976 0.-1.-1 0.1.70 0.2.143 0.2.25 0.2.27 0.2.26

[15:32:25]	[Recv]	qslot 1 0.-1.-1 0.-1.-1 0.-1.-1 0.-1.-1 0.-1.-1 0.-1.-1 0.-1.-1 0.-1.-1 0.-1.-1 0.-1.-1 0.1.-1 0.1.-1 1.1.41 1.1.42 0.-1.-1 7.7.-1 7.7.-1 7.7.-1 7.7.-1 0.-1.-1 0.-1.-1 0.-1.-1 0.-1.-1 0.-1.-1 0.-1.-1 0.-1.-1 0.-1.-1 0.-1.-1 0.-1.-1 0.-1.-1

[15:32:25]	[Recv]	ct 1 2073308 3 5018655 -1 -1 1126

[15:32:25]	[Recv]	su 1 2073308 3 5018655 1126 3 26 4273 0 0 1 3 10127 0 0 2223 67711

[15:32:25]	[Recv]	bf 1 2073308 0.568.400 99

[15:32:25]	[Recv]	mslot 1125 -1

[15:32:25]	[Recv]	qset 0 8 1.1.11.0

[15:32:26]	[Recv]	ct 2 4988592 3 5018655 -1 -1 0

[15:32:26]	[Recv]	su 2 4988592 3 5018655 0 6 11 0 0 0 0 0 8605 0 0 0 67711

[15:32:26]	[Recv]	lev 99 0 99 0 2140719000 5991794 66990112 2 0 90 917705181 0

[15:32:26]	[Send]	mtlist 0 
[15:32:26]	[Send]	u_s 11 3 5018655
[15:32:26]	[Recv]	sc_p 170 1548 4988592 96 624 24094334 0 0 1889 2049 1289 19 90 9 975 627 958 627 866 3 90 90 110 80 50122 57771 18100 18100 1 84982200 0 @ 0 0 6 60 1831 1798 0 100

[15:32:26]	[Recv]	sr 12

[15:32:26]	[Send]	ncif 3 5018662
[15:32:26]	[Recv]	cancel 0 11 -1

[15:32:26]	[Send]	mtlist 0 
[15:32:26]	[Send]	u_s 11 3 5018655
[15:32:26]	[Send]	ptctl 5443 1 4988592 41 43 4988592 15
[15:32:26]	[Recv]	st 3 5018662 99 0 70 100 70122 2828 100086 2828 0

[15:32:26]	[Recv]	cancel 0 11 -1

[15:32:26]	[Send]	u_s 0 3 5018655
[15:32:26]	[Send]	suctl 5443 1 4988603 3 5018662
[15:32:26]	[Recv]	st 2 5017544 94 0 100 100 92062 184124 92062 184124 0

[15:32:26]	[Recv]	cond 2 4988592 0 0 15

[15:32:26]	[Send]	ncif 3 5018652
[15:32:26]	[Recv]	cancel 0 0 -1

[15:32:26]	[Send]	ptctl 5443 1 4988592 37 45 4988592 15
[15:32:27]	[Recv]	st 2 5017546 94 0 100 100 92062 184124 92062 184124 0

[15:32:27]	[Recv]	eff 2 4988603 5005

[15:32:27]	[Recv]	st 3 5018652 99 0 84 100 57110 2828 67711 2828 0

[15:32:27]	[Recv]	ct 3 5018656 2 4988603 -1 -1 0

[15:32:27]	[Recv]	su 3 5018656 2 4988603 0 10 11 4789 0 0 1 82 114 0 0 16048 19451

[15:32:27]	[Recv]	cond 2 4988592 0 0 15

[15:32:27]	[Recv]	cond 1 2073308 0 0 20

[15:32:27]	[Recv]	sayi 1 2073308 20 22 3 576 0 0 0

[15:32:27]	[Recv]	bf 1 2073308 0.576.0 99

[15:32:27]	[Recv]	ct 3 5018662 2 4988592 -1 -1 0

[15:32:27]	[Recv]	su 3 5018662 2 4988592 0 10 11 4789 0 0 1 86 52 3 0 50070 57771

[15:32:27]	[Recv]	ct 2 4988603 3 5018662 -1 -1 0

[15:32:27]	[Recv]	su 2 4988603 3 5018662 0 12 11 8360 0 0 1 62 7658 0 0 62464 100086

[15:32:27]	[Recv]	st 2 5017545 94 0 100 100 92062 184124 92062 184124 0

[15:32:27]	[Send]	u_s 1 3 5018652
[15:32:27]	[Recv]	ms_c 0

[15:32:27]	[Recv]	qslot 0 1.1.1 1.1.2 1.1.3 1.1.4 1.1.5 1.1.6 1.1.7 1.1.9 1.1.8 1.1.10 0.1.45 0.2.21 0.1.76 1.1.38 1.3.12 0.1.34 0.1.87 0.-1.-1 0.1.84 0.1.43 1.3.11 1.1.42 1.1.41 1.3.976 0.-1.-1 0.1.70 0.2.143 0.2.25 0.2.27 0.2.26

[15:32:27]	[Recv]	qslot 1 0.-1.-1 0.-1.-1 0.-1.-1 0.-1.-1 0.-1.-1 0.-1.-1 0.-1.-1 0.-1.-1 0.-1.-1 0.-1.-1 0.1.-1 0.1.-1 1.1.41 1.1.42 0.-1.-1 7.7.-1 7.7.-1 7.7.-1 7.7.-1 0.-1.-1 0.-1.-1 0.-1.-1 0.-1.-1 0.-1.-1 0.-1.-1 0.-1.-1 0.-1.-1 0.-1.-1 0.-1.-1 0.-1.-1

[15:32:27]	[Send]	ptctl 5443 1 4988592 35 50 4988592 15
[15:32:27]	[Send]	ncif 3 5018652
[15:32:27]	[Recv]	eff 2 5017544 7739

[15:32:27]	[Recv]	ct 1 2073308 3 5018652 14 4263 1115

[15:32:27]	[Recv]	cond 2 4988592 0 0 15

[15:32:28]	[Recv]	eff 2 5017546 7739

[15:32:28]	[Recv]	st 3 5018652 99 0 84 100 57110 2828 67711 2828 0

[15:32:28]	[Send]	ptctl 5443 1 4988603 37 46 4988603 15
[15:32:28]	[Recv]	eff 1 2073308 15

[15:32:28]	[Recv]	su 1 2073308 3 5018652 1115 70 12 4264 0 0 0 0 109764 0 0 0 67711

[15:32:28]	[Recv]	in 3 2371 5018795 32 51 2 100 100 0 0 0 -1 0 0 -1 - 0 -1 0 0 0 0 0 0 0 0 0 0 0 0

[15:32:28]	[Recv]	guri 31 1 2073308 32 51

[15:32:28]	[Recv]	lev 99 0 99 0 2140719000 5991794 66990112 2 0 90 917705181 0

[15:32:28]	[Recv]	eff 1 2073308 15

[15:32:28]	[Recv]	su 1 2073308 3 5018658 1115 70 12 4264 0 0 0 0 223589 6 0 0 100086

[15:32:28]	[Recv]	lev 99 0 99 0 2140719000 5991794 66990112 2 0 90 917705181 0

[15:32:28]	[Recv]	mslot 1127 -1

[15:32:28]	[Recv]	qset 0 0 1.1.13.0

[15:32:28]	[Recv]	sr 1

[15:32:28]	[Recv]	eff 1 2073308 4013

[15:32:28]	[Recv]	cond 2 4988603 0 0 15

[15:32:28]	[Recv]	eff 2 5017545 7739

[15:32:28]	[Recv]	die 3 5018795 3 5018795

[15:32:28]	[Recv]	st 2 5017544 94 0 100 100 92062 184124 92062 184124 0

[15:32:28]	[Send]	ncif 3 5018657
[15:32:28]	[Send]	ptctl 5443 1 4988603 36 46 4988603 15
[15:32:28]	[Send]	u_s 13 3 5018657
[15:32:28]	[Send]	ptctl 5443 1 4988592 30 51 4988592 15
[15:32:29]	[Recv]	st 2 5017546 94 0 100 100 92062 184124 92062 184124 0

[15:32:29]	[Recv]	st 3 5018657 99 0 100 100 67711 2828 67711 2828 0

[15:32:29]	[Recv]	cond 2 4988603 0 0 15

[15:32:29]	[Send]	suctl 5443 1 4988603 3 5018657
[15:32:29]	[Recv]	ms_c 0

[15:32:29]	[Recv]	qslot 0 1.1.1 1.1.2 1.1.3 1.1.4 1.1.5 1.1.6 1.1.7 1.1.9 1.1.8 1.1.10 0.1.45 0.2.21 0.1.76 1.1.38 1.3.12 0.1.34 0.1.87 0.-1.-1 0.1.84 0.1.43 1.3.11 1.1.42 1.1.41 1.3.976 0.-1.-1 0.1.70 0.2.143 0.2.25 0.2.27 0.2.26

[15:32:29]	[Recv]	qslot 1 0.-1.-1 0.-1.-1 0.-1.-1 0.-1.-1 0.-1.-1 0.-1.-1 0.-1.-1 0.-1.-1 0.-1.-1 0.-1.-1 0.1.-1 0.1.-1 1.1.41 1.1.42 0.-1.-1 7.7.-1 7.7.-1 7.7.-1 7.7.-1 0.-1.-1 0.-1.-1 0.-1.-1 0.-1.-1 0.-1.-1 0.-1.-1 0.-1.-1 0.-1.-1 0.-1.-1 0.-1.-1 0.-1.-1

[15:32:29]	[Send]	ptctl 5443 1 4988592 29 53 4988592 15
[15:32:29]	[Recv]	ct 1 2073308 3 5018657 -1 -1 1127

[15:32:29]	[Recv]	eff 1 2073308 15

[15:32:29]	[Recv]	su 1 2073308 3 5018657 1127 100 22 4284 0 0 1 55 29803 0 0 37908 67711

[15:32:29]	[Recv]	cond 2 4988592 0 0 15

[15:32:29]	[Recv]	ct 3 5018656 2 4988603 -1 -1 0

[15:32:29]	[Recv]	su 3 5018656 2 4988603 0 10 11 4789 0 0 1 82 114 3 0 15934 19451

[15:32:29]	[Recv]	st 2 5017545 94 0 100 100 92062 184124 92062 184124 0

[15:32:29]	[Recv]	eff 2 4988603 5005

[15:32:29]	[Send]	ptctl 5443 2 4988603 34 51 4988592 30 55 4988603 15
[15:32:29]	[Recv]	cond 2 4988592 0 0 15

[15:32:29]	[Recv]	sp 415680 1000000 0 10000

[15:32:29]	[Recv]	ct 3 5018662 2 4988603 -1 -1 0

[15:32:29]	[Recv]	su 3 5018662 2 4988603 0 10 11 4789 0 0 1 81 114 0 0 15820 19451

[15:32:29]	[Recv]	cond 1 2073308 0 0 20

[15:32:29]	[Recv]	cond 1 2073308 0 0 20

[15:32:29]	[Recv]	cond 2 4988603 0 0 15

[15:32:29]	[Recv]	cond 2 4988592 0 0 15

[15:32:29]	[Recv]	ct 3 5018657 2 4988592 -1 -1 0

[15:32:29]	[Recv]	su 3 5018657 2 4988592 0 10 11 4757 0 0 1 86 29 0 0 50041 57771

[15:32:29]	[Recv]	ct 3 5018650 2 4988603 -1 -1 0

[15:32:29]	[Recv]	su 3 5018650 2 4988603 0 5 11 0 0 0 1 80 113 0 0 15707 19451

[15:32:29]	[Recv]	ct 2 4988603 3 5018657 -1 -1 0

[15:32:29]	[Recv]	su 2 4988603 3 5018657 0 12 11 8360 0 0 1 42 9213 0 0 28695 67711

[15:32:29]	[Recv]	cond 1 2073308 0 0 20

[15:32:29]	[Recv]	cond 1 2073308 0 0 20

[15:32:29]	[Send]	ptctl 5443 1 4988592 29 53 4988592 15
[15:32:29]	[Recv]	cond 2 4988592 0 0 15

[15:32:29]	[Send]	u_s 0 3 5018657
[15:32:29]	[Send]	ncif 3 5018657
[15:32:30]	[Recv]	cond 1 2073308 0 0 20

[15:32:30]	[Recv]	cond 1 2073308 0 0 20

[15:32:30]	[Send]	ptctl 5443 2 4988603 34 53 4988592 27 57 4988603 15
[15:32:30]	[Recv]	ct 1 2073308 3 5018657 -1 -1 1114

[15:32:30]	[Recv]	eff 1 2073308 15

[15:32:30]	[Recv]	su 1 2073308 3 5018657 1114 7 11 4260 0 0 0 0 170942 3 0 0 67711

[15:32:30]	[Recv]	lev 99 0 99 0 2140719000 5991794 66990112 2 0 90 917705181 0

[15:32:30]	[Recv]	cond 1 2073308 0 0 20

[15:32:30]	[Recv]	bf 1 2073308 0.4254.80 99

[15:32:30]	[Recv]	sayi 1 2073308 20 26 3 4254 0 0 0

[15:32:30]	[Recv]	sayi 1 2073308 20 23 3 4254 0 0 0

[15:32:30]	[Recv]	cond 2 4988603 0 0 15

[15:32:30]	[Recv]	cond 2 4988592 0 0 15

[15:32:30]	[Send]	ptctl 5443 2 4988603 32 51 4988592 28 59 4988603 15
[15:32:30]	[Send]	ptctl 5443 2 4988603 33 53 4988592 26 58 4988603 15
[15:32:30]	[Recv]	cond 1 2073308 0 0 20

[15:32:30]	[Recv]	cond 1 2073308 0 0 20

[15:32:30]	[Recv]	in 3 688 5018801 6 43 6 100 100 0 0 0 -1 0 0 -1 - 0 -1 0 0 0 0 0 0 0 0 0 0 0 0

[15:32:30]	[Recv]	msgi 0 679 0 0 0 0 0

[15:32:30]	[Recv]	in 3 760 5018802 7 40 6 100 100 0 0 0 -1 0 0 -1 - 0 -1 0 0 0 0 0 0 0 0 0 0 0 0

[15:32:30]	[Recv]	msgi 0 679 0 0 0 0 0

[15:32:30]	[Recv]	in 3 726 5018803 7 42 3 100 100 0 0 0 -1 0 0 -1 - 0 -1 0 0 0 0 0 0 0 0 0 0 0 0

[15:32:30]	[Recv]	msgi 0 679 0 0 0 0 0

[15:32:30]	[Recv]	in 3 688 5018804 7 43 5 100 100 0 0 0 -1 0 0 -1 - 0 -1 0 0 0 0 0 0 0 0 0 0 0 0

[15:32:30]	[Recv]	msgi 0 679 0 0 0 0 0

[15:32:30]	[Recv]	in 3 688 5018805 8 43 1 100 100 0 0 0 -1 0 0 -1 - 0 -1 0 0 0 0 0 0 0 0 0 0 0 0

[15:32:30]	[Recv]	msgi 0 679 0 0 0 0 0

[15:32:30]	[Recv]	in 3 708 5018806 39 5 7 100 100 0 0 0 -1 0 0 -1 - 0 -1 0 0 0 0 0 0 0 0 0 0 0 0

[15:32:30]	[Recv]	msgi 0 679 0 0 0 0 0

[15:32:30]	[Recv]	in 3 700 5018807 39 6 2 100 100 0 0 0 -1 0 0 -1 - 0 -1 0 0 0 0 0 0 0 0 0 0 0 0

[15:32:30]	[Recv]	msgi 0 679 0 0 0 0 0

[15:32:30]	[Recv]	in 3 708 5018808 40 5 4 100 100 0 0 0 -1 0 0 -1 - 0 -1 0 0 0 0 0 0 0 0 0 0 0 0

[15:32:30]	[Recv]	msgi 0 679 0 0 0 0 0

[15:32:30]	[Recv]	in 3 700 5018809 40 6 4 100 100 0 0 0 -1 0 0 -1 - 0 -1 0 0 0 0 0 0 0 0 0 0 0 0

[15:32:30]	[Recv]	msgi 0 679 0 0 0 0 0

[15:32:30]	[Recv]	in 3 726 5018810 41 5 2 100 100 0 0 0 -1 0 0 -1 - 0 -1 0 0 0 0 0 0 0 0 0 0 0 0

[15:32:30]	[Recv]	msgi 0 679 0 0 0 0 0

[15:32:30]	[Recv]	in 3 700 5018811 41 6 3 100 100 0 0 0 -1 0 0 -1 - 0 -1 0 0 0 0 0 0 0 0 0 0 0 0

[15:32:30]	[Recv]	msgi 0 679 0 0 0 0 0

[15:32:30]	[Recv]	in 3 760 5018812 42 5 5 100 100 0 0 0 -1 0 0 -1 - 0 -1 0 0 0 0 0 0 0 0 0 0 0 0

[15:32:30]	[Recv]	msgi 0 679 0 0 0 0 0

[15:32:30]	[Recv]	in 3 700 5018813 42 6 4 100 100 0 0 0 -1 0 0 -1 - 0 -1 0 0 0 0 0 0 0 0 0 0 0 0

[15:32:30]	[Recv]	msgi 0 679 0 0 0 0 0

[15:32:30]	[Recv]	in 3 760 5018814 71 42 6 100 100 0 0 0 -1 0 0 -1 - 0 -1 0 0 0 0 0 0 0 0 0 0 0 0

[15:32:30]	[Recv]	msgi 0 679 0 0 0 0 0

[15:32:30]	[Recv]	in 3 688 5018815 71 45 4 100 100 0 0 0 -1 0 0 -1 - 0 -1 0 0 0 0 0 0 0 0 0 0 0 0

[15:32:30]	[Recv]	msgi 0 679 0 0 0 0 0

[15:32:30]	[Recv]	in 3 726 5018816 72 44 4 100 100 0 0 0 -1 0 0 -1 - 0 -1 0 0 0 0 0 0 0 0 0 0 0 0

[15:32:30]	[Recv]	msgi 0 679 0 0 0 0 0

[15:32:30]	[Recv]	in 3 688 5018817 72 45 2 100 100 0 0 0 -1 0 0 -1 - 0 -1 0 0 0 0 0 0 0 0 0 0 0 0

[15:32:30]	[Recv]	msgi 0 679 0 0 0 0 0

[15:32:30]	[Recv]	in 3 688 5018818 74 45 0 100 100 0 0 0 -1 0 0 -1 - 0 -1 0 0 0 0 0 0 0 0 0 0 0 0

[15:32:30]	[Recv]	msgi 0 679 0 0 0 0 0

[15:32:30]	[Recv]	eff 3 5018812 5000

[15:32:30]	[Recv]	eff 3 5018808 5000

[15:32:30]	[Recv]	eff 3 5018805 5000

[15:32:30]	[Recv]	eff 3 5018801 5000

[15:32:30]	[Recv]	cond 2 4988603 0 0 15

[15:32:30]	[Recv]	cond 2 4988592 0 0 15

[15:32:30]	[Recv]	cond 1 2073308 0 0 20

[15:32:30]	[Recv]	cond 1 2073308 0 0 20

[15:32:30]	[Recv]	st 2 5017544 94 0 100 100 92062 184124 92062 184124 0

[15:32:30]	[Recv]	cond 2 4988603 0 0 15

[15:32:30]	[Recv]	cond 2 4988592 0 0 15

[15:32:30]	[Recv]	sr 0

[15:32:30]	[Send]	ptctl 5443 2 4988603 30 51 4988592 26 54 4988603 15
[15:32:31]	[Send]	ncif 3 5018653
[15:32:31]	[Recv]	st 2 5017546 94 0 100 100 92062 184124 92062 184124 0

[15:32:31]	[Recv]	cond 1 2073308 0 0 20

[15:32:31]	[Recv]	cond 1 2073308 0 0 20

[15:32:31]	[Recv]	cond 2 4988603 0 0 15

[15:32:31]	[Recv]	cond 2 4988592 0 0 15

[15:32:31]	[Send]	u_s 0 3 5018653
[15:32:31]	[Recv]	st 3 5018653 99 0 21 100 2669 2828 12526 2828 0

[15:32:31]	[Send]	ptctl 5443 1 4988592 30 50 4988592 15
[15:32:31]	[Recv]	cond 1 2073308 0 0 20

[15:32:31]	[Recv]	cond 1 2073308 0 0 20

[15:32:31]	[Send]	ptctl 5443 1 4988603 33 51 4988603 15
[15:32:31]	[Send]	suctl 5443 1 4988603 3 5018653
[15:32:31]	[Recv]	st 2 5017545 94 0 100 100 92062 184124 92062 184124 0

[15:32:31]	[Recv]	ct 1 2073308 3 5018653 -1 -1 1114

[15:32:31]	[Recv]	su 1 2073308 3 5018653 1114 7 11 4260 0 0 1 21 0 4 0 2669 12526

[15:32:31]	[Recv]	cond 2 4988592 0 0 15

[15:32:31]	[Recv]	cond 2 4988603 0 0 15

[15:32:31]	[Recv]	eff 2 4988603 5005

[15:32:31]	[Recv]	ct 3 5018653 2 4988592 -1 -1 0

[15:32:31]	[Recv]	su 3 5018653 2 4988592 0 5 11 0 0 0 1 86 37 0 0 50004 57771

[15:32:32]	[Recv]	ct 2 4988603 3 5018653 -1 -1 0

[15:32:32]	[Recv]	su 2 4988603 3 5018653 0 12 11 8360 0 0 0 0 8503 0 0 0 12526

[15:32:32]	[Recv]	lev 99 0 99 0 2140719000 5991794 66990112 2 0 90 917705181 0

[15:32:32]	[Send]	u_ts 778 14 47
[15:32:32]	[Recv]	ct 3 5018656 2 4988603 -1 -1 0

[15:32:32]	[Recv]	su 3 5018656 2 4988603 0 10 11 4789 0 0 1 80 114 0 0 15593 19451

[15:32:32]	[Recv]	sr 0

[15:32:32]	[Recv]	in 2 669 4988543 12 46 2 100 100 0 0 0 2073308 0 0 -1 @ 2 -1 0 0 0 0 0 0 0 0 0 0 19 4

[15:32:32]	[Recv]	ctl 2 4988543 0 1

[15:32:32]	[Recv]	in 2 643 4988539 15 45 2 100 100 0 0 0 2073308 0 0 -1 @ 2 -1 0 0 0 0 0 0 0 0 0 0 20 4

[15:32:32]	[Recv]	ctl 2 4988539 0 1

[15:32:32]	[Recv]	in 2 639 4988535 16 49 2 100 100 0 0 0 2073308 0 0 -1 @ 2 -1 0 0 0 0 0 0 0 0 0 0 18 4

[15:32:32]	[Recv]	ctl 2 4988535 0 1

[15:32:32]	[Recv]	in 2 638 4988534 16 45 2 100 100 0 0 0 2073308 0 0 -1 @ 2 -1 0 0 0 0 0 0 0 0 0 0 17 4

[15:32:32]	[Recv]	ctl 2 4988534 0 1

[15:32:32]	[Recv]	bf 1 2073308 0.1029.200 99

[15:32:32]	[Recv]	sayi 1 2073308 20 26 3 1029 0 0 0

[15:32:32]	[Recv]	team_cool 4 900

[15:32:32]	[Send]	ptctl 5443 1 4988592 31 49 4988592 15
[15:32:32]	[Recv]	eff 3 5018660 5000

[15:32:32]	[Recv]	sc_p 81 639 4988535 1 2986 0 2 0 144 201 70 4 70 0 27 35 29 35 25 3 60 50 80 50 501 501 220 220 0 15 0 @ 0 18 4 1 0 0 0 90

[15:32:32]	[Recv]	cond 2 4988592 0 0 15

[15:32:32]	[Recv]	sayi 1 2073308 20 22 3 948 0 0 0

[15:32:32]	[Recv]	bf 1 2073308 0.948.0 99

[15:32:32]	[Recv]	ct 2 4988534 3 5018805 -1 -1 0

[15:32:32]	[Recv]	su 2 4988534 3 5018805 0 11 11 4948 0 0 1 100 1 0 0 12525 12526

[15:32:32]	[Recv]	ct 2 4988539 3 5018803 -1 -1 0

[15:32:32]	[Recv]	sc_p 86 643 4988539 1 2986 0 2 0 144 201 70 4 70 0 27 35 29 35 25 3 60 50 80 50 501 501 220 220 0 15 0 @ 0 20 4 1 0 0 0 90

[15:32:32]	[Recv]	eff 3 5018803 6003

[15:32:32]	[Recv]	su 2 4988539 3 5018803 0 11 11 4948 0 0 1 100 1 0 0 67710 67711

[15:32:32]	[Recv]	ct 2 4988543 3 5018802 -1 -1 0

[15:32:32]	[Recv]	su 2 4988543 3 5018802 0 11 11 4948 0 0 1 100 1 0 0 12525 12526

[15:32:32]	[Recv]	st 2 5017544 94 0 100 100 92062 184124 92062 184124 0

[15:32:32]	[Recv]	eff 2 5017544 7739

[15:32:32]	[Send]	ptctl 5443 2 4988603 28 51 4988592 26 49 4988603 15
[15:32:33]	[Recv]	ct 2 4988535 3 5018804 -1 -1 0

[15:32:33]	[Recv]	su 2 4988535 3 5018804 0 11 11 4948 0 0 1 100 1 0 0 12525 12526

[15:32:33]	[Recv]	st 2 5017546 94 0 100 100 92062 184124 92062 184124 0

[15:32:33]	[Recv]	eff 2 5017546 7739

[15:32:33]	[Recv]	cond 1 2073308 0 0 20

[15:32:33]	[Recv]	cond 1 2073308 0 0 20

[15:32:33]	[Recv]	cond 2 4988603 0 0 15

[15:32:33]	[Recv]	cond 2 4988592 0 0 15

[15:32:33]	[Send]	ptctl 5443 2 4988603 30 56 4988592 28 54 4988603 15
[15:32:33]	[Recv]	ct 3 5018662 2 4988603 -1 -1 0

[15:32:33]	[Recv]	su 3 5018662 2 4988603 0 10 11 4789 0 0 1 79 114 0 0 15479 19451

[15:32:33]	[Recv]	st 2 5017545 94 0 100 100 92062 184124 92062 184124 0

[15:32:33]	[Recv]	eff 2 5017545 7739

[15:32:33]	[Recv]	cond 1 2073308 0 0 20

[15:32:33]	[Recv]	cond 1 2073308 0 0 20

[15:32:33]	[Send]	pulse 5880 0
[15:32:33]	[Recv]	umi 5060.340 5676.-1 5797.-1 13459.-2

[15:32:33]	[Recv]	cond 2 4988603 0 0 15

[15:32:33]	[Recv]	cond 2 4988592 0 0 15

[15:32:34]	[Recv]	ct 3 5018805 2 4988534 -1 -1 0

[15:32:34]	[Recv]	su 3 5018805 2 4988534 0 5 11 0 0 0 1 16 421 0 0 80 501

[15:32:34]	[Send]	u_ts 758 57 49
[15:32:34]	[Send]	ptctl 5443 2 4988603 28 57 4988592 30 59 4988603 15
[15:32:34]	[Recv]	cond 2 4988602 0 0 12

[15:32:34]	[Recv]	c_mode 2 4988602 2343 0 0

[15:32:34]	[Recv]	sc_n 4 2640 4988602 94 1000 473672 991.2.4 996.0.10 317.0.5 321.0.5 0 0 1 4 566 686 820 9 160 10 201 555 264 555 248 3 7 7 110 2 17310 17310 10544 10544 0 291503800 @ 2343 0 4812.100 1318.3 1319.3 1320.7 2138 3 0

[15:32:34]	[Recv]	out 2 4988602

[15:32:34]	[Recv]	in 2 2640 4988602 59 48 2 100 100 0 0 3 2073308 1 0 2343 @ 1 4 0 0 0 0 0 0 0 0 2138 0 3 0

[15:32:34]	[Recv]	pinit 2 2|4988603|0|94|@|-1|3206|1|2723|0|0 2|4988592|1|96|@|-1|1548|0|0|0|60


[15:32:34]	[Recv]	in 2 2640 4988602 59 48 2 100 100 0 0 3 2073308 0 0 2343 @ 1 4 0 0 0 0 0 0 0 0 2138 0 3 0

[15:32:34]	[Recv]	ctl 2 4988602 0 1

[15:32:34]	[Recv]	in 2 822 4988567 58 51 2 100 100 0 0 3 2073308 0 0 -1 @ 1 3 0 0 0 0 0 0 0 0 0 0 4 0

[15:32:34]	[Recv]	ctl 2 4988567 0 1

[15:32:34]	[Recv]	cond 2 4988487 0 0 12

[15:32:34]	[Recv]	c_mode 2 4988487 2323 0 0

[15:32:34]	[Recv]	sc_n 2 319 4988487 99 1000 398653210 990.4.5 997.5.6 -1 -1 0 0 0 5 661 711 543 10 150 6 592 586 461 586 372 2 9 15 9 11 38176 38176 11281 11281 0 428143800 Kliff 2323 0 4809.100 1299.2 1300.4 1301.7 2127 1 0

[15:32:34]	[Recv]	out 2 4988487

[15:32:34]	[Recv]	in 2 319 4988487 55 50 2 100 100 0 0 3 2073308 1 0 2323 Kliff 1 2 0 0 0 0 0 0 0 0 2127 0 1 0

[15:32:34]	[Recv]	pinit 2 2|4988603|0|94|@|-1|3206|1|2723|0|0 2|4988592|1|96|@|-1|1548|0|0|0|60


[15:32:34]	[Recv]	in 2 319 4988487 55 50 2 100 100 0 0 3 2073308 0 0 2323 Kliff 1 2 0 0 0 0 0 0 0 0 2127 0 1 0

[15:32:34]	[Recv]	ctl 2 4988487 0 1

[15:32:34]	[Recv]	cond 2 4988486 0 0 11

[15:32:34]	[Recv]	c_mode 2 4988486 2367 0 0

[15:32:34]	[Recv]	sc_n 0 317 4988486 94 1000 202328 991.2.4 -1 -1 -1 0 0 1 4 558 678 801 9 160 0 88 214 107 214 79 2 1 5 1 1 16921 16921 6757 6757 0 291503800 Bob 2367 0 8239.0 0.0 0.0 0.0 2181 2 0

[15:32:34]	[Recv]	out 2 4988486

[15:32:34]	[Recv]	in 2 317 4988486 55 51 2 100 100 0 0 3 2073308 1 0 2367 Bob 1 0 0 0 0 0 0 0 0 0 2181 0 2 0

[15:32:34]	[Recv]	pinit 2 2|4988603|0|94|@|-1|3206|1|2723|0|0 2|4988592|1|96|@|-1|1548|0|0|0|60


[15:32:34]	[Recv]	in 2 317 4988486 55 51 2 100 100 0 0 3 2073308 0 0 2367 Bob 1 0 0 0 0 0 0 0 0 0 2181 0 2 0

[15:32:34]	[Recv]	ctl 2 4988486 0 1

[15:32:34]	[Recv]	bf 1 2073308 0.1025.200 99

[15:32:34]	[Recv]	sayi 1 2073308 20 26 3 1025 0 0 0

[15:32:34]	[Recv]	team_cool 0 900

[15:32:34]	[Recv]	cond 2 4988603 0 0 15

[15:32:34]	[Recv]	cond 2 4988592 0 0 15

[15:32:34]	[Recv]	sp 415670 1000000 0 10000

[15:32:34]	[Recv]	eff 3 5018802 4799

[15:32:34]	[Recv]	sc_p 80 638 4988534 1 2990 0 2 0 144 201 70 4 70 0 27 35 29 35 25 3 60 50 80 50 80 501 220 220 0 15 0 @ 0 17 4 1 0 0 0 90

[15:32:34]	[Recv]	sc_p 83 669 4988543 1 2986 0 2 0 144 201 70 4 70 0 27 35 29 35 25 3 60 50 80 50 501 501 220 220 0 15 0 @ 0 19 4 1 0 0 0 90

[15:32:34]	[Send]	ptctl 5443 2 4988603 30 57 4988592 30 55 4988603 15
[15:32:34]	[Send]	ncif 3 5018660
[15:32:34]	[Recv]	eff 3 5018814 4799

[15:32:34]	[Recv]	eff 3 5018812 4799

[15:32:34]	[Recv]	ct 3 5018660 1 2073308 -1 -1 0

[15:32:34]	[Recv]	su 3 5018660 1 2073308 0 10 11 4789 0 0 1 100 0 1 0 95497 95497

[15:32:34]	[Recv]	st 2 5017544 94 0 100 100 92062 184124 92062 184124 0

[15:32:34]	[Recv]	cond 1 2073308 0 0 20

[15:32:34]	[Recv]	cond 1 2073308 0 0 20

[15:32:34]	[Recv]	cond 2 4988603 0 0 15

[15:32:34]	[Recv]	cond 2 4988592 0 0 15

[15:32:35]	[Send]	u_s 0 3 5018660
[15:32:35]	[Recv]	ct 2 4988602 3 5018817 -1 -1 0

[15:32:35]	[Recv]	su 2 4988602 3 5018817 0 11 11 4085 0 0 1 37 7810 0 0 4716 12526

[15:32:35]	[Recv]	st 2 5017546 94 0 100 100 92062 184124 92062 184124 0

[15:32:35]	[Recv]	st 3 5018660 99 0 100 100 100086 2828 100086 2828 0

[15:32:35]	[Send]	ptctl 5443 1 4988592 27 59 4988592 15
[15:32:35]	[Send]	suctl 5443 1 4988603 3 5018660
[15:32:35]	[Recv]	ct 3 5018805 2 4988534 -1 -1 0

[15:32:35]	[Recv]	su 3 5018805 2 4988534 0 5 11 0 0 0 0 0 1461 0 0 0 501

[15:32:35]	[Recv]	ct 3 5018804 2 4988535 -1 -1 0

[15:32:35]	[Recv]	su 3 5018804 2 4988535 0 5 11 0 0 0 0 0 1501 0 0 0 501

[15:32:35]	[Recv]	ct 2 4988567 3 5018816 -1 -1 0

[15:32:35]	[Recv]	ct 2 4988539 3 5018803 -1 -1 0

[15:32:35]	[Recv]	su 2 4988539 3 5018803 0 11 11 4948 0 0 1 100 1 0 0 67709 67711

[15:32:35]	[Recv]	ct 2 4988543 3 5018802 -1 -1 0

[15:32:35]	[Recv]	eff 3 5018802 6003

[15:32:35]	[Recv]	su 2 4988543 3 5018802 0 11 11 4948 0 0 1 100 1 0 0 12524 12526

[15:32:35]	[Recv]	ct 1 2073308 3 5018660 -1 -1 1114

[15:32:35]	[Recv]	su 1 2073308 3 5018660 1114 7 11 4260 0 0 1 72 27786 0 0 72300 100086

[15:32:35]	[Recv]	cond 2 4988592 0 0 15

[15:32:35]	[Recv]	eff 2 4988603 5005

[15:32:35]	[Recv]	ct 2 4988486 3 5018818 -1 -1 0

[15:32:35]	[Recv]	su 2 4988567 3 5018816 0 4 11 3601 0 0 1 92 5155 0 0 62556 67711

[15:32:35]	[Recv]	st 2 5017545 94 0 100 100 92062 184124 92062 184124 0

[15:32:35]	[Send]	ptctl 5443 2 4988603 34 53 4988592 33 55 4988603 15
[15:32:35]	[Recv]	cond 1 2073308 0 0 20

[15:32:35]	[Recv]	cond 1 2073308 0 0 20

[15:32:35]	[Send]	ptctl 5443 2 4988603 36 54 4988592 36 54 4988603 15
[15:32:35]	[Recv]	su 2 4988486 3 5018818 0 6 11 7130 0 0 1 65 4284 0 0 8242 12526

[15:32:35]	[Recv]	ct 2 4988603 3 5018660 -1 -1 0

[15:32:35]	[Recv]	eff 2 4988603 15

[15:32:35]	[Recv]	su 2 4988603 3 5018660 0 12 11 8360 0 0 1 59 13030 0 0 59270 100086

[15:32:35]	[Recv]	cond 2 4988603 0 0 15

[15:32:35]	[Recv]	cond 2 4988592 0 0 15

[15:32:35]	[Recv]	cond 1 2073308 0 0 20

[15:32:35]	[Recv]	cond 1 2073308 0 0 20

[15:32:35]	[Send]	ptctl 5443 1 4988592 28 58 4988592 15
[15:32:35]	[Recv]	team_cool 3 0

[15:32:35]	[Recv]	cond 2 4988603 0 0 15

[15:32:35]	[Recv]	cond 2 4988592 0 0 15

[15:32:35]	[Send]	u_s 0 3 5018660
[15:32:35]	[Send]	ncif 3 5018660
[15:32:35]	[Recv]	sr 0

[15:32:35]	[Recv]	cond 2 4988592 0 0 15

[15:32:35]	[Send]	ptctl 5443 1 4988592 28 59 4988592 15
[15:32:36]	[Recv]	ct 3 5018816 2 4988567 -1 -1 0

[15:32:36]	[Recv]	su 3 5018816 2 4988567 0 10 11 7174 0 0 1 90 1824 0 0 16789 18613

[15:32:36]	[Recv]	cond 1 2073308 0 0 20

[15:32:36]	[Recv]	cond 1 2073308 0 0 20

[15:32:36]	[Recv]	ct 2 4988567 3 5018816 -1 -1 0

[15:32:36]	[Recv]	sc_p 170 1548 4988592 96 623 24094894 0 0 1889 2049 1289 19 90 9 975 627 958 627 866 3 90 90 110 80 50004 57771 18100 18100 1 84982200 0 @ 0 0 6 60 1831 1798 0 100

[15:32:36]	[Recv]	ct 1 2073308 3 5018660 -1 -1 1114

[15:32:36]	[Recv]	eff 1 2073308 15

[15:32:36]	[Recv]	su 1 2073308 3 5018660 1114 7 11 4260 0 0 1 15 43941 0 0 15329 100086

[15:32:36]	[Recv]	st 3 5018660 99 0 15 100 15329 2828 100086 2828 0

[15:32:36]	[Send]	ptctl 5443 2 4988603 35 54 4988592 36 56 4988603 15
[15:32:36]	[Recv]	cond 2 4988592 0 0 15

[15:32:36]	[Send]	ptctl 5443 2 4988603 36 54 4988592 37 55 4988603 15
[15:32:36]	[Recv]	ct 3 5018662 2 4988603 -1 -1 0

[15:32:36]	[Recv]	su 3 5018662 2 4988603 0 10 11 4789 0 0 1 79 113 0 0 15366 19451

[15:32:36]	[Recv]	ct 3 5018656 2 4988603 -1 -1 0

[15:32:36]	[Recv]	su 3 5018656 2 4988603 0 10 11 4789 0 0 1 78 113 0 0 15253 19451

[15:32:36]	[Recv]	ct 2 4988486 3 5018818 -1 -1 0

[15:32:36]	[Recv]	eff 2 4988567 15

[15:32:36]	[Recv]	su 2 4988567 3 5018816 0 6 11 3601 0 0 1 83 6288 0 0 56268 67711

[15:32:36]	[Recv]	ct 2 4988602 3 5018817 -1 -1 0

[15:32:36]	[Recv]	su 2 4988602 3 5018817 0 11 11 4085 0 0 0 0 7620 0 0 0 12526

[15:32:36]	[Recv]	lev 99 0 99 0 2140719000 5991794 66990112 2 0 90 917705181 0

[15:32:36]	[Recv]	cond 1 2073308 0 0 20

[15:32:36]	[Recv]	cond 1 2073308 0 0 20

[15:32:36]	[Recv]	sr 8

[15:32:36]	[Recv]	cond 2 4988603 0 0 15

[15:32:36]	[Recv]	cond 2 4988592 0 0 15

[15:32:36]	[Recv]	ct 3 5018650 2 4988603 -1 -1 0

[15:32:36]	[Recv]	su 3 5018650 2 4988603 0 5 11 0 0 0 1 78 113 0 0 15140 19451

[15:32:36]	[Recv]	eff 2 4988486 15

[15:32:36]	[Recv]	su 2 4988486 3 5018818 0 6 11 7130 0 0 1 22 5381 0 0 2861 12526

[15:32:36]	[Recv]	cond 2 4988603 0 0 15

[15:32:36]	[Recv]	cond 2 4988592 0 0 15

[15:32:36]	[Recv]	ct 2 4988487 3 5018816 -1 -1 0

[15:32:36]	[Recv]	out 2 4988534

[15:32:36]	[Recv]	out 2 4988535

[15:32:36]	[Recv]	st 2 5017544 94 0 100 100 92062 184124 92062 184124 0

[15:32:36]	[Send]	ncif 3 5018660
[15:32:36]	[Recv]	sr 0

[15:32:37]	[Recv]	ct 3 5018660 2 5017544 -1 -1 0

[15:32:37]	[Recv]	su 3 5018660 2 5017544 0 10 11 4789 0 0 1 99 706 3 0 91356 92062

[15:32:37]	[Recv]	su 2 4988487 3 5018816 0 6 11 4035 0 0 1 66 11293 3 0 44975 67711

[15:32:37]	[Recv]	st 2 5017546 94 0 100 100 92062 184124 92062 184124 0

[15:32:37]	[Recv]	st 3 5018660 99 0 15 100 15329 2828 100086 2828 0

[15:32:37]	[Send]	ptctl 5443 2 4988603 30 55 4988592 32 55 4988603 15
[15:32:37]	[Recv]	ct 2 4988567 3 5018816 -1 -1 0

[15:32:37]	[Recv]	cond 1 2073308 0 0 20

[15:32:37]	[Recv]	cond 1 2073308 0 0 20

[15:32:37]	[Recv]	ct 2 4988486 3 5018818 -1 -1 0

[15:32:37]	[Recv]	su 2 4988567 3 5018816 0 6 11 3601 0 0 1 58 5135 0 0 39840 67711

[15:32:37]	[Recv]	st 2 5017545 94 0 100 100 92062 184124 92062 184124 0

[15:32:37]	[Recv]	cond 2 4988603 0 0 15

[15:32:37]	[Recv]	cond 2 4988592 0 0 15

[15:32:37]	[Recv]	su 2 4988486 3 5018818 0 6 11 7130 0 0 1 22 0 4 0 2861 12526

[15:32:37]	[Recv]	ct 2 4988539 3 5018803 -1 -1 0

[15:32:37]	[Recv]	su 2 4988539 3 5018803 0 11 11 4948 0 0 1 100 1 0 0 67708 67711

[15:32:37]	[Recv]	ct 2 4988543 3 5018802 -1 -1 0

[15:32:37]	[Recv]	su 2 4988543 3 5018802 0 11 11 4948 0 0 1 100 1 0 0 12523 12526

[15:32:37]	[Send]	u_ts 777 33 58
[15:32:37]	[Send]	ptctl 5443 2 4988603 33 56 4988592 33 56 4988603 15
[15:32:37]	[Recv]	ct 3 5018650 2 4988592 -1 -1 0

[15:32:37]	[Recv]	su 3 5018650 2 4988592 0 5 11 0 0 0 1 86 37 0 0 49967 57771

[15:32:37]	[Recv]	ct 2 4988487 3 5018816 -1 -1 0

[15:32:37]	[Recv]	ct 2 4988602 3 5018815 -1 -1 0

[15:32:37]	[Recv]	su 2 4988602 3 5018815 0 11 11 4085 0 0 1 37 7801 0 0 4725 12526

[15:32:37]	[Recv]	eff 2 5017544 7739

[15:32:37]	[Recv]	cond 1 2073308 0 0 20

[15:32:37]	[Recv]	cond 1 2073308 0 0 20

[15:32:37]	[Send]	ncif 3 5018660
[15:32:37]	[Recv]	in 2 2731 4988617 33 57 2 100 100 0 0 3 2073308 0 0 -1 @ 2 -1 0 0 0 0 0 0 0 0 0 0 15 5

[15:32:37]	[Recv]	ctl 2 4988617 0 1

[15:32:37]	[Recv]	in 2 1538 4988590 32 57 2 100 100 0 0 3 2073308 0 0 -1 @ 2 -1 0 0 0 0 0 0 0 0 0 0 16 6

[15:32:37]	[Recv]	ctl 2 4988590 0 1

[15:32:37]	[Recv]	in 2 840 4988573 33 58 2 100 100 0 0 0 2073308 0 0 -1 @ 2 -1 0 0 0 0 0 0 0 0 0 0 14 4

[15:32:37]	[Recv]	ctl 2 4988573 0 1

[15:32:37]	[Recv]	in 2 64 4988460 35 59 2 100 100 0 0 0 2073308 0 0 -1 @ 2 -1 0 0 0 0 0 0 0 0 0 0 13 3

[15:32:37]	[Recv]	ctl 2 4988460 0 1

[15:32:37]	[Recv]	bf 1 2073308 0.1028.200 99

[15:32:37]	[Recv]	sayi 1 2073308 20 26 3 1028 0 0 0

[15:32:37]	[Recv]	team_cool 3 900

[15:32:38]	[Recv]	su 2 4988487 3 5018816 0 6 11 4035 0 0 1 42 11311 3 0 28529 67711

[15:32:38]	[Recv]	eff 2 5017546 7739

[15:32:38]	[Recv]	cond 2 4988603 0 0 15

[15:32:38]	[Recv]	cond 2 4988592 0 0 15

[15:32:38]	[Send]	ptctl 5443 1 4988592 34 57 4988592 15
[15:32:38]	[Recv]	cond 1 2073308 0 0 20

[15:32:38]	[Recv]	sayi 1 2073308 20 22 3 4254 0 0 0

[15:32:38]	[Recv]	bf 1 2073308 0.4254.0 99

[15:32:38]	[Recv]	st 3 5018660 99 0 15 100 15329 2828 100086 2828 0

[15:32:38]	[Send]	ptctl 5443 2 4988603 29 58 4988592 29 56 4988603 15
[15:32:38]	[Recv]	ct 3 5018816 2 4988487 -1 -1 0

[15:32:38]	[Recv]	su 3 5018816 2 4988487 0 10 11 7174 0 0 1 97 1010 0 0 37166 38176

[15:32:38]	[Recv]	ct 3 5018803 2 4988539 -1 -1 0

[15:32:38]	[Recv]	su 3 5018803 2 4988539 0 10 11 7174 0 0 0 0 1411 0 0 0 501

[15:32:38]	[Recv]	ct 2 4988567 3 5018816 -1 -1 0

[15:32:38]	[Recv]	cond 2 4988592 0 0 15

[15:32:38]	[Send]	ptctl 5443 1 4988603 32 56 4988603 15
[15:32:38]	[Send]	suctl 5443 1 4988603 3 5018660
[15:32:38]	[Recv]	cond 1 2073308 0 0 20

[15:32:38]	[Recv]	cond 1 2073308 0 0 20

[15:32:38]	[Send]	u_s 1 3 5018660
[15:32:38]	[Send]	ptctl 5443 1 4988592 28 59 4988592 15
[15:32:38]	[Recv]	ct 2 4988486 3 5018818 -1 -1 0

[15:32:38]	[Recv]	su 2 4988567 3 5018816 0 6 11 3601 0 0 1 34 5072 0 0 23457 67711

[15:32:38]	[Recv]	eff 2 5017545 7739

[15:32:38]	[Recv]	cond 2 4988603 0 0 15

[15:32:38]	[Recv]	cond 2 4988592 0 0 15

[15:32:38]	[Recv]	cond 2 4988603 0 0 15

[15:32:38]	[Recv]	su 2 4988486 3 5018818 0 6 11 7130 0 0 0 0 4301 0 0 0 12526

[15:32:38]	[Recv]	lev 99 0 99 0 2140719000 5991794 66990112 2 0 90 917705181 0

[15:32:38]	[Recv]	eff 2 4988603 5005

[15:32:38]	[Recv]	ms_c 0

[15:32:38]	[Recv]	qslot 0 1.1.1 1.1.2 1.1.3 1.1.4 1.1.5 1.1.6 1.1.7 1.1.9 1.1.8 1.1.10 0.1.45 0.2.21 0.1.76 1.1.38 1.3.12 0.1.34 0.1.87 0.-1.-1 0.1.84 0.1.43 1.3.11 1.1.42 1.1.41 1.3.976 0.-1.-1 0.1.70 0.2.143 0.2.25 0.2.27 0.2.26

[15:32:38]	[Recv]	qslot 1 0.-1.-1 0.-1.-1 0.-1.-1 0.-1.-1 0.-1.-1 0.-1.-1 0.-1.-1 0.-1.-1 0.-1.-1 0.-1.-1 0.1.-1 0.1.-1 1.1.41 1.1.42 0.-1.-1 7.7.-1 7.7.-1 7.7.-1 7.7.-1 0.-1.-1 0.-1.-1 0.-1.-1 0.-1.-1 0.-1.-1 0.-1.-1 0.-1.-1 0.-1.-1 0.-1.-1 0.-1.-1 0.-1.-1

[15:32:38]	[Recv]	sc_p 74 1538 4988590 1 2983 0 0 0 1330 1388 730 18 150 0 622 74 624 74 619 2 90 110 100 100 15441 15441 15070 15070 0 15 0 @ 0 16 6 60 1819 1831 0 100

[15:32:38]	[Recv]	sc_p 77 2731 4988617 1 2982 0 0 0 820 850 450 15 80 0 345 38 350 38 360 4 83 93 73 108 7621 7621 7260 7260 0 15 0 @ 0 15 5 40 1805 1820 3 2130

[15:32:38]	[Recv]	ct 2 4988487 3 5018816 -1 -1 0

[15:32:38]	[Recv]	st 2 5017544 94 0 99 100 91356 184124 92062 184124 0

[15:32:38]	[Recv]	ct 1 2073308 3 5018660 14 4263 1115

[15:32:38]	[Recv]	cond 2 4988592 0 0 15

[15:32:38]	[Send]	ncif 3 5018660
[15:32:39]	[Recv]	su 2 4988487 3 5018816 0 6 11 4035 0 0 1 34 0 1 0 23457 67711

[15:32:39]	[Recv]	ct 2 4988603 3 5018660 -1 -1 0

[15:32:39]	[Recv]	su 2 4988603 3 5018660 0 12 11 8360 0 0 1 7 7799 0 0 7530 100086

[15:32:39]	[Recv]	st 2 5017546 94 0 100 100 92062 184124 92062 184124 0

[15:32:39]	[Recv]	cond 2 4988535 0 0 9

[15:32:39]	[Recv]	petski 334 1831 1798

[15:32:39]	[Recv]	pet_cool2  0 0 0

[15:32:39]	[Recv]	pinit 2 2|4988603|0|94|@|-1|3206|1|2723|0|0 2|4988592|1|96|@|-1|1548|0|0|0|60

[15:32:39]	[Recv]	cond 2 4988534 0 0 9

[15:32:39]	[Recv]	petski 334 1831 1798

[15:32:39]	[Recv]	pet_cool2  0 0 0

[15:32:39]	[Recv]	pinit 2 2|4988603|0|94|@|-1|3206|1|2723|0|0 2|4988592|1|96|@|-1|1548|0|0|0|60

[15:32:39]	[Recv]	st 3 5018660 99 0 7 100 7530 2828 100086 2828 0

[15:32:39]	[Recv]	eff 1 2073308 15

[15:32:39]	[Recv]	su 1 2073308 3 5018660 1115 70 12 4264 0 0 0 0 211112 3 0 0 100086

[15:32:39]	[Recv]	lev 99 0 99 0 2140719000 5991794 66990112 2 0 90 917705181 0

[15:32:39]	[Recv]	mslot 1127 -1

[15:32:39]	[Recv]	qset 0 0 1.1.13.0

[15:32:39]	[Recv]	bf 1 2073308 0.4126.100 99

[15:32:39]	[Recv]	sayi 1 2073308 20 26 3 4126 0 0 0

[15:32:39]	[Recv]	ct 3 5018814 2 5017546 -1 -1 0

[15:32:39]	[Recv]	su 3 5018814 2 5017546 0 25 11 7200 0 0 1 97 2167 0 0 89895 92062

[15:32:39]	[Recv]	ct 3 5018662 2 4988603 -1 -1 0

[15:32:39]	[Recv]	su 3 5018662 2 4988603 0 10 11 4789 0 0 1 77 113 0 0 15027 19451

[15:32:39]	[Recv]	ct 3 5018656 2 4988603 -1 -1 0

[15:32:39]	[Recv]	su 3 5018656 2 4988603 0 10 11 4789 0 0 1 76 114 0 0 14913 19451

[15:32:39]	[Recv]	ct 2 4988460 3 5018650 -1 -1 0

[15:32:39]	[Recv]	ct 2 4988573 3 5018656 -1 -1 0

[15:32:39]	[Recv]	su 2 4988573 3 5018656 0 10 11 200 0 0 1 100 1 0 0 100085 100086

[15:32:39]	[Recv]	ct 2 4988590 3 5018662 -1 -1 0

[15:32:39]	[Recv]	su 2 4988590 3 5018662 0 10 11 4841 0 0 1 62 0 1 0 62464 100086

[15:32:39]	[Recv]	ct 2 4988567 3 5018816 -1 -1 0

[15:32:39]	[Recv]	sr 13

[15:32:39]	[Recv]	su 2 4988460 3 5018650 0 12 11 1007 0 0 1 100 0 1 0 12526 12526

[15:32:39]	[Recv]	ct 2 4988486 3 5018814 -1 -1 0

[15:32:39]	[Recv]	eff 2 4988567 15

[15:32:39]	[Recv]	su 2 4988567 3 5018816 0 6 11 3601 0 0 1 25 6393 0 0 17064 67711

[15:32:39]	[Recv]	st 2 5017545 94 0 100 100 92062 184124 92062 184124 0

[15:32:39]	[Send]	ptctl 5443 1 4988592 26 61 4988592 15
[15:32:39]	[Send]	ptctl 5443 2 4988603 34 51 4988592 27 55 4988603 15
[15:32:39]	[Recv]	sp 415660 1000000 0 10000

[15:32:39]	[Recv]	eff 3 5018802 4799

[15:32:39]	[Recv]	ct 3 5018650 2 4988603 -1 -1 0

[15:32:39]	[Recv]	su 3 5018650 2 4988603 0 5 11 0 0 0 1 76 113 0 0 14800 19451

[15:32:39]	[Recv]	su 2 4988486 3 5018814 0 6 11 7130 0 0 1 100 0 4 0 12526 12526

[15:32:39]	[Recv]	ct 2 4988602 3 5018815 -1 -1 0

[15:32:39]	[Recv]	su 2 4988602 3 5018815 0 11 11 4085 0 0 0 0 7762 0 0 0 12526

[15:32:39]	[Recv]	lev 99 0 99 0 2140719000 5991794 66990112 2 0 90 917705181 0

[15:32:39]	[Recv]	cond 2 4988592 0 0 15

[15:32:39]	[Recv]	cond 1 2073308 0 0 20

[15:32:39]	[Recv]	cond 1 2073308 0 0 20

[15:32:39]	[Recv]	eff 3 5018814 4799

[15:32:39]	[Recv]	eff 3 5018812 4799

[15:32:39]	[Recv]	ct 2 4988487 3 5018816 -1 -1 0

[15:32:39]	[Recv]	out 2 4988539

[15:32:39]	[Recv]	cond 2 4988603 0 0 15

[15:32:39]	[Recv]	cond 2 4988592 0 0 15

[15:32:39]	[Send]	ncif 3 5018656
[15:32:40]	[Send]	ptctl 5443 1 4988603 32 54 4988603 15
[15:32:40]	[Send]	suctl 5443 1 4988603 3 5018656
[15:32:40]	[Recv]	su 2 4988487 3 5018816 0 6 11 4035 0 0 1 18 4473 0 0 12591 67711

[15:32:40]	[Recv]	ct 2 4988543 3 5018802 -1 -1 0

[15:32:40]	[Recv]	su 2 4988543 3 5018802 0 11 11 4948 0 0 1 100 1 0 0 12522 12526

[15:32:40]	[Recv]	st 3 5018656 99 0 100 100 100085 2828 100086 2828 0

[15:32:40]	[Send]	ptctl 5443 1 4988592 31 54 4988592 15
[15:32:40]	[Send]	u_s 13 3 5018656
[15:32:40]	[Recv]	cond 2 4988603 0 0 15

[15:32:40]	[Recv]	ct 2 4988567 3 5018816 -1 -1 0

[15:32:40]	[Recv]	eff 2 4988603 5005

[15:32:40]	[Recv]	cond 2 4988592 0 0 15

[15:32:40]	[Recv]	ct 3 5018816 2 4988487 -1 -1 0

[15:32:40]	[Recv]	su 3 5018816 2 4988487 0 10 11 7174 0 0 1 94 1040 0 0 36126 38176

[15:32:40]	[Recv]	ct 2 4988486 3 5018814 -1 -1 0

[15:32:40]	[Recv]	su 2 4988567 3 5018816 0 6 11 3601 0 0 1 10 5182 0 0 7409 67711

[15:32:40]	[Recv]	cond 1 2073308 0 0 20

[15:32:40]	[Recv]	cond 1 2073308 0 0 20

[15:32:40]	[Recv]	ms_c 0

[15:32:40]	[Recv]	qslot 0 1.1.1 1.1.2 1.1.3 1.1.4 1.1.5 1.1.6 1.1.7 1.1.9 1.1.8 1.1.10 0.1.45 0.2.21 0.1.76 1.1.38 1.3.12 0.1.34 0.1.87 0.-1.-1 0.1.84 0.1.43 1.3.11 1.1.42 1.1.41 1.3.976 0.-1.-1 0.1.70 0.2.143 0.2.25 0.2.27 0.2.26

[15:32:40]	[Recv]	qslot 1 0.-1.-1 0.-1.-1 0.-1.-1 0.-1.-1 0.-1.-1 0.-1.-1 0.-1.-1 0.-1.-1 0.-1.-1 0.-1.-1 0.1.-1 0.1.-1 1.1.41 1.1.42 0.-1.-1 7.7.-1 7.7.-1 7.7.-1 7.7.-1 0.-1.-1 0.-1.-1 0.-1.-1 0.-1.-1 0.-1.-1 0.-1.-1 0.-1.-1 0.-1.-1 0.-1.-1 0.-1.-1 0.-1.-1

[15:32:40]	[Recv]	su 2 4988486 3 5018814 0 6 11 7130 0 0 1 63 4627 0 0 7899 12526

[15:32:40]	[Recv]	ct 2 4988603 3 5018656 -1 -1 0

[15:32:40]	[Recv]	su 2 4988603 3 5018656 0 12 11 8360 0 0 1 92 7700 0 0 92385 100086

[15:32:40]	[Recv]	ct 1 2073308 3 5018656 -1 -1 1127

[15:32:40]	[Recv]	su 1 2073308 3 5018656 1127 100 22 4284 0 0 1 92 0 4 0 92385 100086

[15:32:40]	[Recv]	eff 1 2073308 15

[15:32:40]	[Recv]	su 1 2073308 3 5018650 1127 100 22 4284 0 0 0 0 240857 6 0 0 12526

[15:32:40]	[Recv]	lev 99 0 99 0 2140719000 5991794 66990112 2 0 90 917705181 0

[15:32:40]	[Recv]	ct 2 4988617 3 5018805 -1 -1 0

[15:32:40]	[Recv]	su 2 4988617 3 5018805 0 10 11 8146 0 0 1 100 0 1 0 12525 12526

[15:32:40]	[Recv]	ct 2 4988487 3 5018816 -1 -1 0

[15:32:40]	[Recv]	st 2 5017544 94 0 100 100 92062 184124 92062 184124 0

[15:32:40]	[Send]	u_s 13 3 5018656
[15:32:40]	[Send]	ptctl 5443 2 4988603 32 59 4988592 32 59 4988603 15
[15:32:40]	[Send]	ncif 3 5018656
[15:32:41]	[Recv]	su 2 4988487 3 5018816 0 6 11 4035 0 0 1 4 4511 0 0 2898 67711

[15:32:41]	[Recv]	ct 2 4988602 3 5018816 -1 -1 0

[15:32:41]	[Recv]	su 2 4988602 3 5018816 0 11 11 4085 0 0 1 4 0 4 0 2898 67711

[15:32:41]	[Recv]	st 2 5017546 94 0 97 100 89895 184124 92062 184124 0

[15:32:41]	[Recv]	cancel 0 13 -1

[15:32:41]	[Recv]	cond 2 4988603 0 0 15

[15:32:41]	[Recv]	cond 2 4988592 0 0 15

[15:32:41]	[Send]	u_s 0 3 5018656
[15:32:41]	[Recv]	ct 3 5018805 2 4988617 -1 -1 0

[15:32:41]	[Recv]	su 3 5018805 2 4988617 0 5 11 0 0 0 1 99 70 0 0 7551 7621

[15:32:41]	[Recv]	ct 2 4988567 3 5018816 -1 -1 0

[15:32:41]	[Recv]	st 3 5018656 99 0 92 100 92385 2828 100086 2828 0

[15:32:41]	[Send]	ptctl 5443 1 4988592 31 54 4988592 15
[15:32:41]	[Send]	ptctl 5443 1 4988603 32 55 4988603 15
[15:32:41]	[Send]	suctl 5443 1 4988603 3 5018656
[15:32:41]	[Recv]	ct 3 5018662 2 4988590 -1 -1 0

[15:32:41]	[Recv]	su 3 5018662 2 4988590 0 10 11 4789 0 0 1 98 346 0 0 15095 15441

[15:32:41]	[Recv]	ct 3 5018656 2 4988573 -1 -1 0

[15:32:41]	[Recv]	su 3 5018656 2 4988573 0 10 11 4789 0 0 1 68 1262 0 0 2759 4021

[15:32:41]	[Recv]	ct 2 4988573 3 5018656 -1 -1 0

[15:32:41]	[Recv]	su 2 4988573 3 5018656 0 10 11 200 0 0 1 92 1 0 0 92384 100086

[15:32:41]	[Recv]	ct 2 4988590 3 5018662 -1 -1 0

[15:32:41]	[Recv]	su 2 4988590 3 5018662 0 10 11 4841 0 0 1 62 0 1 0 62464 100086

[15:32:41]	[Recv]	ct 2 4988486 3 5018814 -1 -1 0

[15:32:41]	[Recv]	su 2 4988567 3 5018816 0 6 11 3601 0 0 1 4 0 4 0 2898 67711

[15:32:41]	[Recv]	st 2 5017545 94 0 100 100 92062 184124 92062 184124 0

[15:32:41]	[Recv]	ct 1 2073308 3 5018656 -1 -1 1114

[15:32:41]	[Recv]	su 1 2073308 3 5018656 1114 7 11 4260 0 0 1 15 76915 3 0 15469 100086

[15:32:41]	[Recv]	cond 2 4988592 0 0 15

[15:32:41]	[Recv]	cond 2 4988603 0 0 15

[15:32:41]	[Recv]	su 2 4988486 3 5018814 0 6 11 7130 0 0 1 26 4613 0 0 3286 12526

[15:32:41]	[Recv]	eff 2 4988603 5005

[15:32:41]	[Send]	ptctl 5443 2 4988603 35 58 4988592 33 59 4988603 15
[15:32:41]	[Recv]	ct 2 4988487 3 5018816 -1 -1 0

[15:32:41]	[Recv]	cond 1 2073308 0 0 20

[15:32:41]	[Recv]	cond 1 2073308 0 0 20

[15:32:41]	[Recv]	cond 2 4988603 0 0 15

[15:32:41]	[Recv]	cond 2 4988592 0 0 15

[15:32:42]	[Send]	ncif 3 5018656
[15:32:42]	[Recv]	ct 2 4988460 3 5018662 -1 -1 0

[15:32:42]	[Recv]	su 2 4988487 3 5018816 0 6 11 4035 0 0 0 0 4487 0 0 0 67711

[15:32:42]	[Recv]	lev 99 0 99 0 2140719000 5991794 66990112 2 0 90 917705181 0

[15:32:42]	[Recv]	ct 2 4988603 3 5018656 -1 -1 0

[15:32:42]	[Recv]	eff 2 4988603 15

[15:32:42]	[Recv]	su 2 4988603 3 5018656 0 12 11 8360 0 0 1 2 13226 0 0 2243 100086

[15:32:42]	[Recv]	cond 2 4988539 0 0 9

[15:32:42]	[Recv]	petski 334 1831 1798

[15:32:42]	[Recv]	pet_cool2  0 0 0

[15:32:42]	[Recv]	pinit 2 2|4988603|0|94|@|-1|3206|1|2723|0|0 2|4988592|1|96|@|-1|1548|0|0|0|60

[15:32:42]	[Send]	u_s 0 3 5018656
[15:32:42]	[Send]	ptctl 5443 1 4988592 31 54 4988592 15
[15:32:42]	[Recv]	sr 0

[15:32:42]	[Recv]	st 3 5018656 99 0 2 100 2243 2828 100086 2828 0

[15:32:42]	[Recv]	su 2 4988460 3 5018662 0 12 11 1007 0 0 1 62 1 0 0 62463 100086

[15:32:42]	[Recv]	cond 1 2073308 0 0 20

[15:32:42]	[Recv]	cond 1 2073308 0 0 20

[15:32:42]	[Recv]	ct 3 5018805 2 4988617 -1 -1 0

[15:32:42]	[Recv]	su 3 5018805 2 4988617 0 5 11 0 0 0 1 98 70 0 0 7481 7621

[15:32:42]	[Recv]	ct 2 4988486 3 5018814 -1 -1 0

[15:32:42]	[Recv]	ct 2 4988543 3 5018802 -1 -1 0

[15:32:42]	[Recv]	su 2 4988543 3 5018802 0 11 11 4948 0 0 1 100 1 0 0 12521 12526

[15:32:42]	[Recv]	ct 1 2073308 3 5018656 -1 -1 1114

[15:32:42]	[Recv]	su 1 2073308 3 5018656 -1 0 -1 7687 -1 -1 1 1 1683 0 0

[15:32:42]	[Recv]	bf 3 5018656 0.1921.100 99

[15:32:42]	[Recv]	eff 3 5018656 0

[15:32:42]	[Recv]	eff 1 2073308 15

[15:32:42]	[Recv]	su 1 2073308 3 5018656 1114 7 11 4260 0 0 0 0 72816 0 0 0 100086

[15:32:42]	[Recv]	lev 99 0 99 0 2140719000 5991794 66990112 2 0 90 917705181 0

[15:32:42]	[Recv]	cond 2 4988592 0 0 15

[15:32:42]	[Send]	ptctl 5443 1 4988603 33 56 4988603 15
[15:32:42]	[Send]	suctl 5443 1 4988603 3 5018656
[15:32:42]	[Recv]	su 2 4988486 3 5018814 0 6 11 7130 0 0 0 0 4543 0 0 0 12526

[15:32:42]	[Recv]	lev 99 0 99 0 2140719000 5991794 66990112 2 0 90 917705181 0

[15:32:42]	[Recv]	ct 2 4988567 3 5018814 -1 -1 0

[15:32:42]	[Recv]	cond 2 4988603 0 0 15

[15:32:42]	[Send]	suctl 5443 1 4988592 3 5018656
[15:32:42]	[Recv]	su 2 4988567 2 4988567 0 6 11 3601 0 0 1 90 0 2 0 16789 18613

[15:32:42]	[Recv]	st 2 5017544 94 0 100 100 92062 184124 92062 184124 0

[15:32:42]	[Recv]	eff 2 5017544 7739

[15:32:43]	[Send]	ncif 3 5018805
[15:32:43]	[Recv]	ct 3 5018804 1 2073308 -1 -1 0

[15:32:43]	[Recv]	su 3 5018804 1 2073308 0 5 11 0 0 0 1 100 0 1 0 95497 95497

[15:32:43]	[Recv]	ct 2 4988617 3 5018805 -1 -1 0

[15:32:43]	[Recv]	su 2 4988617 3 5018805 0 10 11 8146 0 0 1 100 0 1 0 12525 12526

[15:32:43]	[Recv]	st 2 5017546 94 0 98 100 90815 184124 92062 184124 0

[15:32:43]	[Recv]	eff 2 5017546 7739

[15:32:43]	[Recv]	st 3 5018805 99 0 100 100 12525 2828 12526 2828 0

[15:32:43]	[Recv]	sr 0

[15:32:43]	[Send]	u_s 0 3 5018805
[15:32:43]	[Recv]	ct 3 5018801 2 4988592 -1 -1 0

[15:32:43]	[Recv]	su 3 5018801 2 4988592 0 5 11 0 0 0 1 86 179 0 0 49788 57771

[15:32:43]	[Recv]	st 2 5017545 94 0 100 100 92062 184124 92062 184124 0

[15:32:43]	[Recv]	eff 2 5017545 7739

[15:32:43]	[Recv]	ct 1 2073308 3 5018805 -1 -1 1114

[15:32:43]	[Recv]	eff 1 2073308 15

[15:32:43]	[Recv]	su 1 2073308 3 5018805 1114 7 11 4260 0 0 0 0 222699 3 0 0 12526

[15:32:43]	[Recv]	lev 99 0 99 0 2140719000 5991794 66990112 2 0 90 917705181 0

[15:32:43]	[Send]	ncif 3 5018801
[15:32:43]	[Recv]	ct 3 5018662 2 4988590 -1 -1 0

[15:32:43]	[Recv]	su 3 5018662 2 4988590 0 10 11 4789 0 0 1 95 347 0 0 14748 15441

[15:32:43]	[Recv]	ct 2 4988590 3 5018662 -1 -1 0

[15:32:43]	[Recv]	su 2 4988590 3 5018662 0 10 11 4841 0 0 1 62 0 1 0 62463 100086

[15:32:43]	[Recv]	st 3 5018801 99 0 100 100 12526 2828 12526 2828 0

[15:32:43]	[Send]	suctl 5443 1 4988592 3 5018801
[15:32:44]	[Send]	suctl 5443 1 4988603 3 5018801
[15:32:44]	[Recv]	eff 2 4988592 5005

[15:32:44]	[Recv]	eff 2 4988603 5005

[15:32:44]	[Send]	ncif 3 5018803
[15:32:44]	[Recv]	ct 3 5018804 1 2073308 -1 -1 0

[15:32:44]	[Recv]	su 3 5018804 1 2073308 0 5 11 0 0 0 1 100 0 1 0 95497 95497

[15:32:44]	[Recv]	sr 0

[15:32:44]	[Send]	u_s 0 3 5018801
[15:32:44]	[Recv]	st 3 5018803 99 0 100 100 67708 2828 67711 2828 0

[15:32:44]	[Recv]	ct 2 4988592 3 5018801 -1 -1 0

[15:32:44]	[Recv]	su 2 4988592 3 5018801 0 10 11 0 0 0 0 0 20197 3 0 0 12526

[15:32:44]	[Recv]	lev 99 0 99 0 2140719000 5991794 66990112 2 0 90 917705181 0

[15:32:44]	[Recv]	ct 2 4988603 3 5018801 -1 -1 0

[15:32:44]	[Recv]	su 2 4988603 2 4988603 0 12 11 8360 0 0 1 76 0 2 0 14800 19451

[15:32:44]	[Recv]	cancel 0 0 -1

[15:32:44]	[Recv]	sp 415650 1000000 0 10000

[15:32:44]	[Recv]	eff 3 5018802 4799

[15:32:44]	[Recv]	ct 2 4988573 3 5018804 -1 -1 0

[15:32:44]	[Recv]	su 2 4988573 3 5018804 0 10 11 200 0 0 1 100 1 0 0 12524 12526

[15:32:44]	[Recv]	sc_p 83 669 4988543 1 2985 0 2 0 144 201 70 4 70 0 27 35 29 35 25 3 60 50 80 50 501 501 220 220 0 15 0 @ 0 19 4 1 0 0 0 90

[15:32:44]	[Recv]	eff 3 5018812 4799

[15:32:44]	[Recv]	ct 2 4988460 3 5018662 -1 -1 0

[15:32:44]	[Recv]	ct 2 4988543 3 5018802 -1 -1 0

[15:32:44]	[Recv]	su 2 4988543 3 5018802 0 11 11 4948 0 0 1 100 1 0 0 12520 12526

[15:32:44]	[Recv]	st 2 5017544 94 0 100 100 92062 184124 92062 184124 0

[15:32:45]	[Send]	ptctl 5443 1 4988592 26 54 4988592 15
[15:32:45]	[Recv]	su 2 4988460 3 5018662 0 12 11 1007 0 0 1 62 0 1 0 62463 100086

[15:32:45]	[Recv]	st 2 5017546 94 0 99 100 91735 184124 92062 184124 0

[15:32:45]	[Recv]	cond 2 4988592 0 0 15

[15:32:45]	[Send]	u_s 0 3 5018803
[15:32:45]	[Send]	ptctl 5443 2 4988603 34 58 4988592 32 59 4988603 15
[15:32:45]	[Send]	ncif 3 5018803
[15:32:45]	[Send]	ptctl 5443 1 4988592 25 55 4988592 15
[15:32:45]	[Recv]	ct 1 2073308 3 5018803 -1 -1 1114

[15:32:45]	[Recv]	eff 1 2073308 15

[15:32:45]	[Recv]	su 1 2073308 3 5018803 1114 7 11 4260 0 0 0 0 250965 3 0 0 67711

[15:32:45]	[Recv]	lev 99 0 99 0 2140719000 5991794 66990112 2 0 90 917705181 0

[15:32:45]	[Recv]	cond 1 2073308 0 0 20

[15:32:45]	[Recv]	bf 1 2073308 0.4254.80 99

[15:32:45]	[Recv]	sayi 1 2073308 20 26 3 4254 0 0 0

[15:32:45]	[Recv]	sayi 1 2073308 20 23 3 4254 0 0 0

[15:32:45]	[Recv]	cond 2 4988603 0 0 15

[15:32:45]	[Recv]	cond 2 4988592 0 0 15

[15:32:45]	[Send]	suctl 5443 1 4988603 3 5018803
[15:32:45]	[Recv]	ct 3 5018804 1 2073308 -1 -1 0

[15:32:45]	[Recv]	su 3 5018804 1 2073308 0 5 11 0 0 0 1 100 0 1 0 95497 95497

[15:32:45]	[Recv]	st 2 5017545 94 0 100 100 92062 184124 92062 184124 0

[15:32:45]	[Send]	ptctl 5443 1 4988592 26 56 4988592 15
[15:32:45]	[Recv]	cond 2 4988592 0 0 15

[15:32:45]	[Send]	ptctl 5443 1 4988592 28 55 4988592 15
[15:32:45]	[Send]	suctl 5443 1 4988592 3 5018804
[15:32:45]	[Recv]	cond 2 4988592 0 0 15

[15:32:45]	[Send]	ncif 3 5018804
[15:32:45]	[Recv]	ct 3 5018662 2 4988590 -1 -1 0

[15:32:45]	[Recv]	su 3 5018662 2 4988590 0 10 11 4789 0 0 1 93 347 0 0 14401 15441

[15:32:45]	[Recv]	ct 2 4988590 3 5018662 -1 -1 0

[15:32:45]	[Recv]	su 2 4988590 3 5018662 0 10 11 4841 0 0 1 62 0 1 0 62463 100086

[15:32:45]	[Recv]	cond 2 4988592 0 0 15

[15:32:45]	[Recv]	eff 2 4988592 5005

[15:32:45]	[Send]	ptctl 5443 2 4988603 39 59 4988592 33 56 4988603 15
[15:32:46]	[Recv]	sr 0

[15:32:46]	[Recv]	st 3 5018804 99 0 100 100 12524 2828 12526 2828 0

[15:32:46]	[Send]	u_s 0 3 5018804
[15:32:46]	[Recv]	sr 1

[15:32:46]	[Recv]	cond 1 2073308 0 0 20

[15:32:46]	[Recv]	cond 1 2073308 0 0 20

[15:32:46]	[Recv]	ct 2 4988592 3 5018804 -1 -1 0

[15:32:46]	[Recv]	sc_p 170 1548 4988592 96 622 24096434 0 0 1889 2049 1289 19 90 9 975 627 958 627 866 3 90 90 110 80 49788 57771 18100 18100 1 84982200 0 @ 0 0 6 60 1831 1798 0 100

[15:32:46]	[Recv]	su 2 4988592 3 5018804 0 1 11 0 0 0 0 0 14383 0 0 0 12526

[15:32:46]	[Recv]	lev 99 0 99 0 2140719000 5991794 66990112 2 0 90 917705181 0

[15:32:46]	[Recv]	cond 2 4988603 0 0 15

[15:32:46]	[Recv]	cond 2 4988592 0 0 15

[15:32:46]	[Send]	ncif 3 5018804
[15:32:46]	[Recv]	cond 1 2073308 0 0 20

[15:32:46]	[Recv]	cond 1 2073308 0 0 20

[15:32:46]	[Recv]	cancel 0 0 -1

[15:32:46]	[Recv]	eff 3 5018812 5000

[15:32:46]	[Recv]	eff 3 5018811 5000

[15:32:46]	[Recv]	eff 3 5018810 5000

[15:32:46]	[Recv]	eff 3 5018807 5000

[15:32:46]	[Send]	ptctl 5443 1 4988592 30 55 4988592 15
[15:32:46]	[Send]	suctl 5443 1 4988592 3 5018804
[15:32:46]	[Recv]	sc_p 78 840 4988573 1 2986 0 0 0 423 456 224 5 70 0 203 35 215 35 188 2 6 10 8 7 2759 4021 3740 3740 0 15 0 @ 0 14 4 23 1811 1797 629 630

[15:32:46]	[Recv]	st 2 5017544 94 0 100 100 92062 184124 92062 184124 0

[15:32:46]	[Send]	ptctl 5443 1 4988603 38 59 4988603 15
[15:32:46]	[Send]	u_s 0 3 5018804
[15:32:46]	[Recv]	cond 2 4988592 0 0 15

[15:32:47]	[Send]	ncif 3 5018662
[15:32:47]	[Recv]	sc_p 72 64 4988460 1 2989 0 0 0 442 475 237 4 100 0 205 31 194 31 193 0 -3 12 12 14 4356 4356 4210 4210 0 15 0 @ 0 13 3 30 1804 1798 0 1080

[15:32:47]	[Recv]	st 2 5017546 94 0 100 100 92062 184124 92062 184124 0

[15:32:47]	[Recv]	cond 2 4988603 0 0 15

[15:32:47]	[Send]	ptctl 5443 2 4988603 33 59 4988592 26 53 4988603 15
[15:32:47]	[Recv]	ct 2 4988543 3 5018802 -1 -1 0

[15:32:47]	[Recv]	su 2 4988543 3 5018802 0 11 11 4948 0 0 1 100 1 0 0 12519 12526

[15:32:47]	[Recv]	cancel 0 0 -1

[15:32:47]	[Recv]	st 3 5018662 99 0 62 100 62463 2828 100086 2828 0

[15:32:47]	[Recv]	st 2 5017545 94 0 100 100 92062 184124 92062 184124 0

[15:32:47]	[Recv]	cond 2 4988603 0 0 15

[15:32:47]	[Recv]	cond 2 4988592 0 0 15

[15:32:47]	[Send]	ptctl 5443 1 4988603 35 59 4988603 15
[15:32:47]	[Send]	suctl 5443 1 4988603 3 5018662
[15:32:47]	[Recv]	ct 2 4988460 3 5018662 -1 -1 0

[15:32:47]	[Recv]	cond 2 4988603 0 0 15

[15:32:47]	[Recv]	eff 2 4988603 5005

[15:32:47]	[Send]	u_s 0 3 5018662
[15:32:47]	[Recv]	su 2 4988460 3 5018662 0 12 11 1007 0 0 1 62 0 1 0 62463 100086

[15:32:47]	[Recv]	eff 2 5017544 7739

[15:32:47]	[Send]	ptctl 5443 1 4988592 31 53 4988592 15
[15:32:47]	[Recv]	ct 1 2073308 3 5018662 -1 -1 1114

[15:32:47]	[Recv]	eff 1 2073308 15

[15:32:47]	[Recv]	su 1 2073308 3 5018662 1114 7 11 4260 0 0 1 18 44386 0 0 18077 100086

[15:32:47]	[Recv]	in 3 2371 5018910 28 58 2 100 100 0 0 0 -1 0 0 -1 - 0 -1 0 0 0 0 0 0 0 0 0 0 0 0

[15:32:47]	[Recv]	guri 31 1 2073308 28 58

[15:32:48]	[Send]	ncif 3 5018662
[15:32:48]	[Recv]	ct 3 5018662 2 4988590 -1 -1 0

[15:32:48]	[Recv]	su 3 5018662 2 4988590 0 10 11 4789 0 0 1 91 347 0 0 14054 15441

[15:32:48]	[Recv]	ct 2 4988590 3 5018662 -1 -1 0

[15:32:48]	[Recv]	su 2 4988590 3 5018662 0 10 11 4841 0 0 1 18 0 1 0 18077 100086

[15:32:48]	[Recv]	ct 2 4988617 3 5018662 -1 -1 0

[15:32:48]	[Recv]	su 2 4988617 3 5018662 0 10 11 8146 0 0 1 18 0 1 0 18077 100086

[15:32:48]	[Recv]	ct 2 4988603 3 5018662 -1 -1 0

[15:32:48]	[Recv]	su 2 4988603 3 5018662 0 12 11 8360 0 0 1 10 7643 0 0 10434 100086

[15:32:48]	[Recv]	eff 2 5017546 7739

[15:32:48]	[Recv]	cond 2 4988592 0 0 15

[15:32:48]	[Recv]	st 3 5018662 99 0 10 100 10434 2828 100086 2828 0

[15:32:48]	[Send]	ptctl 5443 2 4988603 35 54 4988592 33 53 4988603 15
[15:32:48]	[Recv]	cond 1 2073308 0 0 20

[15:32:48]	[Recv]	cond 1 2073308 0 0 20

[15:32:48]	[Send]	ptctl 5443 2 4988603 37 54 4988592 34 53 4988603 15
[15:32:48]	[Recv]	ct 3 5018802 2 5017544 -1 -1 0

[15:32:48]	[Recv]	su 3 5018802 2 5017544 0 25 11 7200 0 0 1 97 2181 0 0 89881 92062

[15:32:48]	[Recv]	ct 2 4988573 3 5018662 -1 -1 0

[15:32:48]	[Recv]	su 2 4988573 3 5018662 0 10 11 200 0 0 1 10 0 1 0 10434 100086

[15:32:48]	[Recv]	eff 2 5017545 7739

[15:32:48]	[Recv]	cond 2 4988603 0 0 15

[15:32:48]	[Recv]	cond 2 4988592 0 0 15

[15:32:48]	[Send]	ptctl 5443 1 4988592 35 53 4988592 15
[15:32:48]	[Recv]	cond 1 2073308 0 0 20

[15:32:48]	[Recv]	cond 1 2073308 0 0 20

[15:32:48]	[Recv]	sr 0

[15:32:48]	[Recv]	cond 2 4988603 0 0 15

[15:32:48]	[Recv]	cond 2 4988592 0 0 15

[15:32:48]	[Recv]	guri 31 1 2073308 28 58

[15:32:48]	[Recv]	su 3 5018910 3 5018662 -1 0 -1 4260 -1 -1 1 1 22193 0 0

[15:32:48]	[Recv]	cond 2 4988592 0 0 15

[15:32:48]	[Send]	ncif 3 5018810
[15:32:48]	[Recv]	die 3 5018910 3 5018910

[15:32:48]	[Recv]	sc_p 74 1538 4988590 1 2982 0 0 0 1330 1388 730 18 150 0 622 74 624 74 619 2 90 110 100 100 14054 15441 15070 15070 0 15 0 @ 0 16 6 60 1819 1831 0 100

[15:32:48]	[Recv]	sc_p 77 2731 4988617 1 2981 0 0 0 820 850 450 15 80 0 345 38 350 38 360 4 83 93 73 108 7481 7621 7260 7260 0 15 0 @ 0 15 5 40 1805 1820 3 2130

[15:32:48]	[Recv]	st 2 5017544 94 0 97 100 89881 184124 92062 184124 0

[15:32:48]	[Send]	ptctl 5443 2 4988603 35 53 4988592 32 48 4988603 15
[15:32:48]	[Recv]	st 3 5018810 99 0 100 100 67711 2828 67711 2828 0

[15:32:49]	[Recv]	st 2 5017546 94 0 100 100 92062 184124 92062 184124 0

[15:32:49]	[Recv]	sayi 1 2073308 20 22 3 4126 0 0 0

[15:32:49]	[Recv]	bf 1 2073308 0.4126.0 99

[15:32:49]	[Recv]	cond 1 2073308 0 0 20

[15:32:49]	[Recv]	cond 1 2073308 0 0 20

[15:32:49]	[Recv]	cond 2 4988603 0 0 15

[15:32:49]	[Recv]	cond 2 4988592 0 0 15

[15:32:49]	[Send]	ptctl 5443 1 4988592 34 46 4988592 15
[15:32:49]	[Send]	u_s 1 3 5018810
[15:32:49]	[Recv]	cond 2 4988592 0 0 15

[15:32:49]	[Recv]	cond 1 2073308 0 0 20

[15:32:49]	[Recv]	cond 1 2073308 0 0 20

[15:32:49]	[Recv]	st 2 5017545 94 0 100 100 92062 184124 92062 184124 0

[15:32:49]	[Recv]	ms_c 0

[15:32:49]	[Recv]	qslot 0 1.1.1 1.1.2 1.1.3 1.1.4 1.1.5 1.1.6 1.1.7 1.1.9 1.1.8 1.1.10 0.1.45 0.2.21 0.1.76 1.1.38 1.3.12 0.1.34 0.1.87 0.-1.-1 0.1.84 0.1.43 1.3.11 1.1.42 1.1.41 1.3.976 0.-1.-1 0.1.70 0.2.143 0.2.25 0.2.27 0.2.26

[15:32:49]	[Recv]	qslot 1 0.-1.-1 0.-1.-1 0.-1.-1 0.-1.-1 0.-1.-1 0.-1.-1 0.-1.-1 0.-1.-1 0.-1.-1 0.-1.-1 0.1.-1 0.1.-1 1.1.41 1.1.42 0.-1.-1 7.7.-1 7.7.-1 7.7.-1 7.7.-1 0.-1.-1 0.-1.-1 0.-1.-1 0.-1.-1 0.-1.-1 0.-1.-1 0.-1.-1 0.-1.-1 0.-1.-1 0.-1.-1 0.-1.-1

[15:32:49]	[Recv]	ct 1 2073308 3 5018810 14 4263 1115

[15:32:49]	[Recv]	eff 3 5018802 4799

[15:32:49]	[Recv]	ct 2 4988543 3 5018802 -1 -1 0

[15:32:49]	[Recv]	su 2 4988543 3 5018802 0 11 11 4948 0 0 1 100 1 0 0 12518 12526

[15:32:49]	[Send]	ptctl 5443 1 4988603 35 48 4988603 15
[15:32:49]	[Recv]	eff 3 5018812 4799

[15:32:49]	[Recv]	ct 3 5018810 2 4988592 -1 -1 0

[15:32:49]	[Recv]	su 3 5018810 2 4988592 0 10 11 7174 0 0 1 86 113 0 0 49675 57771

[15:32:49]	[Recv]	ct 3 5018808 2 4988592 -1 -1 0

[15:32:49]	[Recv]	su 3 5018808 2 4988592 0 10 11 4757 0 0 1 85 145 0 0 49530 57771

[15:32:49]	[Recv]	su 1 2073308 3 5018810 1115 70 12 4264 0 0 0 0 105591 3 0 0 67711

[15:32:49]	[Recv]	lev 99 0 99 0 2140719000 5991794 66990112 2 0 90 917705181 0

[15:32:49]	[Recv]	eff 1 2073308 15

[15:32:49]	[Recv]	su 1 2073308 3 5018812 1115 70 12 4264 0 0 0 0 234553 6 0 0 12526

[15:32:49]	[Recv]	lev 99 0 99 0 2140719000 5991794 66990112 2 0 90 917705181 0

[15:32:49]	[Recv]	su 1 2073308 3 5018811 1115 70 12 4264 0 0 1 70 29294 5 0 70792 100086

[15:32:49]	[Recv]	su 1 2073308 3 5018811 -1 0 -1 7922 -1 -1 1 50 20505 0 1

[15:32:49]	[Recv]	bf 1 2073308 0.948.80 99

[15:32:49]	[Recv]	sayi 1 2073308 20 26 3 948 0 0 0

[15:32:49]	[Recv]	bf 3 5018811 0.4253.100 99

[15:32:49]	[Recv]	eff 1 2073308 15

[15:32:49]	[Recv]	su 1 2073308 3 5018808 1115 70 12 4264 0 0 1 58 27781 5 0 39930 67711

[15:32:49]	[Recv]	su 1 2073308 3 5018808 -1 0 -1 7922 -1 -1 1 30 19446 0 1

[15:32:49]	[Recv]	bf 1 2073308 0.948.80 99

[15:32:49]	[Recv]	cond 2 4988603 0 0 15

[15:32:50]	[Send]	ptctl 5443 1 4988603 35 51 4988603 15
[15:32:50]	[Send]	suctl 5443 1 4988603 3 5018810
[15:32:50]	[Recv]	ct 3 5018806 2 4988592 -1 -1 0

[15:32:50]	[Recv]	su 3 5018806 2 4988592 0 10 11 4757 0 0 1 85 29 0 0 49501 57771

[15:32:50]	[Recv]	cond 2 4988603 0 0 15

[15:32:50]	[Recv]	ct 3 5018813 2 4988603 -1 -1 0

[15:32:50]	[Recv]	su 3 5018813 2 4988603 0 10 11 4789 0 0 1 75 113 0 0 14687 19451

[15:32:50]	[Recv]	ct 3 5018662 1 2073308 -1 -1 0

[15:32:50]	[Recv]	su 3 5018662 1 2073308 0 10 11 4789 0 0 1 100 0 1 0 95497 95497

[15:32:50]	[Recv]	ct 2 4988590 3 5018662 -1 -1 0

[15:32:50]	[Recv]	su 2 4988590 3 5018662 0 10 11 4841 0 0 1 1 0 1 0 1 100086

[15:32:50]	[Recv]	ct 2 4988617 3 5018662 -1 -1 0

[15:32:50]	[Recv]	su 2 4988617 3 5018662 0 10 11 8146 0 0 1 1 0 1 0 1 100086

[15:32:50]	[Send]	ptctl 5443 1 4988592 35 45 4988592 15
[15:32:50]	[Recv]	ct 2 4988460 3 5018662 -1 -1 0

[15:32:50]	[Recv]	cond 2 4988592 0 0 15

[15:32:50]	[Recv]	sp 415638 1000000 0 10000

[15:32:50]	[Recv]	su 2 4988460 3 5018662 0 12 11 1007 0 0 0 0 1 0 0 0 100086

[15:32:50]	[Recv]	lev 99 0 99 0 2140719000 5991794 66990112 2 0 90 917705181 0

[15:32:50]	[Recv]	ct 2 4988573 3 5018662 -1 -1 0

[15:32:50]	[Recv]	su 2 4988573 2 4988573 0 10 11 200 0 0 1 68 0 2 0 2759 4021

[15:32:50]	[Recv]	sr 13

[15:32:50]	[Send]	ncif 3 5018662
[15:32:50]	[Recv]	ct 3 5018807 2 4988592 -1 -1 0

[15:32:50]	[Recv]	su 3 5018807 2 4988592 0 10 11 4789 0 0 1 85 252 3 0 49249 57771

[15:32:50]	[Recv]	st 2 5017544 94 0 98 100 90801 184124 92062 184124 0

[15:32:50]	[Send]	ptctl 5443 1 4988592 36 45 4988592 15
[15:32:51]	[Send]	u_s 0 3 5018662
[15:32:51]	[Recv]	st 2 5017546 94 0 100 100 92062 184124 92062 184124 0

[15:32:51]	[Recv]	cond 2 4988592 0 0 15

[15:32:51]	[Send]	ptctl 5443 1 4988592 36 50 4988592 15
[15:32:51]	[Recv]	cancel 0 0 -1

[15:32:51]	[Recv]	cond 2 4988592 0 0 15

[15:32:51]	[Send]	ptctl 5443 1 4988592 36 47 4988592 15
[15:32:51]	[Send]	ncif 3 5018809
[15:32:51]	[Recv]	ct 3 5018811 2 4988592 -1 -1 0

[15:32:51]	[Recv]	su 3 5018811 2 4988592 0 10 11 4789 0 0 1 84 241 0 0 49008 57771

[15:32:51]	[Recv]	st 2 5017545 94 0 100 100 92062 184124 92062 184124 0

[15:32:51]	[Recv]	cond 2 4988592 0 0 15

[15:32:51]	[Recv]	st 3 5018809 99 0 100 100 100086 2828 100086 2828 0

[15:32:51]	[Send]	ptctl 5443 2 4988603 30 51 4988592 32 51 4988603 15
[15:32:51]	[Recv]	cond 1 2073308 0 0 20

[15:32:51]	[Recv]	cond 1 2073308 0 0 20

[15:32:51]	[Recv]	cond 2 4988603 0 0 15

[15:32:51]	[Recv]	cond 2 4988592 0 0 15

[15:32:51]	[Send]	ptctl 5443 1 4988592 33 49 4988592 15
[15:32:51]	[Send]	u_s 0 3 5018809
[15:32:51]	[Send]	ptctl 5443 1 4988603 32 51 4988603 15
[15:32:51]	[Send]	suctl 5443 1 4988603 3 5018809
[15:32:51]	[Recv]	cond 2 4988592 0 0 15

[15:32:52]	[Recv]	ct 3 5018808 2 4988592 -1 -1 0

[15:32:52]	[Recv]	su 3 5018808 2 4988592 0 10 11 4757 0 0 1 84 29 0 0 48979 57771

[15:32:52]	[Recv]	ct 2 4988543 3 5018802 -1 -1 0

[15:32:52]	[Recv]	su 2 4988543 3 5018802 0 11 11 4948 0 0 1 100 1 0 0 12517 12526

[15:32:52]	[Recv]	cond 1 2073308 0 0 20

[15:32:52]	[Recv]	cond 1 2073308 0 0 20

[15:32:52]	[Send]	ptctl 5443 1 4988592 32 49 4988592 15
[15:32:52]	[Recv]	ct 3 5018806 2 4988592 -1 -1 0

[15:32:52]	[Recv]	su 3 5018806 2 4988592 0 10 11 4757 0 0 1 84 143 0 0 48836 57771

[15:32:52]	[Recv]	ct 1 2073308 3 5018809 -1 -1 1114

[15:32:52]	[Recv]	su 1 2073308 3 5018809 1114 7 11 4260 0 0 1 79 20141 3 0 79945 100086

[15:32:52]	[Recv]	cond 2 4988603 0 0 15

[15:32:52]	[Send]	ptctl 5443 2 4988603 27 51 4988592 28 51 4988603 15
[15:32:52]	[Recv]	out 2 4988543

[15:32:52]	[Recv]	sayi 1 2073308 20 22 3 1029 0 0 0

[15:32:52]	[Recv]	bf 1 2073308 0.1029.0 99

[15:32:52]	[Recv]	eff 2 4988603 5005

[15:32:52]	[Send]	ncif 3 5018809
[15:32:52]	[Recv]	finfo 3654050.0.Ambro420 4038466.1.*Boss95* 4032759.1.•Van_Heert•™ 6938689.0.LimitiMioPadre 4371592.0.STa®†a©R 6866129.0.Amnesya92 3393597.1.°Lordone24° 5527355.0.SugmaDeek 3988345.1.IMissYou 613441.1.ADuckOnQuack 6544388.0.SerowyNachoo 4351664.0.»Ja©k™ 1246372.0.!Ice! 3650626.1.DarkAngeeL 4286434.0.Salvanto2 5664515.0.Vixerin 3559057.0.~Frizz 7593876.0.Gang404 4368426.0.~Blackurio 957916.0.lusikill 2935710.0.#Rey1# 3467154.0.[St]Grippato 2939098.0.GorGoJo 3343263.0.Ansatsu 1638277.0.Memed 4357105.0.•Rosengarten 6623637.0.K?ndeer 1213513.0.Anny_ 7147719.0.Mortanciia 6680510.1.‡Ejzi‡ 2460434.0.Jon07 5635569.0.vladzio 2620775.0.·Tenzo 7163132.0.Frigus_One 1189318.0.VelveD 6973700.1.Douv 2360335.0.All730 4338026.0.redelfuoco9 5650090.0.Yoru_Sutoka 4304835.1.~DarkMrrn 7149833.1.Vistrooo 4074353.0.ImExelliuM

[15:32:52]	[Recv]	ct 3 5018813 2 4988617 -1 -1 0

[15:32:52]	[Recv]	su 3 5018813 2 4988617 0 10 11 4789 0 0 1 97 83 0 0 7398 7621

[15:32:52]	[Recv]	ct 2 4988590 3 5018809 -1 -1 0

[15:32:52]	[Recv]	su 2 4988590 3 5018809 0 10 11 4841 0 0 1 79 0 1 0 79945 100086

[15:32:52]	[Recv]	ct 2 4988617 3 5018813 -1 -1 0

[15:32:52]	[Recv]	su 2 4988617 3 5018813 0 10 11 8146 0 0 1 100 0 1 0 100086 100086

[15:32:52]	[Recv]	cond 2 4988592 0 0 15

[15:32:52]	[Send]	ptctl 5443 2 4988603 26 52 4988592 27 52 4988603 15
[15:32:52]	[Send]	ptctl 5443 2 4988603 26 53 4988592 26 51 4988603 15
[15:32:52]	[Recv]	cond 1 2073308 0 0 20

[15:32:52]	[Recv]	cond 1 2073308 0 0 20

[15:32:52]	[Recv]	ct 2 4988603 3 5018809 -1 -1 0

[15:32:52]	[Recv]	su 2 4988603 3 5018809 0 12 11 8360 0 0 1 72 7612 0 0 72333 100086

[15:32:52]	[Recv]	cond 2 4988603 0 0 15

[15:32:52]	[Recv]	cond 2 4988592 0 0 15

[15:32:52]	[Recv]	st 3 5018809 99 0 72 100 72333 2828 100086 2828 0

[15:32:52]	[Recv]	ct 3 5018809 2 4988603 -1 -1 0

[15:32:52]	[Recv]	su 3 5018809 2 4988603 0 10 11 4789 0 0 1 75 114 0 0 14573 19451

[15:32:52]	[Recv]	st 2 5017544 94 0 99 100 91721 184124 92062 184124 0

[15:32:52]	[Recv]	eff 2 5017544 7739

[15:32:52]	[Recv]	cond 1 2073308 0 0 20

[15:32:52]	[Recv]	cond 1 2073308 0 0 20

[15:32:52]	[Send]	u_s 0 3 5018809
[15:32:52]	[Send]	ptctl 5443 1 4988592 30 49 4988592 15
[15:32:52]	[Recv]	sr 0

[15:32:52]	[Recv]	cond 2 4988603 0 0 15

[15:32:52]	[Recv]	cond 2 4988592 0 0 15

[15:32:53]	[Recv]	st 2 5017546 94 0 100 100 92062 184124 92062 184124 0

[15:32:53]	[Recv]	eff 2 5017546 7739

[15:32:53]	[Recv]	cond 2 4988603 0 0 15

[15:32:53]	[Recv]	cond 2 4988592 0 0 15

[15:32:53]	[Recv]	cond 1 2073308 0 0 20

[15:32:53]	[Recv]	cond 1 2073308 0 0 20

[15:32:53]	[Send]	ptctl 5443 1 4988603 29 51 4988603 15
[15:32:53]	[Send]	suctl 5443 1 4988603 3 5018809
[15:32:53]	[Recv]	cond 1 2073308 0 0 20

[15:32:53]	[Recv]	sayi 1 2073308 20 22 3 4254 0 0 0

[15:32:53]	[Recv]	bf 1 2073308 0.4254.0 99

[15:32:53]	[Send]	ptctl 5443 2 4988603 27 55 4988592 29 54 4988603 15
[15:32:53]	[Recv]	ct 1 2073308 3 5018809 -1 -1 1114

[15:32:53]	[Recv]	su 1 2073308 3 5018809 1114 7 11 4260 0 0 1 41 30350 0 0 41983 100086

[15:32:53]	[Recv]	sr 0

[15:32:53]	[Recv]	eff 1 2073308 4013

[15:32:53]	[Recv]	cond 2 4988592 0 0 15

[15:32:53]	[Send]	ncif 3 5018809
[15:32:53]	[Recv]	ct 2 4988573 3 5018811 -1 -1 0

[15:32:53]	[Recv]	su 2 4988573 3 5018811 0 10 11 200 0 0 1 50 1 0 0 50286 100086

[15:32:53]	[Recv]	st 2 5017545 94 0 100 100 92062 184124 92062 184124 0

[15:32:53]	[Recv]	eff 2 5017545 7739

[15:32:53]	[Recv]	cond 2 4988603 0 0 15

[15:32:53]	[Send]	ptctl 5443 2 4988603 26 55 4988592 28 55 4988603 15
[15:32:53]	[Recv]	eff 2 4988603 5005

[15:32:53]	[Send]	ptctl 5443 2 4988603 27 56 4988592 26 55 4988603 15
[15:32:53]	[Recv]	ct 3 5018802 2 5017544 -1 -1 0

[15:32:53]	[Recv]	su 3 5018802 2 5017544 0 25 11 7200 0 0 1 97 2185 0 0 89877 92062

[15:32:53]	[Recv]	cond 2 4988603 0 0 15

[15:32:53]	[Recv]	cond 2 4988592 0 0 15

[15:32:53]	[Recv]	st 3 5018809 99 0 41 100 41983 2828 100086 2828 0

[15:32:53]	[Recv]	cond 1 2073308 0 0 20

[15:32:53]	[Recv]	cond 1 2073308 0 0 20

[15:32:53]	[Send]	ptctl 5443 1 4988592 29 52 4988592 15
[15:32:53]	[Send]	suctl 5443 1 4988592 3 5018809
[15:32:53]	[Recv]	cond 2 4988603 0 0 15

[15:32:53]	[Recv]	cond 2 4988592 0 0 15

[15:32:53]	[Send]	u_s 0 3 5018809
[15:32:54]	[Recv]	cond 2 4988603 0 0 15

[15:32:54]	[Recv]	cond 2 4988592 0 0 15

[15:32:54]	[Recv]	cond 2 4988592 0 0 15

[15:32:54]	[Recv]	ct 3 5018811 2 4988573 -1 -1 0

[15:32:54]	[Recv]	su 3 5018811 2 4988573 0 10 11 4789 0 0 1 1 2727 0 0 32 4021

[15:32:54]	[Recv]	eff 2 4988592 5005

[15:32:54]	[Recv]	cond 1 2073308 0 0 20

[15:32:54]	[Recv]	cond 1 2073308 0 0 20

[15:32:54]	[Send]	ncif 3 5018809
[15:32:54]	[Send]	ptctl 5443 2 4988603 22 56 4988592 24 53 4988603 15
[15:32:54]	[Recv]	cond 2 4988486 0 0 11

[15:32:54]	[Recv]	c_mode 2 4988486 1100 0 0

[15:32:54]	[Recv]	sc_n 0 317 4988486 94 1000 202328 991.2.4 -1 -1 -1 0 0 1 4 558 678 801 9 160 0 88 214 107 214 79 0 0 0 0 0 16921 16921 6757 6757 0 291503800 Bob 1100 0 8239.0 0.0 0.0 0.0 0 2 0

[15:32:54]	[Recv]	out 2 4988486

[15:32:54]	[Recv]	in 2 317 4988486 48 51 2 100 100 0 0 3 2073308 1 0 1100 Bob 1 0 0 0 0 0 0 0 0 0 0 0 2 0

[15:32:54]	[Recv]	pinit 2 2|4988603|0|94|@|-1|3206|1|2723|0|0 2|4988592|1|96|@|-1|1548|0|0|0|60


[15:32:54]	[Recv]	psd 10

[15:32:54]	[Recv]	out 2 4988486

[15:32:54]	[Recv]	cond 2 4988487 0 0 11

[15:32:54]	[Recv]	c_mode 2 4988487 1102 0 0

[15:32:54]	[Recv]	sc_n 2 319 4988487 99 1000 398653210 990.4.5 997.5.6 -1 -1 0 0 0 5 661 711 543 10 150 6 592 586 461 586 372 0 5 5 5 5 36126 38176 11281 11281 0 428143800 Kliff 1102 0 4809.100 1299.2 1300.4 1301.7 0 1 0

[15:32:54]	[Recv]	out 2 4988487

[15:32:54]	[Recv]	in 2 319 4988487 66 51 2 94 100 0 0 3 2073308 1 0 1102 Kliff 1 2 0 0 0 0 0 0 0 0 0 0 1 0

[15:32:54]	[Recv]	pinit 2 2|4988603|0|94|@|-1|3206|1|2723|0|0 2|4988592|1|96|@|-1|1548|0|0|0|60


[15:32:54]	[Recv]	psd 10

[15:32:54]	[Recv]	out 2 4988487

[15:32:54]	[Recv]	out 2 4988567

[15:32:54]	[Recv]	cond 2 4988602 0 0 11

[15:32:54]	[Recv]	c_mode 2 4988602 -1 0 0

[15:32:54]	[Recv]	sc_n 4 2640 4988602 94 1000 473672 991.2.4 996.0.10 317.0.5 321.0.5 0 0 1 4 566 686 820 9 160 10 201 555 264 555 248 1 0 0 96 0 17310 17310 10544 10544 0 291503800 @ -1 0 4812.100 1318.3 1319.3 1320.7 0 3 0

[15:32:54]	[Recv]	out 2 4988602

[15:32:54]	[Recv]	in 2 2640 4988602 60 54 2 100 100 0 0 3 2073308 1 0 -1 @ 1 4 0 0 0 0 0 0 0 0 0 0 3 0

[15:32:54]	[Recv]	pinit 2 2|4988603|0|94|@|-1|3206|1|2723|0|0 2|4988592|1|96|@|-1|1548|0|0|0|60


[15:32:54]	[Recv]	psd 10

[15:32:54]	[Recv]	out 2 4988602

[15:32:54]	[Recv]	sayi 1 2073308 20 22 3 1025 0 0 0

[15:32:54]	[Recv]	bf 1 2073308 0.1025.0 99

[15:32:54]	[Recv]	ct 1 2073308 3 5018809 -1 -1 1114

[15:32:54]	[Recv]	eff 1 2073308 15

[15:32:54]	[Recv]	su 1 2073308 3 5018809 1114 7 11 4260 0 0 0 0 213649 3 0 0 100086

[15:32:54]	[Recv]	lev 99 0 99 0 2140719000 5991794 66990112 2 0 90 917705181 0

[15:32:54]	[Send]	ptctl 5443 2 4988603 21 56 4988592 23 52 4988603 15
[15:32:54]	[Recv]	ct 3 5018813 2 4988573 -1 -1 0

[15:32:54]	[Recv]	su 3 5018813 2 4988573 0 10 11 4789 0 0 0 0 1254 0 0 0 4021

[15:32:54]	[Recv]	eff 3 5018802 4799

[15:32:54]	[Recv]	ct 2 4988590 3 5018809 -1 -1 0

[15:32:54]	[Recv]	su 2 4988590 2 4988590 0 10 11 4841 0 0 1 91 0 2 0 14054 15441

[15:32:54]	[Recv]	ct 2 4988617 3 5018813 -1 -1 0

[15:32:54]	[Recv]	su 2 4988617 3 5018813 0 10 11 8146 0 0 1 100 1 0 0 100085 100086

[15:32:54]	[Recv]	ct 2 4988592 3 5018809 -1 -1 0

[15:32:54]	[Recv]	su 2 4988592 2 4988592 0 10 11 0 0 0 1 84 0 2 0 48836 57771

[15:32:54]	[Recv]	cond 2 4988603 0 0 15

[15:32:54]	[Recv]	cond 2 4988592 0 0 15

[15:32:54]	[Send]	ptctl 5443 2 4988603 20 56 4988592 23 55 4988603 15
[15:32:54]	[Recv]	cond 1 2073308 0 0 20

[15:32:54]	[Recv]	cond 1 2073308 0 0 20

[15:32:54]	[Recv]	st 2 5017544 94 0 97 100 89877 184124 92062 184124 0

[15:32:54]	[Recv]	cond 2 4988603 0 0 15

[15:32:54]	[Recv]	cond 2 4988592 0 0 15

[15:32:54]	[Send]	ptctl 5443 1 4988592 23 54 4988592 15
[15:32:54]	[Recv]	cond 1 2073308 0 0 20

[15:32:54]	[Recv]	cond 1 2073308 0 0 20

[15:32:55]	[Recv]	ct 3 5018806 2 4988592 -1 -1 0

[15:32:55]	[Recv]	su 3 5018806 2 4988592 0 10 11 4757 0 0 1 84 144 0 0 48692 57771

[15:32:55]	[Recv]	st 2 5017546 94 0 100 100 92062 184124 92062 184124 0

[15:32:55]	[Recv]	cond 2 4988603 0 0 15

[15:32:55]	[Recv]	cond 2 4988592 0 0 15

[15:32:55]	[Send]	ptctl 5443 2 4988603 18 55 4988592 22 52 4988603 15
[15:32:55]	[Recv]	cond 2 4988592 0 0 15

[15:32:55]	[Recv]	sr 0

[15:32:55]	[Recv]	cond 2 4988603 0 0 15

[15:32:55]	[Recv]	cond 2 4988592 0 0 15

[15:32:55]	[Recv]	st 2 5017545 94 0 100 100 92062 184124 92062 184124 0

[15:32:55]	[Send]	u_as 7 15 52
[15:32:55]	[Send]	ptctl 5443 2 4988603 25 54 4988592 29 54 4988603 15
[15:32:55]	[Recv]	sp 415628 1000000 0 10000

[15:32:55]	[Recv]	cond 1 2073308 0 0 20

[15:32:55]	[Recv]	cond 1 2073308 0 0 20

[15:32:55]	[Recv]	ms_c 0

[15:32:55]	[Recv]	qslot 0 1.1.1 1.1.2 1.1.3 1.1.4 1.1.5 1.1.6 1.1.7 1.1.9 1.1.8 1.1.10 0.1.45 0.2.21 0.1.76 1.1.38 1.3.12 0.1.34 0.1.87 0.-1.-1 0.1.84 0.1.43 1.3.11 1.1.42 1.1.41 1.3.976 0.-1.-1 0.1.70 0.2.143 0.2.25 0.2.27 0.2.26

[15:32:55]	[Recv]	qslot 1 0.-1.-1 0.-1.-1 0.-1.-1 0.-1.-1 0.-1.-1 0.-1.-1 0.-1.-1 0.-1.-1 0.-1.-1 0.-1.-1 0.1.-1 0.1.-1 1.1.41 1.1.42 0.-1.-1 7.7.-1 7.7.-1 7.7.-1 7.7.-1 0.-1.-1 0.-1.-1 0.-1.-1 0.-1.-1 0.-1.-1 0.-1.-1 0.-1.-1 0.-1.-1 0.-1.-1 0.-1.-1 0.-1.-1

[15:32:55]	[Recv]	ct_n 1 2073308 3 -1 -1 -1 1121

[15:32:55]	[Recv]	cond 2 4988603 0 0 15

[15:32:55]	[Recv]	cond 2 4988592 0 0 15

[15:32:55]	[Recv]	bs 1 2073308 15 52 1121 120 45 4276 0 0 1 1 0 0 0

[15:32:55]	[Recv]	bf 3 5018802 0.4110.80 99

[15:32:55]	[Recv]	eff 3 5018802 0

[15:32:55]	[Recv]	eff 1 2073308 15

[15:32:55]	[Recv]	su 1 2073308 3 5018802 1121 120 45 4276 0 0 0 0 265149 6 0 0 12526

[15:32:55]	[Recv]	lev 99 0 99 0 2140719000 5991794 66990112 2 0 90 917705181 0

[15:32:56]	[Recv]	ct 3 5018808 1 2073308 -1 -1 0

[15:32:56]	[Recv]	su 3 5018808 1 2073308 0 10 11 4757 0 0 1 99 449 0 0 95048 95497

[15:32:56]	[Recv]	out 2 4988573

[15:32:56]	[Recv]	sc_p 170 1548 4988592 96 621 24097274 0 0 1889 2049 1289 19 90 9 975 627 958 627 866 3 90 90 110 80 48692 57771 18100 18100 1 84982200 0 @ 0 0 6 60 1831 1798 0 100

[15:32:56]	[Send]	ncif 3 5018802
[15:32:56]	[Send]	ptctl 5443 1 4988603 27 52 4988603 15
[15:32:56]	[Send]	ptctl 5443 2 4988603 21 53 4988592 24 54 4988603 15
[15:32:56]	[Recv]	ct 3 5018813 2 4988617 -1 -1 0

[15:32:56]	[Recv]	su 3 5018813 2 4988617 0 10 11 4789 0 0 1 96 87 0 0 7311 7621

[15:32:56]	[Recv]	ct 3 5018807 2 4988592 -1 -1 0

[15:32:56]	[Recv]	su 3 5018807 2 4988592 0 10 11 4789 0 0 1 83 252 0 0 48440 57771

[15:32:56]	[Recv]	ct 2 4988617 3 5018813 -1 -1 0

[15:32:56]	[Recv]	su 2 4988617 3 5018813 0 10 11 8146 0 0 1 100 0 1 0 100085 100086

[15:32:56]	[Recv]	st 2 5017544 94 0 98 100 90797 184124 92062 184124 0

[15:32:56]	[Recv]	sr 1

[15:32:56]	[Recv]	cond 2 4988603 0 0 15

[15:32:56]	[Recv]	cond 1 2073308 0 0 20

[15:32:56]	[Recv]	cond 1 2073308 0 0 20

[15:32:57]	[Recv]	st 2 5017546 94 0 100 100 92062 184124 92062 184124 0

[15:32:57]	[Recv]	cond 2 4988603 0 0 15

[15:32:57]	[Recv]	cond 2 4988592 0 0 15

[15:32:57]	[Send]	ptctl 5443 2 4988603 30 53 4988592 32 54 4988603 15
[15:32:57]	[Recv]	cond 1 2073308 0 0 20

[15:32:57]	[Recv]	cond 1 2073308 0 0 20

[15:32:57]	[Send]	ptctl 5443 2 4988603 31 53 4988592 33 54 4988603 15
[15:32:57]	[Recv]	ct 3 5018806 2 4988592 -1 -1 0

[15:32:57]	[Recv]	su 3 5018806 2 4988592 0 10 11 4757 0 0 1 83 144 0 0 48296 57771

[15:32:57]	[Recv]	cond 2 4988603 0 0 15

[15:32:57]	[Recv]	cond 2 4988592 0 0 15

[15:32:57]	[Recv]	cond 2 4988603 0 0 15

[15:32:57]	[Recv]	cond 2 4988592 0 0 15

[15:32:57]	[Send]	ncif 3 5018811
[15:32:57]	[Send]	u_s 1 3 5018811
[15:32:57]	[Send]	ptctl 5443 1 4988592 30 51 4988592 15
[15:32:57]	[Recv]	st 2 5017545 94 0 100 100 92062 184124 92062 184124 0

[15:32:57]	[Recv]	st 3 5018811 99 0 50 100 50286 2828 100086 2828 0 4253.99

[15:32:57]	[Recv]	cond 1 2073308 0 0 20

[15:32:57]	[Recv]	cond 1 2073308 0 0 20

[15:32:57]	[Send]	ptctl 5443 1 4988603 29 53 4988603 15
[15:32:57]	[Send]	suctl 5443 1 4988603 3 5018811
[15:32:57]	[Recv]	ms_c 0

[15:32:57]	[Recv]	qslot 0 1.1.1 1.1.2 1.1.3 1.1.4 1.1.5 1.1.6 1.1.7 1.1.9 1.1.8 1.1.10 0.1.45 0.2.21 0.1.76 1.1.38 1.3.12 0.1.34 0.1.87 0.-1.-1 0.1.84 0.1.43 1.3.11 1.1.42 1.1.41 1.3.976 0.-1.-1 0.1.70 0.2.143 0.2.25 0.2.27 0.2.26

[15:32:57]	[Recv]	qslot 1 0.-1.-1 0.-1.-1 0.-1.-1 0.-1.-1 0.-1.-1 0.-1.-1 0.-1.-1 0.-1.-1 0.-1.-1 0.-1.-1 0.1.-1 0.1.-1 1.1.41 1.1.42 0.-1.-1 7.7.-1 7.7.-1 7.7.-1 7.7.-1 0.-1.-1 0.-1.-1 0.-1.-1 0.-1.-1 0.-1.-1 0.-1.-1 0.-1.-1 0.-1.-1 0.-1.-1 0.-1.-1 0.-1.-1

[15:32:57]	[Recv]	ct 1 2073308 3 5018811 14 4263 1115

[15:32:57]	[Recv]	sayi 1 2073308 20 22 3 948 0 0 0

[15:32:57]	[Recv]	bf 1 2073308 0.948.0 99

[15:32:57]	[Recv]	cond 2 4988592 0 0 15

[15:32:57]	[Recv]	eff 2 5017544 7739

[15:32:57]	[Recv]	cond 2 4988603 0 0 15

[15:32:57]	[Send]	ncif 3 5018808
[15:32:57]	[Recv]	out 2 4988460

[15:32:57]	[Recv]	out 2 4988590

[15:32:57]	[Recv]	out 2 4988617

[15:32:57]	[Recv]	sayi 1 2073308 20 22 3 1028 0 0 0

[15:32:57]	[Recv]	bf 1 2073308 0.1028.0 99

[15:32:57]	[Recv]	eff 2 4988603 5005

[15:32:58]	[Recv]	ct 3 5018811 2 4988592 -1 -1 0

[15:32:58]	[Recv]	su 3 5018811 2 4988592 0 10 11 4789 0 0 1 83 52 0 0 48244 57771

[15:32:58]	[Recv]	eff 2 5017546 7739

[15:32:58]	[Recv]	bf 3 5018811 0.4110.80 99

[15:32:58]	[Recv]	eff 3 5018811 0

[15:32:58]	[Recv]	rc 1 2073308 200 0

[15:32:58]	[Recv]	su 1 2073308 3 5018811 1115 70 12 4264 0 0 1 19 30365 0 0 19921 100086

[15:32:58]	[Recv]	su 1 2073308 3 5018807 1115 70 12 4264 0 0 1 81 18554 5 0 81532 100086

[15:32:58]	[Recv]	mslot 1127 -1

[15:32:58]	[Recv]	qset 0 0 1.1.13.0

[15:32:58]	[Recv]	st 3 5018808 99 0 30 100 20484 2828 67711 2828 0

[15:32:58]	[Send]	ptctl 5443 1 4988592 31 49 4988592 15
[15:32:58]	[Send]	u_s 13 3 5018808
[15:32:58]	[Send]	ptctl 5443 2 4988603 31 49 4988592 32 45 4988603 15
[15:32:58]	[Recv]	ct 3 5018808 2 4988592 -1 -1 0

[15:32:58]	[Recv]	su 3 5018808 2 4988592 0 10 11 4757 0 0 1 83 29 0 0 48215 57771

[15:32:58]	[Recv]	ct 2 4988603 3 5018811 -1 -1 0

[15:32:58]	[Recv]	su 2 4988603 3 5018811 0 12 11 8360 0 0 1 11 8508 0 0 11413 100086

[15:32:58]	[Recv]	cond 2 4988592 0 0 15

[15:32:58]	[Send]	ptctl 5443 1 4988592 31 49 4988592 15
[15:32:58]	[Recv]	ms_c 0

[15:32:58]	[Recv]	qslot 0 1.1.1 1.1.2 1.1.3 1.1.4 1.1.5 1.1.6 1.1.7 1.1.9 1.1.8 1.1.10 0.1.45 0.2.21 0.1.76 1.1.38 1.3.12 0.1.34 0.1.87 0.-1.-1 0.1.84 0.1.43 1.3.11 1.1.42 1.1.41 1.3.976 0.-1.-1 0.1.70 0.2.143 0.2.25 0.2.27 0.2.26

[15:32:58]	[Recv]	qslot 1 0.-1.-1 0.-1.-1 0.-1.-1 0.-1.-1 0.-1.-1 0.-1.-1 0.-1.-1 0.-1.-1 0.-1.-1 0.-1.-1 0.1.-1 0.1.-1 1.1.41 1.1.42 0.-1.-1 7.7.-1 7.7.-1 7.7.-1 7.7.-1 0.-1.-1 0.-1.-1 0.-1.-1 0.-1.-1 0.-1.-1 0.-1.-1 0.-1.-1 0.-1.-1 0.-1.-1 0.-1.-1 0.-1.-1

[15:32:58]	[Recv]	eff 2 5017545 7739

[15:32:58]	[Recv]	cond 2 4988573 0 0 10

[15:32:58]	[Recv]	petski 334 1831 1798

[15:32:58]	[Recv]	pet_cool2  0 0 0

[15:32:58]	[Recv]	pinit 2 2|4988603|0|94|@|-1|3206|1|2723|0|0 2|4988592|1|96|@|-1|1548|0|0|0|60

[15:32:58]	[Recv]	ct 1 2073308 3 5018808 -1 -1 1127

[15:32:58]	[Recv]	rc 1 2073308 200 0

[15:32:58]	[Recv]	su 1 2073308 3 5018808 1127 100 22 4284 0 0 1 14 10989 0 0 9495 67711

[15:32:58]	[Recv]	eff 1 2073308 15

[15:32:58]	[Recv]	su 1 2073308 3 5018807 1127 100 22 4284 0 0 1 2 79153 5 0 2379 100086

[15:32:58]	[Recv]	bf 3 5018807 0.571.20 99

[15:32:58]	[Recv]	eff 1 2073308 15

[15:32:58]	[Recv]	su 1 2073308 3 5018806 1127 100 22 4284 0 0 1 55 30446 5 0 37265 67711

[15:32:58]	[Recv]	cond 2 4988603 0 0 15

[15:32:58]	[Recv]	cond 2 4988592 0 0 15

[15:32:58]	[Recv]	cond 2 4988592 0 0 15

[15:32:58]	[Send]	suctl 5443 1 4988592 3 5018808
[15:32:58]	[Recv]	eff 2 4988592 5005

[15:32:58]	[Send]	ptctl 5443 2 4988603 34 54 4988592 35 53 4988603 15
[15:32:58]	[Recv]	st 2 5017544 94 0 99 100 91717 184124 92062 184124 0

[15:32:58]	[Send]	ncif 3 5018808
[15:32:58]	[Send]	ptctl 5443 2 4988603 34 53 4988592 36 53 4988603 15
[15:32:58]	[Recv]	cond 1 2073308 0 0 20

[15:32:58]	[Recv]	cond 1 2073308 0 0 20

[15:32:59]	[Recv]	ct 3 5018813 2 4988603 -1 -1 0

[15:32:59]	[Recv]	su 3 5018813 2 4988603 0 10 11 4789 0 0 1 74 113 0 0 14460 19451

[15:32:59]	[Recv]	ct 2 4988592 3 5018808 -1 -1 0

[15:32:59]	[Recv]	su 2 4988592 3 5018808 0 10 11 0 0 0 0 0 14315 3 0 0 67711

[15:32:59]	[Recv]	lev 99 0 99 0 2140719000 5991794 66990112 2 0 90 917705181 0

[15:32:59]	[Recv]	st 2 5017546 94 0 100 100 92062 184124 92062 184124 0

[15:32:59]	[Recv]	cond 2 4988603 0 0 15

[15:32:59]	[Recv]	cond 2 4988592 0 0 15

[15:32:59]	[Recv]	cond 1 2073308 0 0 20

[15:32:59]	[Recv]	cond 1 2073308 0 0 20

[15:32:59]	[Send]	u_s 0 3 5018811
[15:32:59]	[Send]	ptctl 5443 1 4988603 31 52 4988603 15
[15:32:59]	[Send]	suctl 5443 1 4988603 3 5018811
[15:32:59]	[Recv]	cond 2 4988603 0 0 15

[15:32:59]	[Recv]	cond 2 4988592 0 0 15

[15:32:59]	[Recv]	ct 3 5018806 1 2073308 -1 -1 0

[15:32:59]	[Recv]	su 3 5018806 1 2073308 0 10 11 4757 0 0 1 99 450 0 0 94998 95497

[15:32:59]	[Recv]	cond 1 2073308 0 0 24

[15:32:59]	[Recv]	cond 1 2073308 0 0 24

[15:32:59]	[Recv]	bf 1 2073308 0.4117.50 99

[15:32:59]	[Recv]	eff 1 2073308 0

[15:32:59]	[Recv]	sayi 1 2073308 20 26 3 4117 0 0 0

[15:32:59]	[Recv]	st 2 5017545 94 0 100 100 92062 184124 92062 184124 0

[15:32:59]	[Recv]	cond 1 2073308 0 0 24

[15:32:59]	[Recv]	cond 1 2073308 0 0 24

[15:32:59]	[Send]	ncif 3 5018811
[15:32:59]	[Send]	ptctl 5443 2 4988603 36 54 4988592 36 52 4988603 15
[15:32:59]	[Recv]	ct 1 2073308 3 5018811 -1 -1 1114

[15:32:59]	[Recv]	su 1 2073308 3 5018811 -1 0 -1 7687 -1 -1 1 9 1683 0 0

[15:32:59]	[Recv]	bf 3 5018811 0.1921.100 99

[15:32:59]	[Recv]	eff 3 5018811 0

[15:32:59]	[Recv]	eff 1 2073308 15

[15:32:59]	[Recv]	rc 1 2073308 200 0

[15:32:59]	[Recv]	su 1 2073308 3 5018811 1114 7 11 4260 0 0 0 0 84247 0 0 0 100086

[15:32:59]	[Recv]	lev 99 0 99 0 2140719000 5991794 66990112 2 0 90 917705181 0

[15:32:59]	[Recv]	cond 2 4988603 0 0 15

[15:32:59]	[Send]	ptctl 5443 2 4988603 36 53 4988592 36 53 4988603 15
[15:32:59]	[Send]	ptctl 5443 2 4988603 37 53 4988592 37 53 4988603 15
[15:32:59]	[Recv]	cond 2 4988603 0 0 15

[15:32:59]	[Recv]	cond 2 4988592 0 0 15

[15:32:59]	[Send]	ncif 3 5018807
[15:33:00]	[Recv]	cond 1 2073308 0 0 24

[15:33:00]	[Recv]	cond 1 2073308 0 0 24

[15:33:00]	[Send]	ptctl 5443 2 4988603 36 55 4988592 38 53 4988603 15
[15:33:00]	[Recv]	cond 2 4988603 0 0 15

[15:33:00]	[Recv]	cond 2 4988592 0 0 15

[15:33:00]	[Recv]	cond 2 4988603 0 0 15

[15:33:00]	[Recv]	cond 2 4988592 0 0 15

[15:33:00]	[Recv]	sr 0

[15:33:00]	[Recv]	st 3 5018807 99 0 2 100 2379 2828 100086 2828 0 571.99

[15:33:00]	[Send]	u_s 0 3 5018807
[15:33:00]	[Send]	ptctl 5443 1 4988592 33 51 4988592 15
[15:33:00]	[Recv]	cond 2 4988603 0 0 15

[15:33:00]	[Recv]	cond 2 4988592 0 0 15

[15:33:00]	[Recv]	cond 1 2073308 0 0 24

[15:33:00]	[Recv]	cond 1 2073308 0 0 24

[15:33:00]	[Recv]	sp 415618 1000000 0 10000

[15:33:00]	[Send]	suctl 5443 1 4988603 3 5018807
[15:33:00]	[Send]	ncif 3 5018807
[15:33:00]	[Recv]	ct 1 2073308 3 5018807 -1 -1 1114

[15:33:00]	[Recv]	su 1 2073308 3 5018807 1114 7 11 4260 0 0 1 2 0 4 0 2379 100086

[15:33:00]	[Recv]	cond 2 4988592 0 0 15

[15:33:00]	[Recv]	ct 3 5018807 1 2073308 -1 -1 0

[15:33:00]	[Recv]	su 3 5018807 1 2073308 0 10 11 4789 0 0 1 99 0 1 0 95198 95497

[15:33:00]	[Recv]	st 2 5017544 94 0 100 100 92062 184124 92062 184124 0

[15:33:00]	[Recv]	eff 2 4988603 5005

[15:33:00]	[Recv]	st 3 5018807 99 0 2 100 2379 2828 100086 2828 0

[15:33:00]	[Send]	ptctl 5443 2 4988603 40 52 4988592 39 51 4988603 15
[15:33:01]	[Recv]	st 2 5017546 94 0 100 100 92062 184124 92062 184124 0

[15:33:01]	[Recv]	cond 1 2073308 0 0 24

[15:33:01]	[Recv]	cond 1 2073308 0 0 24

[15:33:01]	[Send]	ptctl 5443 2 4988603 39 52 4988592 40 51 4988603 15
[15:33:01]	[Recv]	cond 2 4988603 0 0 15

[15:33:01]	[Recv]	cond 2 4988592 0 0 15

[15:33:01]	[Recv]	ct 2 4988603 3 5018807 -1 -1 0

[15:33:01]	[Recv]	su 2 4988603 3 5018807 0 12 11 8360 0 0 0 0 7795 0 0 0 100086

[15:33:01]	[Recv]	lev 99 0 99 0 2140719000 5991794 66990112 2 0 90 917705181 0

[15:33:01]	[Recv]	cond 2 4988603 0 0 15

[15:33:01]	[Recv]	cond 2 4988592 0 0 15

[15:33:01]	[Send]	ptctl 5443 2 4988603 40 52 4988592 40 50 4988603 15
[15:33:01]	[Recv]	cond 2 4988603 0 0 15

[15:33:01]	[Recv]	cond 2 4988592 0 0 15

[15:33:01]	[Recv]	st 2 5017545 94 0 100 100 92062 184124 92062 184124 0

[15:33:01]	[Recv]	sr 0

[15:33:01]	[Recv]	ct 3 5018806 2 4988592 -1 -1 0

[15:33:01]	[Recv]	su 3 5018806 2 4988592 0 10 11 4757 0 0 1 83 144 0 0 48071 57771

[15:33:01]	[Send]	ncif 3 5018813
[15:33:01]	[Recv]	st 3 5018813 99 0 100 100 100085 2828 100086 2828 0

[15:33:02]	[Send]	u_s 8 3 5018813
[15:33:02]	[Send]	ptctl 5443 1 4988592 36 50 4988592 15
[15:33:02]	[Send]	ptctl 5443 1 4988603 37 54 4988603 15
[15:33:02]	[Send]	suctl 5443 1 4988603 3 5018813
[15:33:02]	[Recv]	ms_c 0

[15:33:02]	[Recv]	qslot 0 1.1.1 1.1.2 1.1.3 1.1.4 1.1.5 1.1.6 1.1.7 1.1.9 1.1.8 1.1.10 0.1.45 0.2.21 0.1.76 1.1.38 1.3.12 0.1.34 0.1.87 0.-1.-1 0.1.84 0.1.43 1.3.11 1.1.42 1.1.41 1.3.976 0.-1.-1 0.1.70 0.2.143 0.2.25 0.2.27 0.2.26

[15:33:02]	[Recv]	qslot 1 0.-1.-1 0.-1.-1 0.-1.-1 0.-1.-1 0.-1.-1 0.-1.-1 0.-1.-1 0.-1.-1 0.-1.-1 0.-1.-1 0.1.-1 0.1.-1 1.1.41 1.1.42 0.-1.-1 7.7.-1 7.7.-1 7.7.-1 7.7.-1 0.-1.-1 0.-1.-1 0.-1.-1 0.-1.-1 0.-1.-1 0.-1.-1 0.-1.-1 0.-1.-1 0.-1.-1 0.-1.-1 0.-1.-1

[15:33:02]	[Recv]	ct 1 2073308 3 5018813 -1 -1 1122

[15:33:02]	[Recv]	cond 2 4988592 0 0 15

[15:33:02]	[Recv]	rc 1 2073308 200 0

[15:33:02]	[Recv]	su 1 2073308 3 5018813 1122 150 41 4268 0 0 1 16 84025 3 0 16060 100086

[15:33:02]	[Recv]	mslot 1125 -1

[15:33:02]	[Recv]	qset 0 8 1.1.11.0

[15:33:02]	[Recv]	cond 2 4988603 0 0 15

[15:33:02]	[Send]	mtlist 1 2 4988592 
[15:33:02]	[Send]	u_s 11 3 5018813
[15:33:02]	[Recv]	finfo 3654050.0.Ambro420 4038466.1.*Boss95* 4032759.1.•Van_Heert•™ 6938689.0.LimitiMioPadre 4371592.0.STa®†a©R 6866129.0.Amnesya92 3393597.1.°Lordone24° 5527355.0.SugmaDeek 3988345.1.IMissYou 613441.1.ADuckOnQuack 6544388.0.SerowyNachoo 4351664.0.»Ja©k™ 1246372.0.!Ice! 3650626.1.DarkAngeeL 4286434.0.Salvanto2 5664515.0.Vixerin 3559057.0.~Frizz 7593876.0.Gang404 4368426.1.~Blackurio 957916.0.lusikill 2935710.0.#Rey1# 3467154.0.[St]Grippato 2939098.0.GorGoJo 3343263.0.Ansatsu 1638277.0.Memed 4357105.0.•Rosengarten 6623637.0.K?ndeer 1213513.0.Anny_ 7147719.0.Mortanciia 6680510.1.‡Ejzi‡ 2460434.0.Jon07 5635569.0.vladzio 2620775.0.·Tenzo 7163132.0.Frigus_One 1189318.0.VelveD 6973700.1.Douv 2360335.0.All730 4338026.0.redelfuoco9 5650090.0.Yoru_Sutoka 4304835.1.~DarkMrrn 7149833.1.Vistrooo 4074353.0.ImExelliuM

[15:33:02]	[Recv]	eff 2 4988603 5005

[15:33:02]	[Send]	suctl 5443 1 4988592 3 5018813
[15:33:02]	[Recv]	ms_c 0

[15:33:02]	[Recv]	qslot 0 1.1.1 1.1.2 1.1.3 1.1.4 1.1.5 1.1.6 1.1.7 1.1.9 1.1.8 1.1.10 0.1.45 0.2.21 0.1.76 1.1.38 1.3.12 0.1.34 0.1.87 0.-1.-1 0.1.84 0.1.43 1.3.11 1.1.42 1.1.41 1.3.976 0.-1.-1 0.1.70 0.2.143 0.2.25 0.2.27 0.2.26

[15:33:02]	[Recv]	qslot 1 0.-1.-1 0.-1.-1 0.-1.-1 0.-1.-1 0.-1.-1 0.-1.-1 0.-1.-1 0.-1.-1 0.-1.-1 0.-1.-1 0.1.-1 0.1.-1 1.1.41 1.1.42 0.-1.-1 7.7.-1 7.7.-1 7.7.-1 7.7.-1 0.-1.-1 0.-1.-1 0.-1.-1 0.-1.-1 0.-1.-1 0.-1.-1 0.-1.-1 0.-1.-1 0.-1.-1 0.-1.-1 0.-1.-1

[15:33:02]	[Recv]	ct 1 2073308 3 5018813 -1 -1 1125

[15:33:02]	[Recv]	cond 1 2073308 0 0 27

[15:33:02]	[Recv]	bf 1 2073308 0.576.20 99

[15:33:02]	[Recv]	sayi 1 2073308 20 26 3 576 0 0 0

[15:33:02]	[Recv]	rc 1 2073308 99 0

[15:33:02]	[Recv]	su 1 2073308 3 5018813 1125 3 22 4272 0 0 0 0 79339 3 0 0 100086

[15:33:02]	[Recv]	in 3 2371 5018944 37 49 2 100 100 0 0 0 -1 0 0 -1 - 0 -1 0 0 0 0 0 0 0 0 0 0 0 0

[15:33:02]	[Recv]	guri 31 1 2073308 37 49

[15:33:02]	[Recv]	lev 99 0 99 0 2140719000 5991794 66990112 2 0 90 917705181 0

[15:33:02]	[Recv]	mslot 1126 -1

[15:33:02]	[Recv]	qset 0 8 1.1.12.0

[15:33:02]	[Recv]	ct 2 4988603 3 5018813 -1 -1 0

[15:33:02]	[Recv]	su 2 4988603 2 4988603 0 12 11 8360 0 0 1 74 0 2 0 14460 19451

[15:33:02]	[Recv]	st 2 5017544 94 0 100 100 92062 184124 92062 184124 0

[15:33:02]	[Recv]	eff 2 5017544 7739

[15:33:02]	[Send]	mtlist 1 2 4988592 
[15:33:02]	[Send]	u_s 12 3 5018813
[15:33:03]	[Recv]	st 2 5017546 94 0 100 100 92062 184124 92062 184124 0

[15:33:03]	[Recv]	eff 2 5017546 7739

[15:33:03]	[Recv]	sr 11

[15:33:03]	[Send]	ptctl 5443 2 4988603 36 49 4988592 34 45 4988603 15
[15:33:03]	[Recv]	cancel 0 12 -1

[15:33:03]	[Recv]	cond 2 4988603 0 0 15

[15:33:03]	[Recv]	cond 2 4988592 0 0 15

[15:33:03]	[Recv]	st 2 5017545 94 0 100 100 92062 184124 92062 184124 0

[15:33:03]	[Recv]	eff 2 5017545 7739

[15:33:03]	[Send]	ncif 3 5018806
[15:33:03]	[Send]	ptctl 5443 1 4988603 37 53 4988603 15
[15:33:03]	[Send]	suctl 5443 1 4988603 3 5018806
[15:33:03]	[Send]	mtlist 2 3 5018944 2 4988592 
[15:33:03]	[Send]	u_s 12 3 5018806
[15:33:03]	[Recv]	team_cool 1 0

[15:33:03]	[Recv]	st 3 5018806 99 0 55 100 37265 2828 67711 2828 0

[15:33:03]	[Send]	ptctl 5443 1 4988592 34 46 4988592 15
[15:33:03]	[Recv]	sayi 1 2073308 11 2065 0 0 0 0 0

[15:33:03]	[Recv]	psd 0

[15:33:03]	[Recv]	sayi 1 2073308 11 2065 0 0 0 0 0

[15:33:03]	[Recv]	psd 0

[15:33:03]	[Recv]	sayi 1 2073308 11 2065 0 0 0 0 0

[15:33:03]	[Recv]	psd 0

[15:33:03]	[Recv]	cond 2 4988603 0 0 15

[15:33:03]	[Recv]	die 3 5018944 3 5018944

[15:33:03]	[Recv]	ct 3 5018806 2 4988592 -1 -1 0

[15:33:03]	[Recv]	su 3 5018806 2 4988592 0 10 11 4757 0 0 1 83 143 0 0 47928 57771

[15:33:03]	[Recv]	eff 2 4988603 5005

[15:33:04]	[Send]	suctl 5443 1 4988592 3 5018806
[15:33:04]	[Recv]	ms_c 0

[15:33:04]	[Recv]	qslot 0 1.1.1 1.1.2 1.1.3 1.1.4 1.1.5 1.1.6 1.1.7 1.1.9 1.1.8 1.1.10 0.1.45 0.2.21 0.1.76 1.1.38 1.3.12 0.1.34 0.1.87 0.-1.-1 0.1.84 0.1.43 1.3.11 1.1.42 1.1.41 1.3.976 0.-1.-1 0.1.70 0.2.143 0.2.25 0.2.27 0.2.26

[15:33:04]	[Recv]	qslot 1 0.-1.-1 0.-1.-1 0.-1.-1 0.-1.-1 0.-1.-1 0.-1.-1 0.-1.-1 0.-1.-1 0.-1.-1 0.-1.-1 0.1.-1 0.1.-1 1.1.41 1.1.42 0.-1.-1 7.7.-1 7.7.-1 7.7.-1 7.7.-1 0.-1.-1 0.-1.-1 0.-1.-1 0.-1.-1 0.-1.-1 0.-1.-1 0.-1.-1 0.-1.-1 0.-1.-1 0.-1.-1 0.-1.-1

[15:33:04]	[Recv]	ct 1 2073308 3 5018806 -1 -1 1126

[15:33:04]	[Recv]	eff 1 2073308 15

[15:33:04]	[Recv]	su 1 2073308 3 5018806 1126 3 26 4273 0 0 1 14 27706 0 0 9559 67711

[15:33:04]	[Recv]	bf 3 5018806 0.574.80 99

[15:33:04]	[Recv]	bf 1 2073308 0.568.400 99

[15:33:04]	[Recv]	mslot 1125 -1

[15:33:04]	[Recv]	qset 0 8 1.1.11.0

[15:33:04]	[Recv]	cond 2 4988592 0 0 15

[15:33:04]	[Recv]	ct 2 4988603 3 5018806 -1 -1 0

[15:33:04]	[Recv]	eff 2 4988603 15

[15:33:04]	[Recv]	su 2 4988603 3 5018806 0 12 11 8360 0 0 0 0 15315 0 0 0 67711

[15:33:04]	[Recv]	lev 99 0 99 0 2140719000 5991794 66990112 2 0 90 917705181 0

[15:33:04]	[Recv]	cond 1 2073308 0 0 23

[15:33:04]	[Recv]	cond 1 2073308 0 0 23

[15:33:04]	[Recv]	sayi 1 2073308 20 22 3 4117 0 0 0

[15:33:04]	[Recv]	bf 1 2073308 0.4117.0 99

[15:33:04]	[Send]	mtlist 0 
[15:33:04]	[Send]	u_s 11 3 5018806
[15:33:04]	[Recv]	sr 12

[15:33:04]	[Recv]	cond 1 2073308 0 0 20

[15:33:04]	[Recv]	sayi 1 2073308 20 22 3 576 0 0 0

[15:33:04]	[Recv]	bf 1 2073308 0.576.0 99

[15:33:04]	[Recv]	cancel 0 11 -1

[15:33:04]	[Send]	mtlist 0 
[15:33:04]	[Send]	u_s 11 3 5018806
[15:33:04]	[Send]	suctl 5443 1 4988603 3 5018806
[15:33:04]	[Recv]	st 2 5017544 94 0 100 100 92062 184124 92062 184124 0

[15:33:04]	[Recv]	cancel 0 11 -1

[15:33:05]	[Recv]	st 2 5017546 94 0 100 100 92062 184124 92062 184124 0

[15:33:05]	[Recv]	sr 1

[15:33:05]	[Recv]	st 2 5017545 94 0 100 100 92062 184124 92062 184124 0

[15:33:05]	[Recv]	minfo 2 0 -1.0/0 -1.0/0 -1/0 -1.0/0 1 1 0

[15:33:05]	[Recv]	msgi 0 2483 0 0 0 0 0

[15:33:05]	[Recv]	sayi 1 2073308 12 696 4 960 0 0 0

[15:33:05]	[Recv]	fd 66991072 27 100 1

[15:33:05]	[Recv]	gold 19801231 0

[15:33:05]	[Recv]	sayi 1 2073308 10 677 4 115000 0 0 0

[15:33:05]	[Recv]	evnt 10 0 -1 -1

[15:33:05]	[Recv]	score  5 23 0 0 115000 5 314 35 276 101 0 0

[15:33:05]	[Recv]	rsfi 9 1 10 10 10 10

[15:33:05]	[Recv]	bf 1 2073308 0.61.10 99

[15:33:05]	[Recv]	rsfm 823 1 7 6 23

[15:33:05]	[Recv]	sp 415608 1000000 0 10000

[15:33:06]	[Recv]	sc_p 170 1548 4988592 96 620 24097974 0 0 1889 2049 1289 19 90 9 975 627 958 627 866 3 90 90 110 80 47928 57771 18100 18100 1 84982200 0 @ 0 0 6 60 1831 1798 0 100

[15:33:06]	[Recv]	bf 1 2073308 0.61.0 99

[15:33:06]	[Recv]	st 2 5017544 94 0 100 100 92062 184124 92062 184124 0

[15:33:07]	[Recv]	st 2 5017546 94 0 100 100 92062 184124 92062 184124 0

[15:33:07]	[Recv]	st 2 5017545 94 0 100 100 92062 184124 92062 184124 0

[15:33:07]	[Recv]	eff 2 5017544 7739

[15:33:07]	[Recv]	sr 7

[15:33:08]	[Recv]	eff 2 5017546 7739

[15:33:08]	[Send]	rsel
[15:33:08]	[Recv]	ivn 2 82.2481.300.0

[15:33:08]	[Recv]	ivn 2 0.2479.439.0

[15:33:08]	[Recv]	repay  -1.0.0 -1.0.0 -1.0.0 2481.0.5 -1.0.0 2479.0.5
[15:33:08]	[Recv]	eff 2 5017545 7739

[15:33:08]	[Recv]	sr 13

[15:33:08]	[Recv]	st 2 5017544 94 0 100 100 92062 184124 92062 184124 0

[15:33:09]	[Recv]	st 2 5017546 94 0 100 100 92062 184124 92062 184124 0

[15:33:09]	[Recv]	ms_c 0

[15:33:09]	[Recv]	qslot 0 1.1.1 1.1.2 1.1.3 1.1.4 1.1.5 1.1.6 1.1.7 1.1.9 1.1.8 1.1.10 0.1.45 0.2.21 0.1.76 1.1.38 1.3.12 0.1.34 0.1.87 0.-1.-1 0.1.84 0.1.43 1.3.11 1.1.42 1.1.41 1.3.976 0.-1.-1 0.1.70 0.2.143 0.2.25 0.2.27 0.2.26

[15:33:09]	[Recv]	qslot 1 0.-1.-1 0.-1.-1 0.-1.-1 0.-1.-1 0.-1.-1 0.-1.-1 0.-1.-1 0.-1.-1 0.-1.-1 0.-1.-1 0.1.-1 0.1.-1 1.1.41 1.1.42 0.-1.-1 7.7.-1 7.7.-1 7.7.-1 7.7.-1 0.-1.-1 0.-1.-1 0.-1.-1 0.-1.-1 0.-1.-1 0.-1.-1 0.-1.-1 0.-1.-1 0.-1.-1 0.-1.-1 0.-1.-1

[15:33:09]	[Recv]	st 2 5017545 94 0 100 100 92062 184124 92062 184124 0

[15:33:10]	[Recv]	sp 415598 1000000 0 10000

[15:33:10]	[Recv]	sayi 1 2073308 20 22 3 3097 0 0 0

[15:33:10]	[Recv]	bf 1 2073308 0.3097.0 99

