[15:46:15]	[Send]	ncif 2 18016
[15:46:15]	[Recv]	st 2 18016 99 0 100 100 323240 3270 323240 3270 0

[15:46:15]	[Send]	npc_req 2 18016
[15:46:15]	[Send]	suctl 2628 2 4988603 2 18016 4988592 2 18016
[15:46:15]	[Recv]	npc_req 2 18016 11028

[15:46:15]	[Send]	n_run 338 0 2 18016
[15:46:16]	[Recv]	rbr2 826.5.0 1 15 84.99 1 2479.1 2479.5 2484.1 2481.5 9762.1 2481.5 -1.0 -1.0 -1.0 -1.0 25313.- 0 0 760.99 700.99 710.99 775.99 785.99

[15:46:16]	[Send]	ncif 2 18016
[15:46:16]	[Recv]	st 2 18016 99 0 100 100 323240 3270 323240 3270 0

[15:46:16]	[Send]	suctl 2628 1 4988592 2 18016
[15:46:16]	[Send]	suctl 2628 1 4988603 2 18016
[15:46:17]	[Send]	ncif 2 18016
[15:46:17]	[Recv]	st 2 18016 99 0 100 100 323240 3270 323240 3270 0

[15:46:17]	[Send]	suctl 2628 1 4988592 2 18016
[15:46:17]	[Send]	sreq 826
[15:46:17]	[Recv]	guri 4 0 0

[15:46:17]	[Recv]	c_map 0 2628 0

[15:46:17]	[Recv]	mapout

[15:46:17]	[Send]	c_close 1
[15:46:17]	[Send]	c_close 0
[15:46:17]	[Send]	f_stash_end 
[15:46:17]	[Send]	c_close 1
[15:46:17]	[Recv]	c_info #Rey# - -1 3739.918 Sanguinarius 2073308 0 0 0 53 2 27 0 21 0 20 40 0 8394 6

[15:46:17]	[Send]	mall 50
[15:46:17]	[Send]	c_close 1
[15:46:17]	[Recv]	c_mode 1 2073308 21 20 40 0 100 8394

[15:46:17]	[Recv]	equip 95 87 0.8630.5.9.0.11.84 1.8646.7.8.0.8.82 2.8689.0.0.0.0.0 3.8654.0.5.0.0.0 4.8656.0.5.0.0.0 5.8638.2.0.0.0.83 6.4657.0.0.0.0.0 7.4653.0.0.0.0.0 8.4647.0.0.0.0.0 9.8687.0.0.0.0.0 10.4710.8.0.0.0.0 12.4498.0.20.100.0.0 13.8757.0.0.0.0.0 14.8785.0.0.0.0.0 15.8701.0.0.0.0.0 16.8787.0.0.0.0.0 17.8720.0.0.0.0.0

[15:46:17]	[Recv]	lev 99 0 99 0 2140719000 5991794 66993052 2 0 90 917705181 0

[15:46:17]	[Recv]	at 2073308 5443 30 30 2 0 119 2 -1

[15:46:17]	[Recv]	cond 1 2073308 0 0 18

[15:46:17]	[Recv]	cond 1 2073308 0 0 18

[15:46:17]	[Recv]	titinfo 1 2073308 13016 9416

[15:46:17]	[Recv]	eq 2073308 0 0 0 53 2 8689.8646.8630.8638.8687.4710.8757.8785.8701.8787.8720 95 87 100

[15:46:17]	[Recv]	c_map 0 5443 1

[15:46:17]	[Recv]	sc 1 9 3872 4144 2315 36 415 0 0 3602 3762 2177 40 577 9 2346 2003 2339 2003 2197 195 189 180 176

[15:46:17]	[Recv]	char_sc 1 2073308 100

[15:46:17]	[Recv]	gidx 1 2073308 3739.918 Sanguinarius 24 0|0|1

[15:46:17]	[Recv]	rsfp 6 4

[15:46:17]	[Recv]	rnsc 0

[15:46:17]	[Recv]	evnt 1 0 12000 12000

[15:46:17]	[Recv]	in 2 2673 4988603 31 30 2 100 100 0 0 3 2073308 1 0 3206 @ 1 6 1 1880 1881 1882 4237 4238 4239 0 2723 0 0 0

[15:46:17]	[Recv]	cond 2 4988603 0 0 11

[15:46:17]	[Recv]	in 2 1548 4988592 32 31 2 100 100 0 0 3 2073308 1 0 -1 @ 2 -1 0 0 0 0 0 0 0 0 0 0 0 6

[15:46:17]	[Recv]	cond 2 4988592 0 0 15

[15:46:17]	[Recv]	pinit 2 2|4988603|0|94|@|-1|3206|1|2723|0|0 2|4988592|1|96|@|-1|1548|0|0|0|60


[15:46:17]	[Recv]	pairy 1 2073308 4 2 97 50

[15:46:17]	[Recv]	minipet 1 2073308 8720

[15:46:17]	[Recv]	act6 

[15:46:17]	[Recv]	food 0

[15:46:17]	[Recv]	rsfm 826 0 7 6 26

[15:46:17]	[Recv]	ivn 2 0.2479.437.0

[15:46:17]	[Recv]	sayi 1 2073308 10 1885 2 2479 0 0 0

[15:46:17]	[Recv]	guri 41 1

[15:46:17]	[Recv]	minfo 1 0 -1.0/0 -1.0/0 -1/0 -1.0/0 1 1 0

[15:46:17]	[Recv]	msgi 0 2470 0 0 0 0 0

[15:46:18]	[Recv]	in 2 1457 5022311 54 66 6 100 100 0 0 0 -1 1 0 -1 - 0 -1 0 0 0 0 0 0 0 0 0 0 0 0

[15:46:18]	[Recv]	ctl 2 5022311 0 99

[15:46:18]	[Recv]	in 2 1457 5022310 39 70 4 100 100 0 0 0 -1 1 0 -1 - 0 -1 0 0 0 0 0 0 0 0 0 0 0 0

[15:46:18]	[Recv]	ctl 2 5022310 0 99

[15:46:18]	[Recv]	in 2 1457 5022309 23 66 4 100 100 0 0 0 -1 1 0 -1 - 0 -1 0 0 0 0 0 0 0 0 0 0 0 0

[15:46:18]	[Recv]	ctl 2 5022309 0 99

[15:46:18]	[Recv]	in 2 1548 4988592 32 31 2 100 100 0 0 3 2073308 1 0 -1 @ 2 -1 0 0 0 0 0 0 0 0 0 0 0 6

[15:46:18]	[Recv]	in 2 2673 4988603 31 30 2 100 100 0 0 3 2073308 1 0 3206 @ 1 6 1 1880 1881 1882 4237 4238 4239 0 2723 0 0 0

[15:46:18]	[Recv]	in 9 1000 10668801 39 39 1 0 0 0

[15:46:18]	[Send]	ptctl 5443 2 4988603 31 33 4988592 32 36 4988592 15
[15:46:18]	[Recv]	cond 1 2073308 0 0 18

[15:46:18]	[Recv]	cond 1 2073308 0 0 18

[15:46:18]	[Recv]	cond 2 4988603 0 0 15

[15:46:18]	[Recv]	cond 2 4988592 0 0 15

[15:46:18]	[Recv]	cond 1 2073308 0 0 18

[15:46:18]	[Recv]	cond 1 2073308 0 0 18

[15:46:19]	[Send]	ptctl 5443 1 4988603 35 37 4988603 15
[15:46:19]	[Recv]	cond 2 4988603 0 0 15

[15:46:19]	[Recv]	st 2 5022311 95 0 100 100 92286 184572 92286 184572 0

[15:46:19]	[Send]	ptctl 5443 1 4988592 34 39 4988592 15
[15:46:19]	[Recv]	cond 2 4988592 0 0 15

[15:46:19]	[Recv]	st 2 5022310 95 0 100 100 92286 184572 92286 184572 0

[15:46:19]	[Recv]	st 2 5022309 95 0 100 100 92286 184572 92286 184572 0

[15:46:19]	[Recv]	cond 1 2073308 0 0 18

[15:46:19]	[Recv]	cond 1 2073308 0 0 18

[15:46:20]	[Send]	get 1 2073308 10668801
[15:46:20]	[Recv]	delay 2000 1 #git^10668801

[15:46:20]	[Send]	guri 2
[15:46:20]	[Send]	guri 5 1 2073308 0 1
[15:46:20]	[Recv]	guri 2 1 2073308 0

[15:46:21]	[Recv]	st 2 5022311 95 0 100 100 92286 184572 92286 184572 0

[15:46:21]	[Send]	guri 5 1 2073308 50 1
[15:46:21]	[Recv]	st 2 5022310 95 0 100 100 92286 184572 92286 184572 0

[15:46:21]	[Recv]	st 2 5022309 95 0 100 100 92286 184572 92286 184572 0

[15:46:22]	[Recv]	eff 2 5022311 7739

[15:46:22]	[Send]	guri 5 1 2073308 100 1
[15:46:22]	[Send]	#git^10668801
[15:46:22]	[Recv]	out 9 10668801

[15:46:22]	[Recv]	out 9 10668801

[15:46:22]	[Recv]	msgi 0 408 0 0 0 0 0

[15:46:22]	[Send]	u_s 5 1 2073308
[15:46:22]	[Recv]	mapclear

[15:46:22]	[Recv]	in 2 1457 5022311 54 66 6 100 100 0 0 0 -1 1 0 -1 - 0 -1 0 0 0 0 0 0 0 0 0 0 0 0

[15:46:22]	[Recv]	ctl 2 5022311 0 99

[15:46:22]	[Recv]	in 2 1457 5022310 39 70 4 100 100 0 0 0 -1 1 0 -1 - 0 -1 0 0 0 0 0 0 0 0 0 0 0 0

[15:46:22]	[Recv]	ctl 2 5022310 0 99

[15:46:22]	[Recv]	in 2 1457 5022309 23 66 4 100 100 0 0 0 -1 1 0 -1 - 0 -1 0 0 0 0 0 0 0 0 0 0 0 0

[15:46:22]	[Recv]	ctl 2 5022309 0 99

[15:46:22]	[Recv]	in 2 1548 4988592 34 39 2 100 100 0 0 3 2073308 1 0 -1 @ 2 -1 0 0 0 0 0 0 0 0 0 0 0 6

[15:46:22]	[Recv]	in 2 2673 4988603 35 37 2 100 100 0 0 3 2073308 1 0 3206 @ 1 6 1 1880 1881 1882 4237 4238 4239 0 2723 0 0 0

[15:46:22]	[Recv]	rnsc 0

[15:46:22]	[Recv]	sinfo 

[15:46:22]	[Recv]	rsfm 826 2 0 0 26

[15:46:22]	[Recv]	evnt 3 0 6000 6000

[15:46:22]	[Recv]	evnt 1 0 11950 12000

[15:46:22]	[Recv]	in 3 700 5022315 37 7 3 100 100 0 0 0 -1 0 0 -1 - 0 -1 0 0 0 0 0 0 0 0 0 0 0 0

[15:46:22]	[Recv]	msgi 0 679 0 0 0 0 0

[15:46:22]	[Recv]	in 3 775 5022316 39 6 7 100 100 0 0 0 -1 0 0 -1 - 0 -1 0 0 0 0 0 0 0 0 0 0 0 0

[15:46:22]	[Recv]	msgi 0 679 0 0 0 0 0

[15:46:22]	[Recv]	in 3 700 5022317 40 8 7 100 100 0 0 0 -1 0 0 -1 - 0 -1 0 0 0 0 0 0 0 0 0 0 0 0

[15:46:22]	[Recv]	msgi 0 679 0 0 0 0 0

[15:46:22]	[Recv]	in 3 785 5022318 41 6 1 100 100 0 0 0 -1 0 0 -1 - 0 -1 0 0 0 0 0 0 0 0 0 0 0 0

[15:46:22]	[Recv]	msgi 0 679 0 0 0 0 0

[15:46:22]	[Recv]	in 3 760 5022319 43 6 5 100 100 0 0 0 -1 0 0 -1 - 0 -1 0 0 0 0 0 0 0 0 0 0 0 0

[15:46:22]	[Recv]	msgi 0 679 0 0 0 0 0

[15:46:22]	[Recv]	in 3 700 5022320 43 8 6 100 100 0 0 0 -1 0 0 -1 - 0 -1 0 0 0 0 0 0 0 0 0 0 0 0

[15:46:22]	[Recv]	msgi 0 679 0 0 0 0 0

[15:46:22]	[Recv]	in 3 700 5022321 45 7 7 100 100 0 0 0 -1 0 0 -1 - 0 -1 0 0 0 0 0 0 0 0 0 0 0 0

[15:46:22]	[Recv]	msgi 0 679 0 0 0 0 0

[15:46:22]	[Recv]	eff 3 5022321 5000

[15:46:22]	[Recv]	eff 3 5022317 5000

[15:46:22]	[Recv]	eff 2 5022310 7739

[15:46:22]	[Recv]	eff 2 5022309 7739

[15:46:22]	[Recv]	ms_c 0

[15:46:22]	[Recv]	qslot 0 1.1.1 1.1.2 1.1.3 1.1.4 1.1.5 1.1.6 1.1.7 1.1.9 1.1.8 1.1.10 0.1.45 0.2.21 0.1.76 1.1.38 1.3.12 0.1.34 0.1.87 0.-1.-1 0.1.84 0.1.43 1.3.11 1.1.42 1.1.41 1.3.976 0.-1.-1 0.1.70 0.2.143 0.2.25 0.2.27 0.2.26

[15:46:22]	[Recv]	qslot 1 0.-1.-1 0.-1.-1 0.-1.-1 0.-1.-1 0.-1.-1 0.-1.-1 0.-1.-1 0.-1.-1 0.-1.-1 0.-1.-1 0.1.-1 0.1.-1 1.1.41 1.1.42 0.-1.-1 7.7.-1 7.7.-1 7.7.-1 7.7.-1 0.-1.-1 0.-1.-1 0.-1.-1 0.-1.-1 0.-1.-1 0.-1.-1 0.-1.-1 0.-1.-1 0.-1.-1 0.-1.-1 0.-1.-1

[15:46:22]	[Recv]	ct 1 2073308 1 2073308 -1 -1 1119

[15:46:22]	[Recv]	bf 1 2073308 0.561.3000 99

[15:46:22]	[Recv]	bf 1 2073308 0.578.1200 99

[15:46:22]	[Recv]	bf 1 2073308 0.941.0 99

[15:46:22]	[Recv]	bf 1 2073308 0.830.60 99

[15:46:22]	[Recv]	eff 1 2073308 0

[15:46:22]	[Recv]	sayi 1 2073308 20 26 3 830 0 0 0

[15:46:22]	[Recv]	su 1 2073308 1 2073308 1119 600 25 4265 0 0 1 100 0 -1 0 95497 95497

[15:46:23]	[Recv]	st 2 5022311 95 0 100 100 92286 184572 92286 184572 0

[15:46:23]	[Send]	u_i 1 2073308 1 84 0 0 
[15:46:23]	[Recv]	bf 1 2073308 0.116.6000 99

[15:46:23]	[Recv]	eff 1 2073308 203

[15:46:23]	[Recv]	ivn 1 84.1246.83.0

[15:46:23]	[Recv]	scp 1
[15:46:23]	[Recv]	st 2 5022310 95 0 100 100 92286 184572 92286 184572 0

[15:46:23]	[Recv]	st 2 5022309 95 0 100 100 92286 184572 92286 184572 0

[15:46:23]	[Send]	u_i 1 2073308 1 43 0 0 
[15:46:23]	[Recv]	bf 1 2073308 0.117.6000 99

[15:46:23]	[Recv]	eff 1 2073308 203

[15:46:23]	[Recv]	ivn 1 43.9021.140.0

[15:46:24]	[Send]	ptctl 5443 2 4988603 35 32 4988592 34 34 4988603 15
[15:46:24]	[Recv]	cond 1 2073308 0 0 18

[15:46:24]	[Recv]	cond 1 2073308 0 0 18

[15:46:24]	[Recv]	cond 2 4988603 0 0 15

[15:46:24]	[Recv]	cond 2 4988592 0 0 15

[15:46:24]	[Send]	ptctl 5443 2 4988603 35 30 4988592 34 32 4988603 15
[15:46:24]	[Recv]	cond 1 2073308 0 0 18

[15:46:24]	[Recv]	cond 1 2073308 0 0 18

[15:46:24]	[Recv]	cond 2 4988603 0 0 15

[15:46:24]	[Recv]	cond 2 4988592 0 0 15

[15:46:24]	[Send]	ncif 3 5022317
[15:46:25]	[Recv]	st 3 5022317 99 0 100 100 110907 2828 110907 2828 0

[15:46:25]	[Recv]	st 2 5022311 95 0 100 100 92286 184572 92286 184572 0

[15:46:25]	[Send]	ptctl 5443 2 4988603 35 25 4988592 34 26 4988603 15
[15:46:25]	[Recv]	cond 2 4988603 0 0 15

[15:46:25]	[Recv]	cond 2 4988592 0 0 15

[15:46:25]	[Send]	u_s 1 3 5022317
[15:46:25]	[Recv]	st 2 5022310 95 0 100 100 92286 184572 92286 184572 0

[15:46:25]	[Recv]	st 2 5022309 95 0 100 100 92286 184572 92286 184572 0

[15:46:25]	[Recv]	cond 1 2073308 0 0 18

[15:46:25]	[Recv]	cond 1 2073308 0 0 18

[15:46:25]	[Recv]	ms_c 0

[15:46:25]	[Recv]	qslot 0 1.1.1 1.1.2 1.1.3 1.1.4 1.1.5 1.1.6 1.1.7 1.1.9 1.1.8 1.1.10 0.1.45 0.2.21 0.1.76 1.1.38 1.3.12 0.1.34 0.1.87 0.-1.-1 0.1.84 0.1.43 1.3.11 1.1.42 1.1.41 1.3.976 0.-1.-1 0.1.70 0.2.143 0.2.25 0.2.27 0.2.26

[15:46:25]	[Recv]	qslot 1 0.-1.-1 0.-1.-1 0.-1.-1 0.-1.-1 0.-1.-1 0.-1.-1 0.-1.-1 0.-1.-1 0.-1.-1 0.-1.-1 0.1.-1 0.1.-1 1.1.41 1.1.42 0.-1.-1 7.7.-1 7.7.-1 7.7.-1 7.7.-1 0.-1.-1 0.-1.-1 0.-1.-1 0.-1.-1 0.-1.-1 0.-1.-1 0.-1.-1 0.-1.-1 0.-1.-1 0.-1.-1 0.-1.-1

[15:46:25]	[Recv]	ct 1 2073308 3 5022317 14 4263 1115

[15:46:25]	[Recv]	cond 1 2073308 0 0 18

[15:46:25]	[Recv]	cond 1 2073308 0 0 18

[15:46:25]	[Send]	ncif 3 5022317
[15:46:26]	[Recv]	ct 3 5022318 1 2073308 -1 -1 0

[15:46:26]	[Recv]	su 3 5022318 1 2073308 0 10 11 7200 0 0 1 100 0 4 0 95497 95497

[15:46:26]	[Recv]	eff 1 2073308 15

[15:46:26]	[Recv]	su 1 2073308 3 5022317 1115 70 12 4264 0 0 1 58 45901 0 0 65006 110907

[15:46:26]	[Recv]	bf 3 5022317 0.4253.100 99

[15:46:26]	[Recv]	eff 1 2073308 15

[15:46:26]	[Recv]	su 1 2073308 3 5022319 1115 70 12 4264 0 0 0 0 76712 5 0 0 13880

[15:46:26]	[Recv]	lev 99 0 99 0 2140719000 5991794 66993052 2 0 90 917705181 0

[15:46:26]	[Recv]	su 1 2073308 3 5022318 1115 70 12 4264 0 0 0 0 93307 6 0 0 13880

[15:46:26]	[Recv]	lev 99 0 99 0 2140719000 5991794 66993052 2 0 90 917705181 0

[15:46:26]	[Recv]	eff 1 2073308 15

[15:46:26]	[Recv]	su 1 2073308 3 5022316 1115 70 12 4264 0 0 0 0 210955 6 0 0 116032

[15:46:26]	[Recv]	lev 99 0 99 0 2140719000 5991794 66993052 2 0 90 917705181 0

[15:46:26]	[Recv]	mslot 1127 -1

[15:46:26]	[Recv]	qset 0 0 1.1.13.0

[15:46:26]	[Recv]	st 3 5022317 99 0 58 100 65006 2828 110907 2828 0 4253.99

[15:46:26]	[Send]	ptctl 5443 1 4988603 35 20 4988603 15
[15:46:26]	[Send]	u_s 13 3 5022317
[15:46:26]	[Recv]	cond 2 4988603 0 0 15

[15:46:26]	[Send]	ptctl 5443 2 4988592 34 21 4988603 35 23 4988592 15
[15:46:26]	[Send]	suctl 5443 1 4988603 3 5022317
[15:46:26]	[Recv]	ms_c 0

[15:46:26]	[Recv]	qslot 0 1.1.1 1.1.2 1.1.3 1.1.4 1.1.5 1.1.6 1.1.7 1.1.9 1.1.8 1.1.10 0.1.45 0.2.21 0.1.76 1.1.38 1.3.12 0.1.34 0.1.87 0.-1.-1 0.1.84 0.1.43 1.3.11 1.1.42 1.1.41 1.3.976 0.-1.-1 0.1.70 0.2.143 0.2.25 0.2.27 0.2.26

[15:46:26]	[Recv]	qslot 1 0.-1.-1 0.-1.-1 0.-1.-1 0.-1.-1 0.-1.-1 0.-1.-1 0.-1.-1 0.-1.-1 0.-1.-1 0.-1.-1 0.1.-1 0.1.-1 1.1.41 1.1.42 0.-1.-1 7.7.-1 7.7.-1 7.7.-1 7.7.-1 0.-1.-1 0.-1.-1 0.-1.-1 0.-1.-1 0.-1.-1 0.-1.-1 0.-1.-1 0.-1.-1 0.-1.-1 0.-1.-1 0.-1.-1

[15:46:26]	[Recv]	ct 1 2073308 3 5022317 -1 -1 1127

[15:46:26]	[Recv]	eff 1 2073308 15

[15:46:26]	[Recv]	su 1 2073308 3 5022317 1127 100 22 4284 0 0 0 0 235065 3 0 0 110907

[15:46:26]	[Recv]	lev 99 0 99 0 2140719000 5991794 66993052 2 0 90 917705181 0

[15:46:26]	[Recv]	cond 2 4988592 0 0 15

[15:46:26]	[Recv]	cond 2 4988603 0 0 15

[15:46:26]	[Send]	u_s 0 3 5022317
[15:46:26]	[Recv]	cancel 0 0 -1

[15:46:26]	[Send]	ptctl 5443 2 4988603 37 28 4988592 38 25 4988603 15
[15:46:26]	[Recv]	cond 1 2073308 0 0 18

[15:46:26]	[Recv]	cond 1 2073308 0 0 18

[15:46:27]	[Recv]	cond 2 4988603 0 0 15

[15:46:27]	[Recv]	cond 2 4988592 0 0 15

[15:46:27]	[Send]	ptctl 5443 2 4988603 39 26 4988592 37 27 4988603 15
[15:46:27]	[Recv]	cond 2 4988603 0 0 15

[15:46:27]	[Recv]	cond 2 4988592 0 0 15

[15:46:27]	[Recv]	st 2 5022311 95 0 100 100 92286 184572 92286 184572 0

[15:46:27]	[Recv]	eff 2 5022311 7739

[15:46:27]	[Send]	ptctl 5443 2 4988603 42 22 4988592 40 23 4988603 15
[15:46:27]	[Recv]	cond 1 2073308 0 0 18

[15:46:27]	[Recv]	cond 1 2073308 0 0 18

[15:46:27]	[Recv]	cond 2 4988603 0 0 15

[15:46:27]	[Recv]	cond 2 4988592 0 0 15

[15:46:27]	[Recv]	st 2 5022310 95 0 100 100 92286 184572 92286 184572 0

[15:46:27]	[Recv]	eff 2 5022310 7739

[15:46:27]	[Recv]	st 2 5022309 95 0 100 100 92286 184572 92286 184572 0

[15:46:27]	[Recv]	eff 2 5022309 7739

[15:46:27]	[Send]	ptctl 5443 2 4988603 39 19 4988592 37 18 4988603 15
[15:46:27]	[Recv]	cond 1 2073308 0 0 18

[15:46:27]	[Recv]	cond 1 2073308 0 0 18

[15:46:27]	[Recv]	cond 2 4988603 0 0 15

[15:46:27]	[Recv]	cond 2 4988592 0 0 15

[15:46:27]	[Send]	ncif 3 5022321
[15:46:28]	[Send]	ptctl 5443 1 4988592 42 18 4988592 15
[15:46:28]	[Send]	u_s 0 3 5022321
[15:46:28]	[Send]	ptctl 5443 1 4988603 39 21 4988603 15
[15:46:28]	[Send]	suctl 5443 1 4988603 3 5022321
[15:46:28]	[Recv]	st 3 5022321 99 0 100 100 110907 2828 110907 2828 0

[15:46:28]	[Recv]	cond 2 4988592 0 0 15

[15:46:28]	[Recv]	cond 1 2073308 0 0 18

[15:46:28]	[Recv]	cond 1 2073308 0 0 18

[15:46:28]	[Recv]	ct 3 5022321 2 4988592 -1 -1 0

[15:46:28]	[Recv]	su 3 5022321 2 4988592 0 10 11 4789 0 0 1 99 258 3 0 57513 57771

[15:46:28]	[Recv]	ct 1 2073308 3 5022321 -1 -1 1114

[15:46:28]	[Recv]	su 1 2073308 3 5022321 1114 7 11 4260 0 0 1 100 0 4 0 110907 110907

[15:46:28]	[Recv]	cond 2 4988603 0 0 15

[15:46:28]	[Send]	ptctl 5443 2 4988603 39 26 4988592 39 25 4988603 15
[15:46:28]	[Recv]	eff 2 4988603 5005

[15:46:28]	[Recv]	sp 414440 1000000 0 10000

[15:46:28]	[Recv]	cond 1 2073308 0 0 18

[15:46:28]	[Recv]	cond 1 2073308 0 0 18

[15:46:28]	[Send]	ptctl 5443 2 4988603 39 27 4988592 39 26 4988603 15
[15:46:28]	[Recv]	cond 2 4988603 0 0 15

[15:46:28]	[Recv]	cond 2 4988592 0 0 15

[15:46:28]	[Recv]	ct 2 4988603 3 5022321 -1 -1 0

[15:46:28]	[Recv]	eff 2 4988603 15

[15:46:28]	[Recv]	su 2 4988603 3 5022321 0 12 11 8360 0 0 1 86 14660 0 0 96247 110907

[15:46:28]	[Recv]	sayi 1 2073308 20 22 3 830 0 0 0

[15:46:28]	[Recv]	bf 1 2073308 0.830.0 99

[15:46:28]	[Recv]	bf 1 2073308 0.941.3000 99

[15:46:28]	[Recv]	sayi 1 2073308 20 26 3 941 0 0 0

[15:46:28]	[Recv]	cond 1 2073308 0 0 18

[15:46:28]	[Recv]	cond 1 2073308 0 0 18

[15:46:28]	[Send]	ncif 3 5022321
[15:46:28]	[Recv]	cond 2 4988603 0 0 15

[15:46:28]	[Recv]	cond 2 4988592 0 0 15

[15:46:29]	[Send]	ptctl 5443 1 4988592 41 19 4988592 15
[15:46:29]	[Recv]	st 3 5022321 99 0 86 100 96247 2828 110907 2828 0

[15:46:29]	[Send]	u_s 4 3 5022321
[15:46:29]	[Recv]	sr 0

[15:46:29]	[Recv]	cond 2 4988592 0 0 15

[15:46:29]	[Recv]	st 2 5022311 95 0 100 100 92286 184572 92286 184572 0

[15:46:29]	[Recv]	cond 1 2073308 0 0 18

[15:46:29]	[Recv]	cond 1 2073308 0 0 18

[15:46:29]	[Recv]	ms_c 0

[15:46:29]	[Recv]	qslot 0 1.1.1 1.1.2 1.1.3 1.1.4 1.1.5 1.1.6 1.1.7 1.1.9 1.1.8 1.1.10 0.1.45 0.2.21 0.1.76 1.1.38 1.3.12 0.1.34 0.1.87 0.-1.-1 0.1.84 0.1.43 1.3.11 1.1.42 1.1.41 1.3.976 0.-1.-1 0.1.70 0.2.143 0.2.25 0.2.27 0.2.26

[15:46:29]	[Recv]	qslot 1 0.-1.-1 0.-1.-1 0.-1.-1 0.-1.-1 0.-1.-1 0.-1.-1 0.-1.-1 0.-1.-1 0.-1.-1 0.-1.-1 0.1.-1 0.1.-1 1.1.41 1.1.42 0.-1.-1 7.7.-1 7.7.-1 7.7.-1 7.7.-1 0.-1.-1 0.-1.-1 0.-1.-1 0.-1.-1 0.-1.-1 0.-1.-1 0.-1.-1 0.-1.-1 0.-1.-1 0.-1.-1 0.-1.-1

[15:46:29]	[Send]	ptctl 5443 1 4988603 39 23 4988603 15
[15:46:29]	[Send]	suctl 5443 1 4988603 3 5022321
[15:46:29]	[Recv]	ct 1 2073308 3 5022321 30 -1 1118

[15:46:29]	[Recv]	eff 1 2073308 212

[15:46:29]	[Recv]	su 1 2073308 3 5022321 1118 150 44 4268 0 0 1 66 22126 3 0 74121 110907

[15:46:29]	[Recv]	cond 2 4988603 0 0 15

[15:46:29]	[Recv]	st 2 5022310 95 0 100 100 92286 184572 92286 184572 0

[15:46:29]	[Recv]	st 2 5022309 95 0 100 100 92286 184572 92286 184572 0

[15:46:29]	[Recv]	eff 2 4988603 5005

[15:46:29]	[Send]	ncif 3 5022321
[15:46:30]	[Recv]	guri 3 1 2073308 38 33 3 2 2 -1 0

[15:46:30]	[Recv]	st 3 5022321 99 0 66 100 74121 2828 110907 2828 0

[15:46:30]	[Send]	ptctl 5443 2 4988603 43 23 4988592 43 23 4988603 15
[15:46:30]	[Recv]	cond 1 2073308 0 0 18

[15:46:30]	[Recv]	cond 1 2073308 0 0 18

[15:46:30]	[Send]	ptctl 5443 1 4988592 43 17 4988592 15
[15:46:30]	[Recv]	cond 2 4988603 0 0 15

[15:46:30]	[Recv]	cond 2 4988592 0 0 15

[15:46:30]	[Recv]	cond 2 4988592 0 0 15

[15:46:30]	[Send]	suctl 5443 1 4988603 3 5022321
[15:46:30]	[Recv]	eff 2 4988603 5005

[15:46:30]	[Send]	ncif 3 5022321
[15:46:31]	[Recv]	st 3 5022321 99 0 66 100 74121 2828 110907 2828 0

[15:46:31]	[Send]	u_s 0 3 5022321
[15:46:31]	[Recv]	ct 2 4988603 3 5022321 -1 -1 0

[15:46:31]	[Recv]	su 2 4988603 3 5022321 0 12 11 8360 0 0 1 59 8643 0 0 65478 110907

[15:46:31]	[Recv]	st 2 5022311 95 0 100 100 92286 184572 92286 184572 0

[15:46:31]	[Send]	suctl 5443 1 4988592 3 5022321
[15:46:31]	[Recv]	ct 1 2073308 3 5022321 -1 -1 1114

[15:46:31]	[Recv]	eff 1 2073308 15

[15:46:31]	[Recv]	su 1 2073308 3 5022321 1114 7 11 4260 0 0 0 0 205972 3 0 0 110907

[15:46:31]	[Recv]	lev 99 0 99 0 2140719000 5991794 66993052 2 0 90 917705181 0

[15:46:31]	[Recv]	bf 1 2073308 0.4126.100 99

[15:46:31]	[Recv]	sayi 1 2073308 20 26 3 4126 0 0 0

[15:46:31]	[Send]	ptctl 5443 2 4988603 43 28 4988592 43 22 4988603 15
[15:46:31]	[Recv]	st 2 5022310 95 0 100 100 92286 184572 92286 184572 0

[15:46:31]	[Recv]	st 2 5022309 95 0 100 100 92286 184572 92286 184572 0

[15:46:31]	[Recv]	cond 1 2073308 0 0 18

[15:46:31]	[Recv]	cond 1 2073308 0 0 18

[15:46:31]	[Recv]	cond 2 4988603 0 0 15

[15:46:31]	[Recv]	cond 2 4988592 0 0 15

[15:46:32]	[Send]	ncif 3 5022315
[15:46:32]	[Recv]	sr 0

[15:46:32]	[Recv]	st 3 5022315 99 0 100 100 110907 2828 110907 2828 0

[15:46:32]	[Send]	ptctl 5443 1 4988603 43 25 4988603 15
[15:46:32]	[Send]	suctl 5443 1 4988603 3 5022315
[15:46:32]	[Send]	u_s 0 3 5022315
[15:46:32]	[Recv]	eff 2 5022311 7739

[15:46:32]	[Recv]	cond 2 4988603 0 0 15

[15:46:32]	[Send]	ptctl 5443 1 4988592 39 24 4988592 15
[15:46:32]	[Recv]	eff 2 4988603 5005

[15:46:32]	[Send]	ptctl 5443 1 4988592 38 26 4988592 15
[15:46:32]	[Recv]	cond 1 2073308 0 0 18

[15:46:32]	[Recv]	cond 1 2073308 0 0 18

[15:46:32]	[Recv]	eff 2 5022310 7739

[15:46:32]	[Recv]	eff 2 5022309 7739

[15:46:32]	[Recv]	ct 1 2073308 3 5022315 -1 -1 1114

[15:46:32]	[Recv]	su 1 2073308 3 5022315 1114 7 11 4260 0 0 1 83 17791 0 0 93116 110907

[15:46:32]	[Recv]	cond 2 4988592 0 0 15

[15:46:32]	[Send]	ptctl 5443 2 4988603 43 30 4988592 41 28 4988603 15
[15:46:32]	[Recv]	ct 2 4988603 3 5022315 -1 -1 0

[15:46:32]	[Recv]	eff 2 4988603 15

[15:46:32]	[Recv]	su 2 4988603 3 5022315 0 12 11 8360 0 0 1 71 14370 0 0 78746 110907

[15:46:32]	[Recv]	cond 2 4988592 0 0 15

[15:46:32]	[Recv]	cond 1 2073308 0 0 18

[15:46:32]	[Recv]	cond 1 2073308 0 0 18

[15:46:32]	[Send]	ptctl 5443 2 4988603 43 31 4988592 41 29 4988603 15
[15:46:33]	[Recv]	ct 3 5022315 2 4988592 -1 -1 0

[15:46:33]	[Recv]	su 3 5022315 2 4988592 0 10 11 4789 0 0 1 99 261 3 0 57252 57771

[15:46:33]	[Recv]	cond 2 4988603 0 0 15

[15:46:33]	[Recv]	cond 2 4988592 0 0 15

[15:46:33]	[Send]	ncif 3 5022315
[15:46:33]	[Recv]	sr 1

[15:46:33]	[Recv]	cond 2 4988603 0 0 15

[15:46:33]	[Recv]	cond 2 4988592 0 0 15

[15:46:33]	[Recv]	st 2 5022311 95 0 100 100 92286 184572 92286 184572 0

[15:46:33]	[Recv]	st 3 5022315 99 0 71 100 78746 2828 110907 2828 0

[15:46:33]	[Send]	ptctl 5443 1 4988592 38 26 4988592 15
[15:46:33]	[Send]	u_s 0 3 5022315
[15:46:33]	[Recv]	sr 0

[15:46:33]	[Recv]	cond 2 4988592 0 0 15

[15:46:33]	[Send]	pulse 6720 0
[15:46:33]	[Send]	ptctl 5443 1 4988603 43 26 4988603 15
[15:46:33]	[Send]	suctl 5443 1 4988603 3 5022315
[15:46:33]	[Recv]	cond 1 2073308 0 0 18

[15:46:33]	[Recv]	cond 1 2073308 0 0 18

[15:46:33]	[Recv]	sp 414430 1000000 0 10000

[15:46:33]	[Recv]	umi 5060.339 5676.-1 5797.-1 13459.-2

[15:46:33]	[Recv]	st 2 5022310 95 0 100 100 92286 184572 92286 184572 0

[15:46:33]	[Recv]	st 2 5022309 95 0 100 100 92286 184572 92286 184572 0

[15:46:33]	[Recv]	ct 1 2073308 3 5022315 -1 -1 1114

[15:46:33]	[Recv]	su 1 2073308 3 5022315 1114 7 11 4260 0 0 1 54 17865 3 0 60881 110907

[15:46:33]	[Recv]	cond 1 2073308 0 0 18

[15:46:33]	[Recv]	bf 1 2073308 0.4254.80 99

[15:46:33]	[Recv]	sayi 1 2073308 20 26 3 4254 0 0 0

[15:46:33]	[Recv]	sayi 1 2073308 20 23 3 4254 0 0 0

[15:46:33]	[Recv]	cond 2 4988603 0 0 15

[15:46:33]	[Send]	ptctl 5443 2 4988603 43 31 4988592 38 31 4988603 15
[15:46:33]	[Recv]	eff 2 4988603 5005

[15:46:34]	[Send]	ptctl 5443 2 4988603 43 32 4988592 38 32 4988603 15
[15:46:34]	[Recv]	cond 1 2073308 0 0 18

[15:46:34]	[Recv]	cond 1 2073308 0 0 18

[15:46:34]	[Send]	ncif 3 5022315
[15:46:34]	[Recv]	cond 2 4988603 0 0 15

[15:46:34]	[Recv]	cond 2 4988592 0 0 15

[15:46:34]	[Recv]	ct 2 4988603 3 5022315 -1 -1 0

[15:46:34]	[Recv]	eff 2 4988603 15

[15:46:34]	[Recv]	su 2 4988603 3 5022315 0 12 11 8360 0 0 1 41 14601 0 0 46280 110907

[15:46:34]	[Recv]	cond 2 4988603 0 0 15

[15:46:34]	[Recv]	cond 2 4988592 0 0 15

[15:46:34]	[Recv]	st 3 5022315 99 0 41 100 46280 2828 110907 2828 0

[15:46:34]	[Send]	ptctl 5443 1 4988592 38 28 4988592 15
[15:46:34]	[Send]	u_s 0 3 5022315
[15:46:34]	[Recv]	sr 0

[15:46:34]	[Recv]	cond 2 4988592 0 0 15

[15:46:34]	[Recv]	cond 1 2073308 0 0 18

[15:46:34]	[Recv]	cond 1 2073308 0 0 18

[15:46:34]	[Send]	suctl 5443 1 4988592 3 5022315
[15:46:34]	[Recv]	ct 1 2073308 3 5022315 -1 -1 1114

[15:46:34]	[Recv]	cond 1 2073308 0 0 19

[15:46:34]	[Recv]	bf 1 2073308 0.1925.80 99

[15:46:34]	[Recv]	eff 1 2073308 0

[15:46:34]	[Recv]	sayi 1 2073308 20 26 3 1925 0 0 0

[15:46:34]	[Recv]	eff_s 1 2073308 7688 0

[15:46:34]	[Recv]	eff 1 2073308 15

[15:46:34]	[Recv]	su 1 2073308 3 5022315 1114 7 11 4260 0 0 0 0 74820 0 0 0 110907

[15:46:34]	[Recv]	lev 99 0 99 0 2140719000 5991794 66993052 2 0 90 917705181 0

[15:46:34]	[Send]	ptctl 5443 1 4988603 43 29 4988603 15
[15:46:34]	[Send]	suctl 5443 1 4988603 3 5022315
[15:46:34]	[Recv]	cond 2 4988603 0 0 15

[15:46:35]	[Send]	ptctl 5443 2 4988603 41 34 4988592 40 33 4988603 15
[15:46:35]	[Recv]	st 2 5022311 95 0 100 100 92286 184572 92286 184572 0

[15:46:35]	[Recv]	cond 1 2073308 0 0 19

[15:46:35]	[Recv]	cond 1 2073308 0 0 19

[15:46:35]	[Recv]	cond 2 4988603 0 0 15

[15:46:35]	[Recv]	cond 2 4988592 0 0 15

[15:46:35]	[Recv]	sr 0

[15:46:35]	[Send]	ncif 3 5022320
[15:46:35]	[Recv]	st 2 5022310 95 0 100 100 92286 184572 92286 184572 0

[15:46:35]	[Recv]	st 2 5022309 95 0 100 100 92286 184572 92286 184572 0

[15:46:35]	[Recv]	st 3 5022320 99 0 100 100 110907 2828 110907 2828 0

[15:46:35]	[Send]	u_s 0 3 5022320
[15:46:35]	[Send]	ptctl 5443 1 4988592 42 33 4988592 15
[15:46:36]	[Recv]	ct 1 2073308 3 5022320 -1 -1 1114

[15:46:36]	[Recv]	eff 1 2073308 15

[15:46:36]	[Recv]	su 1 2073308 3 5022320 1114 7 11 4260 0 0 1 58 46147 3 0 64760 110907

[15:46:36]	[Recv]	cond 2 4988592 0 0 15

[15:46:36]	[Send]	suctl 5443 1 4988603 3 5022320
[15:46:36]	[Recv]	sc_p 170 1548 4988592 96 572 24130477 0 0 1889 2049 1289 19 90 9 975 627 958 627 866 3 90 90 110 80 57252 57771 18100 18100 1 84982200 0 @ 0 0 6 60 1831 1798 0 100

[15:46:36]	[Recv]	eff 2 4988603 5005

[15:46:36]	[Send]	ptctl 5443 2 4988603 40 39 4988592 40 37 4988603 15
[15:46:36]	[Recv]	cond 1 2073308 0 0 19

[15:46:36]	[Recv]	cond 1 2073308 0 0 19

[15:46:36]	[Recv]	cond 2 4988603 0 0 15

[15:46:36]	[Recv]	cond 2 4988592 0 0 15

[15:46:36]	[Recv]	sr 13

[15:46:36]	[Recv]	ct 3 5022320 2 4988592 -1 -1 0

[15:46:36]	[Recv]	su 3 5022320 2 4988592 0 10 11 4789 0 0 1 98 248 0 0 57004 57771

[15:46:36]	[Recv]	ct 2 4988603 3 5022320 -1 -1 0

[15:46:36]	[Recv]	su 2 4988603 3 5022320 0 12 11 8360 0 0 1 50 8609 0 0 56151 110907

[15:46:36]	[Send]	ncif 3 5022320
[15:46:36]	[Send]	ptctl 5443 1 4988592 41 36 4988592 15
[15:46:36]	[Send]	suctl 5443 1 4988592 3 5022320
[15:46:36]	[Recv]	sr 0

[15:46:36]	[Recv]	st 3 5022320 99 0 50 100 56151 2828 110907 2828 0

[15:46:36]	[Recv]	cond 2 4988592 0 0 15

[15:46:36]	[Recv]	eff 2 4988592 5005

[15:46:37]	[Recv]	ct 2 4988592 3 5022320 -1 -1 0

[15:46:37]	[Recv]	su 2 4988592 3 5022320 0 10 11 0 0 0 1 38 13526 0 0 42625 110907

[15:46:37]	[Recv]	st 2 5022311 95 0 100 100 92286 184572 92286 184572 0

[15:46:37]	[Recv]	eff 2 5022311 7739

[15:46:37]	[Send]	ptctl 5443 1 4988603 41 37 4988603 15
[15:46:37]	[Send]	suctl 5443 1 4988603 3 5022320
[15:46:37]	[Recv]	cond 2 4988603 0 0 15

[15:46:37]	[Recv]	st 2 5022310 95 0 100 100 92286 184572 92286 184572 0

[15:46:37]	[Recv]	eff 2 5022310 7739

[15:46:37]	[Recv]	st 2 5022309 95 0 100 100 92286 184572 92286 184572 0

[15:46:37]	[Recv]	eff 2 5022309 7739

[15:46:37]	[Recv]	eff 2 4988603 5005

[15:46:37]	[Send]	ncif 3 5022320
[15:46:37]	[Recv]	st 3 5022320 99 0 38 100 42625 2828 110907 2828 0

[15:46:37]	[Send]	u_s 8 3 5022320
[15:46:37]	[Send]	ptctl 5443 1 4988592 42 35 4988592 15
[15:46:37]	[Recv]	ms_c 0

[15:46:37]	[Recv]	qslot 0 1.1.1 1.1.2 1.1.3 1.1.4 1.1.5 1.1.6 1.1.7 1.1.9 1.1.8 1.1.10 0.1.45 0.2.21 0.1.76 1.1.38 1.3.12 0.1.34 0.1.87 0.-1.-1 0.1.84 0.1.43 1.3.11 1.1.42 1.1.41 1.3.976 0.-1.-1 0.1.70 0.2.143 0.2.25 0.2.27 0.2.26

[15:46:37]	[Recv]	qslot 1 0.-1.-1 0.-1.-1 0.-1.-1 0.-1.-1 0.-1.-1 0.-1.-1 0.-1.-1 0.-1.-1 0.-1.-1 0.-1.-1 0.1.-1 0.1.-1 1.1.41 1.1.42 0.-1.-1 7.7.-1 7.7.-1 7.7.-1 7.7.-1 0.-1.-1 0.-1.-1 0.-1.-1 0.-1.-1 0.-1.-1 0.-1.-1 0.-1.-1 0.-1.-1 0.-1.-1 0.-1.-1 0.-1.-1

[15:46:38]	[Recv]	ct 2 4988603 3 5022320 -1 -1 0

[15:46:38]	[Recv]	su 2 4988603 3 5022320 0 12 11 8360 0 0 1 30 8457 0 0 34168 110907

[15:46:38]	[Recv]	ct 1 2073308 3 5022320 -1 -1 1122

[15:46:38]	[Recv]	cond 2 4988592 0 0 15

[15:46:38]	[Recv]	su 1 2073308 3 5022320 1122 143 41 4268 0 0 1 3 29931 0 0 4237 110907

[15:46:38]	[Recv]	in 3 2371 5022388 43 34 2 100 100 0 0 0 -1 0 0 -1 - 0 -1 0 0 0 0 0 0 0 0 0 0 0 0

[15:46:38]	[Recv]	guri 31 1 2073308 43 34

[15:46:38]	[Recv]	mslot 1125 -1

[15:46:38]	[Recv]	qset 0 8 1.1.11.0

[15:46:38]	[Send]	mtlist 3 3 5022388 2 4988592 2 4988603 
[15:46:38]	[Send]	u_s 11 3 5022320
[15:46:38]	[Send]	suctl 5443 1 4988592 3 5022320
[15:46:38]	[Recv]	ms_c 0

[15:46:38]	[Recv]	qslot 0 1.1.1 1.1.2 1.1.3 1.1.4 1.1.5 1.1.6 1.1.7 1.1.9 1.1.8 1.1.10 0.1.45 0.2.21 0.1.76 1.1.38 1.3.12 0.1.34 0.1.87 0.-1.-1 0.1.84 0.1.43 1.3.11 1.1.42 1.1.41 1.3.976 0.-1.-1 0.1.70 0.2.143 0.2.25 0.2.27 0.2.26

[15:46:38]	[Recv]	qslot 1 0.-1.-1 0.-1.-1 0.-1.-1 0.-1.-1 0.-1.-1 0.-1.-1 0.-1.-1 0.-1.-1 0.-1.-1 0.-1.-1 0.1.-1 0.1.-1 1.1.41 1.1.42 0.-1.-1 7.7.-1 7.7.-1 7.7.-1 7.7.-1 0.-1.-1 0.-1.-1 0.-1.-1 0.-1.-1 0.-1.-1 0.-1.-1 0.-1.-1 0.-1.-1 0.-1.-1 0.-1.-1 0.-1.-1

[15:46:38]	[Recv]	ct 1 2073308 3 5022320 -1 -1 1125

[15:46:38]	[Recv]	cond 1 2073308 0 0 22

[15:46:38]	[Recv]	bf 1 2073308 0.576.20 99

[15:46:38]	[Recv]	sayi 1 2073308 20 26 3 576 0 0 0

[15:46:38]	[Recv]	eff 1 2073308 15

[15:46:38]	[Recv]	su 1 2073308 3 5022320 1125 3 22 4272 0 0 0 0 222685 3 0 0 110907

[15:46:38]	[Recv]	lev 99 0 99 0 2140719000 5991794 66993052 2 0 90 917705181 0

[15:46:38]	[Recv]	eff 1 2073308 15

[15:46:38]	[Recv]	su 1 2073308 3 5022388 1125 3 22 4272 0 0 0 0 362173 6 0 0 25

[15:46:38]	[Recv]	lev 99 0 99 0 2140719000 5991794 66993052 2 0 90 917705181 0

[15:46:38]	[Recv]	mslot 1126 -1

[15:46:38]	[Recv]	qset 0 8 1.1.12.0

[15:46:38]	[Send]	mtlist 3 3 5022388 2 4988592 2 4988603 
[15:46:38]	[Send]	u_s 12 3 5022320
[15:46:38]	[Recv]	sp 414420 1000000 0 10000

[15:46:38]	[Send]	suctl 5443 1 4988603 3 5022320
[15:46:38]	[Recv]	sr 11

[15:46:38]	[Recv]	cancel 0 12 -1

[15:46:38]	[Send]	u_s 0 3 5022320
[15:46:39]	[Recv]	cancel 0 0 -1

[15:46:39]	[Send]	sc_p_cts
[15:46:39]	[Recv]	st 2 5022311 95 0 100 100 92286 184572 92286 184572 0

[15:46:39]	[Recv]	sc_p_stc 19 5

[15:46:39]	[Send]	npinfo 0
[15:46:39]	[Recv]	sc_p 170 1548 4988592 96 572 24130618 0 0 1889 2049 1289 19 90 9 975 627 958 627 866 3 90 90 110 80 57004 57771 18100 18100 1 84982200 0 @ 0 0 6 60 1831 1798 0 100

[15:46:39]	[Recv]	p_clear

[15:46:39]	[Recv]	sc_p 20 3284 4988626 94 3000 9 0 0 929 1177 751 24 100 0 468 556 452 556 389 3 75 75 85 65 34581 34381 5872 5672 0 72875950 0 @ 0 0 4 20 1825 1804 9 500

[15:46:39]	[Recv]	sc_p 12 3203 4988625 1 3000 11 1 0 497 515 274 9 90 0 201 36 202 36 198 3 67 67 77 67 4556 4556 4210 4210 0 15 0 @ 0 0 3 30 1826 1818 0 1080

[15:46:39]	[Recv]	sc_p 89 3150 4988624 1 3000 4 1 0 400 498 240 24 100 0 159 40 164 40 159 2 55 75 65 65 3641 3641 3265 3265 0 15 0 @ 0 0 4 20 1818 1811 11 500

[15:46:39]	[Recv]	sc_p 35 3150 4988623 1 3000 0 1 0 432 530 256 24 100 0 173 40 178 40 173 2 55 75 65 65 3961 3961 3585 3585 0 15 0 @ 0 0 4 22 1825 1811 469 590

[15:46:39]	[Recv]	sc_p 102 3148 4988622 1 3000 0 0 0 86 134 64 29 120 0 29 36 27 36 21 3 50 50 70 40 446 446 150 150 0 15 0 @ 0 0 3 1 0 0 0 90

[15:46:39]	[Recv]	sc_p 112 3128 4988621 1 3000 0 2 0 448 556 70 0 0 0 181 34 184 34 185 2 66 86 56 56 4251 4251 3840 3840 0 15 0 @ 0 0 3 27 1825 1797 73 860

[15:46:39]	[Recv]	sc_p 36 3125 4988620 94 3000 1 1 0 839 1057 1026 14 90 0 423 643 457 643 366 1 64 34 54 54 31365 31365 6461 6461 0 72875950 0 @ 0 0 2 20 1797 1818 0 500

[15:46:39]	[Recv]	sc_p 30 3125 4988619 94 3000 1 1 0 767 985 990 14 90 0 393 643 427 643 336 1 62 32 52 52 30645 30645 5741 5741 0 72875950 0 @ 0 0 2 14 1797 0 75 300

[15:46:39]	[Recv]	sc_p 18 3107 4988618 2 3000 23 0 0 187 217 92 4 70 0 76 36 75 36 65 3 62 82 72 72 1545 1545 1215 1215 0 42 0 @ 0 0 2 10 1811 0 189 210

[15:46:39]	[Recv]	sc_p 77 2731 4988617 1 2973 0 0 0 820 850 450 15 80 0 345 38 350 38 360 4 83 93 73 108 7621 7621 7260 7260 0 15 0 @ 0 15 5 40 1805 1820 3 2130

[15:46:39]	[Recv]	sc_p 4 2714 4988616 1 3000 0 0 0 425 473 215 10 70 0 175 41 174 41 171 2 41 81 26 61 3821 3821 3560 3560 0 15 0 Lusi<3 0 0 3 25 1811 1804 649 740

[15:46:39]	[Recv]	sc_p 0 2709 4988615 94 1792 11595282 1 0 1086 1264 1063 14 240 0 539 627 565 627 516 0 32 32 32 32 28975 28975 12890 12890 0 72875950 0 @ 0 8 4 28 1818 1825 201 930

[15:46:39]	[Recv]	sc_p 6 2708 4988614 94 2981 150447 0 1 908 1116 696 14 90 4 460 550 428 550 375 3 65 65 75 55 38913 38913 5790 5790 0 72875950 0 Oso^polar^Grunidos 0 6 3 20 1797 1818 11 500

[15:46:39]	[Recv]	sc_p 14 2704 4988613 49 3000 475614 1 0 824 930 689 14 240 0 380 357 398 357 369 0 32 32 32 32 11716 11716 6819 6819 0 524035 0 Ardilla^de^la^suert 0 0 3 30 1825 1812 0 1080

[15:46:39]	[Recv]	sc_p 28 2701 4988612 94 3000 1 1 0 982 1140 958 8 200 0 493 564 507 564 423 1 17 7 17 17 25038 25038 6240 6240 0 72875950 0 @ 0 0 3 30 1825 1812 0 1080

[15:46:39]	[Recv]	sc_p 41 2697 4988611 94 3000 1 2 5 953 1141 70 0 0 6 463 560 468 560 450 4 36 26 6 94 25901 25901 12756 12756 0 72875950 0 @ 0 0 3 25 1825 1804 505 740

[15:46:39]	[Recv]	sc_p 16 2696 4988610 94 3000 1 0 0 1036 1216 757 15 170 0 507 542 489 542 447 4 27 37 7 95 33065 33065 8256 8256 0 72875950 0 @ 0 0 3 30 1811 1805 0 1080

[15:46:39]	[Recv]	sc_p 2 2696 4988609 94 3000 1 0 0 1036 1216 757 15 170 0 507 542 489 542 447 4 27 37 7 95 33065 33065 8256 8256 0 72875950 0 @ 0 0 3 30 1804 1812 0 1080

[15:46:39]	[Recv]	sc_p 34 2684 4988608 94 3000 1 1 0 1050 1223 1048 4 70 0 487 619 524 619 483 2 77 87 67 67 26551 26551 15375 15375 0 72875950 0 @ 0 0 3 30 1812 1804 0 1080

[15:46:39]	[Recv]	sc_p 113 2683 4988607 1 3000 0 1 0 540 563 250 4 70 0 197 34 199 34 197 3 67 77 87 67 4521 4521 4260 4260 0 15 0 @ 0 0 3 30 1798 1804 0 1080

[15:46:39]	[Recv]	sc_p 42 2682 4988606 94 3000 1 0 0 1048 1246 711 6 80 0 522 504 469 504 427 4 67 57 47 77 40463 40463 6240 6240 0 72875950 0 @ 0 0 3 30 1826 1804 0 1080

[15:46:39]	[Recv]	sc_p 40 2682 4988605 94 3000 1 0 0 1048 1246 711 6 80 0 522 504 469 504 427 4 67 57 47 77 40463 40463 6240 6240 0 72875950 0 @ 0 0 3 30 1819 1811 0 1080

[15:46:39]	[Recv]	sc_p 111 2681 4988604 1 3000 0 0 0 500 548 246 6 80 0 204 39 204 39 201 1 77 47 57 77 4571 4571 4260 4260 0 15 0 @ 0 0 3 30 1797 1805 0 1080

[15:46:39]	[Recv]	sc_n 6 2673 4988603 94 1000 181725946 4779.5.0 4780.5.0 4931.0.6 4933.0.6 0 0 2 0 1143 1274 70 0 0 0 835 860 950 860 1124 4 94 97 94 104 19451 19451 22260 22260 1 291503800 @ 3206 0 8718.100 1880.7 1881.7 1882.7 2723 0 2

[15:46:39]	[Recv]	sc_n 4 2640 4988602 94 1000 473672 991.2.4 996.0.10 317.0.5 321.0.5 0 0 1 4 566 686 820 9 160 10 201 555 264 555 248 1 0 0 96 0 17310 17310 10544 10544 0 291503800 @ -1 0 4812.100 1318.3 1319.3 1320.7 0 3 0

[15:46:39]	[Recv]	sc_n 5 2618 4988601 99 1000 428143800 -1 -1 -1 -1 0 0 0 0 235 235 147 0 0 0 117 147 73 147 58 2 0 0 0 0 29396 29396 3805 3805 0 428143800 @ -1 0 -1 -1 -1 -1 0 0

[15:46:39]	[Recv]	sc_p 26 2123 4988600 40 3000 1910 2 0 558 670 70 0 70 0 260 232 252 232 253 4 45 55 35 65 8136 8136 4940 4940 0 161059 0 @ 0 0 3 20 1804 1797 9 500

[15:46:39]	[Recv]	sc_p 38 2120 4988599 9 3000 645 0 0 753 825 416 14 90 0 344 88 332 88 322 3 39 69 89 59 7295 7295 6435 6435 0 1155 0 @ 0 0 4 39 1813 1804 1369 1990

[15:46:39]	[Recv]	sc_p 43 2107 4988598 4 3000 6 0 0 501 555 255 10 70 0 206 49 207 49 204 1 77 27 47 57 4621 4621 4287 4287 0 165 0 @ 0 0 3 30 1797 1805 0 1080

[15:46:39]	[Recv]	sc_p 155 2106 4988597 1 3000 0 0 0 48 64 30 4 70 0 24 39 22 39 22 1 40 40 40 40 281 281 60 60 0 15 0 @ 0 0 2 0 0 0 0 1

[15:46:39]	[Recv]	sc_p 5 2105 4988596 94 3000 1 0 2 995 1197 750 4 80 4 522 581 495 581 498 1 86 66 66 76 42011 42011 19030 19030 0 72875950 1 Inferno 0 0 5 20 1797 1825 0 500

[15:46:39]	[Recv]	sc_p 169 1551 4988595 1 3000 0 0 0 130 188 130 18 150 0 22 74 24 74 19 2 60 80 70 70 441 441 70 70 0 15 0 @ 0 0 4 0 0 0 0 1

[15:46:39]	[Recv]	sc_p 162 1550 4988594 1 3000 0 0 0 82 100 37 10 100 0 21 36 22 36 18 3 50 60 80 70 356 356 10 10 0 15 0 @ 0 0 3 0 0 0 0 1

[15:46:39]	[Recv]	sc_p 161 1549 4988593 1 3000 0 0 0 146 194 88 18 150 0 34 45 28 45 34 3 70 70 80 60 381 381 225 225 0 15 0 @ 0 0 4 1 0 0 39 90

[15:46:39]	[Recv]	sc_p 170 1548 4988592 96 572 24130618 0 0 1889 2049 1289 19 90 9 975 627 958 627 866 3 90 90 110 80 57004 57771 18100 18100 1 84982200 0 @ 0 0 6 60 1831 1798 0 100

[15:46:39]	[Recv]	sc_p 126 1547 4988591 1 3000 0 0 0 80 108 60 14 90 0 20 39 21 39 22 3 30 30 50 20 321 321 60 60 0 15 0 @ 0 0 3 0 0 0 0 1

[15:46:39]	[Recv]	sc_p 74 1538 4988590 1 2974 0 0 0 1330 1388 730 18 150 0 622 74 624 74 619 2 90 110 100 100 15441 15441 15070 15070 0 15 0 @ 0 16 6 60 1819 1831 0 100

[15:46:39]	[Recv]	sc_p 71 1508 4988589 1 3000 0 1 0 110 153 49 10 100 0 29 34 29 34 28 4 60 60 60 60 401 401 240 240 0 15 0 @ 0 0 5 1 0 0 0 90

[15:46:39]	[Recv]	sc_p 56 1507 4988588 1 3000 1 1 0 110 153 49 10 100 0 29 34 29 34 28 3 60 60 60 60 401 401 240 240 0 15 0 @ 0 0 5 1 0 0 0 90

[15:46:39]	[Recv]	sc_p 70 1506 4988587 1 3000 0 1 0 110 153 49 10 100 0 29 34 29 34 28 1 60 60 60 60 401 401 240 240 0 15 0 @ 0 0 5 1 0 0 0 90

[15:46:39]	[Recv]	sc_p 57 1505 4988586 1 3000 0 1 0 650 693 319 10 100 0 269 34 269 34 268 2 70 70 70 70 5801 5801 5640 5640 0 15 0 @ 0 0 5 31 1819 1825 1022 1160

[15:46:39]	[Recv]	sc_p 101 1488 4988585 99 3000 107035950 0 0 667 853 599 19 95 8 356 580 328 580 269 3 50 60 80 50 39675 39675 3270 3270 0 107035950 0 @ 0 0 6 0 0 0 0 1

[15:46:39]	[Recv]	sc_p 105 1477 4988584 1 3000 0 0 0 303 371 180 5 90 0 116 39 121 39 132 2 34 64 54 54 2736 2736 3130 3130 0 15 0 @ 0 0 2 20 1811 1825 0 500

[15:46:39]	[Recv]	sc_p 47 1470 4988583 95 3000 15358514 0 0 1432 1624 1011 19 95 0 660 676 671 676 575 3 60 50 80 60 52179 52179 11980 11980 0 78866350 0 @ 0 0 4 40 1814 1804 0 2130

[15:46:39]	[Recv]	sc_p 45 1470 4988582 94 3000 11056410 0 0 1298 1488 940 19 95 0 599 669 610 669 515 3 58 48 78 58 50002 50002 10551 10551 0 72875950 0 @ 0 0 4 32 1826 1804 709 1240

[15:46:39]	[Recv]	sc_p 79 1456 4988581 1 3000 0 1 0 623 703 280 19 110 0 208 42 219 42 222 1 76 46 56 56 4700 4700 4725 4725 0 15 0 @ 0 0 4 25 1825 1797 311 740

[15:46:39]	[Recv]	sc_p 25 1446 4988580 94 3000 1 2 0 982 1230 70 34 100 0 456 552 496 552 498 2 27 87 67 57 14126 14126 16458 16458 0 72875950 0 @ 0 0 3 30 1798 1811 0 1080

[15:46:39]	[Recv]	sc_p 11 1384 4988579 94 3000 1 2 0 895 1063 70 4 70 0 445 499 383 499 421 0 54 44 24 74 40861 40861 15560 15560 0 72875950 0 @ 0 0 2 20 1825 1797 0 500

[15:46:39]	[Recv]	sc_p 37 997 4988578 6 3000 123 0 0 401 469 211 14 120 0 160 67 161 67 155 2 30 55 50 43 3466 3466 2908 2908 0 420 0 @ 0 0 3 20 1797 1825 11 500

[15:46:39]	[Recv]	sc_p 23 846 4988577 1 3000 0 0 0 424 482 237 5 160 0 143 54 145 54 143 1 85 50 60 65 3161 3161 3000 3000 0 15 0 @ 0 0 3 21 1797 1825 221 540

[15:46:39]	[Recv]	sc_p 163 844 4988576 1 3000 0 2 0 140 168 70 0 0 0 17 34 19 34 17 3 60 50 80 50 271 271 60 60 0 15 0 @ 0 0 2 0 0 0 0 1

[15:46:39]	[Recv]	sc_p 19 844 4988575 1 3000 0 2 0 380 408 70 0 0 0 117 34 119 34 117 3 64 54 84 54 2671 2671 2460 2460 0 15 0 @ 0 0 2 20 1825 1818 0 500

[15:46:39]	[Recv]	sc_p 46 841 4988574 1 3000 0 2 0 380 408 70 0 0 0 117 34 119 34 117 4 54 64 54 84 2671 2671 2460 2460 0 15 0 @ 0 0 2 20 1804 1811 0 500

[15:46:39]	[Recv]	sc_p 78 840 4988573 1 2980 0 0 0 423 456 224 5 70 0 203 35 215 35 188 2 6 10 8 7 2010 4021 3740 3740 0 15 0 @ 0 14 4 23 1811 1797 629 630

[15:46:39]	[Recv]	sc_p 73 838 4988572 1 3000 0 2 0 350 377 70 4 70 0 117 34 119 34 117 2 54 84 64 54 2641 2641 2460 2460 0 15 0 @ 0 0 2 20 1804 1811 0 500

[15:46:39]	[Recv]	sc_p 55 838 4988571 5 3000 45 2 0 410 445 70 4 70 0 149 58 152 58 149 2 55 85 65 55 3205 3205 2942 2942 0 273 0 @ 0 0 3 20 1825 1811 0 500

[15:46:39]	[Recv]	sc_p 171 836 4988570 94 340 7233064 0 0 655 819 624 8 80 0 357 619 363 619 314 3 60 70 80 60 43895 43895 8410 8410 0 72875950 0 @ 0 0 3 0 0 0 0 1

[15:46:39]	[Recv]	sc_p 168 830 4988569 1 3000 0 0 0 45 58 30 4 70 0 24 39 23 39 21 3 40 40 40 40 371 371 60 60 0 15 0 @ 0 0 2 0 0 0 0 1

[15:46:39]	[Recv]	sc_p 17 823 4988568 1 3000 0 0 0 116 134 57 7 80 0 50 41 52 41 50 1 80 60 60 70 631 631 420 420 0 15 0 Sombro 0 0 2 3 0 0 23 110

[15:46:39]	[Recv]	sc_n 3 822 4988567 94 1000 1 991.1.5 -1 -1 -1 0 0 1 5 562 682 806 9 160 0 93 223 111 223 84 2 0 0 0 0 18613 18613 7605 7605 0 291503800 @ -1 0 -1 -1 -1 -1 0 4

[15:46:39]	[Recv]	sc_p 60 821 4988566 1 3000 0 0 0 286 298 160 10 100 0 117 34 119 34 117 0 6 6 6 6 2771 2771 2460 2460 0 15 0 @ 0 0 2 20 1811 1818 0 500

[15:46:39]	[Recv]	sc_p 106 816 4988565 1 3000 0 0 0 280 300 150 4 70 0 121 39 126 39 121 3 44 44 44 44 2720 2720 2460 2460 0 15 0 @ 0 0 2 20 1818 1825 0 500

[15:46:39]	[Recv]	sc_p 10 815 4988564 1 3000 0 0 0 322 368 165 15 200 0 140 42 128 42 126 1 84 64 64 74 3071 3071 2460 2460 0 15 0 @ 0 0 2 20 1818 1825 0 500

[15:46:39]	[Recv]	sc_p 107 813 4988563 1 3000 0 0 0 104 124 42 5 80 0 41 44 39 44 32 3 60 70 80 60 861 861 300 300 0 15 0 @ 0 0 2 2 0 0 17 100

[15:46:39]	[Recv]	sc_p 59 808 4988562 94 3000 325397 2 0 1222 1390 70 0 0 0 619 554 612 554 603 2 80 90 70 70 37461 37461 17575 17575 0 72875950 0 @ 0 0 4 40 1797 1828 0 2130

[15:46:39]	[Recv]	sc_p 99 806 4988561 1 3000 0 0 0 980 1058 510 24 110 0 420 43 424 43 420 2 76 96 66 66 9481 9481 9060 9060 0 15 0 @ 0 0 5 50 1813 1800 0 3820

[15:46:39]	[Recv]	sc_p 125 803 4988560 1 3000 0 0 0 30 60 30 10 100 0 17 34 19 34 17 3 70 50 70 50 460 460 60 60 0 15 0 @ 0 0 4 0 0 0 0 1

[15:46:39]	[Recv]	sc_p 44 801 4988559 1 3000 0 0 0 56 59 39 14 90 0 54 41 43 41 29 3 5 2 10 15 296 296 150 150 0 15 0 @ 0 0 3 1 0 0 0 90

[15:46:39]	[Recv]	sc_p 31 784 4988558 94 3000 2618 2 0 861 1099 70 4 70 0 483 499 464 499 426 1 77 42 57 57 24758 24758 6240 6240 0 72875950 0 @ 0 0 3 30 1798 1811 0 1080

[15:46:39]	[Recv]	sc_p 118 779 4988557 4 3000 146 2 0 549 612 70 4 70 0 206 49 208 49 205 3 42 42 67 -18 4535 4535 4278 4278 0 165 0 @ 0 0 3 30 1825 1819 0 1080

[15:46:39]	[Recv]	sc_p 119 778 4988556 1 3000 0 2 0 198 255 70 4 70 0 50 35 52 35 48 3 46 46 71 -16 1041 1041 760 760 0 15 0 @ 0 0 3 5 0 0 47 130

[15:46:39]	[Recv]	sc_p 22 769 4988555 1 3000 0 0 0 550 570 265 15 180 0 212 35 217 35 193 0 27 27 27 27 4550 4550 4260 4260 0 15 0 @ 0 0 3 30 1804 1812 0 1080

[15:46:39]	[Recv]	sc_p 32 762 4988554 94 3000 1 0 0 856 1050 620 5 60 0 437 495 387 495 346 4 74 44 44 74 35737 35737 4440 4440 0 72875950 0 @ 0 0 2 20 1818 1804 0 500

[15:46:39]	[Recv]	sc_p 67 755 4988553 47 3000 0 0 0 849 931 769 2 26 1 410 261 421 261 403 3 41 41 41 41 35305 35305 6975 6975 0 430916 0 @ 0 0 4 39 1820 1804 260 1990

[15:46:39]	[Recv]	sc_p 69 754 4988552 53 2979 0 0 0 542 634 617 9 165 0 263 301 280 301 250 2 38 38 38 38 41888 41888 3307 3307 0 733605 0 @ 0 10 2 20 1825 1797 0 500

[15:46:39]	[Recv]	sc_p 13 752 4988551 1 3000 0 0 0 280 303 154 2 60 0 125 34 124 34 122 1 59 39 44 44 2850 2850 2460 2460 0 15 0 Ardilla^toro 0 0 2 20 1797 1811 0 500

[15:46:39]	[Recv]	sc_p 66 728 4988550 35 3000 0 0 0 552 616 396 8 142 0 268 201 276 201 261 3 30 30 33 18 30143 30143 4224 4224 0 93516 0 @ 0 0 3 27 1818 1825 490 860

[15:46:39]	[Recv]	sc_p 100 714 4988549 1 3000 0 0 0 790 853 410 22 90 0 341 39 343 39 339 3 63 63 93 73 7681 7681 7260 7260 0 15 0 @ 0 0 5 40 1805 1827 9 2130

[15:46:39]	[Recv]	sc_p 39 692 4988548 7 3000 60 0 0 319 354 186 4 70 0 135 71 136 71 131 4 34 34 49 49 2991 2991 2508 2508 0 612 0 @ 0 0 2 20 1804 1811 0 500

[15:46:39]	[Recv]	sc_p 29 682 4988547 2 3000 0 0 0 537 567 250 2 60 0 206 38 205 38 200 2 57 57 57 57 4545 4545 4265 4265 0 42 0 @ 0 0 3 30 1826 1804 0 1080

[15:46:39]	[Recv]	sc_p 108 673 4988546 1 3000 0 2 0 224 242 70 4 70 0 96 31 95 31 93 3 23 23 53 23 2126 2126 1830 1830 0 15 0 @ 0 0 3 13 1797 0 213 270

[15:46:39]	[Recv]	sc_p 21 671 4988545 94 3000 163 2 0 1002 1210 70 16 170 0 498 501 470 501 496 1 67 27 37 57 29288 29288 16458 16458 0 72875950 0 @ 0 0 3 30 1819 1797 0 1080

[15:46:39]	[Recv]	sc_p 7 670 4988544 97 2989 19789695 2 2 1093 1265 70 4 70 8 559 604 523 604 576 2 67 87 77 67 50845 50845 31831 31831 0 92185200 1 Fibi^Friggus 0 5 3 30 1798 1825 0 1080

[15:46:39]	[Recv]	sc_p 83 669 4988543 1 2980 0 2 0 144 201 70 4 70 0 27 35 29 35 25 3 60 50 80 50 501 501 220 220 0 15 0 @ 0 19 4 1 0 0 0 90

[15:46:39]	[Recv]	sc_p 68 668 4988542 52 2980 0 0 0 952 1077 502 6 120 0 329 286 343 286 322 0 37 37 37 37 16600 16600 5077 5077 0 678201 0 @ 0 9 3 30 1826 1818 0 1080

[15:46:39]	[Recv]	sc_p 84 667 4988541 1 3000 0 2 0 144 201 70 4 70 0 27 35 29 35 25 3 60 50 80 50 501 501 220 220 0 15 0 @ 0 0 4 1 0 0 0 90

[15:46:39]	[Recv]	sc_p 85 644 4988540 1 3000 0 2 0 144 201 70 4 70 0 27 35 29 35 25 3 60 50 80 50 501 501 220 220 0 15 0 @ 0 0 4 1 0 0 0 90

[15:46:39]	[Recv]	sc_p 86 643 4988539 1 2981 0 2 0 144 201 70 4 70 0 27 35 29 35 25 3 60 50 80 50 250 501 220 220 0 15 0 @ 0 20 4 1 0 0 0 90

[15:46:39]	[Recv]	sc_p 87 642 4988538 1 3000 0 2 0 144 201 70 4 70 0 27 35 29 35 25 3 60 50 80 50 501 501 220 220 0 15 0 @ 0 0 4 1 0 0 0 90

[15:46:39]	[Recv]	sc_p 88 641 4988537 1 3000 0 2 0 144 201 70 4 70 0 27 35 29 35 25 3 60 50 80 50 501 501 220 220 0 15 0 @ 0 0 4 1 0 0 0 90

[15:46:39]	[Recv]	sc_p 82 640 4988536 1 3000 0 2 0 144 201 70 4 70 0 27 35 29 35 25 3 60 50 80 50 501 501 220 220 0 15 0 @ 0 0 4 1 0 0 0 90

[15:46:39]	[Recv]	sc_p 81 639 4988535 1 2980 0 2 0 144 201 70 4 70 0 27 35 29 35 25 3 60 50 80 50 250 501 220 220 0 15 0 @ 0 18 4 1 0 0 0 90

[15:46:39]	[Recv]	sc_p 80 638 4988534 1 2985 0 2 0 144 201 70 4 70 0 27 35 29 35 25 3 60 50 80 50 250 501 220 220 0 15 0 @ 0 17 4 1 0 0 0 90

[15:46:39]	[Recv]	sc_p 165 632 4988533 1 3000 0 0 0 50 68 30 4 70 0 17 34 19 34 17 3 70 70 70 70 271 271 60 60 0 15 0 @ 0 0 2 0 0 0 0 1

[15:46:39]	[Recv]	sc_p 127 632 4988532 1 3000 0 0 0 50 68 30 4 70 0 17 34 19 34 17 3 70 70 70 70 271 271 60 60 0 15 0 @ 0 0 2 0 0 0 0 1

[15:46:39]	[Recv]	sc_p 128 631 4988531 1 3000 0 0 0 50 68 30 4 70 0 17 34 19 34 17 3 70 70 70 70 271 271 60 60 0 15 0 @ 0 0 2 0 0 0 0 1

[15:46:39]	[Recv]	sc_p 167 616 4988530 1 3000 0 0 0 50 68 30 4 70 0 17 34 19 34 17 3 70 70 70 70 271 271 60 60 0 15 0 @ 0 0 2 0 0 0 0 1

[15:46:39]	[Recv]	sc_p 164 616 4988529 1 3000 0 0 0 50 68 30 4 70 0 17 34 19 34 17 3 70 70 70 70 271 271 60 60 0 15 0 @ 0 0 2 0 0 0 0 1

[15:46:39]	[Recv]	sc_p 129 616 4988528 1 3000 0 0 0 50 68 30 4 70 0 17 34 19 34 17 3 70 70 70 70 271 271 60 60 0 15 0 @ 0 0 2 0 0 0 0 1

[15:46:39]	[Recv]	sc_p 61 616 4988527 1 3000 0 0 0 64 82 37 4 70 0 23 34 25 34 23 3 70 70 70 70 411 411 200 200 0 15 0 @ 0 0 3 1 0 0 0 90

[15:46:39]	[Recv]	sc_p 166 615 4988526 1 3000 0 0 0 50 68 30 4 70 0 17 34 19 34 17 3 70 70 70 70 271 271 60 60 0 15 0 @ 0 0 2 0 0 0 0 1

[15:46:39]	[Recv]	sc_p 15 614 4988525 10 3000 1359 2 0 298 400 70 2 70 0 119 79 119 79 119 1 83 53 53 63 2446 2446 2107 2107 0 1518 0 @ 0 0 2 15 1811 0 171 330

[15:46:39]	[Recv]	sc_p 1 581 4988524 94 3000 1 2 0 681 916 70 4 70 0 379 499 384 499 343 2 24 64 54 54 14615 14615 4440 4440 0 72875950 0 Ardilla^marinera 0 0 2 20 1797 1825 0 500

[15:46:39]	[Recv]	sc_p 8 567 4988523 1 2980 0 1 0 461 468 254 10 150 0 198 31 197 31 193 2 12 12 12 12 4368 4368 4224 4224 0 15 0 Hada^oval 0 7 3 30 1819 1797 0 1080

[15:46:39]	[Recv]	sc_p 64 545 4988522 15 3000 0 0 0 587 644 307 9 120 0 234 101 237 101 228 0 22 22 22 22 16963 16963 4319 4319 0 5256 0 @ 0 0 3 30 1812 1804 0 1080

[15:46:39]	[Recv]	sc_p 65 544 4988521 20 3000 0 0 0 847 926 452 6 140 0 347 126 352 126 341 0 30 30 30 30 23088 23088 6581 6581 0 16146 0 @ 0 0 4 40 1819 1813 0 2130

[15:46:39]	[Recv]	sc_p 109 536 4988520 1 3000 0 0 0 40 40 21 4 70 0 48 57 45 57 37 3 0 0 10 10 590 590 300 300 0 15 0 @ 0 0 3 2 0 0 29 100

[15:46:39]	[Recv]	sc_p 103 535 4988519 1 3000 0 2 0 280 308 70 14 75 0 127 44 129 44 127 2 -6 12 9 8 2621 2621 2460 2460 0 15 0 @ 0 0 2 20 1811 1797 0 500

[15:46:39]	[Recv]	sc_p 63 478 4988518 60 2982 0 0 0 639 803 452 17 150 0 295 341 336 341 287 2 24 36 49 27 21388 21388 3531 3531 0 1371320 0 @ 0 11 2 20 1811 1818 0 500

[15:46:39]	[Recv]	sc_p 104 448 4988517 1 3000 0 0 0 282 285 152 14 90 0 148 41 137 41 123 0 9 14 6 19 2556 2556 2410 2410 0 15 0 @ 0 0 2 20 1818 1804 0 500

[15:46:39]	[Recv]	sc_n 1 417 4988516 99 1000 428143800 -1 -1 -1 -1 0 0 2 0 255 255 0 0 0 0 83 157 78 157 127 2 0 0 0 0 15863 14963 17988 17088 0 428143800 Princesa^Sakura -1 0 -1 -1 -1 -1 0 0

[15:46:39]	[Recv]	sc_p 116 377 4988515 27 3000 0 2 0 371 421 70 4 70 0 185 161 191 161 179 1 54 -16 24 24 3975 3975 2690 2690 0 42564 0 @ 0 0 2 20 1825 1797 0 500

[15:46:39]	[Recv]	sc_p 154 333 4988514 1 3000 0 0 0 132 140 77 4 70 0 58 31 57 31 53 0 2 2 2 2 1156 1156 1010 1010 0 15 0 @ 0 0 1 10 1818 0 0 210

[15:46:39]	[Recv]	sc_p 153 333 4988513 1 3000 0 0 0 132 140 77 4 70 0 58 31 57 31 53 0 2 2 2 2 1156 1156 1010 1010 0 15 0 @ 0 0 1 10 1818 0 0 210

[15:46:39]	[Recv]	sc_p 152 333 4988512 1 3000 0 0 0 132 140 77 4 70 0 58 31 57 31 53 0 2 2 2 2 1156 1156 1010 1010 0 15 0 @ 0 0 1 10 1804 0 0 210

[15:46:39]	[Recv]	sc_p 151 333 4988511 1 3000 0 0 0 132 140 77 4 70 0 58 31 57 31 53 0 2 2 2 2 1156 1156 1010 1010 0 15 0 @ 0 0 1 10 1811 0 0 210

[15:46:39]	[Recv]	sc_p 150 333 4988510 1 3000 0 0 0 132 140 77 4 70 0 58 31 57 31 53 0 2 2 2 2 1156 1156 1010 1010 0 15 0 @ 0 0 1 10 1818 0 0 210

[15:46:39]	[Recv]	sc_p 149 333 4988509 1 3000 0 0 0 132 140 77 4 70 0 58 31 57 31 53 0 2 2 2 2 1156 1156 1010 1010 0 15 0 @ 0 0 1 10 1804 0 0 210

[15:46:39]	[Recv]	sc_p 148 333 4988508 1 3000 0 0 0 132 140 77 4 70 0 58 31 57 31 53 0 2 2 2 2 1156 1156 1010 1010 0 15 0 @ 0 0 1 10 1811 0 0 210

[15:46:39]	[Recv]	sc_p 147 333 4988507 1 3000 0 0 0 132 140 77 4 70 0 58 31 57 31 53 0 2 2 2 2 1156 1156 1010 1010 0 15 0 @ 0 0 1 10 1825 0 0 210

[15:46:39]	[Recv]	sc_p 146 333 4988506 1 3000 0 0 0 132 140 77 4 70 0 58 31 57 31 53 0 2 2 2 2 1156 1156 1010 1010 0 15 0 @ 0 0 1 10 1797 0 0 210

[15:46:39]	[Recv]	sc_p 145 333 4988505 1 3000 0 0 0 132 140 77 4 70 0 58 31 57 31 53 0 2 2 2 2 1156 1156 1010 1010 0 15 0 @ 0 0 1 10 1825 0 0 210

[15:46:39]	[Recv]	sc_p 144 333 4988504 1 3000 0 0 0 132 140 77 4 70 0 58 31 57 31 53 0 2 2 2 2 1156 1156 1010 1010 0 15 0 @ 0 0 1 10 1825 0 0 210

[15:46:39]	[Recv]	sc_p 143 333 4988503 1 3000 0 0 0 132 140 77 4 70 0 58 31 57 31 53 0 2 2 2 2 1156 1156 1010 1010 0 15 0 @ 0 0 1 10 1818 0 0 210

[15:46:39]	[Recv]	sc_p 142 333 4988502 1 3000 0 0 0 132 140 77 4 70 0 58 31 57 31 53 0 2 2 2 2 1156 1156 1010 1010 0 15 0 @ 0 0 1 10 1818 0 0 210

[15:46:39]	[Recv]	sc_p 141 333 4988501 1 3000 0 0 0 132 140 77 4 70 0 58 31 57 31 53 0 2 2 2 2 1156 1156 1010 1010 0 15 0 @ 0 0 1 10 1818 0 0 210

[15:46:39]	[Recv]	sc_p 140 333 4988500 1 3000 0 0 0 132 140 77 4 70 0 58 31 57 31 53 0 2 2 2 2 1156 1156 1010 1010 0 15 0 @ 0 0 1 10 1818 0 0 210

[15:46:39]	[Recv]	sc_p 139 333 4988499 1 3000 0 0 0 132 140 77 4 70 0 58 31 57 31 53 0 2 2 2 2 1156 1156 1010 1010 0 15 0 @ 0 0 1 10 1804 0 0 210

[15:46:39]	[Recv]	sc_p 138 333 4988498 1 3000 0 0 0 132 140 77 4 70 0 58 31 57 31 53 0 2 2 2 2 1156 1156 1010 1010 0 15 0 @ 0 0 1 10 1811 0 0 210

[15:46:39]	[Recv]	sc_p 137 333 4988497 1 3000 0 0 0 132 140 77 4 70 0 58 31 57 31 53 0 2 2 2 2 1156 1156 1010 1010 0 15 0 @ 0 0 1 10 1811 0 0 210

[15:46:39]	[Recv]	sc_p 136 333 4988496 1 3000 0 0 0 132 140 77 4 70 0 58 31 57 31 53 0 2 2 2 2 1156 1156 1010 1010 0 15 0 @ 0 0 1 10 1804 0 0 210

[15:46:39]	[Recv]	sc_p 135 333 4988495 1 3000 0 0 0 132 140 77 4 70 0 58 31 57 31 53 0 2 2 2 2 1156 1156 1010 1010 0 15 0 @ 0 0 1 10 1818 0 0 210

[15:46:39]	[Recv]	sc_p 134 333 4988494 1 3000 0 0 0 132 140 77 4 70 0 58 31 57 31 53 0 2 2 2 2 1156 1156 1010 1010 0 15 0 @ 0 0 1 10 1804 0 0 210

[15:46:39]	[Recv]	sc_p 133 333 4988493 1 3000 0 0 0 132 140 77 4 70 0 58 31 57 31 53 0 2 2 2 2 1156 1156 1010 1010 0 15 0 @ 0 0 1 10 1804 0 0 210

[15:46:39]	[Recv]	sc_p 132 333 4988492 1 3000 0 0 0 132 140 77 4 70 0 58 31 57 31 53 0 2 2 2 2 1156 1156 1010 1010 0 15 0 @ 0 0 1 10 1825 0 0 210

[15:46:39]	[Recv]	sc_p 131 333 4988491 1 3000 0 0 0 132 140 77 4 70 0 58 31 57 31 53 0 2 2 2 2 1156 1156 1010 1010 0 15 0 @ 0 0 1 10 1825 0 0 210

[15:46:39]	[Recv]	sc_p 130 333 4988490 1 3000 0 0 0 132 140 77 4 70 0 58 31 57 31 53 0 2 2 2 2 1156 1156 1010 1010 0 15 0 @ 0 0 1 10 1797 0 0 210

[15:46:39]	[Recv]	sc_p 117 333 4988489 1 3000 0 0 0 312 320 167 4 70 0 138 31 137 31 133 0 5 5 5 5 2956 2956 2810 2810 0 15 0 @ 0 0 3 20 1825 1818 10 500

[15:46:39]	[Recv]	sc_p 75 333 4988488 1 3000 0 0 0 932 940 477 4 70 1 418 31 417 31 413 0 16 16 16 16 9156 9156 9010 9010 0 15 0 @ 0 0 5 50 1802 1825 0 3820

[15:46:39]	[Recv]	sc_n 2 319 4988487 99 1000 398653210 990.4.5 997.5.6 -1 -1 0 0 0 5 661 711 543 10 150 6 592 586 461 586 372 0 5 5 5 5 36931 38176 11281 11281 0 428143800 Kliff 1102 0 4809.100 1299.2 1300.4 1301.7 0 1 0

[15:46:39]	[Recv]	sc_n 0 317 4988486 94 1000 202328 991.2.4 -1 -1 -1 0 0 1 4 558 678 801 9 160 0 88 214 107 214 79 0 0 0 0 0 16921 16921 6757 6757 0 291503800 Bob 1100 0 8239.0 0.0 0.0 0.0 0 2 0

[15:46:39]	[Recv]	sc_p 9 207 4988485 46 3000 0 0 0 690 730 460 2 180 0 353 256 358 256 357 2 -7 28 11 14 7071 7071 6155 6155 0 387140 0 @ 0 0 4 26 1797 1804 670 800

[15:46:39]	[Recv]	sc_p 53 206 4988484 43 3000 21 0 0 1025 1061 615 2 180 0 502 241 503 241 495 2 10 34 19 24 10866 10866 8830 8830 0 266490 0 @ 0 0 5 42 1806 1819 1710 2400

[15:46:39]	[Recv]	sc_p 50 205 4988483 48 3000 0 2 0 295 339 70 15 50 0 174 266 158 266 192 2 43 49 30 12 2900 2900 2509 2509 0 476535 0 @ 0 0 3 1 0 0 0 90

[15:46:39]	[Recv]	sc_p 120 204 4988482 43 3000 0 2 0 567 603 70 0 0 0 298 241 277 241 306 2 45 57 35 20 6111 6111 4772 4772 0 266490 0 @ 0 0 4 20 1804 1825 0 500

[15:46:39]	[Recv]	sc_p 52 203 4988481 47 3000 0 0 0 903 1045 562 6 100 0 404 270 422 270 394 3 16 12 31 15 12010 12010 6655 6655 0 430916 0 @ 0 0 4 37 1797 1813 110 1740

[15:46:39]	[Recv]	sc_p 51 202 4988480 45 3000 0 0 0 307 447 268 6 100 0 141 264 167 264 137 3 4 6 22 6 4898 4898 841 841 0 345169 0 @ 0 0 4 1 0 0 0 90

[15:46:39]	[Recv]	sc_p 121 201 4988479 44 3000 0 0 0 349 397 274 6 130 0 158 246 148 246 149 0 11 8 9 10 6085 6085 1295 1295 0 304965 0 @ 0 0 4 4 0 0 70 120

[15:46:39]	[Recv]	sc_p 90 200 4988478 42 3000 0 0 0 854 898 540 6 130 0 376 248 379 248 375 0 17 19 16 18 9733 9733 6525 6525 0 229706 0 @ 0 0 4 37 1813 1804 1370 1740

[15:46:39]	[Recv]	sc_p 160 181 4988477 55 3000 0 0 0 338 514 302 6 160 0 157 301 161 301 150 3 15 10 30 -10 9613 9613 969 969 0 850664 0 @ 0 0 2 0 0 0 0 1

[15:46:39]	[Recv]	sc_p 159 181 4988476 55 3000 0 0 0 338 514 302 6 160 0 157 301 161 301 150 3 15 10 30 -10 9613 9613 969 969 0 850664 0 @ 0 0 2 0 0 0 0 1

[15:46:39]	[Recv]	sc_p 158 181 4988475 55 3000 0 0 0 338 514 302 6 160 0 157 301 161 301 150 3 15 10 30 -10 9613 9613 969 969 0 850664 0 @ 0 0 2 0 0 0 0 1

[15:46:39]	[Recv]	sc_p 157 181 4988474 55 3000 0 0 0 338 514 302 6 160 0 157 301 161 301 150 3 15 10 30 -10 9613 9613 969 969 0 850664 0 @ 0 0 2 0 0 0 0 1

[15:46:39]	[Recv]	sc_p 156 181 4988473 55 3000 0 0 0 338 514 302 6 160 0 157 301 161 301 150 3 15 10 30 -10 9613 9613 969 969 0 850664 0 @ 0 0 2 0 0 0 0 1

[15:46:39]	[Recv]	sc_p 62 181 4988472 55 2977 0 0 0 578 754 422 6 160 0 257 301 261 301 250 3 19 14 34 -6 9479 12013 3369 3369 0 850664 0 @ 0 12 2 20 1811 1825 0 500

[15:46:39]	[Recv]	sc_p 24 176 4988471 94 3000 1254 0 0 706 864 615 4 70 0 379 499 384 499 343 2 4 4 4 4 14475 14475 4440 4440 0 72875950 0 @ 0 0 2 20 1818 1825 0 500

[15:46:39]	[Recv]	sc_p 3 157 4988470 1 3000 0 0 0 270 308 150 15 170 0 117 34 119 34 117 4 24 24 -16 54 3021 3021 2460 2460 0 15 0 Ardilla^gladiadora 0 0 2 20 1804 1811 0 500

[15:46:39]	[Recv]	sc_p 27 136 4988469 23 3000 12427 0 0 547 603 351 4 70 0 257 145 277 145 266 0 57 57 57 57 5005 5005 4425 4425 0 25680 0 @ 0 0 3 30 1798 1818 0 1080

[15:46:39]	[Recv]	sc_p 97 99 4988468 12 3000 0 1 0 94 131 124 4 70 0 39 94 60 94 48 2 -9 17 0 3 610 610 268 268 0 2457 0 @ 0 0 4 1 0 0 0 90

[15:46:39]	[Recv]	sc_p 95 98 4988467 1 3000 0 1 0 43 51 42 4 70 0 25 31 24 31 20 0 0 0 0 0 316 316 170 170 0 15 0 @ 0 0 4 1 0 0 0 90

[15:46:39]	[Recv]	sc_p 49 97 4988466 3 3000 1 1 0 702 714 381 4 70 0 319 42 319 42 314 0 3 17 12 20 6855 6855 6680 6680 0 90 0 @ 0 0 5 37 1820 1797 60 1740

[15:46:39]	[Recv]	sc_p 115 96 4988465 1 3000 0 1 0 43 51 42 4 70 0 25 31 24 31 20 0 -10 2 0 2 316 316 170 170 0 15 0 @ 0 0 4 1 0 0 0 90

[15:46:39]	[Recv]	sc_p 93 85 4988464 30 3000 0 2 0 178 236 70 0 0 0 85 178 95 178 102 1 17 5 5 6 1856 1856 895 895 0 58776 0 @ 0 0 4 1 0 0 0 90

[15:46:39]	[Recv]	sc_p 92 83 4988463 29 3000 0 2 0 459 513 70 0 0 0 219 171 220 171 219 0 16 17 11 20 5960 5960 3525 3525 0 53010 0 @ 0 0 4 20 1818 1797 0 500

[15:46:39]	[Recv]	sc_p 91 82 4988462 26 3000 0 2 0 168 216 70 0 0 0 64 156 79 156 91 0 12 15 8 12 1091 1091 1008 1008 0 37860 0 @ 0 0 4 1 0 0 0 90

[15:46:39]	[Recv]	sc_p 33 80 4988461 1 3000 0 2 0 40 61 70 0 0 0 -20 31 -11 31 70 4 28 18 -8 30 316 316 250 250 0 15 0 @ 0 0 4 1 0 0 0 90

[15:46:39]	[Recv]	sc_p 72 64 4988460 1 2985 0 0 0 442 475 237 4 100 0 205 31 194 31 193 0 -3 12 12 14 4356 4356 4210 4210 0 15 0 @ 0 13 3 30 1804 1798 0 1080

[15:46:39]	[Recv]	sc_p 110 31 4988459 1 3000 0 0 0 450 464 237 4 80 0 198 31 201 31 193 0 7 7 7 7 4356 4356 4210 4210 0 15 0 @ 0 0 3 30 1805 1811 0 1080

[15:46:39]	[Recv]	sc_p 76 24 4988458 1 3000 0 0 0 656 664 339 4 70 0 291 31 290 31 286 0 9 9 9 9 6396 6396 6250 6250 0 15 0 @ 0 0 4 39 1826 1819 1242 1990

[15:46:39]	[Recv]	sc_p 124 14 4988457 17 3000 0 0 0 699 728 411 2 70 0 337 128 322 128 320 1 26 2 11 22 7176 7176 5902 5902 0 8934 0 @ 0 0 4 36 1797 1806 1036 1630

[15:46:39]	[Recv]	sc_p 123 12 4988456 13 3000 0 0 0 111 134 97 2 70 0 77 93 59 93 66 1 12 -7 0 8 886 886 279 279 0 3045 0 @ 0 0 4 1 0 0 0 90

[15:46:39]	[Recv]	sc_p 96 11 4988455 6 3000 0 0 0 77 83 62 4 70 0 59 58 39 58 32 0 0 0 4 12 496 496 198 198 0 420 0 @ 0 0 4 1 0 0 0 90

[15:46:39]	[Recv]	sc_p 58 10 4988454 1 3000 0 0 0 137 135 77 4 70 0 78 31 57 31 53 0 2 2 4 17 1156 1156 1010 1010 0 15 0 @ 0 0 1 10 1811 0 0 210

[15:46:39]	[Recv]	sc_p 48 10 4988453 1 3000 0 0 0 629 627 323 4 70 0 297 31 276 31 272 0 9 9 11 24 6076 6076 5930 5930 0 15 0 @ 0 0 4 37 1811 1820 1360 1740

[15:46:39]	[Recv]	sc_p 114 9 4988452 1 3000 0 0 0 437 435 227 4 70 0 213 31 192 31 188 0 6 6 9 19 4156 4156 4010 4010 0 15 0 @ 0 0 4 25 1818 1804 80 740

[15:46:39]	[Recv]	sc_p 54 7 4988451 30 3000 0 0 0 1371 1423 786 15 50 0 699 190 707 190 659 3 40 30 50 35 16876 16876 15444 15444 0 58776 0 @ 0 0 6 60 1829 1814 0 100

[15:46:39]	[Recv]	sc_p 98 2 4988450 10 3000 0 0 0 94 118 81 15 50 0 53 77 25 77 42 0 10 0 0 2 811 811 229 229 0 1518 0 @ 0 0 4 1 0 0 0 90

[15:46:39]	[Recv]	sc_p 122 1 4988449 7 3000 0 0 0 424 442 242 15 50 0 190 64 167 64 184 0 17 6 6 8 4003 4003 3685 3685 0 612 0 @ 0 0 3 26 1825 1804 566 800

[15:46:39]	[Recv]	sc_p 94 0 4988448 5 3000 53 0 0 624 640 339 15 50 0 280 55 257 55 275 0 22 9 10 9 5998 5998 5791 5791 0 273 0 @ 0 0 4 36 1799 1811 520 1630

[15:46:39]	[Send]	ptctl 5443 2 4988603 41 42 4988592 42 40 4988603 15
[15:46:39]	[Recv]	st 2 5022310 95 0 100 100 92286 184572 92286 184572 0

[15:46:39]	[Recv]	st 2 5022309 95 0 100 100 92286 184572 92286 184572 0

[15:46:39]	[Recv]	cond 1 2073308 0 0 22

[15:46:39]	[Recv]	cond 1 2073308 0 0 22

[15:46:39]	[Recv]	cond 2 4988603 0 0 15

[15:46:39]	[Recv]	cond 2 4988592 0 0 15

[15:46:40]	[Recv]	cond 1 2073308 0 0 19

[15:46:40]	[Recv]	sayi 1 2073308 20 22 3 576 0 0 0

[15:46:40]	[Recv]	bf 1 2073308 0.576.0 99

[15:46:40]	[Send]	ptctl 5443 2 4988603 40 44 4988592 42 44 4988603 15
[15:46:40]	[Recv]	cond 2 4988603 0 0 15

[15:46:40]	[Recv]	cond 2 4988592 0 0 15

[15:46:41]	[Recv]	st 2 5022311 95 0 100 100 92286 184572 92286 184572 0

[15:46:41]	[Recv]	sayi 1 2073308 20 22 3 4126 0 0 0

[15:46:41]	[Recv]	bf 1 2073308 0.4126.0 99

[15:46:41]	[Send]	wear 13 0
[15:46:41]	[Recv]	st 2 5022310 95 0 100 100 92286 184572 92286 184572 0

[15:46:41]	[Recv]	st 2 5022309 95 0 100 100 92286 184572 92286 184572 0

[15:46:41]	[Recv]	cond 1 2073308 0 0 19

[15:46:41]	[Recv]	sayi 1 2073308 20 22 3 4254 0 0 0

[15:46:41]	[Recv]	bf 1 2073308 0.4254.0 99

[15:46:41]	[Recv]	qnai #wear^13^0^1 1179 2 4051 0

[15:46:42]	[Recv]	eff 2 5022311 7739

[15:46:42]	[Send]	#wear^13^0^1
[15:46:42]	[Recv]	cond 1 2073308 0 0 19

[15:46:42]	[Recv]	cond 1 2073308 0 0 19

[15:46:42]	[Recv]	cond 1 2073308 0 0 17

[15:46:42]	[Recv]	pairy 1 2073308 4 2 93 50

[15:46:42]	[Recv]	pairy 1 2073308 4 2 90 50

[15:46:42]	[Recv]	pairy 1 2073308 4 2 87 50

[15:46:42]	[Recv]	cond 1 2073308 0 0 17

[15:46:42]	[Recv]	cond 1 2073308 0 0 16

[15:46:42]	[Recv]	cond 1 2073308 0 0 16

[15:46:42]	[Recv]	cond 1 2073308 0 0 16

[15:46:42]	[Recv]	cond 1 2073308 0 0 16

[15:46:42]	[Recv]	cond 1 2073308 0 0 15

[15:46:42]	[Recv]	eff 1 2073308 39

[15:46:42]	[Recv]	cond 1 2073308 0 0 15

[15:46:42]	[Recv]	cond 1 2073308 0 0 15

[15:46:42]	[Recv]	cond 1 2073308 0 0 15

[15:46:42]	[Recv]	cond 1 2073308 0 0 15

[15:46:42]	[Recv]	cond 1 2073308 0 0 17

[15:46:42]	[Recv]	pairy 1 2073308 4 2 91 50

[15:46:42]	[Recv]	pairy 1 2073308 4 2 94 50

[15:46:42]	[Recv]	pairy 1 2073308 4 2 97 50

[15:46:42]	[Recv]	cond 1 2073308 0 0 18

[15:46:42]	[Recv]	bf 1 2073308 0.62.0 99

[15:46:42]	[Recv]	cond 1 2073308 0 0 19

[15:46:42]	[Recv]	cond 1 2073308 0 0 19

[15:46:42]	[Recv]	cond 1 2073308 0 0 19

[15:46:42]	[Recv]	cond 1 2073308 0 0 19

[15:46:42]	[Recv]	cond 1 2073308 0 0 20

[15:46:42]	[Recv]	pairy 1 2073308 4 2 97 50

[15:46:42]	[Recv]	cond 1 2073308 0 0 20

[15:46:42]	[Recv]	sc 1 9 4122 4394 2315 36 415 0 0 3852 4012 2177 40 577 9 2346 2003 2339 2003 2197 195 189 180 176

[15:46:42]	[Recv]	pairy 1 2073308 4 2 97 50

[15:46:42]	[Recv]	cond 1 2073308 0 0 20

[15:46:42]	[Recv]	equip 95 87 0.8630.5.9.0.11.84 1.8646.7.8.0.8.82 2.8689.0.0.0.0.0 3.8654.0.5.0.0.0 4.8656.0.5.0.0.0 5.8638.2.0.0.0.83 6.4657.0.0.0.0.0 7.4653.0.0.0.0.0 8.4647.0.0.0.0.0 9.8687.0.0.0.0.0 10.4710.8.0.0.0.0 11.4051.0.0.0.0.0 12.4498.0.20.100.0.0 13.8757.0.0.0.0.0 14.8785.0.0.0.0.0 15.8701.0.0.0.0.0 16.8787.0.0.0.0.0 17.8720.0.0.0.0.0

[15:46:42]	[Recv]	ivn 0 13.0.0.0.0.0.0

[15:46:42]	[Recv]	eq 2073308 0 0 0 53 2 8689.8646.8630.8638.8687.4710.8757.8785.8701.8787.8720 95 87 100

[15:46:42]	[Recv]	eff 2 5022310 7739

[15:46:42]	[Recv]	eff 2 5022309 7739

[15:46:42]	[Recv]	cond 1 2073308 0 0 19

[15:46:42]	[Recv]	sayi 1 2073308 20 22 3 1925 0 0 0

[15:46:42]	[Recv]	bf 1 2073308 0.1925.0 99

[15:46:42]	[Send]	ptctl 5443 2 4988603 40 49 4988592 39 48 4988603 15
[15:46:42]	[Recv]	cond 1 2073308 0 0 19

[15:46:42]	[Recv]	cond 1 2073308 0 0 19

[15:46:42]	[Recv]	cond 2 4988603 0 0 15

[15:46:42]	[Recv]	cond 2 4988592 0 0 15

[15:46:43]	[Recv]	st 2 5022311 95 0 100 100 92286 184572 92286 184572 0

[15:46:43]	[Send]	ptctl 5443 2 4988603 37 52 4988592 36 50 4988603 15
[15:46:43]	[Recv]	ms_c 0

[15:46:43]	[Recv]	qslot 0 1.1.1 1.1.2 1.1.3 1.1.4 1.1.5 1.1.6 1.1.7 1.1.9 1.1.8 1.1.10 0.1.45 0.2.21 0.1.76 1.1.38 1.3.12 0.1.34 0.1.87 0.-1.-1 0.1.84 0.1.43 1.3.11 1.1.42 1.1.41 1.3.976 0.-1.-1 0.1.70 0.2.143 0.2.25 0.2.27 0.2.26

[15:46:43]	[Recv]	qslot 1 0.-1.-1 0.-1.-1 0.-1.-1 0.-1.-1 0.-1.-1 0.-1.-1 0.-1.-1 0.-1.-1 0.-1.-1 0.-1.-1 0.1.-1 0.1.-1 1.1.41 1.1.42 0.-1.-1 7.7.-1 7.7.-1 7.7.-1 7.7.-1 0.-1.-1 0.-1.-1 0.-1.-1 0.-1.-1 0.-1.-1 0.-1.-1 0.-1.-1 0.-1.-1 0.-1.-1 0.-1.-1 0.-1.-1

[15:46:43]	[Recv]	cond 1 2073308 0 0 19

[15:46:43]	[Recv]	cond 1 2073308 0 0 19

[15:46:43]	[Recv]	cond 2 4988603 0 0 15

[15:46:43]	[Recv]	cond 2 4988592 0 0 15

[15:46:43]	[Recv]	sp 414410 1000000 0 10000

[15:46:43]	[Recv]	st 2 5022310 95 0 100 100 92286 184572 92286 184572 0

[15:46:43]	[Recv]	st 2 5022309 95 0 100 100 92286 184572 92286 184572 0

[15:46:43]	[Recv]	eff 1 2073308 869

[15:46:44]	[Send]	ptctl 5443 1 4988592 35 51 4988592 15
[15:46:44]	[Recv]	cond 2 4988592 0 0 15

[15:46:44]	[Recv]	sr 4

[15:46:45]	[Recv]	st 2 5022311 95 0 100 100 92286 184572 92286 184572 0

[15:46:45]	[Recv]	st 2 5022310 95 0 100 100 92286 184572 92286 184572 0

[15:46:45]	[Recv]	st 2 5022309 95 0 100 100 92286 184572 92286 184572 0

[15:46:46]	[Recv]	sc_p 170 1548 4988592 96 571 24130618 0 0 1889 2049 1289 19 90 9 975 627 958 627 866 3 90 90 110 80 57643 57771 18100 18100 1 84982200 0 @ 0 0 6 60 1831 1798 0 100

[15:46:46]	[Recv]	finfo 3654050.0.Ambro420 4038466.1.*Boss95* 4032759.1.•Van_Heert•™ 6938689.0.LimitiMioPadre 4371592.0.STa®†a©R 6866129.0.Amnesya92 3393597.1.°Lordone24° 5527355.0.SugmaDeek 3988345.1.IMissYou 613441.0.ADuckOnQuack 6544388.0.SerowyNachoo 4351664.0.»Ja©k™ 1246372.0.!Ice! 3650626.0.DarkAngeeL 4286434.0.Salvanto2 5664515.0.Vixerin 3559057.0.~Frizz 7593876.0.Gang404 4368426.1.~Blackurio 957916.0.lusikill 2935710.0.#Rey1# 3467154.0.[St]Grippato 2939098.0.GorGoJo 3343263.0.Ansatsu 1638277.0.Memed 4357105.0.•Rosengarten 6623637.0.K?ndeer 1213513.0.Anny_ 7147719.0.Mortanciia 6680510.1.‡Ejzi‡ 2460434.0.Jon07 5635569.0.vladzio 2620775.0.·Tenzo 7163132.0.Frigus_One 1189318.0.VelveD 6973700.1.Douv 2360335.0.All730 4338026.0.redelfuoco9 5650090.0.Yoru_Sutoka 4304835.0.~DarkMrrn 7149833.1.Vistrooo 4074353.0.ImExelliuM

[15:46:46]	[Send]	b_i 0 7
[15:46:46]	[Recv]	dlgi #b_i^0^7^1 #b_i^0^0^5 1173 0 0

[15:46:47]	[Send]	#b_i^0^7^1
[15:46:47]	[Recv]	dlgi #b_i^0^7^2 #b_i^0^0^5 1166 0 0

[15:46:47]	[Send]	#b_i^0^7^2
[15:46:47]	[Recv]	st 2 5022311 95 0 100 100 92286 184572 92286 184572 0

[15:46:47]	[Recv]	eff 2 5022311 7739

[15:46:47]	[Recv]	ivn 0 7.0.0.0.0.0.0

[15:46:47]	[Recv]	st 2 5022310 95 0 100 100 92286 184572 92286 184572 0

[15:46:47]	[Recv]	eff 2 5022310 7739

[15:46:47]	[Recv]	st 2 5022309 95 0 100 100 92286 184572 92286 184572 0

[15:46:47]	[Recv]	eff 2 5022309 7739

[15:46:48]	[Recv]	sp 414400 1000000 0 10000

[15:46:48]	[Recv]	eff 1 2073308 869

[15:46:49]	[Recv]	st 2 5022311 95 0 100 100 92286 184572 92286 184572 0

[15:46:49]	[Recv]	st 2 5022310 95 0 100 100 92286 184572 92286 184572 0

[15:46:49]	[Recv]	st 2 5022309 95 0 100 100 92286 184572 92286 184572 0

[15:46:51]	[Send]	ptctl 5443 2 4988603 33 48 4988592 32 47 4988603 15
[15:46:51]	[Recv]	st 2 5022311 95 0 100 100 92286 184572 92286 184572 0

[15:46:51]	[Recv]	cond 1 2073308 0 0 19

[15:46:51]	[Recv]	cond 1 2073308 0 0 19

[15:46:51]	[Recv]	finfo 3654050.0.Ambro420 4038466.1.*Boss95* 4032759.1.•Van_Heert•™ 6938689.0.LimitiMioPadre 4371592.0.STa®†a©R 6866129.0.Amnesya92 3393597.1.°Lordone24° 5527355.0.SugmaDeek 3988345.1.IMissYou 613441.0.ADuckOnQuack 6544388.0.SerowyNachoo 4351664.0.»Ja©k™ 1246372.0.!Ice! 3650626.0.DarkAngeeL 4286434.0.Salvanto2 5664515.0.Vixerin 3559057.0.~Frizz 7593876.0.Gang404 4368426.1.~Blackurio 957916.0.lusikill 2935710.0.#Rey1# 3467154.0.[St]Grippato 2939098.0.GorGoJo 3343263.0.Ansatsu 1638277.0.Memed 4357105.0.•Rosengarten 6623637.0.K?ndeer 1213513.0.Anny_ 7147719.0.Mortanciia 6680510.1.‡Ejzi‡ 2460434.0.Jon07 5635569.0.vladzio 2620775.0.·Tenzo 7163132.0.Frigus_One 1189318.0.VelveD 6973700.1.Douv 2360335.0.All730 4338026.0.redelfuoco9 5650090.0.Yoru_Sutoka 4304835.1.~DarkMrrn 7149833.1.Vistrooo 4074353.0.ImExelliuM

[15:46:51]	[Recv]	cond 2 4988603 0 0 15

[15:46:51]	[Recv]	cond 2 4988592 0 0 15

[15:46:51]	[Recv]	msgi2 0 905 14 Nikus666 3027 

[15:46:51]	[Recv]	st 2 5022310 95 0 100 100 92286 184572 92286 184572 0

[15:46:51]	[Recv]	st 2 5022309 95 0 100 100 92286 184572 92286 184572 0

[15:46:51]	[Send]	ptctl 5443 2 4988603 29 49 4988592 28 47 4988603 15
[15:46:51]	[Recv]	cond 1 2073308 0 0 19

[15:46:51]	[Recv]	cond 1 2073308 0 0 19

[15:46:52]	[Recv]	cond 2 4988603 0 0 15

[15:46:52]	[Recv]	cond 2 4988592 0 0 15

[15:46:52]	[Recv]	eff 2 5022311 7739

[15:46:52]	[Recv]	sr 8

[15:46:52]	[Recv]	in 3 700 5022447 37 7 0 100 100 0 0 0 -1 0 0 -1 - 0 -1 0 0 0 0 0 0 0 0 0 0 0 0

[15:46:52]	[Recv]	msgi 0 679 0 0 0 0 0

[15:46:52]	[Recv]	in 3 775 5022448 39 6 5 100 100 0 0 0 -1 0 0 -1 - 0 -1 0 0 0 0 0 0 0 0 0 0 0 0

[15:46:52]	[Recv]	msgi 0 679 0 0 0 0 0

[15:46:52]	[Recv]	in 3 700 5022449 40 8 7 100 100 0 0 0 -1 0 0 -1 - 0 -1 0 0 0 0 0 0 0 0 0 0 0 0

[15:46:52]	[Recv]	msgi 0 679 0 0 0 0 0

[15:46:52]	[Recv]	in 3 785 5022450 41 6 5 100 100 0 0 0 -1 0 0 -1 - 0 -1 0 0 0 0 0 0 0 0 0 0 0 0

[15:46:52]	[Recv]	msgi 0 679 0 0 0 0 0

[15:46:52]	[Recv]	in 3 760 5022451 43 6 1 100 100 0 0 0 -1 0 0 -1 - 0 -1 0 0 0 0 0 0 0 0 0 0 0 0

[15:46:52]	[Recv]	msgi 0 679 0 0 0 0 0

[15:46:52]	[Recv]	in 3 700 5022452 43 8 2 100 100 0 0 0 -1 0 0 -1 - 0 -1 0 0 0 0 0 0 0 0 0 0 0 0

[15:46:52]	[Recv]	msgi 0 679 0 0 0 0 0

[15:46:52]	[Recv]	in 3 700 5022453 45 7 6 100 100 0 0 0 -1 0 0 -1 - 0 -1 0 0 0 0 0 0 0 0 0 0 0 0

[15:46:52]	[Recv]	msgi 0 679 0 0 0 0 0

[15:46:52]	[Recv]	eff 3 5022453 5000

[15:46:52]	[Recv]	eff 3 5022449 5000

[15:46:52]	[Recv]	eff 2 5022310 7739

[15:46:52]	[Recv]	eff 2 5022309 7739

[15:46:52]	[Send]	ptctl 5443 1 4988603 26 47 4988603 15
[15:46:52]	[Recv]	cond 2 4988603 0 0 15

[15:46:53]	[Recv]	st 2 5022311 95 0 100 100 92286 184572 92286 184572 0

[15:46:53]	[Recv]	sp 414390 1000000 0 10000

[15:46:53]	[Recv]	st 2 5022310 95 0 100 100 92286 184572 92286 184572 0

[15:46:53]	[Recv]	st 2 5022309 95 0 100 100 92286 184572 92286 184572 0

[15:46:53]	[Send]	ptctl 5443 2 4988603 31 45 4988592 32 44 4988603 15
[15:46:53]	[Recv]	eff 1 2073308 869

[15:46:53]	[Recv]	cond 1 2073308 0 0 19

[15:46:53]	[Recv]	cond 1 2073308 0 0 19

[15:46:53]	[Recv]	cond 2 4988603 0 0 15

[15:46:53]	[Recv]	cond 2 4988592 0 0 15

[15:46:54]	[Send]	ptctl 5443 2 4988603 35 42 4988592 36 41 4988603 15
[15:46:54]	[Recv]	cond 1 2073308 0 0 19

[15:46:54]	[Recv]	cond 1 2073308 0 0 19

[15:46:54]	[Recv]	scp 0
[15:46:54]	[Recv]	sp 414390 1000000 0 10000

[15:46:54]	[Recv]	cond 2 4988603 0 0 15

[15:46:54]	[Recv]	cond 2 4988592 0 0 15

[15:46:54]	[Send]	ptctl 5443 2 4988603 33 40 4988592 35 40 4988603 15
[15:46:54]	[Recv]	cond 1 2073308 0 0 19

[15:46:54]	[Recv]	cond 1 2073308 0 0 19

[15:46:54]	[Send]	ptctl 5443 2 4988603 32 39 4988592 33 37 4988603 15
[15:46:54]	[Recv]	cond 2 4988603 0 0 15

[15:46:54]	[Recv]	cond 2 4988592 0 0 15

[15:46:55]	[Recv]	cond 1 2073308 0 0 19

[15:46:55]	[Recv]	cond 1 2073308 0 0 19

[15:46:55]	[Recv]	cond 2 4988603 0 0 15

[15:46:55]	[Recv]	cond 2 4988592 0 0 15

[15:46:55]	[Recv]	st 2 5022311 95 0 100 100 92286 184572 92286 184572 0

[15:46:55]	[Recv]	st 2 5022310 95 0 100 100 92286 184572 92286 184572 0

[15:46:55]	[Recv]	st 2 5022309 95 0 100 100 92286 184572 92286 184572 0

[15:46:55]	[Send]	ptctl 5443 1 4988603 32 34 4988603 15
[15:46:55]	[Send]	ncif 3 5022450
[15:46:55]	[Send]	ptctl 5443 1 4988592 35 32 4988592 15
[15:46:55]	[Recv]	cond 2 4988603 0 0 15

[15:46:56]	[Recv]	st 3 5022450 99 0 100 100 13880 2828 13880 2828 0

[15:46:56]	[Send]	ptctl 5443 1 4988592 33 30 4988592 15
[15:46:56]	[Recv]	cond 1 2073308 0 0 19

[15:46:56]	[Recv]	cond 1 2073308 0 0 19

[15:46:56]	[Send]	ptctl 5443 1 4988603 32 32 4988603 15
[15:46:56]	[Recv]	cond 2 4988592 0 0 15

[15:46:56]	[Recv]	cond 2 4988592 0 0 15

[15:46:56]	[Recv]	finfo 3654050.0.Ambro420 4038466.1.*Boss95* 4032759.1.•Van_Heert•™ 6938689.0.LimitiMioPadre 4371592.0.STa®†a©R 6866129.0.Amnesya92 3393597.1.°Lordone24° 5527355.0.SugmaDeek 3988345.1.IMissYou 613441.0.ADuckOnQuack 6544388.0.SerowyNachoo 4351664.0.»Ja©k™ 1246372.0.!Ice! 3650626.0.DarkAngeeL 4286434.0.Salvanto2 5664515.0.Vixerin 3559057.0.~Frizz 7593876.0.Gang404 4368426.1.~Blackurio 957916.0.lusikill 2935710.0.#Rey1# 3467154.0.[St]Grippato 2939098.0.GorGoJo 3343263.0.Ansatsu 1638277.0.Memed 4357105.0.•Rosengarten 6623637.0.K?ndeer 1213513.0.Anny_ 7147719.0.Mortanciia 6680510.1.‡Ejzi‡ 2460434.0.Jon07 5635569.0.vladzio 2620775.0.·Tenzo 7163132.0.Frigus_One 1189318.0.VelveD 6973700.1.Douv 2360335.0.All730 4338026.0.redelfuoco9 5650090.0.Yoru_Sutoka 4304835.0.~DarkMrrn 7149833.1.Vistrooo 4074353.0.ImExelliuM

[15:46:56]	[Recv]	cond 2 4988603 0 0 15

[15:46:56]	[Send]	u_s 1 3 5022450
[15:46:56]	[Recv]	cond 1 2073308 0 0 19

[15:46:56]	[Recv]	cond 1 2073308 0 0 19

[15:46:56]	[Send]	ncif 3 5022450
[15:46:56]	[Recv]	ms_c 0

[15:46:56]	[Recv]	qslot 0 1.1.1 1.1.2 1.1.3 1.1.4 1.1.5 1.1.6 1.1.7 1.1.9 1.1.8 1.1.10 0.1.45 0.2.21 0.1.76 1.1.38 1.3.12 0.1.34 0.1.87 0.-1.-1 0.1.84 0.1.43 1.3.11 1.1.42 1.1.41 1.3.976 0.-1.-1 0.1.70 0.2.143 0.2.25 0.2.27 0.2.26

[15:46:56]	[Recv]	qslot 1 0.-1.-1 0.-1.-1 0.-1.-1 0.-1.-1 0.-1.-1 0.-1.-1 0.-1.-1 0.-1.-1 0.-1.-1 0.-1.-1 0.1.-1 0.1.-1 1.1.41 1.1.42 0.-1.-1 7.7.-1 7.7.-1 7.7.-1 7.7.-1 0.-1.-1 0.-1.-1 0.-1.-1 0.-1.-1 0.-1.-1 0.-1.-1 0.-1.-1 0.-1.-1 0.-1.-1 0.-1.-1 0.-1.-1

[15:46:57]	[Send]	ptctl 5443 1 4988603 32 27 4988603 15
[15:46:57]	[Recv]	ct 1 2073308 3 5022450 14 4263 1115

[15:46:57]	[Recv]	cond 1 2073308 0 0 19

[15:46:57]	[Recv]	cond 1 2073308 0 0 19

[15:46:57]	[Send]	ptctl 5443 1 4988592 33 24 4988592 15
[15:46:57]	[Recv]	st 3 5022450 99 0 100 100 13880 2828 13880 2828 0

[15:46:57]	[Recv]	eff 3 5022451 4799

[15:46:57]	[Recv]	st 2 5022311 95 0 100 100 92286 184572 92286 184572 0

[15:46:57]	[Recv]	eff 2 5022311 7739

[15:46:57]	[Recv]	cond 2 4988603 0 0 15

[15:46:57]	[Recv]	su 1 2073308 3 5022450 1115 70 12 4264 0 0 0 0 96426 3 0 0 13880

[15:46:57]	[Recv]	lev 99 0 99 0 2140719000 5991794 66993052 2 0 90 917705181 0

[15:46:57]	[Recv]	su 1 2073308 3 5022449 1115 70 12 4264 0 0 1 71 31350 5 0 79557 110907

[15:46:57]	[Recv]	su 1 2073308 3 5022448 1115 70 12 4264 0 0 1 26 85543 6 0 30489 116032

[15:46:57]	[Recv]	eff 1 2073308 15

[15:46:57]	[Recv]	su 1 2073308 3 5022447 1115 70 12 4264 0 0 1 32 75410 5 0 35497 110907

[15:46:57]	[Recv]	cond 2 4988592 0 0 15

[15:46:57]	[Recv]	scp 1
[15:46:57]	[Recv]	st 2 5022310 95 0 100 100 92286 184572 92286 184572 0

[15:46:57]	[Recv]	eff 2 5022310 7739

[15:46:57]	[Recv]	st 2 5022309 95 0 100 100 92286 184572 92286 184572 0

[15:46:57]	[Recv]	eff 2 5022309 7739

[15:46:57]	[Send]	ptctl 5443 1 4988592 33 25 4988592 15
[15:46:57]	[Send]	ptctl 5443 1 4988603 32 26 4988603 15
[15:46:57]	[Recv]	cond 2 4988592 0 0 15

[15:46:57]	[Recv]	cond 2 4988603 0 0 15

[15:46:57]	[Send]	ncif 3 5022448
[15:46:58]	[Recv]	st 3 5022448 99 0 26 100 30489 2828 116032 2828 0

[15:46:58]	[Send]	u_s 0 3 5022448
[15:46:58]	[Send]	ptctl 5443 2 4988603 32 25 4988592 35 21 4988603 15
[15:46:58]	[Send]	suctl 5443 1 4988603 3 5022448
[15:46:58]	[Recv]	ct 1 2073308 3 5022448 -1 -1 1114

[15:46:58]	[Recv]	su 1 2073308 3 5022448 1114 7 11 4260 0 0 0 0 80907 3 0 0 116032

[15:46:58]	[Recv]	lev 99 0 99 0 2140719000 5991794 66993052 2 0 90 917705181 0

[15:46:58]	[Recv]	cond 2 4988603 0 0 15

[15:46:58]	[Recv]	cond 2 4988592 0 0 15

[15:46:58]	[Recv]	sp 414386 1000000 0 10000

[15:46:58]	[Recv]	eff 1 2073308 869

[15:46:58]	[Send]	ptctl 5443 2 4988603 37 25 4988592 40 21 4988603 15
[15:46:58]	[Recv]	ct 3 5022449 2 4988592 -1 -1 0

[15:46:58]	[Recv]	su 3 5022449 2 4988592 0 10 11 4789 0 0 1 99 254 0 0 57517 57771

[15:46:58]	[Recv]	ct 3 5022447 2 4988592 -1 -1 0

[15:46:58]	[Recv]	su 3 5022447 2 4988592 0 10 11 4789 0 0 1 99 249 0 0 57268 57771

[15:46:58]	[Recv]	cond 1 2073308 0 0 19

[15:46:58]	[Recv]	cond 1 2073308 0 0 19

[15:46:59]	[Recv]	cond 2 4988603 0 0 15

[15:46:59]	[Recv]	cond 2 4988592 0 0 15

[15:46:59]	[Recv]	sr 0

[15:46:59]	[Send]	ncif 3 5022451
[15:46:59]	[Recv]	st 2 5022311 95 0 100 100 92286 184572 92286 184572 0

[15:46:59]	[Recv]	st 3 5022451 99 0 100 100 13880 2828 13880 2828 0

[15:46:59]	[Send]	ptctl 5443 1 4988592 41 20 4988592 15
[15:46:59]	[Send]	u_s 0 3 5022451
[15:46:59]	[Recv]	ct 3 5022453 2 4988592 -1 -1 0

[15:46:59]	[Recv]	su 3 5022453 2 4988592 0 10 11 4789 0 0 1 99 52 3 0 57216 57771

[15:46:59]	[Recv]	cond 2 4988592 0 0 15

[15:46:59]	[Recv]	cond 1 2073308 0 0 19

[15:46:59]	[Recv]	cond 1 2073308 0 0 19

[15:46:59]	[Send]	ptctl 5443 1 4988603 42 24 4988603 15
[15:46:59]	[Recv]	st 2 5022310 95 0 100 100 92286 184572 92286 184572 0

[15:46:59]	[Recv]	st 2 5022309 95 0 100 100 92286 184572 92286 184572 0

[15:46:59]	[Send]	ptctl 5443 1 4988603 38 25 4988603 15
[15:46:59]	[Send]	suctl 5443 1 4988603 3 5022451
[15:46:59]	[Recv]	ct 1 2073308 3 5022451 -1 -1 1114

[15:46:59]	[Recv]	eff 1 2073308 15

[15:46:59]	[Recv]	su 1 2073308 3 5022451 1114 7 11 4260 0 0 0 0 83417 0 0 0 13880

[15:46:59]	[Recv]	lev 99 0 99 0 2140719000 5991794 66993052 2 0 90 917705181 0

[15:46:59]	[Recv]	cond 2 4988603 0 0 15

[15:46:59]	[Recv]	cond 2 4988603 0 0 15

[15:46:59]	[Send]	ptctl 5443 2 4988603 38 30 4988592 41 25 4988603 15
[15:47:00]	[Send]	ptctl 5443 1 4988603 38 31 4988603 15
[15:47:00]	[Recv]	cond 1 2073308 0 0 19

[15:47:00]	[Recv]	cond 1 2073308 0 0 19

[15:47:00]	[Recv]	cond 2 4988603 0 0 15

[15:47:00]	[Recv]	cond 2 4988592 0 0 15

[15:47:00]	[Recv]	cond 1 2073308 0 0 19

[15:47:00]	[Recv]	cond 1 2073308 0 0 19

[15:47:00]	[Send]	ncif 3 5022452
[15:47:00]	[Recv]	cond 2 4988603 0 0 15

[15:47:00]	[Recv]	sr 0

[15:47:00]	[Recv]	st 3 5022452 99 0 100 100 110907 2828 110907 2828 0

[15:47:00]	[Send]	ptctl 5443 1 4988592 42 24 4988592 15
[15:47:00]	[Send]	u_s 0 3 5022452
[15:47:00]	[Recv]	cond 2 4988592 0 0 15

[15:47:00]	[Recv]	cond 1 2073308 0 0 19

[15:47:00]	[Recv]	cond 1 2073308 0 0 19

[15:47:00]	[Send]	ptctl 5443 1 4988603 42 35 4988603 15
[15:47:00]	[Send]	suctl 5443 1 4988592 3 5022452
[15:47:00]	[Recv]	ct 1 2073308 3 5022452 -1 -1 1114

[15:47:00]	[Recv]	eff 1 2073308 15

[15:47:00]	[Recv]	su 1 2073308 3 5022452 1114 7 11 4260 0 0 0 0 220843 3 0 0 110907

[15:47:00]	[Recv]	lev 99 0 99 0 2140719000 5991794 66993052 2 0 90 917705181 0

[15:47:01]	[Send]	ptctl 5443 2 4988603 39 37 4988592 42 29 4988603 15
[15:47:01]	[Recv]	cond 2 4988603 0 0 15

[15:47:01]	[Send]	ptctl 5443 2 4988603 41 37 4988592 42 30 4988603 15
[15:47:01]	[Recv]	ct 3 5022449 2 4988592 -1 -1 0

[15:47:01]	[Recv]	su 3 5022449 2 4988592 0 10 11 4789 0 0 1 99 51 0 0 57165 57771

[15:47:01]	[Recv]	st 2 5022311 95 0 100 100 92286 184572 92286 184572 0

[15:47:01]	[Recv]	cond 1 2073308 0 0 19

[15:47:01]	[Recv]	cond 1 2073308 0 0 19

[15:47:01]	[Send]	ptctl 5443 2 4988603 39 37 4988592 42 31 4988603 15
[15:47:01]	[Recv]	cond 2 4988603 0 0 15

[15:47:01]	[Recv]	cond 2 4988592 0 0 15

[15:47:01]	[Recv]	cond 1 2073308 0 0 19

[15:47:01]	[Recv]	cond 1 2073308 0 0 19

[15:47:01]	[Recv]	cond 2 4988603 0 0 15

[15:47:01]	[Recv]	cond 2 4988592 0 0 15

[15:47:01]	[Send]	ncif 3 5022452
[15:47:01]	[Recv]	st 2 5022310 95 0 100 100 92286 184572 92286 184572 0

[15:47:01]	[Recv]	st 2 5022309 95 0 100 100 92286 184572 92286 184572 0

[15:47:01]	[Recv]	sr 0

[15:47:01]	[Recv]	cond 2 4988603 0 0 15

[15:47:01]	[Recv]	cond 2 4988592 0 0 15

[15:47:02]	[Send]	ptctl 5443 1 4988603 39 33 4988603 15
[15:47:02]	[Send]	ptctl 5443 1 4988592 42 26 4988592 15
[15:47:02]	[Send]	ncif 3 5022453
[15:47:02]	[Send]	u_s 0 3 5022453
[15:47:02]	[Recv]	cond 2 4988603 0 0 15

[15:47:02]	[Recv]	eff 2 5022311 7739

[15:47:02]	[Recv]	cond 2 4988592 0 0 15

[15:47:02]	[Recv]	st 3 5022453 99 0 100 100 110907 2828 110907 2828 0

[15:47:02]	[Recv]	cond 1 2073308 0 0 19

[15:47:02]	[Recv]	cond 1 2073308 0 0 19

[15:47:02]	[Send]	ptctl 5443 2 4988603 39 38 4988592 42 33 4988603 15
[15:47:02]	[Recv]	ct 3 5022453 2 4988592 -1 -1 0

[15:47:02]	[Recv]	su 3 5022453 2 4988592 0 10 11 4789 0 0 1 98 246 0 0 56919 57771

[15:47:02]	[Recv]	ct 3 5022447 2 4988592 -1 -1 0

[15:47:02]	[Recv]	su 3 5022447 2 4988592 0 10 11 4789 0 0 1 98 256 0 0 56663 57771

[15:47:02]	[Recv]	eff 2 5022310 7739

[15:47:02]	[Recv]	eff 2 5022309 7739

[15:47:02]	[Recv]	ct 1 2073308 3 5022453 -1 -1 1114

[15:47:02]	[Recv]	su 1 2073308 3 5022453 1114 7 11 4260 0 0 1 82 19325 0 0 91582 110907

[15:47:02]	[Recv]	cond 2 4988603 0 0 15

[15:47:02]	[Recv]	cond 2 4988592 0 0 15

[15:47:02]	[Send]	ptctl 5443 2 4988603 39 39 4988592 42 34 4988603 15
[15:47:02]	[Send]	ncif 3 5022453
[15:47:02]	[Recv]	cond 1 2073308 0 0 19

[15:47:02]	[Recv]	cond 1 2073308 0 0 19

[15:47:02]	[Send]	ptctl 5443 2 4988603 40 40 4988592 42 35 4988603 15
[15:47:02]	[Recv]	cond 2 4988603 0 0 15

[15:47:02]	[Recv]	cond 2 4988592 0 0 15

[15:47:03]	[Recv]	st 3 5022453 99 0 82 100 91582 2828 110907 2828 0

[15:47:03]	[Recv]	cond 2 4988603 0 0 15

[15:47:03]	[Recv]	cond 2 4988592 0 0 15

[15:47:03]	[Send]	ptctl 5443 2 4988603 39 33 4988592 42 27 4988603 15
[15:47:03]	[Recv]	st 2 5022311 95 0 100 100 92286 184572 92286 184572 0

[15:47:03]	[Send]	u_s 0 3 5022453
[15:47:03]	[Recv]	sr 0

[15:47:03]	[Recv]	cond 2 4988603 0 0 15

[15:47:03]	[Recv]	cond 2 4988592 0 0 15

[15:47:03]	[Recv]	cond 1 2073308 0 0 19

[15:47:03]	[Recv]	cond 1 2073308 0 0 19

[15:47:03]	[Recv]	sp 414376 1000000 0 10000

[15:47:03]	[Recv]	st 2 5022310 95 0 100 100 92286 184572 92286 184572 0

[15:47:03]	[Recv]	st 2 5022309 95 0 100 100 92286 184572 92286 184572 0

[15:47:03]	[Recv]	ct 1 2073308 3 5022453 -1 -1 1114

[15:47:03]	[Recv]	su 1 2073308 3 5022453 1114 7 11 4260 0 0 1 8 82451 3 0 9131 110907

[15:47:03]	[Recv]	eff 1 2073308 869

[15:47:03]	[Send]	ncif 3 5022453
[15:47:03]	[Send]	ptctl 5443 2 4988603 39 38 4988592 42 33 4988603 15
[15:47:03]	[Recv]	st 3 5022453 99 0 8 100 9131 2828 110907 2828 0

[15:47:04]	[Recv]	ct 3 5022449 2 4988592 -1 -1 0

[15:47:04]	[Recv]	su 3 5022449 2 4988592 0 10 11 4789 0 0 1 97 246 0 0 56417 57771

[15:47:04]	[Recv]	cond 1 2073308 0 0 19

[15:47:04]	[Recv]	cond 1 2073308 0 0 19

[15:47:04]	[Recv]	cond 2 4988603 0 0 15

[15:47:04]	[Recv]	cond 2 4988592 0 0 15

[15:47:04]	[Send]	ptctl 5443 2 4988603 39 33 4988592 42 25 4988603 15
[15:47:04]	[Recv]	cond 2 4988603 0 0 15

[15:47:04]	[Recv]	cond 2 4988592 0 0 15

[15:47:04]	[Send]	u_s 0 3 5022453
[15:47:04]	[Recv]	sr 0

[15:47:04]	[Recv]	sr 1

[15:47:04]	[Recv]	cond 1 2073308 0 0 19

[15:47:04]	[Recv]	cond 1 2073308 0 0 19

[15:47:04]	[Send]	suctl 5443 1 4988603 3 5022453
[15:47:04]	[Recv]	ct 1 2073308 3 5022453 -1 -1 1114

[15:47:04]	[Recv]	su 1 2073308 3 5022453 1114 7 11 4260 0 0 0 0 19019 3 0 0 110907

[15:47:04]	[Recv]	lev 99 0 99 0 2140719000 5991794 66993052 2 0 90 917705181 0

[15:47:05]	[Send]	suctl 5443 1 4988592 3 5022453
[15:47:05]	[Send]	ncif 3 5022447
[15:47:05]	[Recv]	ct 3 5022447 2 4988592 -1 -1 0

[15:47:05]	[Recv]	su 3 5022447 2 4988592 0 10 11 4789 0 0 1 97 251 0 0 56166 57771

[15:47:05]	[Recv]	st 2 5022311 95 0 100 100 92286 184572 92286 184572 0

[15:47:05]	[Recv]	sr 0

[15:47:05]	[Send]	u_s 1 3 5022447
[15:47:05]	[Recv]	st 3 5022447 99 0 32 100 35497 2828 110907 2828 0

[15:47:05]	[Recv]	ms_c 0

[15:47:05]	[Recv]	qslot 0 1.1.1 1.1.2 1.1.3 1.1.4 1.1.5 1.1.6 1.1.7 1.1.9 1.1.8 1.1.10 0.1.45 0.2.21 0.1.76 1.1.38 1.3.12 0.1.34 0.1.87 0.-1.-1 0.1.84 0.1.43 1.3.11 1.1.42 1.1.41 1.3.976 0.-1.-1 0.1.70 0.2.143 0.2.25 0.2.27 0.2.26

[15:47:05]	[Recv]	qslot 1 0.-1.-1 0.-1.-1 0.-1.-1 0.-1.-1 0.-1.-1 0.-1.-1 0.-1.-1 0.-1.-1 0.-1.-1 0.-1.-1 0.1.-1 0.1.-1 1.1.41 1.1.42 0.-1.-1 7.7.-1 7.7.-1 7.7.-1 7.7.-1 0.-1.-1 0.-1.-1 0.-1.-1 0.-1.-1 0.-1.-1 0.-1.-1 0.-1.-1 0.-1.-1 0.-1.-1 0.-1.-1 0.-1.-1

[15:47:05]	[Recv]	ct 1 2073308 3 5022447 14 4263 1115

[15:47:05]	[Recv]	st 2 5022310 95 0 100 100 92286 184572 92286 184572 0

[15:47:05]	[Recv]	st 2 5022309 95 0 100 100 92286 184572 92286 184572 0

[15:47:05]	[Send]	suctl 5443 1 4988603 3 5022447
[15:47:05]	[Recv]	bf 3 5022447 0.4110.80 99

[15:47:05]	[Recv]	eff 3 5022447 0

[15:47:05]	[Recv]	eff 1 2073308 15

[15:47:05]	[Recv]	su 1 2073308 3 5022447 1115 70 12 4264 0 0 0 0 227009 3 0 0 110907

[15:47:05]	[Recv]	lev 99 0 99 0 2140719000 5991794 66993052 2 0 90 917705181 0

[15:47:05]	[Recv]	eff 1 2073308 15

[15:47:05]	[Recv]	su 1 2073308 3 5022449 1115 70 12 4264 0 0 1 3 75680 5 0 3877 110907

[15:47:05]	[Recv]	mslot 1127 -1

[15:47:05]	[Recv]	qset 0 0 1.1.13.0

[15:47:06]	[Send]	ptctl 5443 1 4988592 40 25 4988592 15
[15:47:06]	[Recv]	sc_p 170 1548 4988592 96 570 24131458 0 0 1889 2049 1289 19 90 9 975 627 958 627 866 3 90 90 110 80 56166 57771 18100 18100 1 84982200 0 @ 0 0 6 60 1831 1798 0 100

[15:47:06]	[Recv]	cond 2 4988592 0 0 15

[15:47:06]	[Send]	ptctl 5443 1 4988592 41 25 4988592 15
[15:47:06]	[Send]	ptctl 5443 2 4988603 37 33 4988592 39 29 4988603 15
[15:47:06]	[Recv]	cond 2 4988592 0 0 15

[15:47:06]	[Recv]	cond 1 2073308 0 0 19

[15:47:06]	[Recv]	cond 1 2073308 0 0 19

[15:47:06]	[Send]	ptctl 5443 2 4988603 37 34 4988592 39 30 4988603 15
[15:47:06]	[Recv]	cond 2 4988603 0 0 15

[15:47:06]	[Recv]	cond 2 4988592 0 0 15

[15:47:06]	[Recv]	cond 1 2073308 0 0 19

[15:47:06]	[Recv]	cond 1 2073308 0 0 19

[15:47:06]	[Recv]	cond 2 4988603 0 0 15

[15:47:06]	[Recv]	cond 2 4988592 0 0 15

[15:47:07]	[Recv]	ct 3 5022449 2 4988592 -1 -1 0

[15:47:07]	[Recv]	su 3 5022449 2 4988592 0 10 11 4789 0 0 1 96 243 0 0 55923 57771

[15:47:07]	[Send]	ncif 3 5022449
[15:47:07]	[Send]	ptctl 5443 1 4988592 40 26 4988592 15
[15:47:07]	[Send]	suctl 5443 1 4988603 3 5022449
[15:47:07]	[Recv]	st 2 5022311 95 0 100 100 92286 184572 92286 184572 0

[15:47:07]	[Recv]	eff 2 5022311 7739

[15:47:07]	[Recv]	st 3 5022449 99 0 3 100 3877 2828 110907 2828 0

[15:47:07]	[Send]	u_s 13 3 5022449
[15:47:07]	[Recv]	cond 2 4988592 0 0 15

[15:47:07]	[Recv]	eff 2 4988603 5005

[15:47:07]	[Recv]	st 2 5022310 95 0 100 100 92286 184572 92286 184572 0

[15:47:07]	[Recv]	eff 2 5022310 7739

[15:47:07]	[Recv]	st 2 5022309 95 0 100 100 92286 184572 92286 184572 0

[15:47:07]	[Recv]	eff 2 5022309 7739

[15:47:07]	[Recv]	ms_c 0

[15:47:07]	[Recv]	qslot 0 1.1.1 1.1.2 1.1.3 1.1.4 1.1.5 1.1.6 1.1.7 1.1.9 1.1.8 1.1.10 0.1.45 0.2.21 0.1.76 1.1.38 1.3.12 0.1.34 0.1.87 0.-1.-1 0.1.84 0.1.43 1.3.11 1.1.42 1.1.41 1.3.976 0.-1.-1 0.1.70 0.2.143 0.2.25 0.2.27 0.2.26

[15:47:07]	[Recv]	qslot 1 0.-1.-1 0.-1.-1 0.-1.-1 0.-1.-1 0.-1.-1 0.-1.-1 0.-1.-1 0.-1.-1 0.-1.-1 0.-1.-1 0.1.-1 0.1.-1 1.1.41 1.1.42 0.-1.-1 7.7.-1 7.7.-1 7.7.-1 7.7.-1 0.-1.-1 0.-1.-1 0.-1.-1 0.-1.-1 0.-1.-1 0.-1.-1 0.-1.-1 0.-1.-1 0.-1.-1 0.-1.-1 0.-1.-1

[15:47:07]	[Send]	ptctl 5443 2 4988603 37 39 4988592 39 33 4988603 15
[15:47:07]	[Recv]	ct 1 2073308 3 5022449 -1 -1 1127

[15:47:07]	[Recv]	eff 1 2073308 15

[15:47:07]	[Recv]	su 1 2073308 3 5022449 1127 100 22 4284 0 0 0 0 78625 0 0 0 110907

[15:47:07]	[Recv]	lev 99 0 99 0 2140719000 5991794 66993052 2 0 90 917705181 0

[15:47:07]	[Recv]	ct 2 4988603 3 5022449 -1 -1 0

[15:47:07]	[Recv]	su 2 4988603 2 4988603 0 12 11 8360 0 0 1 100 0 2 0 19451 19451

[15:47:07]	[Recv]	cond 2 4988603 0 0 15

[15:47:07]	[Recv]	cond 2 4988592 0 0 15

[15:47:07]	[Send]	ptctl 5443 2 4988603 37 40 4988592 39 34 4988603 15
[15:47:08]	[Recv]	cond 1 2073308 0 0 19

[15:47:08]	[Recv]	cond 1 2073308 0 0 19

[15:47:08]	[Send]	ptctl 5443 2 4988603 36 40 4988592 39 35 4988603 15
[15:47:08]	[Recv]	cond 2 4988603 0 0 15

[15:47:08]	[Recv]	cond 2 4988592 0 0 15

[15:47:08]	[Send]	ptctl 5443 2 4988603 37 40 4988592 39 36 4988603 15
[15:47:08]	[Recv]	cond 1 2073308 0 0 19

[15:47:08]	[Recv]	cond 1 2073308 0 0 19

[15:47:08]	[Recv]	cond 2 4988603 0 0 15

[15:47:08]	[Recv]	cond 2 4988592 0 0 15

[15:47:08]	[Recv]	cond 1 2073308 0 0 19

[15:47:08]	[Recv]	cond 1 2073308 0 0 19

[15:47:08]	[Recv]	cond 2 4988603 0 0 15

[15:47:08]	[Recv]	cond 2 4988592 0 0 15

[15:47:08]	[Recv]	sp 414366 1000000 0 10000

[15:47:08]	[Recv]	eff 1 2073308 869

[15:47:09]	[Send]	ptctl 5443 1 4988592 39 41 4988592 15
[15:47:09]	[Send]	ptctl 5443 2 4988603 38 44 4988592 40 42 4988603 15
[15:47:09]	[Recv]	st 2 5022311 95 0 100 100 92286 184572 92286 184572 0

[15:47:09]	[Recv]	cond 2 4988592 0 0 15

[15:47:09]	[Recv]	cond 1 2073308 0 0 19

[15:47:09]	[Recv]	cond 1 2073308 0 0 19

[15:47:09]	[Recv]	cond 2 4988603 0 0 15

[15:47:09]	[Recv]	cond 2 4988592 0 0 15

[15:47:09]	[Recv]	st 2 5022310 95 0 100 100 92286 184572 92286 184572 0

[15:47:09]	[Recv]	st 2 5022309 95 0 100 100 92286 184572 92286 184572 0

[15:47:11]	[Recv]	st 2 5022311 95 0 100 100 92286 184572 92286 184572 0

[15:47:11]	[Recv]	st 2 5022310 95 0 100 100 92286 184572 92286 184572 0

[15:47:11]	[Recv]	st 2 5022309 95 0 100 100 92286 184572 92286 184572 0

[15:47:12]	[Recv]	eff 2 5022311 7739

[15:47:12]	[Recv]	eff 2 5022310 7739

[15:47:12]	[Recv]	eff 2 5022309 7739

[15:47:12]	[Recv]	sr 1

[15:47:13]	[Recv]	st 2 5022311 95 0 100 100 92286 184572 92286 184572 0

[15:47:13]	[Recv]	sp 414356 1000000 0 10000

[15:47:13]	[Recv]	st 2 5022310 95 0 100 100 92286 184572 92286 184572 0

[15:47:13]	[Recv]	st 2 5022309 95 0 100 100 92286 184572 92286 184572 0

[15:47:13]	[Recv]	eff 1 2073308 869

[15:47:15]	[Recv]	st 2 5022311 95 0 100 100 92286 184572 92286 184572 0

[15:47:15]	[Recv]	st 2 5022310 95 0 100 100 92286 184572 92286 184572 0

[15:47:15]	[Recv]	st 2 5022309 95 0 100 100 92286 184572 92286 184572 0

[15:47:16]	[Recv]	sc_p 170 1548 4988592 96 569 24131598 0 0 1889 2049 1289 19 90 9 975 627 958 627 866 3 90 90 110 80 56562 57771 18100 18100 1 84982200 0 @ 0 0 6 60 1831 1798 0 100

[15:47:17]	[Recv]	st 2 5022311 95 0 100 100 92286 184572 92286 184572 0

[15:47:17]	[Recv]	eff 2 5022311 7739

[15:47:17]	[Recv]	st 2 5022310 95 0 100 100 92286 184572 92286 184572 0

[15:47:17]	[Recv]	eff 2 5022310 7739

[15:47:17]	[Recv]	st 2 5022309 95 0 100 100 92286 184572 92286 184572 0

[15:47:17]	[Recv]	eff 2 5022309 7739

[15:47:17]	[Recv]	sr 13

[15:47:18]	[Recv]	sp 414346 1000000 0 10000

[15:47:18]	[Recv]	eff 1 2073308 869

[15:47:19]	[Recv]	st 2 5022311 95 0 100 100 92286 184572 92286 184572 0

[15:47:19]	[Recv]	st 2 5022310 95 0 100 100 92286 184572 92286 184572 0

[15:47:19]	[Recv]	st 2 5022309 95 0 100 100 92286 184572 92286 184572 0

[15:47:21]	[Recv]	st 2 5022311 95 0 100 100 92286 184572 92286 184572 0

[15:47:21]	[Recv]	st 2 5022310 95 0 100 100 92286 184572 92286 184572 0

[15:47:21]	[Recv]	st 2 5022309 95 0 100 100 92286 184572 92286 184572 0

[15:47:22]	[Recv]	eff 2 5022311 7739

[15:47:22]	[Recv]	in 3 760 5022708 6 39 7 100 100 0 0 0 -1 0 0 -1 - 0 -1 0 0 0 0 0 0 0 0 0 0 0 0

[15:47:22]	[Recv]	msgi 0 679 0 0 0 0 0

[15:47:22]	[Recv]	in 3 700 5022709 6 43 4 100 100 0 0 0 -1 0 0 -1 - 0 -1 0 0 0 0 0 0 0 0 0 0 0 0

[15:47:22]	[Recv]	msgi 0 679 0 0 0 0 0

[15:47:22]	[Recv]	in 3 710 5022710 8 39 3 100 100 0 0 0 -1 0 0 -1 - 0 -1 0 0 0 0 0 0 0 0 0 0 0 0

[15:47:22]	[Recv]	msgi 0 679 0 0 0 0 0

[15:47:22]	[Recv]	in 3 760 5022711 37 5 0 100 100 0 0 0 -1 0 0 -1 - 0 -1 0 0 0 0 0 0 0 0 0 0 0 0

[15:47:22]	[Recv]	msgi 0 679 0 0 0 0 0

[15:47:22]	[Recv]	in 3 700 5022712 37 7 5 100 100 0 0 0 -1 0 0 -1 - 0 -1 0 0 0 0 0 0 0 0 0 0 0 0

[15:47:22]	[Recv]	msgi 0 679 0 0 0 0 0

[15:47:22]	[Recv]	in 3 775 5022713 39 6 2 100 100 0 0 0 -1 0 0 -1 - 0 -1 0 0 0 0 0 0 0 0 0 0 0 0

[15:47:22]	[Recv]	msgi 0 679 0 0 0 0 0

[15:47:22]	[Recv]	in 3 700 5022714 40 8 1 100 100 0 0 0 -1 0 0 -1 - 0 -1 0 0 0 0 0 0 0 0 0 0 0 0

[15:47:22]	[Recv]	msgi 0 679 0 0 0 0 0

[15:47:22]	[Recv]	in 3 785 5022715 41 6 1 100 100 0 0 0 -1 0 0 -1 - 0 -1 0 0 0 0 0 0 0 0 0 0 0 0

[15:47:22]	[Recv]	msgi 0 679 0 0 0 0 0

[15:47:22]	[Recv]	in 3 760 5022716 43 6 2 100 100 0 0 0 -1 0 0 -1 - 0 -1 0 0 0 0 0 0 0 0 0 0 0 0

[15:47:22]	[Recv]	msgi 0 679 0 0 0 0 0

[15:47:22]	[Recv]	in 3 700 5022717 43 8 3 100 100 0 0 0 -1 0 0 -1 - 0 -1 0 0 0 0 0 0 0 0 0 0 0 0

[15:47:22]	[Recv]	msgi 0 679 0 0 0 0 0

[15:47:22]	[Recv]	in 3 700 5022718 45 7 7 100 100 0 0 0 -1 0 0 -1 - 0 -1 0 0 0 0 0 0 0 0 0 0 0 0

[15:47:22]	[Recv]	msgi 0 679 0 0 0 0 0

[15:47:22]	[Recv]	in 3 700 5022719 71 38 5 100 100 0 0 0 -1 0 0 -1 - 0 -1 0 0 0 0 0 0 0 0 0 0 0 0

[15:47:22]	[Recv]	msgi 0 679 0 0 0 0 0

[15:47:22]	[Recv]	in 3 760 5022720 72 37 4 100 100 0 0 0 -1 0 0 -1 - 0 -1 0 0 0 0 0 0 0 0 0 0 0 0

[15:47:22]	[Recv]	msgi 0 679 0 0 0 0 0

[15:47:22]	[Recv]	in 3 710 5022721 72 39 2 100 100 0 0 0 -1 0 0 -1 - 0 -1 0 0 0 0 0 0 0 0 0 0 0 0

[15:47:22]	[Recv]	msgi 0 679 0 0 0 0 0

[15:47:22]	[Recv]	eff 3 5022721 5000

[15:47:22]	[Recv]	eff 3 5022717 5000

[15:47:22]	[Recv]	eff 3 5022714 5000

[15:47:22]	[Recv]	eff 3 5022710 5000

[15:47:22]	[Recv]	eff 2 5022310 7739

[15:47:22]	[Recv]	eff 2 5022309 7739

[15:47:22]	[Recv]	sr 5

[15:47:23]	[Recv]	st 2 5022311 95 0 100 100 92286 184572 92286 184572 0

[15:47:23]	[Recv]	sp 414336 1000000 0 10000

[15:47:23]	[Recv]	st 2 5022310 95 0 100 100 92286 184572 92286 184572 0

[15:47:23]	[Recv]	st 2 5022309 95 0 100 100 92286 184572 92286 184572 0

[15:47:23]	[Send]	b_i 1 67
[15:47:23]	[Recv]	eff 1 2073308 869

[15:47:23]	[Recv]	dlgi #b_i^1^67^1 #b_i^0^0^5 1173 0 0

[15:47:24]	[Send]	#b_i^1^67^1
[15:47:24]	[Recv]	dlgi #b_i^1^67^2 #b_i^0^0^5 1166 0 0

[15:47:24]	[Recv]	scp 0
[15:47:24]	[Recv]	sp 414336 1000000 0 10000

[15:47:25]	[Send]	#b_i^1^67^2
[15:47:25]	[Recv]	ivn 1 67.0.0.0

[15:47:25]	[Recv]	st 2 5022311 95 0 100 100 92286 184572 92286 184572 0

[15:47:25]	[Send]	ptctl 5443 2 4988603 33 44 4988592 35 42 4988603 15
[15:47:25]	[Recv]	st 2 5022310 95 0 100 100 92286 184572 92286 184572 0

[15:47:25]	[Recv]	st 2 5022309 95 0 100 100 92286 184572 92286 184572 0

[15:47:25]	[Recv]	cond 1 2073308 0 0 19

[15:47:25]	[Recv]	cond 1 2073308 0 0 19

[15:47:25]	[Recv]	cond 2 4988603 0 0 15

[15:47:25]	[Recv]	cond 2 4988592 0 0 15

[15:47:25]	[Send]	ptctl 5443 2 4988603 31 44 4988592 33 42 4988603 15
[15:47:25]	[Recv]	cond 1 2073308 0 0 19

[15:47:25]	[Recv]	cond 1 2073308 0 0 19

[15:47:26]	[Recv]	cond 2 4988603 0 0 15

[15:47:26]	[Recv]	cond 2 4988592 0 0 15

[15:47:26]	[Send]	ncif 3 5022710
[15:47:26]	[Recv]	st 3 5022710 99 0 100 100 126282 2828 126282 2828 0

[15:47:26]	[Send]	ptctl 5443 2 4988603 26 44 4988592 28 42 4988603 15
[15:47:26]	[Recv]	eff 3 5022708 4799

[15:47:26]	[Recv]	cond 2 4988603 0 0 15

[15:47:26]	[Recv]	cond 2 4988592 0 0 15

[15:47:26]	[Send]	u_s 1 3 5022710
[15:47:27]	[Recv]	eff 3 5022716 4799

[15:47:27]	[Recv]	cond 1 2073308 0 0 19

[15:47:27]	[Recv]	cond 1 2073308 0 0 19

[15:47:27]	[Recv]	ms_c 0

[15:47:27]	[Recv]	qslot 0 1.1.1 1.1.2 1.1.3 1.1.4 1.1.5 1.1.6 1.1.7 1.1.9 1.1.8 1.1.10 0.1.45 0.2.21 0.1.76 1.1.38 1.3.12 0.1.34 0.1.87 0.-1.-1 0.1.84 0.1.43 1.3.11 1.1.42 1.1.41 1.3.976 0.-1.-1 0.1.70 0.2.143 0.2.25 0.2.27 0.2.26

[15:47:27]	[Recv]	qslot 1 0.-1.-1 0.-1.-1 0.-1.-1 0.-1.-1 0.-1.-1 0.-1.-1 0.-1.-1 0.-1.-1 0.-1.-1 0.-1.-1 0.1.-1 0.1.-1 1.1.41 1.1.42 0.-1.-1 7.7.-1 7.7.-1 7.7.-1 7.7.-1 0.-1.-1 0.-1.-1 0.-1.-1 0.-1.-1 0.-1.-1 0.-1.-1 0.-1.-1 0.-1.-1 0.-1.-1 0.-1.-1 0.-1.-1

[15:47:27]	[Recv]	st 2 5022311 95 0 100 100 92286 184572 92286 184572 0

[15:47:27]	[Recv]	eff 2 5022311 7739

[15:47:27]	[Recv]	ct 1 2073308 3 5022710 14 4263 1115

[15:47:27]	[Recv]	cond 1 2073308 0 0 19

[15:47:27]	[Recv]	cond 1 2073308 0 0 19

[15:47:27]	[Send]	ncif 3 5022710
[15:47:27]	[Recv]	st 3 5022710 99 0 100 100 126282 2828 126282 2828 0

[15:47:27]	[Recv]	eff 3 5022720 4799

[15:47:27]	[Recv]	eff 3 5022711 4799

[15:47:27]	[Recv]	su 1 2073308 3 5022710 1115 70 12 4264 0 0 1 100 0 4 0 126282 126282

[15:47:27]	[Send]	ptctl 5443 2 4988603 23 44 4988592 23 42 4988603 15
[15:47:27]	[Recv]	scp 1
[15:47:27]	[Recv]	st 2 5022310 95 0 100 100 92286 184572 92286 184572 0

[15:47:27]	[Recv]	eff 2 5022310 7739

[15:47:27]	[Recv]	st 2 5022309 95 0 100 100 92286 184572 92286 184572 0

[15:47:27]	[Recv]	eff 2 5022309 7739

[15:47:27]	[Recv]	cond 2 4988603 0 0 15

[15:47:27]	[Recv]	cond 2 4988592 0 0 15

[15:47:27]	[Send]	ptctl 5443 2 4988603 24 44 4988592 21 42 4988603 15
[15:47:27]	[Send]	suctl 5443 1 4988603 3 5022710
[15:47:27]	[Recv]	cond 2 4988603 0 0 15

[15:47:27]	[Recv]	cond 2 4988592 0 0 15

[15:47:28]	[Recv]	eff 2 4988603 5005

[15:47:28]	[Send]	ncif 3 5022710
[15:47:28]	[Send]	u_ts 758 55 47
[15:47:28]	[Recv]	ct 2 4988603 3 5022710 -1 -1 0

[15:47:28]	[Recv]	su 2 4988603 3 5022710 0 12 11 8360 0 0 1 93 8878 0 0 117404 126282

[15:47:28]	[Recv]	st 3 5022710 99 0 93 100 117404 2828 126282 2828 0

[15:47:28]	[Recv]	cond 2 4988602 0 0 12

[15:47:28]	[Recv]	c_mode 2 4988602 2343 0 0

[15:47:28]	[Recv]	sc_n 4 2640 4988602 94 1000 473672 991.2.4 996.0.10 317.0.5 321.0.5 0 0 1 4 566 686 820 9 160 10 201 555 264 555 248 3 7 7 110 2 17310 17310 10544 10544 0 291503800 @ 2343 0 4812.100 1318.3 1319.3 1320.7 2138 3 0

[15:47:28]	[Recv]	out 2 4988602

[15:47:28]	[Recv]	in 2 2640 4988602 57 49 2 100 100 0 0 3 2073308 1 0 2343 @ 1 4 0 0 0 0 0 0 0 0 2138 0 3 0

[15:47:28]	[Recv]	pinit 2 2|4988603|0|94|@|-1|3206|1|2723|0|0 2|4988592|1|96|@|-1|1548|0|0|0|60


[15:47:28]	[Recv]	in 2 2640 4988602 57 49 2 100 100 0 0 3 2073308 0 0 2343 @ 1 4 0 0 0 0 0 0 0 0 2138 0 3 0

[15:47:28]	[Recv]	ctl 2 4988602 0 1

[15:47:28]	[Recv]	in 2 822 4988567 53 47 2 100 100 0 0 3 2073308 0 0 -1 @ 1 3 0 0 0 0 0 0 0 0 0 0 4 0

[15:47:28]	[Recv]	ctl 2 4988567 0 1

[15:47:28]	[Recv]	cond 2 4988487 0 0 12

[15:47:28]	[Recv]	c_mode 2 4988487 2323 0 0

[15:47:28]	[Recv]	sc_n 2 319 4988487 99 1000 398653210 990.4.5 997.5.6 -1 -1 0 0 0 5 661 711 543 10 150 6 592 586 461 586 372 2 9 15 9 11 38176 38176 11281 11281 0 428143800 Kliff 2323 0 4809.100 1299.2 1300.4 1301.7 2127 1 0

[15:47:28]	[Recv]	out 2 4988487

[15:47:28]	[Recv]	in 2 319 4988487 56 47 2 100 100 0 0 3 2073308 1 0 2323 Kliff 1 2 0 0 0 0 0 0 0 0 2127 0 1 0

[15:47:28]	[Recv]	pinit 2 2|4988603|0|94|@|-1|3206|1|2723|0|0 2|4988592|1|96|@|-1|1548|0|0|0|60


[15:47:28]	[Recv]	in 2 319 4988487 56 47 2 100 100 0 0 3 2073308 0 0 2323 Kliff 1 2 0 0 0 0 0 0 0 0 2127 0 1 0

[15:47:28]	[Recv]	ctl 2 4988487 0 1

[15:47:28]	[Recv]	cond 2 4988486 0 0 11

[15:47:28]	[Recv]	c_mode 2 4988486 2367 0 0

[15:47:28]	[Recv]	sc_n 0 317 4988486 94 1000 202328 991.2.4 -1 -1 -1 0 0 1 4 558 678 801 9 160 0 88 214 107 214 79 2 1 5 1 1 16921 16921 6757 6757 0 291503800 Bob 2367 0 8239.0 0.0 0.0 0.0 2181 2 0

[15:47:28]	[Recv]	out 2 4988486

[15:47:28]	[Recv]	in 2 317 4988486 57 48 2 100 100 0 0 3 2073308 1 0 2367 Bob 1 0 0 0 0 0 0 0 0 0 2181 0 2 0

[15:47:28]	[Recv]	pinit 2 2|4988603|0|94|@|-1|3206|1|2723|0|0 2|4988592|1|96|@|-1|1548|0|0|0|60


[15:47:28]	[Recv]	in 2 317 4988486 57 48 2 100 100 0 0 3 2073308 0 0 2367 Bob 1 0 0 0 0 0 0 0 0 0 2181 0 2 0

[15:47:28]	[Recv]	ctl 2 4988486 0 1

[15:47:28]	[Recv]	bf 1 2073308 0.1025.200 99

[15:47:28]	[Recv]	sayi 1 2073308 20 26 3 1025 0 0 0

[15:47:28]	[Recv]	team_cool 0 900

[15:47:28]	[Recv]	ct 3 5022710 2 4988592 -1 -1 767

[15:47:28]	[Recv]	in 3 804 5022732 17 41 2 100 100 0 0 0 -1 0 0 -1 - 0 -1 0 0 0 0 0 0 0 0 0 0 0 0

[15:47:28]	[Recv]	su 3 5022710 3 5022710 767 100 11 7287 0 0 1 93 0 -1 0 117404 126282

[15:47:28]	[Send]	u_s 0 3 5022710
[15:47:28]	[Recv]	eff 1 2073308 869

[15:47:28]	[Send]	ptctl 5443 1 4988592 18 40 4988592 15
[15:47:28]	[Recv]	eff 3 5022732 5000

[15:47:28]	[Recv]	ct 1 2073308 3 5022710 -1 -1 1114

[15:47:28]	[Recv]	su 1 2073308 3 5022710 1114 7 11 4260 0 0 1 93 0 4 0 117404 126282

[15:47:28]	[Recv]	cond 2 4988592 0 0 15

[15:47:29]	[Recv]	ct 2 4988486 3 5022721 -1 -1 0

[15:47:29]	[Recv]	ct 2 4988602 3 5022720 -1 -1 0

[15:47:29]	[Recv]	su 2 4988602 3 5022720 0 11 11 4085 0 0 1 100 0 4 0 13880 13880

[15:47:29]	[Send]	suctl 5443 1 4988603 3 5022710
[15:47:29]	[Send]	ptctl 5443 2 4988603 23 49 4988592 19 46 4988603 15
[15:47:29]	[Recv]	su 2 4988486 3 5022721 0 6 11 7130 0 0 1 100 0 4 0 126282 126282

[15:47:29]	[Recv]	st 2 5022311 95 0 100 100 92286 184572 92286 184572 0

[15:47:29]	[Recv]	eff 2 4988603 5005

[15:47:29]	[Send]	ncif 3 5022710
[15:47:29]	[Send]	ptctl 5443 2 4988603 22 50 4988592 19 47 4988603 15
[15:47:29]	[Recv]	cond 1 2073308 0 0 19

[15:47:29]	[Recv]	cond 1 2073308 0 0 19

[15:47:29]	[Recv]	sayt 1 7836794 13 Xoaisisi99 SELL 200KK 20€ OR 500KK 40€, DISCORD fresty02 LAST 900KK  VENDO/SELL KK 0.10 € 1KK, DISCORD fresty02 LAST 900KK

[15:47:29]	[Recv]	cond 2 4988603 0 0 15

[15:47:29]	[Recv]	cond 2 4988592 0 0 15

[15:47:29]	[Recv]	st 3 5022710 99 0 93 100 117404 2828 126282 2828 0

[15:47:29]	[Recv]	ct 3 5022732 2 4988592 -1 -1 779

[15:47:29]	[Recv]	st 2 5022310 95 0 100 100 92286 184572 92286 184572 0

[15:47:29]	[Recv]	st 2 5022309 95 0 100 100 92286 184572 92286 184572 0

[15:47:29]	[Recv]	sr 0

[15:47:29]	[Recv]	cond 2 4988603 0 0 15

[15:47:29]	[Recv]	cond 2 4988592 0 0 15

[15:47:29]	[Send]	u_s 0 3 5022710
[15:47:29]	[Send]	ptctl 5443 1 4988592 19 41 4988592 15
[15:47:29]	[Recv]	ct 3 5022710 2 4988592 -1 -1 0

[15:47:29]	[Recv]	su 3 5022710 2 4988592 0 5 11 1061 0 0 1 99 198 0 0 57429 57771

[15:47:29]	[Recv]	cond 1 2073308 0 0 19

[15:47:29]	[Recv]	cond 1 2073308 0 0 19

[15:47:30]	[Recv]	ct 2 4988486 3 5022721 -1 -1 0

[15:47:30]	[Recv]	ct 1 2073308 3 5022710 -1 -1 1114

[15:47:30]	[Recv]	su 1 2073308 3 5022710 1114 7 11 4260 0 0 1 93 0 4 0 117404 126282

[15:47:30]	[Recv]	cond 2 4988592 0 0 15

[15:47:30]	[Send]	ptctl 5443 2 4988603 25 52 4988592 22 47 4988603 15
[15:47:30]	[Recv]	su 2 4988486 3 5022721 0 6 11 7130 0 0 1 96 4830 0 0 121452 126282

[15:47:30]	[Recv]	cond 1 2073308 0 0 19

[15:47:30]	[Recv]	cond 1 2073308 0 0 19

[15:47:30]	[Send]	ptctl 5443 2 4988603 24 51 4988592 23 48 4988603 15
[15:47:30]	[Send]	ncif 3 5022710
[15:47:30]	[Recv]	cond 2 4988603 0 0 15

[15:47:30]	[Recv]	cond 2 4988592 0 0 15

[15:47:30]	[Recv]	ct 2 4988487 3 5022719 -1 -1 0

[15:47:30]	[Recv]	ct 2 4988567 3 5022719 -1 -1 0

[15:47:30]	[Recv]	ct 2 4988602 3 5022720 -1 -1 0

[15:47:30]	[Recv]	su 2 4988602 3 5022720 0 11 11 4085 0 0 1 35 8928 0 0 4952 13880

[15:47:30]	[Recv]	cond 2 4988603 0 0 15

[15:47:30]	[Recv]	cond 2 4988592 0 0 15

[15:47:30]	[Recv]	st 3 5022710 99 0 93 100 117404 2828 126282 2828 0

[15:47:30]	[Recv]	su 2 4988487 3 5022719 0 6 11 4035 0 0 1 96 4385 0 0 106522 110907

[15:47:30]	[Recv]	su 2 4988567 3 5022719 0 6 11 3601 0 0 1 92 4427 0 0 102095 110907

[15:47:30]	[Send]	u_s 5 1 2073308
[15:47:30]	[Recv]	sr 0

[15:47:30]	[Recv]	cond 1 2073308 0 0 19

[15:47:30]	[Recv]	cond 1 2073308 0 0 19

[15:47:30]	[Recv]	ct 3 5022708 2 5022309 -1 -1 0

[15:47:30]	[Recv]	su 3 5022708 2 5022309 0 25 11 7200 0 0 1 97 2188 0 0 90098 92286

[15:47:30]	[Recv]	ms_c 0

[15:47:30]	[Recv]	qslot 0 1.1.1 1.1.2 1.1.3 1.1.4 1.1.5 1.1.6 1.1.7 1.1.9 1.1.8 1.1.10 0.1.45 0.2.21 0.1.76 1.1.38 1.3.12 0.1.34 0.1.87 0.-1.-1 0.1.84 0.1.43 1.3.11 1.1.42 1.1.41 1.3.976 0.-1.-1 0.1.70 0.2.143 0.2.25 0.2.27 0.2.26

[15:47:30]	[Recv]	qslot 1 0.-1.-1 0.-1.-1 0.-1.-1 0.-1.-1 0.-1.-1 0.-1.-1 0.-1.-1 0.-1.-1 0.-1.-1 0.-1.-1 0.1.-1 0.1.-1 1.1.41 1.1.42 0.-1.-1 7.7.-1 7.7.-1 7.7.-1 7.7.-1 0.-1.-1 0.-1.-1 0.-1.-1 0.-1.-1 0.-1.-1 0.-1.-1 0.-1.-1 0.-1.-1 0.-1.-1 0.-1.-1 0.-1.-1

[15:47:30]	[Recv]	ct 1 2073308 1 2073308 -1 -1 1119

[15:47:31]	[Recv]	ct 3 5022719 2 4988487 -1 -1 0

[15:47:31]	[Recv]	su 3 5022719 2 4988487 0 10 11 4789 0 0 1 97 889 0 0 37287 38176

[15:47:31]	[Recv]	ct 2 4988486 3 5022721 -1 -1 0

[15:47:31]	[Recv]	bf 1 2073308 0.561.3000 99

[15:47:31]	[Recv]	bf 1 2073308 0.578.1200 99

[15:47:31]	[Recv]	bf 1 2073308 0.941.0 99

[15:47:31]	[Recv]	bf 1 2073308 0.830.60 99

[15:47:31]	[Recv]	eff 1 2073308 0

[15:47:31]	[Recv]	sayi 1 2073308 20 26 3 830 0 0 0

[15:47:31]	[Recv]	su 1 2073308 1 2073308 1119 600 25 4265 0 0 1 100 0 -1 0 96297 96297

[15:47:31]	[Recv]	su 2 4988486 3 5022721 0 6 11 7130 0 0 1 92 4794 0 0 116658 126282

[15:47:31]	[Recv]	st 2 5022311 95 0 100 100 92286 184572 92286 184572 0

[15:47:31]	[Send]	ptctl 5443 1 4988592 26 51 4988592 15
[15:47:31]	[Send]	ncif 3 5022710
[15:47:31]	[Recv]	su 3 5022732 2 4988592 779 30 11 3617 0 0 1 99 295 0 0 57134 57771

[15:47:31]	[Recv]	dm 2 4988592 3000 1

[15:47:31]	[Recv]	ct 3 5022721 2 4988486 -1 -1 767

[15:47:31]	[Recv]	in 3 804 5022734 59 44 2 100 100 0 0 0 -1 0 0 -1 - 0 -1 0 0 0 0 0 0 0 0 0 0 0 0

[15:47:31]	[Recv]	su 3 5022721 3 5022721 767 100 11 7287 0 0 1 92 0 -1 0 116658 126282

[15:47:31]	[Recv]	ct 2 4988487 3 5022719 -1 -1 0

[15:47:31]	[Recv]	ct 2 4988567 3 5022719 -1 -1 0

[15:47:31]	[Recv]	cond 2 4988592 0 0 15

[15:47:31]	[Recv]	st 3 5022710 99 0 93 100 117404 2828 126282 2828 0

[15:47:31]	[Send]	suctl 5443 1 4988603 3 5022710
[15:47:31]	[Recv]	die 3 5022732 3 5022732

[15:47:31]	[Recv]	eff 3 5022708 4799

[15:47:31]	[Recv]	su 2 4988487 3 5022719 0 6 11 4035 0 0 1 92 0 1 0 102095 110907

[15:47:31]	[Recv]	su 2 4988567 3 5022719 0 6 11 3601 0 0 1 91 192 0 0 101903 110907

[15:47:31]	[Recv]	st 2 5022310 95 0 100 100 92286 184572 92286 184572 0

[15:47:31]	[Recv]	st 2 5022309 95 0 97 100 90098 184572 92286 184572 0

[15:47:31]	[Recv]	eff 2 4988603 5005

[15:47:31]	[Send]	ptctl 5443 1 4988592 24 46 4988592 15
[15:47:31]	[Recv]	ct 2 4988602 3 5022720 -1 -1 0

[15:47:31]	[Recv]	su 2 4988602 3 5022720 0 11 11 4085 0 0 0 0 8902 0 0 0 13880

[15:47:31]	[Recv]	lev 99 0 99 0 2140719000 5991794 66993052 2 0 90 917705181 0

[15:47:31]	[Recv]	cond 2 4988592 0 0 15

[15:47:32]	[Recv]	eff 3 5022732 3617

[15:47:32]	[Recv]	eff 3 5022716 4799

[15:47:32]	[Recv]	ct 2 4988486 3 5022721 -1 -1 0

[15:47:32]	[Recv]	ct 2 4988603 3 5022710 -1 -1 0

[15:47:32]	[Recv]	su 2 4988603 3 5022710 0 12 11 8360 0 0 1 85 8901 0 0 108503 126282

[15:47:32]	[Send]	u_s 0 3 5022710
[15:47:32]	[Recv]	su 2 4988486 3 5022721 0 6 11 7130 0 0 1 88 4837 0 0 111821 126282

[15:47:32]	[Recv]	eff 2 5022311 7739

[15:47:32]	[Send]	ptctl 5443 2 4988603 23 53 4988592 26 54 4988603 15
[15:47:32]	[Send]	ncif 3 5022710
[15:47:32]	[Recv]	ct 1 2073308 3 5022710 -1 -1 1114

[15:47:32]	[Recv]	su 1 2073308 3 5022710 1114 7 11 4260 0 0 1 85 0 4 0 108503 126282

[15:47:32]	[Recv]	cond 2 4988603 0 0 15

[15:47:32]	[Recv]	cond 2 4988592 0 0 15

[15:47:32]	[Send]	ptctl 5443 2 4988603 25 53 4988592 24 55 4988603 15
[15:47:32]	[Recv]	eff 3 5022711 4799

[15:47:32]	[Recv]	ct 2 4988487 3 5022719 -1 -1 0

[15:47:32]	[Recv]	st 3 5022710 99 0 85 100 108503 2828 126282 2828 0

[15:47:32]	[Send]	ptctl 5443 2 4988603 25 54 4988592 25 54 4988603 15
[15:47:32]	[Recv]	cond 1 2073308 0 0 19

[15:47:32]	[Recv]	cond 1 2073308 0 0 19

[15:47:32]	[Recv]	sp 414324 1000000 0 10000

[15:47:32]	[Recv]	ct 3 5022721 2 4988486 -1 -1 0

[15:47:32]	[Recv]	su 3 5022721 2 4988486 0 5 11 1061 0 0 1 95 798 0 0 16123 16921

[15:47:32]	[Recv]	su 2 4988487 3 5022719 0 6 11 4035 0 0 1 91 0 1 0 101903 110907

[15:47:32]	[Recv]	eff 2 5022310 7739

[15:47:32]	[Recv]	eff 2 5022309 7739

[15:47:32]	[Recv]	cond 2 4988603 0 0 15

[15:47:32]	[Recv]	cond 2 4988592 0 0 15

[15:47:32]	[Recv]	cond 1 2073308 0 0 19

[15:47:32]	[Recv]	cond 1 2073308 0 0 19

[15:47:32]	[Send]	ptctl 5443 1 4988592 25 48 4988592 15
[15:47:32]	[Recv]	cond 2 4988603 0 0 15

[15:47:32]	[Recv]	cond 2 4988592 0 0 15

[15:47:32]	[Send]	ptctl 5443 1 4988603 24 52 4988603 15
[15:47:32]	[Send]	suctl 5443 1 4988603 3 5022710
[15:47:32]	[Recv]	cond 2 4988592 0 0 15

[15:47:33]	[Send]	u_s 0 3 5022710
[15:47:33]	[Recv]	ct 2 4988486 3 5022721 -1 -1 0

[15:47:33]	[Recv]	sr 0

[15:47:33]	[Recv]	cond 2 4988603 0 0 15

[15:47:33]	[Recv]	eff 2 4988603 5005

[15:47:33]	[Recv]	ct 3 5022719 2 4988487 -1 -1 0

[15:47:33]	[Recv]	su 3 5022719 2 4988487 0 10 11 4789 0 0 1 95 912 0 0 36375 38176

[15:47:33]	[Recv]	su 2 4988486 3 5022721 0 6 11 7130 0 0 1 84 4720 0 0 107101 126282

[15:47:33]	[Recv]	ct 2 4988602 3 5022734 -1 -1 0

[15:47:33]	[Recv]	su 2 4988602 3 5022734 0 11 11 4085 0 0 0 0 6503 0 0 0 5170

[15:47:33]	[Recv]	lev 99 0 99 0 2140719000 5991794 66993052 2 0 90 917705181 0

[15:47:33]	[Recv]	st 2 5022311 95 0 100 100 92286 184572 92286 184572 0

[15:47:33]	[Recv]	cond 1 2073308 0 0 19

[15:47:33]	[Recv]	cond 1 2073308 0 0 19

[15:47:33]	[Send]	ptctl 5443 2 4988603 20 54 4988592 22 54 4988603 15
[15:47:33]	[Send]	ncif 3 5022710
[15:47:33]	[Recv]	ct 2 4988487 3 5022719 -1 -1 0

[15:47:33]	[Recv]	ct 2 4988567 3 5022719 -1 -1 0

[15:47:33]	[Recv]	ct 2 4988603 3 5022710 -1 -1 0

[15:47:33]	[Recv]	su 2 4988603 3 5022710 0 12 11 8360 0 0 1 79 8749 0 0 99754 126282

[15:47:33]	[Recv]	ct 1 2073308 3 5022710 -1 -1 1114

[15:47:33]	[Recv]	su 1 2073308 3 5022710 1114 7 11 4260 0 0 1 4 94133 3 0 5621 126282

[15:47:33]	[Recv]	cond 2 4988603 0 0 15

[15:47:33]	[Recv]	cond 2 4988592 0 0 15

[15:47:33]	[Send]	ptctl 5443 2 4988603 21 56 4988592 22 52 4988603 15
[15:47:33]	[Send]	pulse 6780 0
[15:47:33]	[Recv]	st 3 5022710 99 0 4 100 5621 2828 126282 2828 0

[15:47:33]	[Send]	ptctl 5443 2 4988603 19 54 4988592 23 54 4988603 15
[15:47:33]	[Recv]	umi 5060.339 5676.-1 5797.-1 13459.-2

[15:47:33]	[Recv]	eff 3 5022734 3617

[15:47:33]	[Recv]	ct 3 5022710 2 4988592 -1 -1 0

[15:47:33]	[Recv]	su 3 5022710 2 4988592 0 5 11 1061 0 0 1 93 40 0 0 54094 57771

[15:47:33]	[Recv]	su 2 4988487 3 5022719 0 6 11 4035 0 0 1 91 0 1 0 101903 110907

[15:47:33]	[Recv]	su 2 4988567 3 5022719 0 6 11 3601 0 0 1 89 3193 0 0 98710 110907

[15:47:33]	[Recv]	st 2 5022310 95 0 100 100 92286 184572 92286 184572 0

[15:47:33]	[Recv]	st 2 5022309 95 0 98 100 91020 184572 92286 184572 0

[15:47:33]	[Recv]	cond 1 2073308 0 0 19

[15:47:33]	[Recv]	cond 1 2073308 0 0 19

[15:47:33]	[Send]	ptctl 5443 2 4988603 20 54 4988592 21 54 4988603 15
[15:47:33]	[Recv]	eff 1 2073308 869

[15:47:33]	[Recv]	cond 2 4988603 0 0 15

[15:47:33]	[Recv]	cond 2 4988592 0 0 15

[15:47:33]	[Recv]	ct 3 5022721 2 4988486 -1 -1 0

[15:47:33]	[Recv]	su 3 5022721 2 4988486 0 5 11 1061 0 0 1 90 856 0 0 15267 16921

[15:47:33]	[Recv]	cond 1 2073308 0 0 19

[15:47:33]	[Recv]	cond 1 2073308 0 0 19

[15:47:34]	[Send]	ptctl 5443 1 4988592 23 47 4988592 15
[15:47:34]	[Send]	u_s 0 3 5022710
[15:47:34]	[Recv]	ct 2 4988486 3 5022721 -1 -1 0

[15:47:34]	[Recv]	cond 2 4988603 0 0 15

[15:47:34]	[Recv]	cond 2 4988592 0 0 15

[15:47:34]	[Recv]	sr 0

[15:47:34]	[Recv]	cond 1 2073308 0 0 19

[15:47:34]	[Recv]	cond 1 2073308 0 0 19

[15:47:34]	[Send]	ptctl 5443 1 4988603 23 52 4988603 15
[15:47:34]	[Send]	suctl 5443 1 4988603 3 5022710
[15:47:34]	[Recv]	su 2 4988486 3 5022721 0 6 11 7130 0 0 1 81 4815 0 0 102286 126282

[15:47:34]	[Recv]	cond 2 4988603 0 0 15

[15:47:34]	[Recv]	cond 2 4988592 0 0 15

[15:47:34]	[Recv]	cond 2 4988592 0 0 15

[15:47:34]	[Send]	ncif 3 5022710
[15:47:34]	[Recv]	ct 2 4988487 3 5022719 -1 -1 0

[15:47:34]	[Recv]	ct 2 4988567 3 5022719 -1 -1 0

[15:47:34]	[Recv]	cond 1 2073308 0 0 19

[15:47:34]	[Recv]	cond 1 2073308 0 0 19

[15:47:34]	[Recv]	sr 1

[15:47:34]	[Recv]	su 2 4988487 3 5022719 0 6 11 4035 0 0 1 89 0 1 0 98710 110907

[15:47:34]	[Recv]	su 2 4988567 3 5022719 0 6 11 3601 0 0 1 88 193 0 0 98517 110907

[15:47:34]	[Recv]	ct 2 4988602 3 5022721 -1 -1 0

[15:47:34]	[Recv]	eff 2 4988602 15

[15:47:34]	[Recv]	su 2 4988602 3 5022721 0 11 11 4085 0 0 1 72 10466 0 0 91820 126282

[15:47:34]	[Recv]	ct 1 2073308 3 5022710 -1 -1 1114

[15:47:34]	[Recv]	eff 1 2073308 15

[15:47:34]	[Recv]	su 1 2073308 3 5022710 1114 7 11 4260 0 0 0 0 82782 0 0 0 126282

[15:47:34]	[Recv]	lev 99 0 99 0 2140719000 5991794 66993052 2 0 90 917705181 0

[15:47:34]	[Recv]	cond 2 4988603 0 0 15

[15:47:34]	[Send]	ptctl 5443 2 4988603 22 57 4988592 23 53 4988603 15
[15:47:34]	[Send]	ncif 3 5022708
[15:47:34]	[Recv]	cond 1 2073308 0 0 19

[15:47:34]	[Recv]	cond 1 2073308 0 0 19

[15:47:35]	[Recv]	ct 3 5022721 2 4988486 -1 -1 0

[15:47:35]	[Recv]	su 3 5022721 2 4988486 0 5 11 1061 0 0 1 85 820 0 0 14447 16921

[15:47:35]	[Recv]	ct 3 5022715 1 2073308 -1 -1 0

[15:47:35]	[Recv]	su 3 5022715 1 2073308 0 10 11 7200 0 0 1 100 0 4 0 96297 96297

[15:47:35]	[Recv]	ct 2 4988486 3 5022721 -1 -1 0

[15:47:35]	[Recv]	cond 2 4988603 0 0 15

[15:47:35]	[Recv]	cond 2 4988592 0 0 15

[15:47:35]	[Recv]	st 3 5022708 99 0 100 100 13880 2828 13880 2828 0

[15:47:35]	[Recv]	su 2 4988486 3 5022721 0 6 11 7130 0 0 1 72 0 4 0 91820 126282

[15:47:35]	[Recv]	st 2 5022311 95 0 100 100 92286 184572 92286 184572 0

[15:47:35]	[Send]	ptctl 5443 1 4988592 18 51 4988592 15
[15:47:35]	[Send]	u_s 8 3 5022708
[15:47:35]	[Recv]	sr 0

[15:47:35]	[Recv]	cond 2 4988592 0 0 15

[15:47:35]	[Recv]	ct 3 5022719 2 4988487 -1 -1 0

[15:47:35]	[Recv]	su 3 5022719 2 4988487 0 10 11 4789 0 0 1 93 879 0 0 35496 38176

[15:47:35]	[Recv]	ct 2 4988487 3 5022719 -1 -1 0

[15:47:35]	[Recv]	ct 2 4988567 3 5022719 -1 -1 0

[15:47:35]	[Recv]	cond 1 2073308 0 0 19

[15:47:35]	[Recv]	cond 1 2073308 0 0 19

[15:47:35]	[Send]	suctl 5443 1 4988603 3 5022708
[15:47:35]	[Recv]	ms_c 0

[15:47:35]	[Recv]	qslot 0 1.1.1 1.1.2 1.1.3 1.1.4 1.1.5 1.1.6 1.1.7 1.1.9 1.1.8 1.1.10 0.1.45 0.2.21 0.1.76 1.1.38 1.3.12 0.1.34 0.1.87 0.-1.-1 0.1.84 0.1.43 1.3.11 1.1.42 1.1.41 1.3.976 0.-1.-1 0.1.70 0.2.143 0.2.25 0.2.27 0.2.26

[15:47:35]	[Recv]	qslot 1 0.-1.-1 0.-1.-1 0.-1.-1 0.-1.-1 0.-1.-1 0.-1.-1 0.-1.-1 0.-1.-1 0.-1.-1 0.-1.-1 0.1.-1 0.1.-1 1.1.41 1.1.42 0.-1.-1 7.7.-1 7.7.-1 7.7.-1 7.7.-1 0.-1.-1 0.-1.-1 0.-1.-1 0.-1.-1 0.-1.-1 0.-1.-1 0.-1.-1 0.-1.-1 0.-1.-1 0.-1.-1 0.-1.-1

[15:47:35]	[Send]	ncif 3 5022708
[15:47:35]	[Recv]	su 2 4988487 3 5022719 0 6 11 4035 0 0 1 88 0 1 0 98517 110907

[15:47:35]	[Recv]	su 2 4988567 3 5022719 0 6 11 3601 0 0 1 88 0 4 0 98517 110907

[15:47:35]	[Recv]	st 2 5022310 95 0 100 100 92286 184572 92286 184572 0

[15:47:35]	[Recv]	st 2 5022309 95 0 99 100 91942 184572 92286 184572 0

[15:47:35]	[Recv]	ct 1 2073308 3 5022708 -1 -1 1122

[15:47:35]	[Recv]	eff 2 4988603 5005

[15:47:35]	[Recv]	su 1 2073308 3 5022708 1122 150 41 4268 0 0 0 0 35565 0 0 0 13880

[15:47:35]	[Recv]	lev 99 0 99 0 2140719000 5991794 66993052 2 0 90 917705181 0

[15:47:35]	[Recv]	mslot 1125 -1

[15:47:35]	[Recv]	qset 0 8 1.1.11.0

[15:47:35]	[Recv]	cond 1 2073308 0 0 19

[15:47:35]	[Recv]	bf 1 2073308 0.4254.80 99

[15:47:35]	[Recv]	sayi 1 2073308 20 26 3 4254 0 0 0

[15:47:35]	[Recv]	sayi 1 2073308 20 23 3 4254 0 0 0

[15:47:36]	[Recv]	ct 2 4988486 3 5022721 -1 -1 0

[15:47:36]	[Recv]	ct 2 4988602 3 5022721 -1 -1 0

[15:47:36]	[Recv]	su 2 4988602 3 5022721 0 11 11 4085 0 0 1 72 0 4 0 91820 126282

[15:47:36]	[Send]	ptctl 5443 1 4988592 16 51 4988592 15
[15:47:36]	[Recv]	ct 3 5022721 2 4988486 -1 -1 0

[15:47:36]	[Recv]	su 3 5022721 2 4988486 0 5 11 1061 0 0 1 80 802 0 0 13645 16921

[15:47:36]	[Recv]	su 2 4988486 3 5022721 0 6 11 7130 0 0 1 62 12862 3 0 78958 126282

[15:47:36]	[Recv]	sc_p 170 1548 4988592 96 568 24132019 0 0 1889 2049 1289 19 90 9 975 627 958 627 866 3 90 90 110 80 54094 57771 18100 18100 1 84982200 0 @ 0 0 6 60 1831 1798 0 100

[15:47:36]	[Send]	ncif 3 5022709
[15:47:36]	[Send]	mtlist 0 
[15:47:36]	[Send]	u_s 11 3 5022709
[15:47:36]	[Recv]	cond 2 4988592 0 0 15

[15:47:36]	[Send]	ptctl 5443 1 4988592 21 51 4988592 15
[15:47:36]	[Recv]	ct 2 4988487 3 5022719 -1 -1 0

[15:47:36]	[Recv]	ct 2 4988567 3 5022719 -1 -1 0

[15:47:36]	[Recv]	st 3 5022709 99 0 100 100 110907 2828 110907 2828 0

[15:47:36]	[Recv]	su 2 4988487 3 5022719 0 6 11 4035 0 0 1 88 0 1 0 98517 110907

[15:47:36]	[Recv]	su 2 4988567 3 5022719 0 6 11 3601 0 0 1 88 0 4 0 98517 110907

[15:47:36]	[Recv]	ms_c 0

[15:47:36]	[Recv]	qslot 0 1.1.1 1.1.2 1.1.3 1.1.4 1.1.5 1.1.6 1.1.7 1.1.9 1.1.8 1.1.10 0.1.45 0.2.21 0.1.76 1.1.38 1.3.12 0.1.34 0.1.87 0.-1.-1 0.1.84 0.1.43 1.3.11 1.1.42 1.1.41 1.3.976 0.-1.-1 0.1.70 0.2.143 0.2.25 0.2.27 0.2.26

[15:47:36]	[Recv]	qslot 1 0.-1.-1 0.-1.-1 0.-1.-1 0.-1.-1 0.-1.-1 0.-1.-1 0.-1.-1 0.-1.-1 0.-1.-1 0.-1.-1 0.1.-1 0.1.-1 1.1.41 1.1.42 0.-1.-1 7.7.-1 7.7.-1 7.7.-1 7.7.-1 0.-1.-1 0.-1.-1 0.-1.-1 0.-1.-1 0.-1.-1 0.-1.-1 0.-1.-1 0.-1.-1 0.-1.-1 0.-1.-1 0.-1.-1

[15:47:36]	[Recv]	ct 1 2073308 3 5022709 -1 -1 1125

[15:47:36]	[Recv]	cond 1 2073308 0 0 22

[15:47:36]	[Recv]	bf 1 2073308 0.576.20 99

[15:47:36]	[Recv]	sayi 1 2073308 20 26 3 576 0 0 0

[15:47:36]	[Recv]	eff 1 2073308 15

[15:47:36]	[Recv]	su 1 2073308 3 5022709 1125 3 22 4272 0 0 0 0 228009 3 0 0 110907

[15:47:36]	[Recv]	lev 99 0 99 0 2140719000 5991794 66993052 2 0 90 917705181 0

[15:47:36]	[Recv]	mslot 1126 -1

[15:47:36]	[Recv]	qset 0 8 1.1.12.0

[15:47:36]	[Recv]	cond 2 4988592 0 0 15

[15:47:36]	[Send]	ptctl 5443 1 4988603 24 57 4988603 15
[15:47:36]	[Recv]	sayi 1 2073308 20 22 3 830 0 0 0

[15:47:36]	[Recv]	bf 1 2073308 0.830.0 99

[15:47:36]	[Recv]	bf 1 2073308 0.941.3000 99

[15:47:36]	[Recv]	sayi 1 2073308 20 26 3 941 0 0 0

[15:47:36]	[Recv]	cond 2 4988603 0 0 15

[15:47:37]	[Send]	ptctl 5443 2 4988603 28 57 4988592 24 51 4988603 15
[15:47:37]	[Recv]	eff 3 5022716 4799

[15:47:37]	[Recv]	ct 2 4988486 3 5022721 -1 -1 0

[15:47:37]	[Recv]	sr 11

[15:47:37]	[Send]	ptctl 5443 2 4988603 29 57 4988592 25 51 4988603 15
[15:47:37]	[Recv]	cond 1 2073308 0 0 22

[15:47:37]	[Recv]	cond 1 2073308 0 0 22

[15:47:37]	[Recv]	ct 3 5022715 1 2073308 -1 -1 0

[15:47:37]	[Recv]	su 3 5022715 1 2073308 0 10 11 7200 0 0 1 99 450 0 0 95847 96297

[15:47:37]	[Recv]	su 2 4988486 3 5022721 0 6 11 7130 0 0 1 58 4725 0 0 74233 126282

[15:47:37]	[Recv]	st 2 5022311 95 0 100 100 92286 184572 92286 184572 0

[15:47:37]	[Recv]	eff 2 5022311 7739

[15:47:37]	[Recv]	cond 2 4988603 0 0 15

[15:47:37]	[Recv]	cond 2 4988592 0 0 15

[15:47:37]	[Recv]	cond 1 2073308 0 0 22

[15:47:37]	[Recv]	cond 1 2073308 0 0 22

[15:47:37]	[Send]	ncif 3 5022715
[15:47:37]	[Recv]	ct 3 5022721 2 4988486 -1 -1 0

[15:47:37]	[Recv]	su 3 5022721 2 4988486 0 5 11 1061 0 0 1 75 826 0 0 12819 16921

[15:47:37]	[Recv]	eff 3 5022711 4799

[15:47:37]	[Recv]	ct 2 4988487 3 5022719 -1 -1 0

[15:47:37]	[Recv]	ct 2 4988567 3 5022719 -1 -1 0

[15:47:37]	[Recv]	ct 2 4988602 3 5022721 -1 -1 0

[15:47:37]	[Recv]	su 2 4988602 3 5022721 0 11 11 4085 0 0 1 51 8656 0 0 65577 126282

[15:47:37]	[Recv]	cond 2 4988603 0 0 15

[15:47:37]	[Recv]	cond 2 4988592 0 0 15

[15:47:37]	[Send]	mtlist 0 
[15:47:37]	[Send]	u_s 12 3 5022715
[15:47:37]	[Recv]	st 3 5022715 99 0 100 100 13880 2828 13880 2828 0

[15:47:37]	[Send]	ptctl 5443 1 4988592 27 47 4988592 15
[15:47:37]	[Recv]	sp 414314 1000000 0 10000

[15:47:37]	[Recv]	ct 3 5022719 2 4988487 -1 -1 0

[15:47:37]	[Recv]	su 3 5022719 2 4988487 0 10 11 4789 0 0 1 90 857 0 0 34639 38176

[15:47:37]	[Recv]	su 2 4988487 3 5022719 0 6 11 4035 0 0 1 88 0 1 0 98517 110907

[15:47:37]	[Recv]	su 2 4988567 3 5022719 0 6 11 3601 0 0 1 88 199 0 0 98318 110907

[15:47:37]	[Recv]	st 2 5022310 95 0 100 100 92286 184572 92286 184572 0

[15:47:37]	[Recv]	eff 2 5022310 7739

[15:47:37]	[Recv]	st 2 5022309 95 0 100 100 92286 184572 92286 184572 0

[15:47:37]	[Recv]	eff 2 5022309 7739

[15:47:37]	[Recv]	cond 1 2073308 0 0 22

[15:47:37]	[Recv]	cond 1 2073308 0 0 22

[15:47:37]	[Recv]	ms_c 0

[15:47:37]	[Recv]	qslot 0 1.1.1 1.1.2 1.1.3 1.1.4 1.1.5 1.1.6 1.1.7 1.1.9 1.1.8 1.1.10 0.1.45 0.2.21 0.1.76 1.1.38 1.3.12 0.1.34 0.1.87 0.-1.-1 0.1.84 0.1.43 1.3.11 1.1.42 1.1.41 1.3.976 0.-1.-1 0.1.70 0.2.143 0.2.25 0.2.27 0.2.26

[15:47:37]	[Recv]	qslot 1 0.-1.-1 0.-1.-1 0.-1.-1 0.-1.-1 0.-1.-1 0.-1.-1 0.-1.-1 0.-1.-1 0.-1.-1 0.-1.-1 0.1.-1 0.1.-1 1.1.41 1.1.42 0.-1.-1 7.7.-1 7.7.-1 7.7.-1 7.7.-1 0.-1.-1 0.-1.-1 0.-1.-1 0.-1.-1 0.-1.-1 0.-1.-1 0.-1.-1 0.-1.-1 0.-1.-1 0.-1.-1 0.-1.-1

[15:47:37]	[Recv]	ct 1 2073308 3 5022715 -1 -1 1126

[15:47:37]	[Recv]	rc 1 2073308 200 0

[15:47:37]	[Recv]	su 1 2073308 3 5022715 1126 3 26 4273 0 0 0 0 94055 3 0 0 13880

[15:47:37]	[Recv]	in 3 2371 5022753 28 53 2 100 100 0 0 0 -1 0 0 -1 - 0 -1 0 0 0 0 0 0 0 0 0 0 0 0

[15:47:37]	[Recv]	guri 31 1 2073308 28 53

[15:47:37]	[Recv]	lev 99 0 99 0 2140719000 5991794 66993052 2 0 90 917705181 0

[15:47:37]	[Recv]	cond 1 2073308 0 0 23

[15:47:37]	[Recv]	bf 1 2073308 0.567.400 99

[15:47:37]	[Recv]	eff 1 2073308 0

[15:47:38]	[Recv]	sayi 1 2073308 20 26 3 567 0 0 0

[15:47:38]	[Recv]	mslot 1125 -1

[15:47:38]	[Recv]	qset 0 8 1.1.11.0

[15:47:38]	[Recv]	cond 2 4988592 0 0 15

[15:47:38]	[Send]	ptctl 5443 1 4988603 33 55 4988603 15
[15:47:38]	[Recv]	ct 2 4988486 3 5022721 -1 -1 0

[15:47:38]	[Send]	ptctl 5443 2 4988603 34 55 4988592 30 49 4988603 15
[15:47:38]	[Recv]	cond 2 4988603 0 0 15

[15:47:38]	[Send]	ptctl 5443 2 4988603 35 53 4988592 31 49 4988603 15
[15:47:38]	[Recv]	su 2 4988486 3 5022721 0 6 11 7130 0 0 1 48 4791 0 0 60786 126282

[15:47:38]	[Recv]	sr 12

[15:47:38]	[Recv]	cond 1 2073308 0 0 23

[15:47:38]	[Recv]	cond 1 2073308 0 0 23

[15:47:38]	[Recv]	cond 2 4988603 0 0 15

[15:47:38]	[Recv]	cond 2 4988592 0 0 15

[15:47:38]	[Send]	ptctl 5443 2 4988603 33 51 4988592 32 49 4988603 15
[15:47:38]	[Recv]	ct 2 4988487 3 5022719 -1 -1 0

[15:47:38]	[Recv]	ct 2 4988567 3 5022719 -1 -1 0

[15:47:38]	[Recv]	cond 1 2073308 0 0 23

[15:47:38]	[Recv]	cond 1 2073308 0 0 23

[15:47:38]	[Recv]	cond 2 4988603 0 0 15

[15:47:38]	[Recv]	cond 2 4988592 0 0 15

[15:47:38]	[Send]	ncif 3 5022711
[15:47:38]	[Recv]	ct 3 5022721 2 4988486 -1 -1 0

[15:47:38]	[Recv]	su 3 5022721 2 4988486 0 5 11 1061 0 0 1 71 812 0 0 12007 16921

[15:47:38]	[Recv]	eff 3 5022714 5000

[15:47:38]	[Recv]	eff 3 5022713 5000

[15:47:38]	[Recv]	su 2 4988487 3 5022719 0 6 11 4035 0 0 1 84 4406 0 0 93912 110907

[15:47:38]	[Recv]	su 2 4988567 3 5022719 0 6 11 3601 0 0 1 81 3231 0 0 90681 110907

[15:47:38]	[Recv]	cond 1 2073308 0 0 20

[15:47:38]	[Recv]	sayi 1 2073308 20 22 3 576 0 0 0

[15:47:38]	[Recv]	bf 1 2073308 0.576.0 99

[15:47:38]	[Recv]	cond 1 2073308 0 0 20

[15:47:38]	[Recv]	cond 1 2073308 0 0 20

[15:47:38]	[Send]	ptctl 5443 1 4988592 29 44 4988592 15
[15:47:38]	[Recv]	eff 1 2073308 869

[15:47:38]	[Recv]	cond 2 4988603 0 0 15

[15:47:38]	[Recv]	cond 2 4988592 0 0 15

[15:47:38]	[Send]	mtlist 0 
[15:47:38]	[Send]	u_s 11 3 5022711
[15:47:38]	[Recv]	die 3 5022753 3 5022753

[15:47:38]	[Recv]	ct 2 4988602 3 5022721 -1 -1 0

[15:47:38]	[Recv]	su 2 4988602 3 5022721 0 11 11 4085 0 0 1 41 8546 0 0 52240 126282

[15:47:38]	[Recv]	st 3 5022711 99 0 100 100 13880 2828 13880 2828 0

[15:47:38]	[Recv]	cond 2 4988592 0 0 15

[15:47:39]	[Recv]	ct 2 4988486 3 5022721 -1 -1 0

[15:47:39]	[Recv]	cond 1 2073308 0 0 20

[15:47:39]	[Recv]	cond 1 2073308 0 0 20

[15:47:39]	[Recv]	ct 3 5022714 2 4988592 -1 -1 0

[15:47:39]	[Recv]	su 3 5022714 2 4988592 0 10 11 4789 0 0 1 93 259 3 0 53835 57771

[15:47:39]	[Recv]	su 2 4988486 3 5022721 0 6 11 7130 0 0 1 37 4795 0 0 47445 126282

[15:47:39]	[Recv]	st 2 5022311 95 0 100 100 92286 184572 92286 184572 0

[15:47:39]	[Recv]	ms_c 0

[15:47:39]	[Recv]	qslot 0 1.1.1 1.1.2 1.1.3 1.1.4 1.1.5 1.1.6 1.1.7 1.1.9 1.1.8 1.1.10 0.1.45 0.2.21 0.1.76 1.1.38 1.3.12 0.1.34 0.1.87 0.-1.-1 0.1.84 0.1.43 1.3.11 1.1.42 1.1.41 1.3.976 0.-1.-1 0.1.70 0.2.143 0.2.25 0.2.27 0.2.26

[15:47:39]	[Recv]	qslot 1 0.-1.-1 0.-1.-1 0.-1.-1 0.-1.-1 0.-1.-1 0.-1.-1 0.-1.-1 0.-1.-1 0.-1.-1 0.-1.-1 0.1.-1 0.1.-1 1.1.41 1.1.42 0.-1.-1 7.7.-1 7.7.-1 7.7.-1 7.7.-1 0.-1.-1 0.-1.-1 0.-1.-1 0.-1.-1 0.-1.-1 0.-1.-1 0.-1.-1 0.-1.-1 0.-1.-1 0.-1.-1 0.-1.-1

[15:47:39]	[Recv]	ct 1 2073308 3 5022711 -1 -1 1125

[15:47:39]	[Recv]	cond 1 2073308 0 0 23

[15:47:39]	[Recv]	bf 1 2073308 0.576.20 99

[15:47:39]	[Recv]	sayi 1 2073308 20 26 3 576 0 0 0

[15:47:39]	[Recv]	rc 1 2073308 200 0

[15:47:39]	[Recv]	su 1 2073308 3 5022711 1125 3 22 4272 0 0 0 0 102520 3 0 0 13880

[15:47:39]	[Recv]	lev 99 0 99 0 2140719000 5991794 66993052 2 0 90 917705181 0

[15:47:39]	[Recv]	mslot 1126 -1

[15:47:39]	[Recv]	qset 0 8 1.1.12.0

[15:47:39]	[Recv]	ct 2 4988487 3 5022719 -1 -1 0

[15:47:39]	[Recv]	ct 2 4988567 3 5022719 -1 -1 0

[15:47:39]	[Send]	ptctl 5443 1 4988603 37 47 4988603 15
[15:47:39]	[Recv]	cond 2 4988603 0 0 15

[15:47:39]	[Send]	mtlist 1 3 5022712 
[15:47:39]	[Send]	u_s 12 3 5022711
[15:47:39]	[Recv]	su 2 4988487 3 5022719 0 6 11 4035 0 0 1 81 0 1 0 90681 110907

[15:47:39]	[Recv]	su 2 4988567 3 5022719 0 6 11 3601 0 0 1 81 191 0 0 90490 110907

[15:47:39]	[Recv]	st 2 5022310 95 0 100 100 92286 184572 92286 184572 0

[15:47:39]	[Recv]	st 2 5022309 95 0 100 100 92286 184572 92286 184572 0

[15:47:39]	[Recv]	sr 11

[15:47:39]	[Send]	ncif 3 5022713
[15:47:39]	[Send]	ptctl 5443 1 4988592 35 43 4988592 15
[15:47:39]	[Recv]	cancel 0 12 -1

[15:47:39]	[Send]	mtlist 1 3 5022712 
[15:47:39]	[Send]	u_s 12 3 5022711
[15:47:39]	[Recv]	ct 3 5022721 2 4988486 -1 -1 0

[15:47:39]	[Recv]	su 3 5022721 2 4988486 0 5 11 1061 0 0 1 66 801 0 0 11206 16921

[15:47:39]	[Recv]	ct 3 5022719 2 4988487 -1 -1 0

[15:47:39]	[Recv]	su 3 5022719 2 4988487 0 10 11 4789 0 0 1 88 880 0 0 33759 38176

[15:47:39]	[Recv]	st 3 5022713 99 0 100 100 116032 2828 116032 2828 0

[15:47:39]	[Send]	ptctl 5443 1 4988603 36 48 4988603 15
[15:47:39]	[Send]	suctl 5443 1 4988603 3 5022713
[15:47:39]	[Recv]	cond 2 4988592 0 0 15

[15:47:40]	[Recv]	ct 2 4988486 3 5022721 -1 -1 0

[15:47:40]	[Recv]	cancel 0 12 -1

[15:47:40]	[Send]	mtlist 1 2 4988603 
[15:47:40]	[Send]	u_s 12 3 5022713
[15:47:40]	[Recv]	su 2 4988486 3 5022721 0 6 11 7130 0 0 1 33 4770 0 0 42675 126282

[15:47:40]	[Recv]	ct 2 4988602 3 5022721 -1 -1 0

[15:47:40]	[Recv]	su 2 4988602 3 5022721 0 11 11 4085 0 0 1 26 8647 0 0 34028 126282

[15:47:40]	[Recv]	cond 2 4988603 0 0 15

[15:47:40]	[Recv]	eff 2 4988603 5005

[15:47:40]	[Recv]	ct 2 4988487 3 5022719 -1 -1 0

[15:47:40]	[Recv]	ct 2 4988567 3 5022719 -1 -1 0

[15:47:40]	[Recv]	ms_c 0

[15:47:40]	[Recv]	qslot 0 1.1.1 1.1.2 1.1.3 1.1.4 1.1.5 1.1.6 1.1.7 1.1.9 1.1.8 1.1.10 0.1.45 0.2.21 0.1.76 1.1.38 1.3.12 0.1.34 0.1.87 0.-1.-1 0.1.84 0.1.43 1.3.11 1.1.42 1.1.41 1.3.976 0.-1.-1 0.1.70 0.2.143 0.2.25 0.2.27 0.2.26

[15:47:40]	[Recv]	qslot 1 0.-1.-1 0.-1.-1 0.-1.-1 0.-1.-1 0.-1.-1 0.-1.-1 0.-1.-1 0.-1.-1 0.-1.-1 0.-1.-1 0.1.-1 0.1.-1 1.1.41 1.1.42 0.-1.-1 7.7.-1 7.7.-1 7.7.-1 7.7.-1 0.-1.-1 0.-1.-1 0.-1.-1 0.-1.-1 0.-1.-1 0.-1.-1 0.-1.-1 0.-1.-1 0.-1.-1 0.-1.-1 0.-1.-1

[15:47:40]	[Recv]	su 2 4988487 3 5022719 0 6 11 4035 0 0 1 77 4433 0 0 86057 110907

[15:47:40]	[Recv]	su 2 4988567 3 5022719 0 6 11 3601 0 0 1 74 3175 0 0 82882 110907

[15:47:40]	[Recv]	ct 2 4988603 3 5022713 -1 -1 0

[15:47:40]	[Recv]	eff 2 4988603 15

[15:47:40]	[Recv]	su 2 4988603 3 5022713 0 12 11 8360 0 0 1 85 16458 0 0 99574 116032

[15:47:40]	[Recv]	ct 1 2073308 3 5022713 -1 -1 1126

[15:47:40]	[Recv]	eff 1 2073308 15

[15:47:40]	[Recv]	rc 1 2073308 50 0

[15:47:40]	[Recv]	su 1 2073308 3 5022713 1126 3 26 4273 0 0 0 0 216738 3 0 0 116032

[15:47:40]	[Recv]	lev 99 0 99 0 2140719000 5991794 66993052 2 0 90 917705181 0

[15:47:40]	[Recv]	cond 1 2073308 0 0 22

[15:47:40]	[Recv]	bf 1 2073308 0.567.0 99

[15:47:40]	[Recv]	cond 1 2073308 0 0 24

[15:47:40]	[Recv]	bf 1 2073308 0.568.400 99

[15:47:40]	[Recv]	eff 1 2073308 0

[15:47:40]	[Recv]	sayi 1 2073308 20 26 3 568 0 0 0

[15:47:40]	[Recv]	mslot 1125 -1

[15:47:40]	[Recv]	qset 0 8 1.1.11.0

[15:47:40]	[Send]	ptctl 5443 1 4988592 38 41 4988592 15
[15:47:40]	[Send]	mtlist 1 2 4988603 
[15:47:40]	[Send]	u_s 11 3 5022713
[15:47:40]	[Recv]	ct 3 5022717 2 4988592 -1 -1 0

[15:47:40]	[Recv]	su 3 5022717 2 4988592 0 10 11 4789 0 0 1 93 51 0 0 53784 57771

[15:47:40]	[Recv]	cond 2 4988592 0 0 15

[15:47:40]	[Recv]	sr 12

[15:47:41]	[Send]	ncif 3 5022716
[15:47:41]	[Recv]	ct 3 5022721 2 4988486 -1 -1 0

[15:47:41]	[Recv]	su 3 5022721 2 4988486 0 5 11 1061 0 0 1 61 846 0 0 10360 16921

[15:47:41]	[Recv]	ct 2 4988486 3 5022721 -1 -1 0

[15:47:41]	[Recv]	cancel 0 11 -1

[15:47:41]	[Send]	mtlist 1 2 4988603 
[15:47:41]	[Send]	u_s 11 3 5022713
[15:47:41]	[Recv]	st 3 5022716 99 0 100 100 13880 2828 13880 2828 0

[15:47:41]	[Send]	ptctl 5443 1 4988592 41 41 4988592 15
[15:47:41]	[Send]	suctl 5443 1 4988603 3 5022716
[15:47:41]	[Recv]	su 2 4988486 3 5022721 0 6 11 7130 0 0 1 26 0 4 0 34028 126282

[15:47:41]	[Recv]	st 2 5022311 95 0 100 100 92286 184572 92286 184572 0

[15:47:41]	[Recv]	cond 1 2073308 0 0 21

[15:47:41]	[Recv]	sayi 1 2073308 20 22 3 576 0 0 0

[15:47:41]	[Recv]	bf 1 2073308 0.576.0 99

[15:47:41]	[Recv]	cancel 0 11 -1

[15:47:41]	[Recv]	ct 2 4988487 3 5022719 -1 -1 0

[15:47:41]	[Recv]	ct 2 4988567 3 5022719 -1 -1 0

[15:47:41]	[Recv]	cond 2 4988592 0 0 15

[15:47:41]	[Send]	ptctl 5443 1 4988592 41 42 4988592 15
[15:47:41]	[Send]	mtlist 1 2 4988603 
[15:47:41]	[Send]	u_s 11 3 5022716
[15:47:41]	[Recv]	su 2 4988487 3 5022719 0 6 11 4035 0 0 1 70 4417 0 0 78465 110907

[15:47:41]	[Recv]	su 2 4988567 3 5022719 0 6 11 3601 0 0 1 70 0 4 0 78465 110907

[15:47:41]	[Recv]	ct 2 4988602 3 5022721 -1 -1 0

[15:47:41]	[Recv]	su 2 4988602 3 5022721 0 11 11 4085 0 0 1 13 16683 3 0 17345 126282

[15:47:41]	[Recv]	st 2 5022310 95 0 100 100 92286 184572 92286 184572 0

[15:47:41]	[Recv]	st 2 5022309 95 0 100 100 92286 184572 92286 184572 0

[15:47:41]	[Recv]	eff 2 4988603 5005

[15:47:41]	[Recv]	cond 2 4988592 0 0 15

[15:47:41]	[Recv]	ms_c 0

[15:47:41]	[Recv]	qslot 0 1.1.1 1.1.2 1.1.3 1.1.4 1.1.5 1.1.6 1.1.7 1.1.9 1.1.8 1.1.10 0.1.45 0.2.21 0.1.76 1.1.38 1.3.12 0.1.34 0.1.87 0.-1.-1 0.1.84 0.1.43 1.3.11 1.1.42 1.1.41 1.3.976 0.-1.-1 0.1.70 0.2.143 0.2.25 0.2.27 0.2.26

[15:47:41]	[Recv]	qslot 1 0.-1.-1 0.-1.-1 0.-1.-1 0.-1.-1 0.-1.-1 0.-1.-1 0.-1.-1 0.-1.-1 0.-1.-1 0.-1.-1 0.1.-1 0.1.-1 1.1.41 1.1.42 0.-1.-1 7.7.-1 7.7.-1 7.7.-1 7.7.-1 0.-1.-1 0.-1.-1 0.-1.-1 0.-1.-1 0.-1.-1 0.-1.-1 0.-1.-1 0.-1.-1 0.-1.-1 0.-1.-1 0.-1.-1

[15:47:41]	[Send]	suctl 5443 1 4988592 3 5022716
[15:47:42]	[Send]	ncif 3 5022716
[15:47:42]	[Recv]	ct 3 5022719 2 4988487 -1 -1 0

[15:47:42]	[Recv]	su 3 5022719 2 4988487 0 10 11 4789 0 0 1 86 913 0 0 32846 38176

[15:47:42]	[Recv]	eff 3 5022716 4799

[15:47:42]	[Recv]	ct 2 4988486 3 5022721 -1 -1 0

[15:47:42]	[Recv]	ct 2 4988603 3 5022716 -1 -1 0

[15:47:42]	[Recv]	su 2 4988603 3 5022716 0 12 11 8360 0 0 1 32 9353 0 0 4527 13880

[15:47:42]	[Recv]	ct 1 2073308 3 5022716 -1 -1 1125

[15:47:42]	[Recv]	cond 1 2073308 0 0 24

[15:47:42]	[Recv]	bf 1 2073308 0.576.20 99

[15:47:42]	[Recv]	sayi 1 2073308 20 26 3 576 0 0 0

[15:47:42]	[Recv]	su 1 2073308 3 5022716 1125 3 22 4272 0 0 0 0 100713 3 0 0 13880

[15:47:42]	[Recv]	lev 99 0 99 0 2140719000 5991794 66993052 2 0 90 917705181 0

[15:47:42]	[Recv]	ct 3 5022721 2 4988486 -1 -1 0

[15:47:42]	[Recv]	su 3 5022721 2 4988486 0 5 11 1061 0 0 1 56 827 0 0 9533 16921

[15:47:42]	[Recv]	su 2 4988486 3 5022721 0 6 11 7130 0 0 1 9 4755 0 0 12590 126282

[15:47:42]	[Recv]	eff 2 5022311 7739

[15:47:42]	[Send]	mtlist 1 2 4988603 
[15:47:42]	[Send]	u_s 11 3 5022716
[15:47:42]	[Recv]	sr 11

[15:47:42]	[Recv]	ct 2 4988487 3 5022719 -1 -1 0

[15:47:42]	[Recv]	ct 2 4988567 3 5022719 -1 -1 0

[15:47:42]	[Recv]	cancel 0 11 -1

[15:47:42]	[Send]	u_s 0 3 5022716
[15:47:42]	[Send]	ncif 3 5022712
[15:47:42]	[Send]	suctl 5443 1 4988603 3 5022712
[15:47:42]	[Recv]	sp 414304 1000000 0 10000

[15:47:42]	[Recv]	su 2 4988487 3 5022719 0 6 11 4035 0 0 1 70 0 1 0 78465 110907

[15:47:42]	[Recv]	su 2 4988567 3 5022719 0 6 11 3601 0 0 1 67 3184 0 0 75281 110907

[15:47:42]	[Recv]	eff 2 5022310 7739

[15:47:42]	[Recv]	eff 2 5022309 7739

[15:47:42]	[Recv]	cancel 0 0 -1

[15:47:42]	[Recv]	st 3 5022712 99 0 100 100 110907 2828 110907 2828 0

[15:47:42]	[Recv]	eff 2 4988603 5005

[15:47:43]	[Recv]	ct 3 5022717 1 2073308 -1 -1 0

[15:47:43]	[Recv]	su 3 5022717 1 2073308 0 10 11 4789 0 0 1 99 450 0 0 95847 96297

[15:47:43]	[Recv]	ct 2 4988486 3 5022721 -1 -1 0

[15:47:43]	[Recv]	ct 2 4988602 3 5022721 -1 -1 0

[15:47:43]	[Recv]	su 2 4988602 3 5022721 0 11 11 4085 0 0 1 3 8601 0 0 3989 126282

[15:47:43]	[Send]	ptctl 5443 1 4988592 38 46 4988592 15
[15:47:43]	[Recv]	su 2 4988486 3 5022721 0 6 11 7130 0 0 0 0 12767 3 0 0 126282

[15:47:43]	[Recv]	lev 99 0 99 0 2140719000 5991794 66993052 2 0 90 917705181 0

[15:47:43]	[Recv]	st 2 5022311 95 0 100 100 92286 184572 92286 184572 0

[15:47:43]	[Recv]	cond 2 4988592 0 0 15

[15:47:43]	[Send]	u_s 0 3 5022712
[15:47:43]	[Recv]	ct 2 4988487 3 5022719 -1 -1 0

[15:47:43]	[Recv]	ct 2 4988567 3 5022719 -1 -1 0

[15:47:43]	[Send]	ptctl 5443 1 4988592 38 47 4988592 15
[15:47:43]	[Send]	ptctl 5443 2 4988603 36 43 4988592 37 40 4988603 15
[15:47:43]	[Send]	ncif 3 5022712
[15:47:43]	[Recv]	ct 1 2073308 3 5022712 -1 -1 1114

[15:47:43]	[Recv]	eff 1 2073308 15

[15:47:43]	[Recv]	rc 1 2073308 200 0

[15:47:43]	[Recv]	su 1 2073308 3 5022712 1114 7 11 4260 0 0 1 56 48727 3 0 62180 110907

[15:47:43]	[Recv]	in 3 2371 5022767 34 46 2 100 100 0 0 0 -1 0 0 -1 - 0 -1 0 0 0 0 0 0 0 0 0 0 0 0

[15:47:43]	[Recv]	guri 31 1 2073308 34 46

[15:47:43]	[Recv]	su 2 4988487 3 5022719 0 6 11 4035 0 0 1 67 0 1 0 75281 110907

[15:47:43]	[Recv]	su 2 4988567 3 5022719 0 6 11 3601 0 0 1 67 0 4 0 75281 110907

[15:47:43]	[Recv]	st 2 5022310 95 0 100 100 92286 184572 92286 184572 0

[15:47:43]	[Recv]	st 2 5022309 95 0 100 100 92286 184572 92286 184572 0

[15:47:43]	[Recv]	cond 1 2073308 0 0 24

[15:47:43]	[Recv]	sayi 1 2073308 20 22 3 4254 0 0 0

[15:47:43]	[Recv]	bf 1 2073308 0.4254.0 99

[15:47:43]	[Recv]	cond 2 4988592 0 0 15

[15:47:43]	[Recv]	guri 31 1 2073308 34 46

[15:47:43]	[Recv]	su 3 5022767 3 5022712 -1 0 -1 4260 -1 -1 1 34 24363 0 0

[15:47:43]	[Recv]	eff 1 2073308 869

[15:47:43]	[Recv]	cond 2 4988603 0 0 15

[15:47:43]	[Recv]	cond 2 4988592 0 0 15

[15:47:43]	[Send]	ptctl 5443 1 4988592 38 47 4988592 15
[15:47:43]	[Send]	ptctl 5443 2 4988603 37 45 4988592 37 43 4988603 15
[15:47:43]	[Recv]	die 3 5022767 3 5022767

[15:47:43]	[Recv]	st 3 5022712 99 0 34 100 37817 2828 110907 2828 0

[15:47:43]	[Recv]	cond 1 2073308 0 0 21

[15:47:43]	[Recv]	sayi 1 2073308 20 22 3 576 0 0 0

[15:47:43]	[Recv]	bf 1 2073308 0.576.0 99

[15:47:43]	[Recv]	cond 2 4988592 0 0 15

[15:47:44]	[Recv]	ct 3 5022714 2 4988592 -1 -1 0

[15:47:44]	[Recv]	su 3 5022714 2 4988592 0 10 11 4789 0 0 1 92 252 0 0 53532 57771

[15:47:44]	[Recv]	ct 2 4988486 3 5022719 -1 -1 0

[15:47:44]	[Recv]	cond 1 2073308 0 0 21

[15:47:44]	[Recv]	cond 1 2073308 0 0 21

[15:47:44]	[Send]	ptctl 5443 1 4988592 37 48 4988592 15
[15:47:44]	[Send]	suctl 5443 1 4988603 3 5022712
[15:47:44]	[Recv]	cond 2 4988603 0 0 15

[15:47:44]	[Recv]	cond 2 4988592 0 0 15

[15:47:44]	[Send]	u_s 1 3 5022712
[15:47:44]	[Recv]	ct 3 5022719 2 4988487 -1 -1 0

[15:47:44]	[Recv]	su 3 5022719 2 4988487 0 10 11 4789 0 0 1 83 895 3 0 31951 38176

[15:47:44]	[Recv]	su 2 4988486 3 5022719 0 6 11 7130 0 0 1 67 0 4 0 75281 110907

[15:47:44]	[Recv]	sr 0

[15:47:44]	[Recv]	cond 2 4988592 0 0 15

[15:47:44]	[Recv]	eff 2 4988603 5005

[15:47:44]	[Recv]	ct 3 5022712 2 4988603 -1 -1 0

[15:47:44]	[Recv]	su 3 5022712 2 4988603 0 10 11 4789 0 0 1 99 113 3 0 19338 19451

[15:47:44]	[Recv]	ct 2 4988487 3 5022719 -1 -1 0

[15:47:44]	[Recv]	ct 2 4988567 3 5022719 -1 -1 0

[15:47:44]	[Recv]	ct 2 4988602 3 5022719 -1 -1 0

[15:47:44]	[Recv]	su 2 4988602 3 5022719 0 11 11 4085 0 0 1 61 7239 0 0 68042 110907

[15:47:44]	[Recv]	cond 1 2073308 0 0 21

[15:47:44]	[Recv]	cond 1 2073308 0 0 21

[15:47:44]	[Send]	ptctl 5443 2 4988603 33 49 4988592 33 47 4988603 15
[15:47:44]	[Recv]	ms_c 0

[15:47:44]	[Recv]	qslot 0 1.1.1 1.1.2 1.1.3 1.1.4 1.1.5 1.1.6 1.1.7 1.1.9 1.1.8 1.1.10 0.1.45 0.2.21 0.1.76 1.1.38 1.3.12 0.1.34 0.1.87 0.-1.-1 0.1.84 0.1.43 1.3.11 1.1.42 1.1.41 1.3.976 0.-1.-1 0.1.70 0.2.143 0.2.25 0.2.27 0.2.26

[15:47:44]	[Recv]	qslot 1 0.-1.-1 0.-1.-1 0.-1.-1 0.-1.-1 0.-1.-1 0.-1.-1 0.-1.-1 0.-1.-1 0.-1.-1 0.-1.-1 0.1.-1 0.1.-1 1.1.41 1.1.42 0.-1.-1 7.7.-1 7.7.-1 7.7.-1 7.7.-1 0.-1.-1 0.-1.-1 0.-1.-1 0.-1.-1 0.-1.-1 0.-1.-1 0.-1.-1 0.-1.-1 0.-1.-1 0.-1.-1 0.-1.-1

[15:47:44]	[Send]	ncif 3 5022712
[15:47:44]	[Send]	ptctl 5443 1 4988592 36 48 4988592 15
[15:47:44]	[Recv]	su 2 4988487 3 5022719 0 6 11 4035 0 0 1 61 0 1 0 68042 110907

[15:47:44]	[Recv]	su 2 4988567 3 5022719 0 6 11 3601 0 0 1 61 0 4 0 68042 110907

[15:47:44]	[Recv]	ct 2 4988603 3 5022712 -1 -1 0

[15:47:44]	[Recv]	eff 2 4988603 15

[15:47:44]	[Recv]	su 2 4988603 3 5022712 0 12 11 8360 0 0 1 21 14421 0 0 23396 110907

[15:47:44]	[Recv]	ct 1 2073308 3 5022712 14 4263 1115

[15:47:44]	[Recv]	cond 2 4988603 0 0 15

[15:47:44]	[Recv]	cond 2 4988592 0 0 15

[15:47:44]	[Recv]	st 3 5022712 99 0 21 100 23396 2828 110907 2828 0

[15:47:44]	[Recv]	cond 2 4988592 0 0 15

[15:47:44]	[Send]	ptctl 5443 2 4988603 32 49 4988592 30 48 4988603 15
[15:47:44]	[Recv]	rc 1 2073308 200 0

[15:47:44]	[Recv]	su 1 2073308 3 5022712 1115 70 12 4264 0 0 0 0 84866 3 0 0 110907

[15:47:44]	[Recv]	lev 99 0 99 0 2140719000 5991794 66993052 2 0 90 917705181 0

[15:47:44]	[Recv]	cond 2 4988603 0 0 15

[15:47:44]	[Recv]	cond 2 4988592 0 0 15

[15:47:45]	[Recv]	ct 2 4988486 3 5022719 -1 -1 0

[15:47:45]	[Send]	ptctl 5443 1 4988592 36 48 4988592 15
[15:47:45]	[Recv]	cond 2 4988592 0 0 15

[15:47:45]	[Send]	ncif 3 5022718
[15:47:45]	[Recv]	ct 3 5022717 1 2073308 -1 -1 0

[15:47:45]	[Recv]	su 3 5022717 1 2073308 0 10 11 4789 0 0 1 99 450 0 0 95797 96297

[15:47:45]	[Recv]	su 2 4988486 3 5022719 0 6 11 7130 0 0 1 61 0 4 0 68042 110907

[15:47:45]	[Recv]	st 2 5022311 95 0 100 100 92286 184572 92286 184572 0

[15:47:45]	[Recv]	st 3 5022718 99 0 100 100 110907 2828 110907 2828 0

[15:47:45]	[Send]	ptctl 5443 1 4988592 32 50 4988592 15
[15:47:45]	[Recv]	ct 2 4988487 3 5022719 -1 -1 0

[15:47:45]	[Recv]	ct 2 4988567 3 5022719 -1 -1 0

[15:47:45]	[Send]	ptctl 5443 2 4988603 36 51 4988592 36 53 4988603 15
[15:47:45]	[Recv]	cond 2 4988592 0 0 15

[15:47:45]	[Recv]	su 2 4988487 3 5022719 0 6 11 4035 0 0 1 57 4400 0 0 63642 110907

[15:47:45]	[Recv]	su 2 4988567 3 5022719 0 6 11 3601 0 0 1 57 0 4 0 63642 110907

[15:47:45]	[Recv]	st 2 5022310 95 0 100 100 92286 184572 92286 184572 0

[15:47:45]	[Recv]	st 2 5022309 95 0 100 100 92286 184572 92286 184572 0

[15:47:45]	[Recv]	cond 1 2073308 0 0 21

[15:47:45]	[Recv]	cond 1 2073308 0 0 21

[15:47:45]	[Send]	ptctl 5443 2 4988603 36 48 4988592 31 51 4988603 15
[15:47:45]	[Send]	suctl 5443 1 4988603 3 5022718
[15:47:45]	[Recv]	cond 2 4988603 0 0 15

[15:47:45]	[Recv]	cond 2 4988592 0 0 15

[15:47:45]	[Send]	u_s 0 3 5022718
[15:47:45]	[Recv]	ct 2 4988602 3 5022719 -1 -1 0

[15:47:45]	[Recv]	su 2 4988602 3 5022719 0 11 11 4085 0 0 1 54 2924 0 0 60718 110907

[15:47:45]	[Recv]	cond 2 4988603 0 0 15

[15:47:45]	[Recv]	cond 2 4988592 0 0 15

[15:47:45]	[Send]	ptctl 5443 1 4988592 31 52 4988592 15
[15:47:45]	[Recv]	eff 2 4988603 5005

[15:47:46]	[Recv]	ct 2 4988486 3 5022719 -1 -1 0

[15:47:46]	[Recv]	cond 1 2073308 0 0 21

[15:47:46]	[Recv]	cond 1 2073308 0 0 21

[15:47:46]	[Send]	ncif 3 5022718
[15:47:46]	[Recv]	eff 2 4988486 15

[15:47:46]	[Recv]	su 2 4988486 3 5022719 0 6 11 7130 0 0 1 54 1 0 0 60717 110907

[15:47:46]	[Recv]	sc_p 170 1548 4988592 96 567 24132999 0 0 1889 2049 1289 19 90 9 975 627 958 627 866 3 90 90 110 80 53532 57771 18100 18100 1 84982200 0 @ 0 0 6 60 1831 1798 0 100

[15:47:46]	[Recv]	ct 2 4988603 3 5022718 -1 -1 0

[15:47:46]	[Recv]	su 2 4988603 3 5022718 0 12 11 8360 0 0 1 92 8505 0 0 102402 110907

[15:47:46]	[Recv]	ct 1 2073308 3 5022718 -1 -1 1114

[15:47:46]	[Recv]	rc 1 2073308 200 0

[15:47:46]	[Recv]	su 1 2073308 3 5022718 1114 7 11 4260 0 0 1 75 18207 0 0 84195 110907

[15:47:46]	[Recv]	cond 2 4988592 0 0 15

[15:47:46]	[Send]	ptctl 5443 2 4988603 38 53 4988592 37 52 4988603 15
[15:47:46]	[Recv]	st 3 5022718 99 0 75 100 84195 2828 110907 2828 0

[15:47:46]	[Recv]	ct 3 5022719 2 4988487 -1 -1 0

[15:47:46]	[Recv]	su 3 5022719 2 4988487 0 10 11 4789 0 0 1 83 0 1 0 31951 38176

[15:47:46]	[Recv]	ct 2 4988487 3 5022719 -1 -1 0

[15:47:46]	[Recv]	ct 2 4988567 3 5022719 -1 -1 0

[15:47:46]	[Recv]	cond 1 2073308 0 0 21

[15:47:46]	[Recv]	cond 1 2073308 0 0 21

[15:47:46]	[Send]	ptctl 5443 2 4988603 38 54 4988592 36 53 4988603 15
[15:47:46]	[Recv]	cond 2 4988603 0 0 15

[15:47:46]	[Recv]	cond 2 4988592 0 0 15

[15:47:46]	[Send]	ptctl 5443 2 4988603 36 53 4988592 38 53 4988603 15
[15:47:46]	[Recv]	su 2 4988487 3 5022719 0 6 11 4035 0 0 1 50 4419 0 0 56298 110907

[15:47:46]	[Recv]	su 2 4988567 3 5022719 0 6 11 3601 0 0 1 47 3166 0 0 53132 110907

[15:47:46]	[Recv]	cond 2 4988603 0 0 15

[15:47:46]	[Recv]	cond 2 4988592 0 0 15

[15:47:46]	[Recv]	cond 2 4988603 0 0 15

[15:47:46]	[Recv]	cond 2 4988592 0 0 15

[15:47:46]	[Send]	ptctl 5443 1 4988592 31 53 4988592 15
[15:47:46]	[Recv]	cond 2 4988592 0 0 15

[15:47:46]	[Send]	u_s 0 3 5022718
[15:47:46]	[Recv]	sr 0

[15:47:47]	[Send]	ptctl 5443 1 4988603 36 49 4988603 15
[15:47:47]	[Send]	suctl 5443 1 4988603 3 5022718
[15:47:47]	[Recv]	ct 2 4988486 3 5022719 -1 -1 0

[15:47:47]	[Recv]	cond 1 2073308 0 0 21

[15:47:47]	[Recv]	cond 1 2073308 0 0 21

[15:47:47]	[Send]	ncif 3 5022718
[15:47:47]	[Recv]	su 2 4988486 3 5022719 0 6 11 7130 0 0 1 47 0 4 0 53132 110907

[15:47:47]	[Recv]	ct 2 4988602 3 5022719 -1 -1 0

[15:47:47]	[Recv]	su 2 4988602 3 5022719 0 11 11 4085 0 0 1 47 0 4 0 53132 110907

[15:47:47]	[Recv]	st 2 5022311 95 0 100 100 92286 184572 92286 184572 0

[15:47:47]	[Recv]	eff 2 5022311 7739

[15:47:47]	[Recv]	ct 1 2073308 3 5022718 -1 -1 1114

[15:47:47]	[Recv]	su 1 2073308 3 5022718 1114 7 11 4260 0 0 1 75 0 4 0 84195 110907

[15:47:47]	[Recv]	cond 2 4988603 0 0 15

[15:47:47]	[Recv]	eff 2 4988603 5005

[15:47:47]	[Send]	ptctl 5443 2 4988603 39 50 4988592 37 52 4988603 15
[15:47:47]	[Recv]	ct 2 4988487 3 5022719 -1 -1 0

[15:47:47]	[Recv]	ct 2 4988567 3 5022719 -1 -1 0

[15:47:47]	[Recv]	st 3 5022718 99 0 75 100 84195 2828 110907 2828 0

[15:47:47]	[Send]	ptctl 5443 2 4988603 40 51 4988592 38 52 4988603 15
[15:47:47]	[Recv]	cond 1 2073308 0 0 21

[15:47:47]	[Recv]	cond 1 2073308 0 0 21

[15:47:47]	[Recv]	sp 414294 1000000 0 10000

[15:47:47]	[Recv]	ct 3 5022717 1 2073308 -1 -1 0

[15:47:47]	[Recv]	su 3 5022717 1 2073308 0 10 11 4789 0 0 1 99 0 1 0 95997 96297

[15:47:47]	[Recv]	su 2 4988487 3 5022719 0 6 11 4035 0 0 1 43 4432 0 0 48700 110907

[15:47:47]	[Recv]	su 2 4988567 3 5022719 0 6 11 3601 0 0 1 43 0 4 0 48700 110907

[15:47:47]	[Recv]	ct 2 4988603 3 5022718 -1 -1 0

[15:47:47]	[Recv]	su 2 4988603 3 5022718 0 12 11 8360 0 0 1 68 8640 0 0 75555 110907

[15:47:47]	[Recv]	st 2 5022310 95 0 100 100 92286 184572 92286 184572 0

[15:47:47]	[Recv]	eff 2 5022310 7739

[15:47:47]	[Recv]	st 2 5022309 95 0 100 100 92286 184572 92286 184572 0

[15:47:47]	[Recv]	eff 2 5022309 7739

[15:47:47]	[Recv]	cond 2 4988603 0 0 15

[15:47:47]	[Recv]	cond 2 4988592 0 0 15

[15:47:47]	[Recv]	cond 2 4988603 0 0 15

[15:47:47]	[Recv]	cond 2 4988592 0 0 15

[15:47:47]	[Send]	ptctl 5443 1 4988592 32 54 4988592 15
[15:47:47]	[Recv]	ct 3 5022718 2 4988592 -1 -1 0

[15:47:47]	[Recv]	su 3 5022718 2 4988592 0 10 11 4789 0 0 1 92 244 0 0 53288 57771

[15:47:47]	[Recv]	ct 3 5022714 2 4988603 -1 -1 0

[15:47:47]	[Recv]	su 3 5022714 2 4988603 0 10 11 4789 0 0 1 99 114 0 0 19224 19451

[15:47:47]	[Send]	u_s 0 3 5022718
[15:47:47]	[Recv]	sr 0

[15:47:47]	[Recv]	cond 2 4988592 0 0 15

[15:47:48]	[Recv]	ct 2 4988486 3 5022719 -1 -1 0

[15:47:48]	[Recv]	cond 1 2073308 0 0 21

[15:47:48]	[Recv]	cond 1 2073308 0 0 21

[15:47:48]	[Recv]	su 2 4988486 3 5022719 0 6 11 7130 0 0 1 43 0 4 0 48700 110907

[15:47:48]	[Recv]	ct 1 2073308 3 5022718 -1 -1 1114

[15:47:48]	[Recv]	eff 1 2073308 15

[15:47:48]	[Recv]	rc 1 2073308 200 0

[15:47:48]	[Recv]	su 1 2073308 3 5022718 1114 7 11 4260 0 0 1 25 47214 0 0 28341 110907

[15:47:48]	[Send]	ncif 3 5022718
[15:47:48]	[Send]	ptctl 5443 1 4988592 38 51 4988592 15
[15:47:48]	[Recv]	st 3 5022718 99 0 25 100 28341 2828 110907 2828 0

[15:47:48]	[Send]	ptctl 5443 2 4988603 39 49 4988592 39 53 4988603 15
[15:47:48]	[Recv]	ct 2 4988487 3 5022719 -1 -1 0

[15:47:48]	[Recv]	ct 2 4988567 3 5022719 -1 -1 0

[15:47:48]	[Recv]	cond 1 2073308 0 0 21

[15:47:48]	[Recv]	cond 1 2073308 0 0 21

[15:47:48]	[Recv]	cond 2 4988486 0 0 11

[15:47:48]	[Recv]	c_mode 2 4988486 1100 0 0

[15:47:48]	[Recv]	sc_n 0 317 4988486 94 1000 202328 991.2.4 -1 -1 -1 0 0 1 4 558 678 801 9 160 0 88 214 107 214 79 0 0 0 0 0 9533 16921 6757 6757 0 291503800 Bob 1100 0 8239.0 0.0 0.0 0.0 0 2 0

[15:47:48]	[Recv]	out 2 4988486

[15:47:48]	[Recv]	in 2 317 4988486 57 48 2 56 100 0 0 3 2073308 1 0 1100 Bob 1 0 0 0 0 0 0 0 0 0 0 0 2 0

[15:47:48]	[Recv]	pinit 2 2|4988603|0|94|@|-1|3206|1|2723|0|0 2|4988592|1|96|@|-1|1548|0|0|0|60


[15:47:48]	[Recv]	psd 10

[15:47:48]	[Recv]	out 2 4988486

[15:47:48]	[Recv]	cond 2 4988487 0 0 11

[15:47:48]	[Recv]	c_mode 2 4988487 1102 0 0

[15:47:48]	[Recv]	sc_n 2 319 4988487 99 1000 398653210 990.4.5 997.5.6 -1 -1 0 0 0 5 661 711 543 10 150 6 592 586 461 586 372 0 5 5 5 5 31951 38176 11281 11281 0 428143800 Kliff 1102 0 4809.100 1299.2 1300.4 1301.7 0 1 0

[15:47:48]	[Recv]	out 2 4988487

[15:47:48]	[Recv]	in 2 319 4988487 62 46 2 83 100 0 0 3 2073308 1 0 1102 Kliff 1 2 0 0 0 0 0 0 0 0 0 0 1 0

[15:47:48]	[Recv]	pinit 2 2|4988603|0|94|@|-1|3206|1|2723|0|0 2|4988592|1|96|@|-1|1548|0|0|0|60


[15:47:48]	[Recv]	psd 10

[15:47:48]	[Recv]	out 2 4988487

[15:47:48]	[Recv]	out 2 4988567

[15:47:48]	[Recv]	cond 2 4988602 0 0 11

[15:47:48]	[Recv]	c_mode 2 4988602 -1 0 0

[15:47:48]	[Recv]	sc_n 4 2640 4988602 94 1000 473672 991.2.4 996.0.10 317.0.5 321.0.5 0 0 1 4 566 686 820 9 160 10 201 555 264 555 248 1 0 0 96 0 17310 17310 10544 10544 0 291503800 @ -1 0 4812.100 1318.3 1319.3 1320.7 0 3 0

[15:47:48]	[Recv]	out 2 4988602

[15:47:48]	[Recv]	in 2 2640 4988602 57 49 2 100 100 0 0 3 2073308 1 0 -1 @ 1 4 0 0 0 0 0 0 0 0 0 0 3 0

[15:47:48]	[Recv]	pinit 2 2|4988603|0|94|@|-1|3206|1|2723|0|0 2|4988592|1|96|@|-1|1548|0|0|0|60


[15:47:48]	[Recv]	psd 10

[15:47:48]	[Recv]	out 2 4988602

[15:47:48]	[Recv]	sayi 1 2073308 20 22 3 1025 0 0 0

[15:47:48]	[Recv]	bf 1 2073308 0.1025.0 99

[15:47:48]	[Recv]	cond 2 4988592 0 0 15

[15:47:48]	[Send]	ptctl 5443 2 4988603 40 51 4988592 38 51 4988603 15
[15:47:48]	[Recv]	ct 3 5022719 2 4988487 -1 -1 0

[15:47:48]	[Recv]	su 3 5022719 3 5022719 0 10 11 4789 0 0 1 43 0 2 0 48700 110907

[15:47:48]	[Recv]	cond 2 4988603 0 0 15

[15:47:48]	[Recv]	cond 2 4988592 0 0 15

[15:47:48]	[Send]	ptctl 5443 1 4988592 32 54 4988592 15
[15:47:48]	[Recv]	eff 1 2073308 869

[15:47:48]	[Recv]	cond 2 4988603 0 0 15

[15:47:48]	[Recv]	cond 2 4988592 0 0 15

[15:47:48]	[Recv]	cond 2 4988592 0 0 15

[15:47:48]	[Send]	u_s 0 3 5022718
[15:47:48]	[Send]	suctl 5443 1 4988603 3 5022718
[15:47:48]	[Recv]	sr 0

[15:47:48]	[Recv]	cond 1 2073308 0 0 21

[15:47:48]	[Recv]	cond 1 2073308 0 0 21

[15:47:49]	[Recv]	ct 1 2073308 3 5022718 -1 -1 1114

[15:47:49]	[Recv]	rc 1 2073308 100 0

[15:47:49]	[Recv]	su 1 2073308 3 5022718 1114 7 11 4260 0 0 0 0 82278 3 0 0 110907

[15:47:49]	[Recv]	lev 99 0 99 0 2140719000 5991794 66993052 2 0 90 917705181 0

[15:47:49]	[Send]	ptctl 5443 1 4988592 33 53 4988592 15
[15:47:49]	[Send]	suctl 5443 1 4988592 3 5022718
[15:47:49]	[Send]	ptctl 5443 2 4988603 41 50 4988592 38 53 4988603 15
[15:47:49]	[Recv]	st 2 5022311 95 0 100 100 92286 184572 92286 184572 0

[15:47:49]	[Recv]	cond 2 4988592 0 0 15

[15:47:49]	[Send]	ptctl 5443 2 4988603 46 52 4988592 39 53 4988603 15
[15:47:49]	[Recv]	cond 1 2073308 0 0 21

[15:47:49]	[Recv]	cond 1 2073308 0 0 21

[15:47:49]	[Send]	ptctl 5443 2 4988603 44 50 4988592 40 53 4988603 15
[15:47:49]	[Recv]	st 2 5022310 95 0 100 100 92286 184572 92286 184572 0

[15:47:49]	[Recv]	st 2 5022309 95 0 100 100 92286 184572 92286 184572 0

[15:47:49]	[Recv]	cond 2 4988603 0 0 15

[15:47:49]	[Recv]	cond 2 4988592 0 0 15

[15:47:49]	[Recv]	cond 1 2073308 0 0 21

[15:47:49]	[Recv]	cond 1 2073308 0 0 21

[15:47:49]	[Recv]	sr 0

[15:47:49]	[Recv]	cond 2 4988603 0 0 15

[15:47:49]	[Recv]	cond 2 4988592 0 0 15

[15:47:49]	[Send]	ptctl 5443 2 4988603 48 53 4988592 42 53 4988603 15
[15:47:49]	[Recv]	cond 2 4988603 0 0 15

[15:47:49]	[Recv]	cond 2 4988592 0 0 15

[15:47:50]	[Send]	ncif 3 5022714
[15:47:50]	[Recv]	ct 3 5022714 2 4988603 -1 -1 0

[15:47:50]	[Recv]	su 3 5022714 2 4988603 0 10 11 4789 0 0 1 98 114 0 0 19110 19451

[15:47:50]	[Recv]	cond 1 2073308 0 0 21

[15:47:50]	[Recv]	cond 1 2073308 0 0 21

[15:47:50]	[Recv]	cond 2 4988603 0 0 15

[15:47:50]	[Recv]	cond 2 4988592 0 0 15

[15:47:50]	[Recv]	st 3 5022714 99 0 100 100 110907 2828 110907 2828 0

[15:47:50]	[Send]	u_s 0 3 5022714
[15:47:50]	[Send]	ptctl 5443 1 4988592 40 49 4988592 15
[15:47:50]	[Send]	ptctl 5443 1 4988603 47 52 4988603 15
[15:47:50]	[Send]	suctl 5443 1 4988603 3 5022714
[15:47:50]	[Recv]	cond 1 2073308 0 0 21

[15:47:50]	[Recv]	cond 1 2073308 0 0 21

[15:47:50]	[Send]	ptctl 5443 2 4988603 52 51 4988592 45 53 4988603 15
[15:47:50]	[Recv]	ct 1 2073308 3 5022714 -1 -1 1114

[15:47:50]	[Recv]	sayi 1 2073308 10 639 0 0 0 0 0

[15:47:50]	[Recv]	ivn 2 117.2083.315.0

[15:47:50]	[Recv]	su 1 2073308 3 5022714 1114 7 11 4260 0 0 1 82 19411 0 0 91496 110907

[15:47:50]	[Recv]	cond 2 4988592 0 0 15

[15:47:50]	[Send]	ptctl 5443 2 4988603 53 53 4988592 46 53 4988603 15
[15:47:50]	[Recv]	sr 8

[15:47:50]	[Recv]	cond 2 4988603 0 0 15

[15:47:50]	[Send]	ptctl 5443 2 4988603 52 53 4988592 47 53 4988603 15
[15:47:50]	[Recv]	eff 2 4988603 5005

[15:47:50]	[Recv]	cond 2 4988603 0 0 15

[15:47:50]	[Recv]	cond 2 4988592 0 0 15

[15:47:50]	[Send]	ptctl 5443 2 4988603 53 53 4988592 48 53 4988603 15
[15:47:51]	[Send]	ncif 3 5022714
[15:47:51]	[Recv]	cond 1 2073308 0 0 21

[15:47:51]	[Recv]	cond 1 2073308 0 0 21

[15:47:51]	[Recv]	cond 2 4988603 0 0 15

[15:47:51]	[Recv]	cond 2 4988592 0 0 15

[15:47:51]	[Recv]	ct 2 4988603 3 5022714 -1 -1 0

[15:47:51]	[Recv]	su 2 4988603 3 5022714 0 12 11 8360 0 0 1 74 8602 0 0 82894 110907

[15:47:51]	[Recv]	st 2 5022311 95 0 100 100 92286 184572 92286 184572 0

[15:47:51]	[Recv]	cond 1 2073308 0 0 21

[15:47:51]	[Recv]	cond 1 2073308 0 0 21

[15:47:51]	[Send]	ptctl 5443 2 4988603 56 52 4988592 50 53 4988603 15
[15:47:51]	[Recv]	sr 0

[15:47:51]	[Recv]	cond 2 4988603 0 0 15

[15:47:51]	[Recv]	cond 2 4988592 0 0 15

[15:47:51]	[Recv]	cond 2 4988603 0 0 15

[15:47:51]	[Recv]	cond 2 4988592 0 0 15

[15:47:51]	[Recv]	st 3 5022714 99 0 74 100 82894 2828 110907 2828 0

[15:47:51]	[Send]	ptctl 5443 2 4988603 55 50 4988592 51 53 4988603 15
[15:47:51]	[Recv]	st 2 5022310 95 0 100 100 92286 184572 92286 184572 0

[15:47:51]	[Recv]	st 2 5022309 95 0 100 100 92286 184572 92286 184572 0

[15:47:51]	[Recv]	cond 1 2073308 0 0 21

[15:47:51]	[Recv]	cond 1 2073308 0 0 21

[15:47:51]	[Send]	ptctl 5443 1 4988592 52 51 4988592 15
[15:47:51]	[Recv]	cond 2 4988603 0 0 15

[15:47:51]	[Recv]	cond 2 4988592 0 0 15

[15:47:51]	[Recv]	cond 1 2073308 0 0 21

[15:47:51]	[Recv]	cond 1 2073308 0 0 21

[15:47:51]	[Send]	ncif 3 5022719
[15:47:51]	[Recv]	sr 1

[15:47:51]	[Recv]	cond 2 4988603 0 0 15

[15:47:51]	[Recv]	cond 2 4988592 0 0 15

[15:47:52]	[Recv]	cond 1 2073308 0 0 21

[15:47:52]	[Recv]	cond 1 2073308 0 0 21

[15:47:52]	[Send]	ptctl 5443 1 4988603 52 52 4988603 15
[15:47:52]	[Send]	suctl 5443 1 4988603 3 5022719
[15:47:52]	[Send]	u_s 0 3 5022719
[15:47:52]	[Recv]	cond 2 4988592 0 0 15

[15:47:52]	[Send]	ptctl 5443 1 4988592 56 52 4988592 15
[15:47:52]	[Recv]	eff 2 5022311 7739

[15:47:52]	[Recv]	st 3 5022719 99 0 43 100 48700 2828 110907 2828 0

[15:47:52]	[Recv]	cond 2 4988603 0 0 15

[15:47:52]	[Recv]	eff 2 4988603 5005

[15:47:52]	[Recv]	cond 1 2073308 0 0 21

[15:47:52]	[Recv]	cond 1 2073308 0 0 21

[15:47:52]	[Recv]	in 3 760 5022809 6 39 0 100 100 0 0 0 -1 0 0 -1 - 0 -1 0 0 0 0 0 0 0 0 0 0 0 0

[15:47:52]	[Recv]	msgi 0 679 0 0 0 0 0

[15:47:52]	[Recv]	in 3 700 5022810 6 43 5 100 100 0 0 0 -1 0 0 -1 - 0 -1 0 0 0 0 0 0 0 0 0 0 0 0

[15:47:52]	[Recv]	msgi 0 679 0 0 0 0 0

[15:47:52]	[Recv]	in 3 710 5022811 8 39 2 100 100 0 0 0 -1 0 0 -1 - 0 -1 0 0 0 0 0 0 0 0 0 0 0 0

[15:47:52]	[Recv]	msgi 0 679 0 0 0 0 0

[15:47:52]	[Recv]	in 3 760 5022812 37 5 7 100 100 0 0 0 -1 0 0 -1 - 0 -1 0 0 0 0 0 0 0 0 0 0 0 0

[15:47:52]	[Recv]	msgi 0 679 0 0 0 0 0

[15:47:52]	[Recv]	in 3 700 5022813 37 7 2 100 100 0 0 0 -1 0 0 -1 - 0 -1 0 0 0 0 0 0 0 0 0 0 0 0

[15:47:52]	[Recv]	msgi 0 679 0 0 0 0 0

[15:47:52]	[Recv]	in 3 775 5022814 39 6 4 100 100 0 0 0 -1 0 0 -1 - 0 -1 0 0 0 0 0 0 0 0 0 0 0 0

[15:47:52]	[Recv]	msgi 0 679 0 0 0 0 0

[15:47:52]	[Recv]	in 3 700 5022815 40 8 6 100 100 0 0 0 -1 0 0 -1 - 0 -1 0 0 0 0 0 0 0 0 0 0 0 0

[15:47:52]	[Recv]	msgi 0 679 0 0 0 0 0

[15:47:52]	[Recv]	in 3 785 5022816 41 6 3 100 100 0 0 0 -1 0 0 -1 - 0 -1 0 0 0 0 0 0 0 0 0 0 0 0

[15:47:52]	[Recv]	msgi 0 679 0 0 0 0 0

[15:47:52]	[Recv]	in 3 760 5022817 43 6 2 100 100 0 0 0 -1 0 0 -1 - 0 -1 0 0 0 0 0 0 0 0 0 0 0 0

[15:47:52]	[Recv]	msgi 0 679 0 0 0 0 0

[15:47:52]	[Recv]	in 3 700 5022818 43 8 6 100 100 0 0 0 -1 0 0 -1 - 0 -1 0 0 0 0 0 0 0 0 0 0 0 0

[15:47:52]	[Recv]	msgi 0 679 0 0 0 0 0

[15:47:52]	[Recv]	in 3 700 5022819 45 7 1 100 100 0 0 0 -1 0 0 -1 - 0 -1 0 0 0 0 0 0 0 0 0 0 0 0

[15:47:52]	[Recv]	msgi 0 679 0 0 0 0 0

[15:47:52]	[Recv]	in 3 700 5022820 71 38 1 100 100 0 0 0 -1 0 0 -1 - 0 -1 0 0 0 0 0 0 0 0 0 0 0 0

[15:47:52]	[Recv]	msgi 0 679 0 0 0 0 0

[15:47:52]	[Recv]	in 3 760 5022821 72 37 6 100 100 0 0 0 -1 0 0 -1 - 0 -1 0 0 0 0 0 0 0 0 0 0 0 0

[15:47:52]	[Recv]	msgi 0 679 0 0 0 0 0

[15:47:52]	[Recv]	in 3 710 5022822 72 39 0 100 100 0 0 0 -1 0 0 -1 - 0 -1 0 0 0 0 0 0 0 0 0 0 0 0

[15:47:52]	[Recv]	msgi 0 679 0 0 0 0 0

[15:47:52]	[Recv]	sp 414284 1000000 0 10000

[15:47:52]	[Recv]	eff 3 5022818 5000

[15:47:52]	[Recv]	eff 3 5022815 5000

[15:47:52]	[Recv]	eff 3 5022812 5000

[15:47:52]	[Recv]	eff 2 5022310 7739

[15:47:52]	[Recv]	eff 2 5022309 7739

[15:47:52]	[Recv]	ct 1 2073308 3 5022719 -1 -1 1114

[15:47:52]	[Recv]	eff 1 2073308 15

[15:47:52]	[Recv]	su 1 2073308 3 5022719 1114 7 11 4260 0 0 0 0 219255 3 0 0 110907

[15:47:52]	[Recv]	lev 99 0 99 0 2140719000 5991794 66993052 2 0 90 917705181 0

[15:47:52]	[Recv]	cond 2 4988592 0 0 15

[15:47:52]	[Recv]	ct 2 4988603 3 5022719 -1 -1 0

[15:47:52]	[Recv]	su 2 4988603 2 4988603 0 12 11 8360 0 0 1 98 0 2 0 19110 19451

[15:47:53]	[Recv]	st 2 5022311 95 0 100 100 92286 184572 92286 184572 0

[15:47:53]	[Send]	ptctl 5443 1 4988592 59 50 4988592 15
[15:47:53]	[Send]	suctl 5443 1 4988603 3 5022719
[15:47:53]	[Send]	ptctl 5443 1 4988592 58 51 4988592 15
[15:47:53]	[Recv]	sr 0

[15:47:53]	[Recv]	cond 2 4988592 0 0 15

[15:47:53]	[Recv]	st 2 5022310 95 0 100 100 92286 184572 92286 184572 0

[15:47:53]	[Recv]	st 2 5022309 95 0 100 100 92286 184572 92286 184572 0

[15:47:53]	[Recv]	cond 2 4988592 0 0 15

[15:47:53]	[Recv]	eff 1 2073308 869

[15:47:54]	[Send]	u_ts 759 19 44
[15:47:54]	[Send]	ptctl 5443 2 4988603 50 48 4988592 53 51 4988603 15
[15:47:54]	[Recv]	in 2 2709 4988615 19 46 2 100 100 0 0 3 2073308 0 0 -1 @ 2 -1 0 0 0 0 0 0 7549 0 0 0 8 4

[15:47:54]	[Recv]	ctl 2 4988615 0 1

[15:47:54]	[Recv]	in 2 2708 4988614 21 46 2 100 100 0 0 3 2073308 0 0 -1 Oso^polar^Grunidos 2 -1 0 0 0 0 0 0 0 0 0 0 6 3

[15:47:54]	[Recv]	ctl 2 4988614 0 1

[15:47:54]	[Recv]	in 2 670 4988544 17 43 2 100 100 0 0 3 2073308 0 0 -1 Fibi^Friggus 2 -1 0 0 0 0 0 0 0 0 0 0 5 3

[15:47:54]	[Recv]	ctl 2 4988544 0 1

[15:47:54]	[Recv]	in 2 567 4988523 20 44 2 100 100 0 0 3 2073308 0 0 -1 Hada^oval 2 -1 0 0 0 0 0 0 0 0 0 0 7 3

[15:47:54]	[Recv]	ctl 2 4988523 0 1

[15:47:54]	[Recv]	bf 1 2073308 0.1026.200 99

[15:47:54]	[Recv]	sayi 1 2073308 20 26 3 1026 0 0 0

[15:47:54]	[Recv]	team_cool 1 900

[15:47:54]	[Recv]	cond 2 4988603 0 0 15

[15:47:54]	[Recv]	cond 2 4988592 0 0 15

[15:47:54]	[Recv]	eff 2 4988544 3007

[15:47:54]	[Send]	ptctl 5443 2 4988603 56 52 4988592 57 51 4988603 15
[15:47:54]	[Recv]	cond 1 2073308 0 0 21

[15:47:54]	[Recv]	cond 1 2073308 0 0 21

[15:47:54]	[Send]	ncif 3 5022714
[15:47:54]	[Recv]	cond 2 4988603 0 0 15

[15:47:54]	[Recv]	cond 2 4988592 0 0 15

[15:47:54]	[Recv]	st 3 5022714 99 0 74 100 82894 2828 110907 2828 0

[15:47:54]	[Send]	ptctl 5443 1 4988592 52 51 4988592 15
[15:47:54]	[Send]	u_s 0 3 5022714
[15:47:54]	[Send]	ptctl 5443 1 4988603 55 51 4988603 15
[15:47:54]	[Send]	suctl 5443 1 4988603 3 5022714
[15:47:54]	[Recv]	cond 2 4988592 0 0 15

[15:47:55]	[Recv]	cond 1 2073308 0 0 21

[15:47:55]	[Recv]	cond 1 2073308 0 0 21

[15:47:55]	[Recv]	st 2 5022311 95 0 100 100 92286 184572 92286 184572 0

[15:47:55]	[Recv]	ct 1 2073308 3 5022714 -1 -1 1114

[15:47:55]	[Recv]	su 1 2073308 3 5022714 1114 7 11 4260 0 0 1 1 82178 3 0 716 110907

[15:47:55]	[Recv]	cond 2 4988603 0 0 15

[15:47:55]	[Recv]	eff 2 4988603 5005

[15:47:55]	[Send]	ptctl 5443 2 4988603 60 51 4988592 58 51 4988603 15
[15:47:55]	[Recv]	cond 1 2073308 0 0 21

[15:47:55]	[Recv]	cond 1 2073308 0 0 21

[15:47:55]	[Recv]	cond 2 4988603 0 0 15

[15:47:55]	[Recv]	cond 2 4988592 0 0 15

[15:47:55]	[Send]	ptctl 5443 2 4988603 61 51 4988592 59 51 4988603 15
[15:47:55]	[Send]	ncif 3 5022714
[15:47:55]	[Recv]	ct 2 4988523 3 5022811 -1 -1 0

[15:47:55]	[Recv]	ct 2 4988544 3 5022810 -1 -1 0

[15:47:55]	[Recv]	ct 2 4988615 3 5022809 -1 -1 0

[15:47:55]	[Recv]	su 2 4988615 3 5022809 0 12 11 7548 0 0 1 61 5438 0 0 8442 13880

[15:47:55]	[Recv]	ct 2 4988603 3 5022714 -1 -1 0

[15:47:55]	[Recv]	su 2 4988603 3 5022714 0 12 11 8360 0 0 0 0 8476 0 0 0 110907

[15:47:55]	[Recv]	lev 99 0 99 0 2140719000 5991794 66993052 2 0 90 917705181 0

[15:47:55]	[Recv]	st 2 5022310 95 0 100 100 92286 184572 92286 184572 0

[15:47:55]	[Recv]	st 2 5022309 95 0 100 100 92286 184572 92286 184572 0

[15:47:55]	[Recv]	cond 2 4988603 0 0 15

[15:47:55]	[Recv]	cond 2 4988592 0 0 15

[15:47:55]	[Recv]	su 2 4988523 3 5022811 0 11 11 4742 0 0 1 100 0 4 0 126282 126282

[15:47:55]	[Recv]	su 2 4988544 3 5022810 0 10 11 4398 0 0 1 95 5272 0 0 105635 110907

[15:47:55]	[Recv]	sr 0

[15:47:56]	[Send]	ptctl 5443 1 4988592 62 51 4988592 15
[15:47:56]	[Send]	u_s 1 3 5022822
[15:47:56]	[Send]	ncif 3 5022822
[15:47:56]	[Recv]	cond 2 4988592 0 0 15

[15:47:56]	[Recv]	sc_p 170 1548 4988592 96 566 24133419 0 0 1889 2049 1289 19 90 9 975 627 958 627 866 3 90 90 110 80 53288 57771 18100 18100 1 84982200 0 @ 0 0 6 60 1831 1798 0 100

[15:47:56]	[Recv]	cond 1 2073308 0 0 21

[15:47:56]	[Recv]	cond 1 2073308 0 0 21

[15:47:56]	[Recv]	ms_c 0

[15:47:56]	[Recv]	qslot 0 1.1.1 1.1.2 1.1.3 1.1.4 1.1.5 1.1.6 1.1.7 1.1.9 1.1.8 1.1.10 0.1.45 0.2.21 0.1.76 1.1.38 1.3.12 0.1.34 0.1.87 0.-1.-1 0.1.84 0.1.43 1.3.11 1.1.42 1.1.41 1.3.976 0.-1.-1 0.1.70 0.2.143 0.2.25 0.2.27 0.2.26

[15:47:56]	[Recv]	qslot 1 0.-1.-1 0.-1.-1 0.-1.-1 0.-1.-1 0.-1.-1 0.-1.-1 0.-1.-1 0.-1.-1 0.-1.-1 0.-1.-1 0.1.-1 0.1.-1 1.1.41 1.1.42 0.-1.-1 7.7.-1 7.7.-1 7.7.-1 7.7.-1 0.-1.-1 0.-1.-1 0.-1.-1 0.-1.-1 0.-1.-1 0.-1.-1 0.-1.-1 0.-1.-1 0.-1.-1 0.-1.-1 0.-1.-1

[15:47:56]	[Recv]	ct 3 5022811 2 4988523 -1 -1 767

[15:47:56]	[Recv]	in 3 804 5022827 14 38 2 100 100 0 0 0 -1 0 0 -1 - 0 -1 0 0 0 0 0 0 0 0 0 0 0 0

[15:47:56]	[Recv]	su 3 5022811 3 5022811 767 100 11 7287 0 0 1 100 0 -1 0 126282 126282

[15:47:56]	[Recv]	ct 1 2073308 3 5022822 14 4263 1115

[15:47:56]	[Recv]	st 3 5022822 99 0 100 100 126282 2828 126282 2828 0

[15:47:56]	[Recv]	eff 3 5022827 5000

[15:47:56]	[Recv]	ct 3 5022810 2 4988544 -1 -1 0

[15:47:56]	[Recv]	su 3 5022810 2 4988544 0 10 11 4789 0 0 1 99 52 0 0 50793 50845

[15:47:56]	[Recv]	ct 2 4988614 3 5022811 -1 -1 0

[15:47:56]	[Recv]	su 2 4988614 3 5022811 0 15 11 7538 0 0 1 100 0 1 0 126282 126282

[15:47:56]	[Recv]	eff 1 2073308 15

[15:47:56]	[Recv]	su 1 2073308 3 5022822 1115 70 12 4264 0 0 0 0 237013 3 0 0 126282

[15:47:56]	[Recv]	lev 99 0 99 0 2140719000 5991794 66993052 2 0 90 917705181 0

[15:47:56]	[Recv]	su 1 2073308 3 5022821 1115 70 12 4264 0 0 1 100 0 4 0 13880 13880

[15:47:56]	[Recv]	su 1 2073308 3 5022820 1115 70 12 4264 0 0 1 23 84917 6 0 25990 110907

[15:47:56]	[Recv]	mslot 1127 -1

[15:47:56]	[Recv]	qset 0 0 1.1.13.0

[15:47:56]	[Send]	ptctl 5443 1 4988603 60 51 4988603 15
[15:47:56]	[Send]	suctl 5443 1 4988603 3 5022822
[15:47:56]	[Recv]	cond 2 4988603 0 0 15

[15:47:57]	[Send]	ptctl 5443 1 4988592 66 48 4988592 15
[15:47:57]	[Recv]	eff 3 5022821 4799

[15:47:57]	[Recv]	eff 3 5022817 4799

[15:47:57]	[Send]	ptctl 5443 1 4988592 64 50 4988592 15
[15:47:57]	[Recv]	cond 2 4988592 0 0 15

[15:47:57]	[Recv]	eff 3 5022812 4799

[15:47:57]	[Recv]	eff 3 5022809 4799

[15:47:57]	[Recv]	st 2 5022311 95 0 100 100 92286 184572 92286 184572 0

[15:47:57]	[Recv]	eff 2 5022311 7739

[15:47:57]	[Recv]	cond 2 4988592 0 0 15

[15:47:57]	[Send]	ptctl 5443 2 4988603 60 46 4988592 65 45 4988603 15
[15:47:57]	[Recv]	sp 414274 1000000 0 10000

[15:47:57]	[Recv]	ct 3 5022820 2 4988592 -1 -1 0

[15:47:57]	[Recv]	su 3 5022820 2 4988592 0 10 11 4789 0 0 1 92 49 0 0 53239 57771

[15:47:57]	[Recv]	ct 3 5022811 2 4988614 -1 -1 0

[15:47:57]	[Recv]	su 3 5022811 2 4988614 0 5 11 1061 0 0 1 98 735 0 0 38178 38913

[15:47:57]	[Recv]	st 2 5022310 95 0 100 100 92286 184572 92286 184572 0

[15:47:57]	[Recv]	eff 2 5022310 7739

[15:47:57]	[Recv]	st 2 5022309 95 0 100 100 92286 184572 92286 184572 0

[15:47:57]	[Recv]	eff 2 5022309 7739

[15:47:57]	[Recv]	cond 1 2073308 0 0 21

[15:47:57]	[Recv]	cond 1 2073308 0 0 21

[15:47:57]	[Recv]	sayi 1 2073308 11 2065 0 0 0 0 0

[15:47:57]	[Recv]	psd 0

[15:47:57]	[Recv]	sayi 1 2073308 11 2065 0 0 0 0 0

[15:47:57]	[Recv]	psd 0

[15:47:57]	[Recv]	sayi 1 2073308 11 2065 0 0 0 0 0

[15:47:57]	[Recv]	psd 0

[15:47:57]	[Recv]	cond 2 4988603 0 0 15

[15:47:57]	[Recv]	cond 2 4988592 0 0 15

[15:47:57]	[Send]	ptctl 5443 2 4988603 65 47 4988592 66 44 4988603 15
[15:47:57]	[Recv]	cond 1 2073308 0 0 21

[15:47:57]	[Recv]	cond 1 2073308 0 0 21

[15:47:58]	[Recv]	ct 2 4988544 3 5022810 -1 -1 0

[15:47:58]	[Recv]	cond 2 4988603 0 0 15

[15:47:58]	[Recv]	cond 2 4988592 0 0 15

[15:47:58]	[Send]	ncif 3 5022821
[15:47:58]	[Recv]	ct 2 4988523 3 5022811 -1 -1 0

[15:47:58]	[Recv]	su 2 4988544 3 5022810 0 10 11 4398 0 0 1 90 5116 0 0 100519 110907

[15:47:58]	[Recv]	ct 2 4988615 3 5022809 -1 -1 0

[15:47:58]	[Recv]	su 2 4988615 3 5022809 0 12 11 7548 0 0 1 21 5469 0 0 2973 13880

[15:47:58]	[Recv]	st 3 5022821 99 0 100 100 13880 2828 13880 2828 0

[15:47:58]	[Send]	u_s 13 3 5022821
[15:47:58]	[Send]	ptctl 5443 1 4988603 64 48 4988603 15
[15:47:58]	[Send]	suctl 5443 1 4988603 3 5022821
[15:47:58]	[Recv]	su 2 4988523 3 5022811 0 11 11 4742 0 0 1 100 1 0 0 126281 126282

[15:47:58]	[Send]	ptctl 5443 1 4988592 66 46 4988592 15
[15:47:58]	[Recv]	cond 1 2073308 0 0 21

[15:47:58]	[Recv]	cond 1 2073308 0 0 21

[15:47:58]	[Recv]	msgi2 0 905 14 SuperLeiga 3028 

[15:47:58]	[Recv]	sc_p 8 567 4988523 1 2979 0 1 0 461 468 254 10 150 0 198 31 197 31 193 2 12 12 12 12 4368 4368 4224 4224 0 15 0 Hada^oval 0 7 3 30 1819 1797 0 1080

[15:47:58]	[Recv]	ms_c 0

[15:47:58]	[Recv]	qslot 0 1.1.1 1.1.2 1.1.3 1.1.4 1.1.5 1.1.6 1.1.7 1.1.9 1.1.8 1.1.10 0.1.45 0.2.21 0.1.76 1.1.38 1.3.12 0.1.34 0.1.87 0.-1.-1 0.1.84 0.1.43 1.3.11 1.1.42 1.1.41 1.3.976 0.-1.-1 0.1.70 0.2.143 0.2.25 0.2.27 0.2.26

[15:47:58]	[Recv]	qslot 1 0.-1.-1 0.-1.-1 0.-1.-1 0.-1.-1 0.-1.-1 0.-1.-1 0.-1.-1 0.-1.-1 0.-1.-1 0.-1.-1 0.1.-1 0.1.-1 1.1.41 1.1.42 0.-1.-1 7.7.-1 7.7.-1 7.7.-1 7.7.-1 0.-1.-1 0.-1.-1 0.-1.-1 0.-1.-1 0.-1.-1 0.-1.-1 0.-1.-1 0.-1.-1 0.-1.-1 0.-1.-1 0.-1.-1

[15:47:58]	[Recv]	ct 1 2073308 3 5022821 -1 -1 1127

[15:47:58]	[Recv]	su 1 2073308 3 5022821 1127 100 22 4284 0 0 0 0 106307 3 0 0 13880

[15:47:58]	[Recv]	lev 99 0 99 0 2140719000 5991794 66993052 2 0 90 917705181 0

[15:47:58]	[Recv]	su 1 2073308 3 5022820 1127 100 22 4284 0 0 0 0 89828 6 0 0 110907

[15:47:58]	[Recv]	lev 99 0 99 0 2140719000 5991794 66993052 2 0 90 917705181 0

[15:47:58]	[Recv]	eff 1 2073308 869

[15:47:58]	[Recv]	cond 2 4988603 0 0 15

[15:47:58]	[Send]	ptctl 5443 2 4988603 59 48 4988592 62 47 4988603 15
[15:47:58]	[Recv]	ct 3 5022811 2 4988614 -1 -1 0

[15:47:58]	[Recv]	su 3 5022811 2 4988614 0 5 11 1061 0 0 1 96 737 0 0 37441 38913

[15:47:58]	[Recv]	ct 3 5022810 2 4988544 -1 -1 0

[15:47:58]	[Recv]	su 3 5022810 2 4988544 0 10 11 4789 0 0 1 99 50 0 0 50743 50845

[15:47:58]	[Send]	ptctl 5443 2 4988603 59 50 4988592 60 47 4988603 15
[15:47:58]	[Recv]	cond 2 4988592 0 0 15

[15:47:59]	[Recv]	cond 1 2073308 0 0 21

[15:47:59]	[Recv]	cond 1 2073308 0 0 21

[15:47:59]	[Send]	ptctl 5443 2 4988603 58 50 4988592 60 49 4988603 15
[15:47:59]	[Recv]	cond 2 4988603 0 0 15

[15:47:59]	[Recv]	cond 2 4988592 0 0 15

[15:47:59]	[Send]	ptctl 5443 2 4988603 57 51 4988592 58 48 4988603 15
[15:47:59]	[Recv]	st 2 5022311 95 0 100 100 92286 184572 92286 184572 0

[15:47:59]	[Recv]	cond 1 2073308 0 0 21

[15:47:59]	[Recv]	cond 1 2073308 0 0 21

[15:47:59]	[Recv]	cond 2 4988603 0 0 15

[15:47:59]	[Recv]	cond 2 4988592 0 0 15

[15:47:59]	[Recv]	eff 2 4988544 3007

[15:47:59]	[Recv]	cond 2 4988603 0 0 15

[15:47:59]	[Recv]	cond 2 4988592 0 0 15

[15:47:59]	[Send]	ncif 3 5022717
[15:47:59]	[Recv]	cond 1 2073308 0 0 21

[15:47:59]	[Recv]	cond 1 2073308 0 0 21

[15:47:59]	[Recv]	ct 3 5022717 1 2073308 -1 -1 0

[15:47:59]	[Recv]	su 3 5022717 1 2073308 0 10 11 4789 0 0 1 99 449 0 0 95848 96297

[15:47:59]	[Recv]	st 2 5022310 95 0 100 100 92286 184572 92286 184572 0

[15:47:59]	[Recv]	st 2 5022309 95 0 100 100 92286 184572 92286 184572 0

[15:47:59]	[Recv]	cond 2 4988603 0 0 15

[15:47:59]	[Recv]	cond 2 4988592 0 0 15

[15:47:59]	[Send]	u_s 0 3 5022717
[15:47:59]	[Send]	ptctl 5443 1 4988603 58 50 4988603 15
[15:47:59]	[Send]	suctl 5443 1 4988603 3 5022717
[15:47:59]	[Recv]	st 3 5022717 99 0 100 100 110907 2828 110907 2828 0

[15:47:59]	[Send]	ptctl 5443 1 4988592 55 48 4988592 15
[15:47:59]	[Recv]	ct 3 5022827 2 4988615 -1 -1 779

[15:47:59]	[Recv]	ct 2 4988614 3 5022811 -1 -1 0

[15:47:59]	[Recv]	su 2 4988614 3 5022811 0 15 11 7538 0 0 1 91 10216 0 0 116065 126282

[15:47:59]	[Recv]	cond 1 2073308 0 0 21

[15:47:59]	[Recv]	cond 1 2073308 0 0 21

[15:48:00]	[Recv]	ct 3 5022811 2 4988614 -1 -1 0

[15:48:00]	[Recv]	su 3 5022811 2 4988614 0 5 11 1061 0 0 1 94 742 0 0 36699 38913

[15:48:00]	[Recv]	ct 1 2073308 3 5022717 -1 -1 1114

[15:48:00]	[Recv]	eff 1 2073308 15

[15:48:00]	[Recv]	rc 1 2073308 200 0

[15:48:00]	[Recv]	su 1 2073308 3 5022717 1114 7 11 4260 0 0 0 0 222973 3 0 0 110907

[15:48:00]	[Recv]	lev 99 0 99 0 2140719000 5991794 66993052 2 0 90 917705181 0

[15:48:00]	[Recv]	cond 1 2073308 0 0 21

[15:48:00]	[Recv]	bf 1 2073308 0.4254.80 99

[15:48:00]	[Recv]	sayi 1 2073308 20 26 3 4254 0 0 0

[15:48:00]	[Recv]	sayi 1 2073308 20 23 3 4254 0 0 0

[15:48:00]	[Recv]	cond 2 4988603 0 0 15

[15:48:00]	[Recv]	cond 2 4988592 0 0 15

[15:48:00]	[Send]	ptctl 5443 2 4988603 53 50 4988592 52 46 4988603 15
[15:48:00]	[Send]	ptctl 5443 1 4988603 52 50 4988603 15
[15:48:00]	[Recv]	ct 2 4988544 3 5022810 -1 -1 0

[15:48:00]	[Recv]	cond 1 2073308 0 0 21

[15:48:00]	[Recv]	cond 1 2073308 0 0 21

[15:48:00]	[Recv]	cond 2 4988603 0 0 15

[15:48:00]	[Recv]	cond 2 4988592 0 0 15

[15:48:00]	[Recv]	su 2 4988544 3 5022810 0 10 11 4398 0 0 1 85 5190 0 0 95329 110907

[15:48:00]	[Recv]	cond 1 2073308 0 0 21

[15:48:00]	[Recv]	cond 1 2073308 0 0 21

[15:48:00]	[Recv]	sr 0

[15:48:00]	[Recv]	cond 2 4988603 0 0 15

[15:48:00]	[Recv]	ct 3 5022809 2 5022309 -1 -1 0

[15:48:00]	[Recv]	su 3 5022809 2 5022309 0 25 11 7200 0 0 1 97 2190 0 0 90096 92286

[15:48:00]	[Recv]	ct 2 4988523 3 5022811 -1 -1 0

[15:48:00]	[Recv]	ct 2 4988615 3 5022809 -1 -1 0

[15:48:00]	[Recv]	su 2 4988615 3 5022809 0 12 11 7548 0 0 1 21 0 4 0 2973 13880

[15:48:01]	[Recv]	ct 3 5022810 2 4988544 -1 -1 0

[15:48:01]	[Recv]	su 3 5022810 2 4988544 0 10 11 4789 0 0 1 98 507 0 0 50236 50845

[15:48:01]	[Recv]	su 2 4988523 3 5022811 0 11 11 4742 0 0 1 91 0 4 0 116065 126282

[15:48:01]	[Send]	ptctl 5443 1 4988592 48 49 4988592 15
[15:48:01]	[Recv]	ct 3 5022811 2 4988614 -1 -1 0

[15:48:01]	[Recv]	su 3 5022811 2 4988614 0 5 11 1061 0 0 1 92 719 0 0 35980 38913

[15:48:01]	[Recv]	st 2 5022311 95 0 100 100 92286 184572 92286 184572 0

[15:48:01]	[Send]	ptctl 5443 1 4988603 47 50 4988603 15
[15:48:01]	[Recv]	cond 2 4988592 0 0 15

[15:48:01]	[Send]	ptctl 5443 2 4988603 46 50 4988592 46 46 4988603 15
[15:48:01]	[Recv]	cond 2 4988603 0 0 15

[15:48:01]	[Recv]	cond 1 2073308 0 0 21

[15:48:01]	[Recv]	cond 1 2073308 0 0 21

[15:48:01]	[Recv]	su 3 5022827 2 4988615 779 30 11 3617 0 0 1 94 1796 0 0 27179 28975

[15:48:01]	[Recv]	dm 2 4988615 3000 1

[15:48:01]	[Recv]	st 2 5022310 95 0 100 100 92286 184572 92286 184572 0

[15:48:01]	[Recv]	st 2 5022309 95 0 97 100 90096 184572 92286 184572 0

[15:48:01]	[Recv]	cond 2 4988603 0 0 15

[15:48:01]	[Recv]	cond 2 4988592 0 0 15

[15:48:01]	[Recv]	die 3 5022827 3 5022827

[15:48:02]	[Recv]	eff 3 5022817 4799

[15:48:02]	[Send]	ptctl 5443 2 4988603 42 50 4988592 41 46 4988603 15
[15:48:02]	[Recv]	eff 3 5022827 3617

[15:48:02]	[Recv]	eff 3 5022812 4799

[15:48:02]	[Recv]	eff 3 5022809 4799

[15:48:02]	[Recv]	eff 2 5022311 7739

[15:48:02]	[Recv]	cond 1 2073308 0 0 21

[15:48:02]	[Recv]	cond 1 2073308 0 0 21

[15:48:02]	[Recv]	cond 2 4988603 0 0 15

[15:48:02]	[Recv]	cond 2 4988592 0 0 15

[15:48:02]	[Recv]	ct 3 5022811 2 4988614 -1 -1 0

[15:48:02]	[Recv]	su 3 5022811 2 4988614 0 5 11 1061 0 0 1 91 299 0 0 35681 38913

[15:48:02]	[Send]	ncif 3 5022809
[15:48:02]	[Recv]	sp 414264 1000000 0 10000

[15:48:02]	[Recv]	eff 2 5022310 7739

[15:48:02]	[Recv]	eff 2 5022309 7739

[15:48:02]	[Recv]	st 3 5022809 99 0 21 100 2973 2828 13880 2828 0

[15:48:02]	[Recv]	ct 2 4988544 3 5022810 -1 -1 0

[15:48:02]	[Send]	ptctl 5443 1 4988603 37 50 4988603 15
[15:48:03]	[Recv]	su 2 4988544 3 5022810 0 10 11 4398 0 0 1 81 5211 0 0 90118 110907

[15:48:03]	[Recv]	ct 2 4988614 3 5022811 -1 -1 0

[15:48:03]	[Recv]	su 2 4988614 3 5022811 0 15 11 7538 0 0 1 91 0 1 0 116065 126282

[15:48:03]	[Recv]	cond 2 4988603 0 0 15

[15:48:03]	[Send]	ptctl 5443 1 4988592 35 46 4988592 15
[15:48:03]	[Send]	ptctl 5443 1 4988603 35 50 4988603 15
[15:48:03]	[Recv]	ct 3 5022810 2 4988544 -1 -1 0

[15:48:03]	[Recv]	su 3 5022810 2 4988544 0 10 11 4789 0 0 1 98 0 1 0 50236 50845

[15:48:03]	[Recv]	st 2 5022311 95 0 100 100 92286 184572 92286 184572 0

[15:48:03]	[Recv]	cond 1 2073308 0 0 21

[15:48:03]	[Recv]	cond 1 2073308 0 0 21

[15:48:03]	[Recv]	cond 2 4988592 0 0 15

[15:48:03]	[Recv]	ct 2 4988523 3 5022811 -1 -1 0

[15:48:03]	[Recv]	ct 2 4988615 3 5022809 -1 -1 0

[15:48:03]	[Recv]	su 2 4988615 3 5022809 0 12 11 7548 0 0 0 0 5377 0 0 0 13880

[15:48:03]	[Recv]	lev 99 0 99 0 2140719000 5991794 66993052 2 0 90 917705181 0

[15:48:03]	[Recv]	cond 2 4988603 0 0 15

[15:48:03]	[Recv]	ct 3 5022811 2 4988614 -1 -1 0

[15:48:03]	[Recv]	su 3 5022811 2 4988614 0 5 11 1061 0 0 1 89 708 0 0 34973 38913

[15:48:03]	[Recv]	su 2 4988523 3 5022811 0 11 11 4742 0 0 1 91 0 4 0 116065 126282

[15:48:03]	[Recv]	st 2 5022310 95 0 100 100 92286 184572 92286 184572 0

[15:48:03]	[Recv]	st 2 5022309 95 0 98 100 91018 184572 92286 184572 0

[15:48:03]	[Recv]	sr 1

[15:48:03]	[Recv]	eff 1 2073308 869

[15:48:03]	[Send]	mtlist 0 
[15:48:03]	[Send]	u_s 10 3 5022809
[15:48:04]	[Recv]	cond 1 2073308 0 0 21

[15:48:04]	[Recv]	cond 1 2073308 0 0 21

[15:48:04]	[Send]	ptctl 5443 1 4988592 30 46 4988592 15
[15:48:04]	[Send]	ptctl 5443 1 4988603 30 50 4988603 15
[15:48:04]	[Recv]	cancel 0 10 -1

[15:48:04]	[Recv]	cond 1 2073308 0 0 21

[15:48:04]	[Recv]	cond 1 2073308 0 0 21

[15:48:04]	[Send]	ptctl 5443 1 4988592 32 46 4988592 15
[15:48:04]	[Recv]	sc_p 7 670 4988544 97 2988 19789695 2 2 1093 1265 70 4 70 8 559 604 523 604 576 2 67 87 77 67 50236 50845 31831 31831 0 92185200 1 Fibi^Friggus 0 5 3 30 1798 1825 0 1080

[15:48:04]	[Recv]	eff 2 4988544 3007

[15:48:04]	[Recv]	sc_p 6 2708 4988614 94 2980 150447 0 1 908 1116 696 14 90 4 460 550 428 550 375 3 65 65 75 55 34973 38913 5790 5790 0 72875950 0 Oso^polar^Grunidos 0 6 3 20 1797 1818 11 500

[15:48:04]	[Recv]	sc_p 0 2709 4988615 94 1791 11595282 1 0 1086 1264 1063 14 240 0 539 627 565 627 516 0 32 32 32 32 24179 28975 12890 12890 0 72875950 0 @ 0 8 4 28 1818 1825 201 930

[15:48:04]	[Recv]	cond 2 4988592 0 0 15

[15:48:04]	[Send]	ptctl 5443 1 4988603 32 50 4988603 15
[15:48:04]	[Recv]	cond 2 4988603 0 0 15

[15:48:04]	[Recv]	cond 2 4988592 0 0 15

[15:48:04]	[Recv]	cond 2 4988603 0 0 15

[15:48:04]	[Send]	u_s 42 1 2073308
[15:48:04]	[Recv]	ct 3 5022811 2 4988614 -1 -1 0

[15:48:04]	[Recv]	su 3 5022811 2 4988614 0 5 11 1061 0 0 1 88 711 0 0 34262 38913

[15:48:04]	[Recv]	ms_c 0

[15:48:04]	[Recv]	qslot 0 1.1.1 1.1.2 1.1.3 1.1.4 1.1.5 1.1.6 1.1.7 1.1.9 1.1.8 1.1.10 0.1.45 0.2.21 0.1.76 1.1.38 1.3.12 0.1.34 0.1.87 0.-1.-1 0.1.84 0.1.43 1.3.11 1.1.42 1.1.41 1.3.976 0.-1.-1 0.1.70 0.2.143 0.2.25 0.2.27 0.2.26

[15:48:04]	[Recv]	qslot 1 0.-1.-1 0.-1.-1 0.-1.-1 0.-1.-1 0.-1.-1 0.-1.-1 0.-1.-1 0.-1.-1 0.-1.-1 0.-1.-1 0.1.-1 0.1.-1 1.1.41 1.1.42 0.-1.-1 7.7.-1 7.7.-1 7.7.-1 7.7.-1 0.-1.-1 0.-1.-1 0.-1.-1 0.-1.-1 0.-1.-1 0.-1.-1 0.-1.-1 0.-1.-1 0.-1.-1 0.-1.-1 0.-1.-1

[15:48:05]	[Recv]	ct 1 2073308 1 2073308 -1 7665 702

[15:48:05]	[Recv]	bf 1 2073308 0.1676.1200 99

[15:48:05]	[Recv]	eff 1 2073308 0

[15:48:05]	[Recv]	sayi 1 2073308 20 26 3 1676 0 0 0

[15:48:05]	[Recv]	su 1 2073308 1 2073308 702 2400 0 7712 0 0 1 99 0 -1 0 96048 96297

[15:48:05]	[Recv]	ct 2 4988544 3 5022810 -1 -1 0

[15:48:05]	[Recv]	st 2 5022311 95 0 100 100 92286 184572 92286 184572 0

[15:48:05]	[Recv]	ct 3 5022810 2 4988544 -1 -1 0

[15:48:05]	[Recv]	su 3 5022810 2 4988544 0 10 11 4789 0 0 1 97 500 0 0 49736 50845

[15:48:05]	[Recv]	su 2 4988544 3 5022810 0 10 11 4398 0 0 1 76 5232 0 0 84886 110907

[15:48:05]	[Recv]	st 2 5022310 95 0 100 100 92286 184572 92286 184572 0

[15:48:05]	[Recv]	st 2 5022309 95 0 99 100 91940 184572 92286 184572 0

[15:48:05]	[Send]	u_s 41 1 2073308
[15:48:06]	[Recv]	sayi2 1 -1  10 1992 17 ADuckOnQuack 918 

[15:48:06]	[Recv]	gcon 613441|1|0

[15:48:06]	[Recv]	ct 3 5022811 2 4988614 -1 -1 0

[15:48:06]	[Recv]	su 3 5022811 2 4988614 0 5 11 1061 0 0 1 86 729 0 0 33533 38913

[15:48:06]	[Recv]	ct 2 4988523 3 5022811 -1 -1 0

[15:48:06]	[Recv]	ct 2 4988615 3 5022810 -1 -1 0

[15:48:06]	[Recv]	su 2 4988615 3 5022810 0 12 11 7548 0 0 1 72 3977 0 0 80909 110907

[15:48:06]	[Recv]	ms_c 0

[15:48:06]	[Recv]	qslot 0 1.1.1 1.1.2 1.1.3 1.1.4 1.1.5 1.1.6 1.1.7 1.1.9 1.1.8 1.1.10 0.1.45 0.2.21 0.1.76 1.1.38 1.3.12 0.1.34 0.1.87 0.-1.-1 0.1.84 0.1.43 1.3.11 1.1.42 1.1.41 1.3.976 0.-1.-1 0.1.70 0.2.143 0.2.25 0.2.27 0.2.26

[15:48:06]	[Recv]	qslot 1 0.-1.-1 0.-1.-1 0.-1.-1 0.-1.-1 0.-1.-1 0.-1.-1 0.-1.-1 0.-1.-1 0.-1.-1 0.-1.-1 0.1.-1 0.1.-1 1.1.41 1.1.42 0.-1.-1 7.7.-1 7.7.-1 7.7.-1 7.7.-1 0.-1.-1 0.-1.-1 0.-1.-1 0.-1.-1 0.-1.-1 0.-1.-1 0.-1.-1 0.-1.-1 0.-1.-1 0.-1.-1 0.-1.-1

[15:48:06]	[Recv]	ct 1 2073308 1 2073308 -1 7663 699

[15:48:06]	[Send]	ptctl 5443 2 4988603 36 47 4988592 37 46 4988603 15
[15:48:06]	[Recv]	su 2 4988523 3 5022811 0 11 11 4742 0 0 1 91 0 4 0 116065 126282

[15:48:06]	[Recv]	ct 2 4988614 3 5022811 -1 -1 0

[15:48:06]	[Recv]	su 2 4988614 3 5022811 0 15 11 7538 0 0 1 91 0 1 0 116065 126282

[15:48:06]	[Recv]	sc_p 170 1548 4988592 96 565 24134119 0 0 1889 2049 1289 19 90 9 975 627 958 627 866 3 90 90 110 80 53239 57771 18100 18100 1 84982200 0 @ 0 0 6 60 1831 1798 0 100

[15:48:06]	[Recv]	bf 1 2073308 0.1647.1200 99

[15:48:06]	[Recv]	eff 1 2073308 0

[15:48:06]	[Recv]	sayi 1 2073308 20 26 3 1647 0 0 0

[15:48:06]	[Recv]	su 1 2073308 1 2073308 699 2400 0 7710 0 0 1 99 0 -1 0 96048 96297

[15:48:06]	[Send]	ptctl 5443 2 4988603 37 47 4988592 38 46 4988603 15
[15:48:06]	[Recv]	cond 2 4988603 0 0 15

[15:48:06]	[Recv]	cond 2 4988592 0 0 15

[15:48:06]	[Recv]	finfo 3654050.0.Ambro420 4038466.1.*Boss95* 4032759.1.•Van_Heert•™ 6938689.0.LimitiMioPadre 4371592.0.STa®†a©R 6866129.0.Amnesya92 3393597.1.°Lordone24° 5527355.0.SugmaDeek 3988345.1.IMissYou 613441.1.ADuckOnQuack 6544388.0.SerowyNachoo 4351664.0.»Ja©k™ 1246372.0.!Ice! 3650626.0.DarkAngeeL 4286434.0.Salvanto2 5664515.0.Vixerin 3559057.0.~Frizz 7593876.0.Gang404 4368426.1.~Blackurio 957916.0.lusikill 2935710.0.#Rey1# 3467154.0.[St]Grippato 2939098.0.GorGoJo 3343263.0.Ansatsu 1638277.0.Memed 4357105.0.•Rosengarten 6623637.0.K?ndeer 1213513.0.Anny_ 7147719.0.Mortanciia 6680510.1.‡Ejzi‡ 2460434.0.Jon07 5635569.0.vladzio 2620775.0.·Tenzo 7163132.0.Frigus_One 1189318.0.VelveD 6973700.1.Douv 2360335.0.All730 4338026.0.redelfuoco9 5650090.0.Yoru_Sutoka 4304835.0.~DarkMrrn 7149833.1.Vistrooo 4074353.0.ImExelliuM

[15:48:06]	[Recv]	cond 1 2073308 0 0 21

[15:48:06]	[Recv]	cond 1 2073308 0 0 21

[15:48:06]	[Recv]	cond 2 4988603 0 0 15

[15:48:06]	[Recv]	cond 2 4988592 0 0 15

[15:48:06]	[Send]	ptctl 5443 2 4988603 37 45 4988592 39 44 4988603 15
[15:48:06]	[Recv]	cond 1 2073308 0 0 21

[15:48:06]	[Recv]	cond 1 2073308 0 0 21

[15:48:06]	[Recv]	cond 2 4988603 0 0 15

[15:48:06]	[Recv]	cond 2 4988592 0 0 15

[15:48:06]	[Send]	ncif 3 5022816
[15:48:06]	[Send]	u_s 1 3 5022816
[15:48:06]	[Send]	ptctl 5443 1 4988603 35 47 4988603 15
[15:48:06]	[Send]	suctl 5443 1 4988603 3 5022816
[15:48:07]	[Recv]	eff 3 5022817 4799

[15:48:07]	[Recv]	ct 3 5022816 1 2073308 -1 -1 0

[15:48:07]	[Recv]	su 3 5022816 1 2073308 0 10 11 7200 0 0 1 99 0 4 0 96048 96297

[15:48:07]	[Recv]	st 3 5022816 99 0 100 100 13880 2828 13880 2828 0

[15:48:07]	[Recv]	cond 1 2073308 0 0 21

[15:48:07]	[Recv]	cond 1 2073308 0 0 21

[15:48:07]	[Recv]	eff 3 5022812 4799

[15:48:07]	[Recv]	ct 3 5022811 2 4988614 -1 -1 0

[15:48:07]	[Recv]	su 3 5022811 2 4988614 0 5 11 1061 0 0 1 84 709 0 0 32824 38913

[15:48:07]	[Recv]	st 2 5022311 95 0 100 100 92286 184572 92286 184572 0

[15:48:07]	[Recv]	eff 2 5022311 7739

[15:48:07]	[Recv]	ms_c 0

[15:48:07]	[Recv]	qslot 0 1.1.1 1.1.2 1.1.3 1.1.4 1.1.5 1.1.6 1.1.7 1.1.9 1.1.8 1.1.10 0.1.45 0.2.21 0.1.76 1.1.38 1.3.12 0.1.34 0.1.87 0.-1.-1 0.1.84 0.1.43 1.3.11 1.1.42 1.1.41 1.3.976 0.-1.-1 0.1.70 0.2.143 0.2.25 0.2.27 0.2.26

[15:48:07]	[Recv]	qslot 1 0.-1.-1 0.-1.-1 0.-1.-1 0.-1.-1 0.-1.-1 0.-1.-1 0.-1.-1 0.-1.-1 0.-1.-1 0.-1.-1 0.1.-1 0.1.-1 1.1.41 1.1.42 0.-1.-1 7.7.-1 7.7.-1 7.7.-1 7.7.-1 0.-1.-1 0.-1.-1 0.-1.-1 0.-1.-1 0.-1.-1 0.-1.-1 0.-1.-1 0.-1.-1 0.-1.-1 0.-1.-1 0.-1.-1

[15:48:07]	[Recv]	ct 1 2073308 3 5022816 14 4263 1115

[15:48:07]	[Recv]	cond 2 4988603 0 0 15

[15:48:07]	[Recv]	eff 2 4988603 5005

[15:48:07]	[Send]	ptctl 5443 1 4988592 42 41 4988592 15
[15:48:07]	[Recv]	sp 414254 1000000 0 10000

[15:48:07]	[Recv]	ct 3 5022810 2 4988544 -1 -1 0

[15:48:07]	[Recv]	su 3 5022810 2 4988544 0 10 11 4789 0 0 1 96 501 0 0 49235 50845

[15:48:07]	[Recv]	ct 2 4988544 3 5022810 -1 -1 0

[15:48:07]	[Recv]	st 2 5022310 95 0 100 100 92286 184572 92286 184572 0

[15:48:07]	[Recv]	eff 2 5022310 7739

[15:48:07]	[Recv]	st 2 5022309 95 0 100 100 92286 184572 92286 184572 0

[15:48:07]	[Recv]	eff 2 5022309 7739

[15:48:07]	[Recv]	eff 1 2073308 15

[15:48:07]	[Recv]	rc 1 2073308 200 0

[15:48:07]	[Recv]	su 1 2073308 3 5022816 1115 70 12 4264 0 0 0 0 287577 3 0 0 13880

[15:48:07]	[Recv]	lev 99 0 99 0 2140719000 5991794 66993052 2 0 90 917705181 0

[15:48:07]	[Recv]	mslot 1127 -1

[15:48:07]	[Recv]	qset 0 0 1.1.13.0

[15:48:07]	[Recv]	cond 2 4988592 0 0 15

[15:48:07]	[Send]	ptctl 5443 1 4988592 41 42 4988592 15
[15:48:07]	[Send]	suctl 5443 1 4988592 3 5022816
[15:48:07]	[Recv]	su 2 4988544 3 5022810 0 10 11 4398 0 0 1 68 5156 0 0 75753 110907

[15:48:07]	[Recv]	ct 2 4988603 3 5022816 -1 -1 0

[15:48:07]	[Recv]	su 2 4988603 2 4988603 0 12 11 8360 0 0 1 98 0 2 0 19110 19451

[15:48:07]	[Recv]	cond 2 4988592 0 0 15

[15:48:07]	[Recv]	cond 1 2073308 0 0 21

[15:48:07]	[Recv]	sayi 1 2073308 20 22 3 4254 0 0 0

[15:48:07]	[Recv]	bf 1 2073308 0.4254.0 99

[15:48:08]	[Send]	ncif 3 5022814
[15:48:08]	[Recv]	st 3 5022814 99 0 100 100 116032 2828 116032 2828 0

[15:48:08]	[Send]	ptctl 5443 1 4988603 35 46 4988603 15
[15:48:08]	[Recv]	cond 2 4988603 0 0 15

[15:48:08]	[Recv]	ct 3 5022811 2 4988614 -1 -1 0

[15:48:08]	[Recv]	su 3 5022811 2 4988614 0 5 11 1061 0 0 1 82 745 0 0 32079 38913

[15:48:08]	[Send]	suctl 5443 1 4988603 3 5022814
[15:48:08]	[Send]	u_s 0 3 5022814
[15:48:08]	[Recv]	eff 2 4988603 5005

[15:48:08]	[Recv]	eff 3 5022815 5000

[15:48:08]	[Recv]	eff 3 5022814 5000

[15:48:08]	[Recv]	ct 2 4988523 3 5022811 -1 -1 0

[15:48:08]	[Recv]	sc_p 8 567 4988523 1 2978 0 1 0 461 468 254 10 150 0 198 31 197 31 193 2 12 12 12 12 4368 4368 4224 4224 0 15 0 Hada^oval 0 7 3 30 1819 1797 0 1080

[15:48:08]	[Recv]	ct 2 4988615 3 5022810 -1 -1 0

[15:48:08]	[Recv]	su 2 4988615 3 5022810 0 12 11 7548 0 0 1 68 1 0 0 75752 110907

[15:48:08]	[Recv]	sr 13

[15:48:08]	[Recv]	ct 1 2073308 3 5022814 -1 -1 1114

[15:48:08]	[Recv]	rc 1 2073308 49 0

[15:48:08]	[Recv]	su 1 2073308 3 5022814 1114 7 11 4260 0 0 1 13 100194 3 0 15838 116032

[15:48:08]	[Recv]	eff 1 2073308 869

[15:48:08]	[Send]	ptctl 5443 2 4988603 39 49 4988592 40 47 4988603 15
[15:48:08]	[Recv]	su 2 4988523 3 5022811 0 11 11 4742 0 0 1 91 0 4 0 116065 126282

[15:48:08]	[Recv]	cond 1 2073308 0 0 21

[15:48:08]	[Recv]	cond 1 2073308 0 0 21

[15:48:08]	[Recv]	cond 2 4988603 0 0 15

[15:48:08]	[Recv]	cond 2 4988592 0 0 15

[15:48:08]	[Send]	ptctl 5443 2 4988603 40 49 4988592 41 48 4988603 15
[15:48:09]	[Recv]	cond 2 4988603 0 0 15

[15:48:09]	[Recv]	cond 2 4988592 0 0 15

[15:48:09]	[Send]	ncif 3 5022814
[15:48:09]	[Send]	ptctl 5443 1 4988592 41 40 4988592 15
[15:48:09]	[Recv]	st 3 5022814 99 0 13 100 15838 2828 116032 2828 0

[15:48:09]	[Recv]	st 2 5022311 95 0 100 100 92286 184572 92286 184572 0

[15:48:09]	[Recv]	cond 2 4988592 0 0 15

[15:48:09]	[Send]	u_s 13 3 5022814
[15:48:09]	[Recv]	eff 2 4988544 3007

[15:48:09]	[Recv]	ct 2 4988614 3 5022811 -1 -1 0

[15:48:09]	[Recv]	su 2 4988614 3 5022811 0 15 11 7538 0 0 1 91 0 1 0 116065 126282

[15:48:09]	[Recv]	sr 0

[15:48:09]	[Recv]	cond 1 2073308 0 0 21

[15:48:09]	[Recv]	cond 1 2073308 0 0 21

[15:48:09]	[Recv]	ms_c 0

[15:48:09]	[Recv]	qslot 0 1.1.1 1.1.2 1.1.3 1.1.4 1.1.5 1.1.6 1.1.7 1.1.9 1.1.8 1.1.10 0.1.45 0.2.21 0.1.76 1.1.38 1.3.12 0.1.34 0.1.87 0.-1.-1 0.1.84 0.1.43 1.3.11 1.1.42 1.1.41 1.3.976 0.-1.-1 0.1.70 0.2.143 0.2.25 0.2.27 0.2.26

[15:48:09]	[Recv]	qslot 1 0.-1.-1 0.-1.-1 0.-1.-1 0.-1.-1 0.-1.-1 0.-1.-1 0.-1.-1 0.-1.-1 0.-1.-1 0.-1.-1 0.1.-1 0.1.-1 1.1.41 1.1.42 0.-1.-1 7.7.-1 7.7.-1 7.7.-1 7.7.-1 0.-1.-1 0.-1.-1 0.-1.-1 0.-1.-1 0.-1.-1 0.-1.-1 0.-1.-1 0.-1.-1 0.-1.-1 0.-1.-1 0.-1.-1

[15:48:09]	[Recv]	msgi2 0 905 14 MoGoki 2034 

[15:48:09]	[Recv]	ct 3 5022811 2 4988614 -1 -1 0

[15:48:09]	[Recv]	su 3 5022811 2 4988614 0 5 11 1061 0 0 1 81 289 0 0 31790 38913

[15:48:09]	[Recv]	st 2 5022310 95 0 100 100 92286 184572 92286 184572 0

[15:48:09]	[Recv]	st 2 5022309 95 0 100 100 92286 184572 92286 184572 0

[15:48:09]	[Recv]	ct 1 2073308 3 5022814 -1 -1 1127

[15:48:09]	[Recv]	eff 1 2073308 15

[15:48:09]	[Recv]	su 1 2073308 3 5022814 1127 100 22 4284 0 0 0 0 71420 0 0 0 116032

[15:48:09]	[Recv]	lev 99 0 99 0 2140719000 5991794 66993052 2 0 90 917705181 0

[15:48:09]	[Recv]	su 1 2073308 3 5022812 1127 100 22 4284 0 0 0 0 121627 6 0 0 13880

[15:48:09]	[Recv]	lev 99 0 99 0 2140719000 5991794 66993052 2 0 90 917705181 0

[15:48:09]	[Send]	suctl 5443 1 4988603 3 5022814
[15:48:09]	[Recv]	ct 3 5022818 2 4988592 -1 -1 0

[15:48:09]	[Recv]	su 3 5022818 2 4988592 0 10 11 4789 0 0 1 91 257 3 0 52982 57771

[15:48:09]	[Recv]	ct 3 5022810 2 4988544 -1 -1 0

[15:48:09]	[Recv]	su 3 5022810 2 4988544 0 10 11 4789 0 0 1 95 503 0 0 48732 50845

[15:48:09]	[Send]	u_s 13 3 5022814
[15:48:09]	[Recv]	cancel 0 13 -1

[15:48:10]	[Send]	ptctl 5443 2 4988603 40 44 4988592 43 35 4988603 15
[15:48:10]	[Recv]	ct 3 5022815 2 4988592 -1 -1 0

[15:48:10]	[Recv]	su 3 5022815 2 4988592 0 10 11 4789 0 0 1 91 0 1 0 52982 57771

[15:48:10]	[Recv]	ct 2 4988544 3 5022810 -1 -1 0

[15:48:10]	[Recv]	cond 1 2073308 0 0 21

[15:48:10]	[Recv]	cond 1 2073308 0 0 21

[15:48:10]	[Recv]	su 2 4988544 3 5022810 0 10 11 4398 0 0 1 63 5257 0 0 70495 110907

[15:48:10]	[Recv]	cond 2 4988603 0 0 15

[15:48:10]	[Recv]	cond 2 4988592 0 0 15

[15:48:10]	[Send]	ncif 3 5022818
[15:48:10]	[Send]	mtlist 1 3 5022815 
[15:48:10]	[Send]	u_s 10 3 5022818
[15:48:10]	[Send]	ptctl 5443 1 4988592 41 37 4988592 15
[15:48:10]	[Send]	suctl 5443 1 4988592 3 5022818
[15:48:10]	[Recv]	st 3 5022818 99 0 100 100 110907 2828 110907 2828 0

[15:48:10]	[Recv]	cond 1 2073308 0 0 21

[15:48:10]	[Recv]	cond 1 2073308 0 0 21

[15:48:10]	[Recv]	ms_c 0

[15:48:10]	[Recv]	qslot 0 1.1.1 1.1.2 1.1.3 1.1.4 1.1.5 1.1.6 1.1.7 1.1.9 1.1.8 1.1.10 0.1.45 0.2.21 0.1.76 1.1.38 1.3.12 0.1.34 0.1.87 0.-1.-1 0.1.84 0.1.43 1.3.11 1.1.42 1.1.41 1.3.976 0.-1.-1 0.1.70 0.2.143 0.2.25 0.2.27 0.2.26

[15:48:10]	[Recv]	qslot 1 0.-1.-1 0.-1.-1 0.-1.-1 0.-1.-1 0.-1.-1 0.-1.-1 0.-1.-1 0.-1.-1 0.-1.-1 0.-1.-1 0.1.-1 0.1.-1 1.1.41 1.1.42 0.-1.-1 7.7.-1 7.7.-1 7.7.-1 7.7.-1 0.-1.-1 0.-1.-1 0.-1.-1 0.-1.-1 0.-1.-1 0.-1.-1 0.-1.-1 0.-1.-1 0.-1.-1 0.-1.-1 0.-1.-1

[15:48:10]	[Send]	ptctl 5443 1 4988603 40 39 4988603 15
[15:48:10]	[Recv]	ct 3 5022811 2 4988614 -1 -1 0

[15:48:10]	[Recv]	su 3 5022811 2 4988614 0 5 11 1061 0 0 1 79 726 0 0 31064 38913

[15:48:10]	[Recv]	ct 1 2073308 3 5022818 21 4267 1124

[15:48:10]	[Recv]	cond 2 4988592 0 0 15

[15:48:10]	[Send]	ncif 3 5022817
[15:48:10]	[Recv]	eff 2 4988592 5005

[15:48:11]	[Recv]	cond 2 4988603 0 0 15

[15:48:11]	[Send]	ptctl 5443 1 4988603 40 42 4988603 15
[15:48:11]	[Send]	suctl 5443 1 4988603 3 5022817
[15:48:11]	[Recv]	st 3 5022817 99 0 100 100 13880 2828 13880 2828 0

[15:48:11]	[Recv]	ct 2 4988523 3 5022811 -1 -1 0

[15:48:11]	[Recv]	ct 2 4988615 3 5022810 -1 -1 0

[15:48:11]	[Recv]	su 2 4988615 3 5022810 0 12 11 7548 0 0 1 58 5471 0 0 65024 110907

[15:48:11]	[Recv]	ct 2 4988592 3 5022818 -1 -1 0

[15:48:11]	[Recv]	su 2 4988592 3 5022818 0 10 11 0 0 0 1 87 13352 0 0 97555 110907

[15:48:11]	[Recv]	st 2 5022311 95 0 100 100 92286 184572 92286 184572 0

[15:48:11]	[Recv]	cond 2 4988603 0 0 15

[15:48:11]	[Recv]	eff 2 4988603 5005

[15:48:11]	[Recv]	su 2 4988523 3 5022811 0 11 11 4742 0 0 1 91 0 4 0 116065 126282

[15:48:11]	[Send]	ptctl 5443 1 4988592 41 42 4988592 15
[15:48:11]	[Send]	ncif 3 5022817
[15:48:11]	[Recv]	ct 2 4988603 3 5022817 -1 -1 0

[15:48:11]	[Recv]	eff 2 4988603 15

[15:48:11]	[Recv]	su 2 4988603 3 5022817 0 12 11 8360 0 0 0 0 15008 0 0 0 13880

[15:48:11]	[Recv]	lev 99 0 99 0 2140719000 5991794 66993052 2 0 90 917705181 0

[15:48:11]	[Recv]	st 2 5022310 95 0 100 100 92286 184572 92286 184572 0

[15:48:11]	[Recv]	st 2 5022309 95 0 100 100 92286 184572 92286 184572 0

[15:48:11]	[Recv]	cond 2 4988592 0 0 15

[15:48:11]	[Send]	ptctl 5443 2 4988603 40 47 4988592 41 43 4988603 15
[15:48:11]	[Recv]	eff 1 2073308 15

[15:48:11]	[Recv]	su 1 2073308 3 5022818 1124 500 42 4261 0 0 0 0 331498 3 0 0 110907

[15:48:11]	[Recv]	lev 99 0 99 0 2140719000 5991794 66993052 2 0 90 917705181 0

[15:48:11]	[Recv]	eff 1 2073308 15

[15:48:11]	[Recv]	su 1 2073308 3 5022815 1124 500 42 4261 0 0 0 0 333741 6 0 0 110907

[15:48:11]	[Recv]	lev 99 0 99 0 2140719000 5991794 66993052 2 0 90 917705181 0

[15:48:11]	[Recv]	cond 2 4988603 0 0 15

[15:48:11]	[Recv]	cond 2 4988592 0 0 15

[15:48:11]	[Send]	ptctl 5443 1 4988603 40 48 4988603 15
[15:48:11]	[Recv]	cond 1 2073308 0 0 21

[15:48:11]	[Recv]	cond 1 2073308 0 0 21

[15:48:12]	[Recv]	ct 3 5022811 2 4988614 -1 -1 0

[15:48:12]	[Recv]	su 3 5022811 2 4988614 0 5 11 1061 0 0 1 79 292 0 0 30772 38913

[15:48:12]	[Recv]	cond 2 4988603 0 0 15

[15:48:12]	[Send]	ptctl 5443 1 4988592 41 44 4988592 15
[15:48:12]	[Recv]	eff 2 5022311 7739

[15:48:12]	[Recv]	cond 2 4988592 0 0 15

[15:48:12]	[Recv]	ct 2 4988544 3 5022810 -1 -1 0

[15:48:12]	[Recv]	sp 414244 1000000 0 10000

[15:48:12]	[Recv]	su 2 4988544 3 5022810 0 10 11 4398 0 0 1 53 6198 0 0 58826 110907

[15:48:12]	[Recv]	ct 2 4988614 3 5022811 -1 -1 0

[15:48:12]	[Recv]	su 2 4988614 3 5022811 0 15 11 7538 0 0 1 91 0 1 0 116065 126282

[15:48:12]	[Recv]	eff 2 5022310 7739

[15:48:12]	[Recv]	eff 2 5022309 7739

[15:48:12]	[Recv]	cond 1 2073308 0 0 20

[15:48:12]	[Recv]	sayi 1 2073308 20 22 3 4252 0 0 0

[15:48:12]	[Recv]	bf 1 2073308 0.4252.0 99

[15:48:12]	[Recv]	bf 1 2073308 0.4252.3000 99

[15:48:12]	[Recv]	sayi 1 2073308 20 26 3 4252 0 0 0

[15:48:12]	[Recv]	cond 1 2073308 0 0 21

[15:48:12]	[Recv]	sayi 1 2073308 20 23 3 4252 0 0 0

[15:48:12]	[Send]	ptctl 5443 2 4988603 44 45 4988592 45 44 4988603 15
[15:48:12]	[Recv]	cond 1 2073308 0 0 21

[15:48:12]	[Recv]	cond 1 2073308 0 0 21

[15:48:13]	[Recv]	cond 2 4988603 0 0 15

[15:48:13]	[Recv]	cond 2 4988592 0 0 15

[15:48:13]	[Recv]	cond 1 2073308 0 0 21

[15:48:13]	[Recv]	cond 1 2073308 0 0 21

[15:48:13]	[Send]	ncif 3 5022819
[15:48:13]	[Recv]	ct 3 5022811 2 4988614 -1 -1 0

[15:48:13]	[Recv]	su 3 5022811 2 4988614 0 5 11 1061 0 0 1 77 735 0 0 30037 38913

[15:48:13]	[Recv]	st 2 5022311 95 0 100 100 92286 184572 92286 184572 0

[15:48:13]	[Send]	u_s 8 3 5022819
[15:48:13]	[Send]	suctl 5443 1 4988603 3 5022819
[15:48:13]	[Recv]	st 3 5022819 99 0 100 100 110907 2828 110907 2828 0

[15:48:13]	[Send]	ptctl 5443 1 4988592 45 48 4988592 15
[15:48:13]	[Recv]	cond 1 2073308 0 0 21

[15:48:13]	[Recv]	cond 1 2073308 0 0 21

[15:48:13]	[Recv]	ms_c 0

[15:48:13]	[Recv]	qslot 0 1.1.1 1.1.2 1.1.3 1.1.4 1.1.5 1.1.6 1.1.7 1.1.9 1.1.8 1.1.10 0.1.45 0.2.21 0.1.76 1.1.38 1.3.12 0.1.34 0.1.87 0.-1.-1 0.1.84 0.1.43 1.3.11 1.1.42 1.1.41 1.3.976 0.-1.-1 0.1.70 0.2.143 0.2.25 0.2.27 0.2.26

[15:48:13]	[Recv]	qslot 1 0.-1.-1 0.-1.-1 0.-1.-1 0.-1.-1 0.-1.-1 0.-1.-1 0.-1.-1 0.-1.-1 0.-1.-1 0.-1.-1 0.1.-1 0.1.-1 1.1.41 1.1.42 0.-1.-1 7.7.-1 7.7.-1 7.7.-1 7.7.-1 0.-1.-1 0.-1.-1 0.-1.-1 0.-1.-1 0.-1.-1 0.-1.-1 0.-1.-1 0.-1.-1 0.-1.-1 0.-1.-1 0.-1.-1

[15:48:13]	[Recv]	st 2 5022310 95 0 100 100 92286 184572 92286 184572 0

[15:48:13]	[Recv]	st 2 5022309 95 0 100 100 92286 184572 92286 184572 0

[15:48:13]	[Recv]	ct 1 2073308 3 5022819 -1 -1 1122

[15:48:13]	[Recv]	eff 2 4988603 5005

[15:48:13]	[Send]	ptctl 5443 2 4988603 39 45 4988592 40 46 4988603 15
[15:48:13]	[Recv]	cond 1 2073308 0 0 22

[15:48:13]	[Recv]	bf 1 2073308 0.1925.80 99

[15:48:13]	[Recv]	eff 1 2073308 0

[15:48:13]	[Recv]	sayi 1 2073308 20 26 3 1925 0 0 0

[15:48:13]	[Recv]	eff_s 1 2073308 7688 0

[15:48:13]	[Recv]	eff 1 2073308 15

[15:48:13]	[Recv]	su 1 2073308 3 5022819 1122 150 41 4268 0 0 1 56 48592 0 0 62315 110907

[15:48:13]	[Recv]	mslot 1125 -1

[15:48:13]	[Recv]	qset 0 8 1.1.11.0

[15:48:13]	[Recv]	cond 1 2073308 0 0 22

[15:48:13]	[Recv]	bf 1 2073308 0.4254.80 99

[15:48:13]	[Recv]	sayi 1 2073308 20 26 3 4254 0 0 0

[15:48:13]	[Recv]	eff 1 2073308 869

[15:48:13]	[Recv]	sayi 1 2073308 20 23 3 4254 0 0 0

[15:48:13]	[Recv]	cond 2 4988592 0 0 15

[15:48:13]	[Send]	ptctl 5443 1 4988592 45 48 4988592 15
[15:48:13]	[Recv]	ct 2 4988523 3 5022811 -1 -1 0

[15:48:13]	[Recv]	ct 2 4988615 3 5022810 -1 -1 0

[15:48:13]	[Recv]	su 2 4988615 3 5022810 0 12 11 7548 0 0 1 53 1 0 0 58825 110907

[15:48:13]	[Recv]	cond 2 4988603 0 0 15

[15:48:13]	[Recv]	cond 2 4988592 0 0 15

[15:48:13]	[Send]	ptctl 5443 2 4988603 38 45 4988592 40 47 4988603 15
[15:48:13]	[Recv]	cond 2 4988592 0 0 15

[15:48:14]	[Recv]	ct 3 5022819 2 4988592 -1 -1 0

[15:48:14]	[Recv]	su 3 5022819 2 4988592 0 10 11 4789 0 0 1 91 258 3 0 52724 57771

[15:48:14]	[Recv]	su 2 4988523 3 5022811 0 11 11 4742 0 0 1 91 0 4 0 116065 126282

[15:48:14]	[Recv]	ct 2 4988603 3 5022819 -1 -1 0

[15:48:14]	[Recv]	su 2 4988603 3 5022819 0 12 11 8360 0 0 1 48 8522 0 0 53793 110907

[15:48:14]	[Recv]	cond 1 2073308 0 0 22

[15:48:14]	[Recv]	cond 1 2073308 0 0 22

[15:48:14]	[Send]	ptctl 5443 2 4988603 37 46 4988592 39 48 4988603 15
[15:48:14]	[Recv]	cond 2 4988603 0 0 15

[15:48:14]	[Recv]	cond 2 4988592 0 0 15

[15:48:14]	[Send]	ncif 3 5022819
[15:48:14]	[Send]	ptctl 5443 2 4988603 38 48 4988592 37 47 4988603 15
[15:48:14]	[Recv]	out 2 4988523

[15:48:14]	[Recv]	out 2 4988544

[15:48:14]	[Recv]	out 2 4988614

[15:48:14]	[Recv]	out 2 4988615

[15:48:14]	[Recv]	sayi 1 2073308 20 22 3 1026 0 0 0

[15:48:14]	[Recv]	bf 1 2073308 0.1026.0 99

[15:48:14]	[Recv]	cond 1 2073308 0 0 22

[15:48:14]	[Recv]	cond 1 2073308 0 0 22

[15:48:14]	[Recv]	cond 2 4988603 0 0 15

[15:48:14]	[Recv]	cond 2 4988592 0 0 15

[15:48:14]	[Send]	mtlist 1 2 4988592 
[15:48:14]	[Send]	u_s 11 3 5022819
[15:48:14]	[Send]	ptctl 5443 1 4988592 45 48 4988592 15
[15:48:14]	[Recv]	ct 3 5022811 2 4988614 -1 -1 0

[15:48:14]	[Recv]	su 3 5022811 3 5022811 0 5 11 1061 0 0 1 91 0 2 0 116065 126282

[15:48:14]	[Recv]	st 3 5022819 99 0 48 100 53793 2828 110907 2828 0

[15:48:14]	[Recv]	cond 2 4988603 0 0 15

[15:48:14]	[Recv]	cond 2 4988592 0 0 15

[15:48:14]	[Send]	ptctl 5443 1 4988603 42 45 4988603 15
[15:48:14]	[Send]	suctl 5443 1 4988603 3 5022819
[15:48:14]	[Send]	ptctl 5443 2 4988603 38 47 4988592 38 48 4988603 15
[15:48:14]	[Recv]	sr 1

[15:48:14]	[Recv]	cond 1 2073308 0 0 22

[15:48:14]	[Recv]	cond 1 2073308 0 0 22

[15:48:14]	[Recv]	ms_c 0

[15:48:14]	[Recv]	qslot 0 1.1.1 1.1.2 1.1.3 1.1.4 1.1.5 1.1.6 1.1.7 1.1.9 1.1.8 1.1.10 0.1.45 0.2.21 0.1.76 1.1.38 1.3.12 0.1.34 0.1.87 0.-1.-1 0.1.84 0.1.43 1.3.11 1.1.42 1.1.41 1.3.976 0.-1.-1 0.1.70 0.2.143 0.2.25 0.2.27 0.2.26

[15:48:14]	[Recv]	qslot 1 0.-1.-1 0.-1.-1 0.-1.-1 0.-1.-1 0.-1.-1 0.-1.-1 0.-1.-1 0.-1.-1 0.-1.-1 0.-1.-1 0.1.-1 0.1.-1 1.1.41 1.1.42 0.-1.-1 7.7.-1 7.7.-1 7.7.-1 7.7.-1 0.-1.-1 0.-1.-1 0.-1.-1 0.-1.-1 0.-1.-1 0.-1.-1 0.-1.-1 0.-1.-1 0.-1.-1 0.-1.-1 0.-1.-1

[15:48:14]	[Send]	ptctl 5443 2 4988603 37 46 4988592 38 49 4988603 15
[15:48:14]	[Recv]	ct 1 2073308 3 5022819 -1 -1 1125

[15:48:14]	[Recv]	cond 1 2073308 0 0 25

[15:48:14]	[Recv]	bf 1 2073308 0.576.20 99

[15:48:14]	[Recv]	sayi 1 2073308 20 26 3 576 0 0 0

[15:48:14]	[Recv]	su 1 2073308 3 5022819 1125 3 22 4272 0 0 1 21 29450 0 0 24343 110907

[15:48:14]	[Recv]	mslot 1126 -1

[15:48:14]	[Recv]	qset 0 8 1.1.12.0

[15:48:14]	[Recv]	cond 2 4988592 0 0 15

[15:48:15]	[Send]	ptctl 5443 2 4988603 37 48 4988592 38 48 4988603 15
[15:48:15]	[Recv]	cond 2 4988603 0 0 15

[15:48:15]	[Recv]	eff 2 4988603 5005

[15:48:15]	[Send]	ptctl 5443 1 4988592 44 48 4988592 15
[15:48:15]	[Send]	mtlist 1 2 4988592 
[15:48:15]	[Send]	u_s 12 3 5022819
[15:48:15]	[Send]	ncif 3 5022819
[15:48:15]	[Recv]	st 2 5022311 95 0 100 100 92286 184572 92286 184572 0

[15:48:15]	[Recv]	sr 11

[15:48:15]	[Recv]	cond 2 4988603 0 0 15

[15:48:15]	[Recv]	cond 2 4988592 0 0 15

[15:48:15]	[Recv]	cond 2 4988603 0 0 15

[15:48:15]	[Recv]	cond 2 4988592 0 0 15

[15:48:15]	[Send]	ptctl 5443 2 4988603 36 50 4988592 36 48 4988603 15
[15:48:15]	[Recv]	ct 2 4988603 3 5022819 -1 -1 0

[15:48:15]	[Recv]	su 2 4988603 3 5022819 0 12 11 8360 0 0 1 14 8574 0 0 15769 110907

[15:48:15]	[Recv]	cond 1 2073308 0 0 25

[15:48:15]	[Recv]	cond 1 2073308 0 0 25

[15:48:15]	[Recv]	cond 2 4988603 0 0 15

[15:48:15]	[Recv]	cond 2 4988592 0 0 15

[15:48:15]	[Recv]	st 2 5022310 95 0 100 100 92286 184572 92286 184572 0

[15:48:15]	[Recv]	st 2 5022309 95 0 100 100 92286 184572 92286 184572 0

[15:48:15]	[Recv]	cond 2 4988592 0 0 15

[15:48:15]	[Send]	ptctl 5443 1 4988592 43 48 4988592 15
[15:48:15]	[Recv]	cond 1 2073308 0 0 25

[15:48:15]	[Recv]	cond 1 2073308 0 0 25

[15:48:15]	[Send]	ptctl 5443 2 4988603 35 50 4988592 38 51 4988603 15
[15:48:15]	[Recv]	ms_c 0

[15:48:15]	[Recv]	qslot 0 1.1.1 1.1.2 1.1.3 1.1.4 1.1.5 1.1.6 1.1.7 1.1.9 1.1.8 1.1.10 0.1.45 0.2.21 0.1.76 1.1.38 1.3.12 0.1.34 0.1.87 0.-1.-1 0.1.84 0.1.43 1.3.11 1.1.42 1.1.41 1.3.976 0.-1.-1 0.1.70 0.2.143 0.2.25 0.2.27 0.2.26

[15:48:15]	[Recv]	qslot 1 0.-1.-1 0.-1.-1 0.-1.-1 0.-1.-1 0.-1.-1 0.-1.-1 0.-1.-1 0.-1.-1 0.-1.-1 0.-1.-1 0.1.-1 0.1.-1 1.1.41 1.1.42 0.-1.-1 7.7.-1 7.7.-1 7.7.-1 7.7.-1 0.-1.-1 0.-1.-1 0.-1.-1 0.-1.-1 0.-1.-1 0.-1.-1 0.-1.-1 0.-1.-1 0.-1.-1 0.-1.-1 0.-1.-1

[15:48:16]	[Send]	ptctl 5443 2 4988603 37 51 4988592 35 51 4988603 15
[15:48:16]	[Recv]	ct 1 2073308 3 5022819 -1 -1 1126

[15:48:16]	[Recv]	bf 3 5022819 0.4110.80 99

[15:48:16]	[Recv]	eff 3 5022819 0

[15:48:16]	[Recv]	su 1 2073308 3 5022819 1126 3 26 4273 0 0 0 0 30292 0 0 0 110907

[15:48:16]	[Recv]	lev 99 0 99 0 2140719000 5991794 66993052 2 0 90 917705181 0

[15:48:16]	[Recv]	bf 1 2073308 0.568.400 99

[15:48:16]	[Recv]	mslot 1125 -1

[15:48:16]	[Recv]	qset 0 8 1.1.11.0

[15:48:16]	[Recv]	cond 2 4988603 0 0 15

[15:48:16]	[Recv]	cond 2 4988592 0 0 15

[15:48:16]	[Recv]	sc_p 170 1548 4988592 96 564 24135099 0 0 1889 2049 1289 19 90 9 975 627 958 627 866 3 90 90 110 80 52724 57771 18100 18100 1 84982200 0 @ 0 0 6 60 1831 1798 0 100

[15:48:16]	[Recv]	cond 2 4988592 0 0 15

[15:48:16]	[Recv]	sr 12

[15:48:16]	[Recv]	cond 2 4988603 0 0 15

[15:48:16]	[Recv]	cond 2 4988592 0 0 15

[15:48:16]	[Send]	ptctl 5443 2 4988603 36 51 4988592 34 53 4988603 15
[15:48:16]	[Recv]	finfo 3654050.0.Ambro420 4038466.1.*Boss95* 4032759.1.•Van_Heert•™ 6938689.0.LimitiMioPadre 4371592.0.STa®†a©R 6866129.0.Amnesya92 3393597.1.°Lordone24° 5527355.0.SugmaDeek 3988345.1.IMissYou 613441.1.ADuckOnQuack 6544388.0.SerowyNachoo 4351664.0.»Ja©k™ 1246372.0.!Ice! 3650626.0.DarkAngeeL 4286434.0.Salvanto2 5664515.0.Vixerin 3559057.0.~Frizz 7593876.0.Gang404 4368426.1.~Blackurio 957916.0.lusikill 2935710.0.#Rey1# 3467154.0.[St]Grippato 2939098.0.GorGoJo 3343263.0.Ansatsu 1638277.0.Memed 4357105.0.•Rosengarten 6623637.0.K?ndeer 1213513.0.Anny_ 7147719.0.Mortanciia 6680510.1.‡Ejzi‡ 2460434.0.Jon07 5635569.0.vladzio 2620775.0.·Tenzo 7163132.0.Frigus_One 1189318.0.VelveD 6973700.1.Douv 2360335.0.All730 4338026.0.redelfuoco9 5650090.0.Yoru_Sutoka 4304835.1.~DarkMrrn 7149833.1.Vistrooo 4074353.0.ImExelliuM

[15:48:16]	[Recv]	cond 2 4988603 0 0 15

[15:48:16]	[Recv]	cond 2 4988592 0 0 15

[15:48:16]	[Recv]	cond 1 2073308 0 0 25

[15:48:16]	[Recv]	cond 1 2073308 0 0 25

[15:48:16]	[Send]	ptctl 5443 2 4988603 36 52 4988592 34 54 4988603 15
[15:48:16]	[Recv]	cond 2 4988603 0 0 15

[15:48:16]	[Recv]	cond 2 4988592 0 0 15

[15:48:16]	[Recv]	cond 1 2073308 0 0 25

[15:48:16]	[Recv]	cond 1 2073308 0 0 25

[15:48:16]	[Recv]	cond 1 2073308 0 0 22

[15:48:16]	[Recv]	sayi 1 2073308 20 22 3 576 0 0 0

[15:48:16]	[Recv]	bf 1 2073308 0.576.0 99

[15:48:16]	[Recv]	cond 2 4988603 0 0 15

[15:48:16]	[Recv]	cond 2 4988592 0 0 15

[15:48:17]	[Send]	ptctl 5443 2 4988603 33 50 4988592 31 52 4988603 15
[15:48:17]	[Recv]	cond 1 2073308 0 0 22

[15:48:17]	[Recv]	cond 1 2073308 0 0 22

[15:48:17]	[Recv]	cond 2 4988603 0 0 15

[15:48:17]	[Recv]	cond 2 4988592 0 0 15

[15:48:17]	[Send]	ncif 3 5022813
[15:48:17]	[Send]	ptctl 5443 1 4988592 30 54 4988592 15
[15:48:17]	[Recv]	st 2 5022311 95 0 100 100 92286 184572 92286 184572 0

[15:48:17]	[Recv]	eff 2 5022311 7739

[15:48:17]	[Send]	mtlist 1 2 4988592 
[15:48:17]	[Send]	u_s 11 3 5022813
[15:48:17]	[Send]	ptctl 5443 1 4988603 36 50 4988603 15
[15:48:17]	[Send]	suctl 5443 1 4988603 3 5022813
[15:48:17]	[Recv]	st 3 5022813 99 0 100 100 110907 2828 110907 2828 0

[15:48:17]	[Send]	ptctl 5443 1 4988592 30 55 4988592 15
[15:48:17]	[Recv]	cond 2 4988592 0 0 15

[15:48:17]	[Recv]	cond 1 2073308 0 0 22

[15:48:17]	[Recv]	cond 1 2073308 0 0 22

[15:48:17]	[Send]	ptctl 5443 1 4988592 29 56 4988592 15
[15:48:17]	[Recv]	sp 414234 1000000 0 10000

[15:48:17]	[Recv]	st 2 5022310 95 0 100 100 92286 184572 92286 184572 0

[15:48:17]	[Recv]	eff 2 5022310 7739

[15:48:17]	[Recv]	st 2 5022309 95 0 100 100 92286 184572 92286 184572 0

[15:48:17]	[Recv]	eff 2 5022309 7739

[15:48:17]	[Recv]	ms_c 0

[15:48:17]	[Recv]	qslot 0 1.1.1 1.1.2 1.1.3 1.1.4 1.1.5 1.1.6 1.1.7 1.1.9 1.1.8 1.1.10 0.1.45 0.2.21 0.1.76 1.1.38 1.3.12 0.1.34 0.1.87 0.-1.-1 0.1.84 0.1.43 1.3.11 1.1.42 1.1.41 1.3.976 0.-1.-1 0.1.70 0.2.143 0.2.25 0.2.27 0.2.26

[15:48:17]	[Recv]	qslot 1 0.-1.-1 0.-1.-1 0.-1.-1 0.-1.-1 0.-1.-1 0.-1.-1 0.-1.-1 0.-1.-1 0.-1.-1 0.-1.-1 0.1.-1 0.1.-1 1.1.41 1.1.42 0.-1.-1 7.7.-1 7.7.-1 7.7.-1 7.7.-1 0.-1.-1 0.-1.-1 0.-1.-1 0.-1.-1 0.-1.-1 0.-1.-1 0.-1.-1 0.-1.-1 0.-1.-1 0.-1.-1 0.-1.-1

[15:48:17]	[Recv]	ct 1 2073308 3 5022813 -1 -1 1125

[15:48:17]	[Recv]	cond 1 2073308 0 0 25

[15:48:17]	[Recv]	bf 1 2073308 0.576.20 99

[15:48:17]	[Recv]	sayi 1 2073308 20 26 3 576 0 0 0

[15:48:17]	[Recv]	su 1 2073308 3 5022813 1125 3 22 4272 0 0 1 82 19635 0 0 91272 110907

[15:48:17]	[Recv]	bf 3 5022813 0.571.20 99

[15:48:17]	[Recv]	mslot 1126 -1

[15:48:17]	[Recv]	qset 0 8 1.1.12.0

[15:48:17]	[Recv]	cond 2 4988603 0 0 15

[15:48:17]	[Recv]	eff 2 4988603 5005

[15:48:18]	[Recv]	cond 2 4988592 0 0 15

[15:48:18]	[Send]	mtlist 1 2 4988592 
[15:48:18]	[Send]	u_s 12 3 5022813
[15:48:18]	[Recv]	sr 11

[15:48:18]	[Recv]	cond 2 4988592 0 0 15

[15:48:18]	[Send]	ncif 3 5022813
[15:48:18]	[Recv]	ct 2 4988603 3 5022813 -1 -1 0

[15:48:18]	[Recv]	su 2 4988603 3 5022813 0 12 11 8360 0 0 1 74 8558 0 0 82714 110907

[15:48:18]	[Recv]	ms_c 0

[15:48:18]	[Recv]	qslot 0 1.1.1 1.1.2 1.1.3 1.1.4 1.1.5 1.1.6 1.1.7 1.1.9 1.1.8 1.1.10 0.1.45 0.2.21 0.1.76 1.1.38 1.3.12 0.1.34 0.1.87 0.-1.-1 0.1.84 0.1.43 1.3.11 1.1.42 1.1.41 1.3.976 0.-1.-1 0.1.70 0.2.143 0.2.25 0.2.27 0.2.26

[15:48:18]	[Recv]	qslot 1 0.-1.-1 0.-1.-1 0.-1.-1 0.-1.-1 0.-1.-1 0.-1.-1 0.-1.-1 0.-1.-1 0.-1.-1 0.-1.-1 0.1.-1 0.1.-1 1.1.41 1.1.42 0.-1.-1 7.7.-1 7.7.-1 7.7.-1 7.7.-1 0.-1.-1 0.-1.-1 0.-1.-1 0.-1.-1 0.-1.-1 0.-1.-1 0.-1.-1 0.-1.-1 0.-1.-1 0.-1.-1 0.-1.-1

[15:48:18]	[Recv]	ct 1 2073308 3 5022813 -1 -1 1126

[15:48:18]	[Recv]	su 1 2073308 3 5022813 1126 3 26 4273 0 0 1 74 0 4 0 82714 110907

[15:48:18]	[Recv]	bf 1 2073308 0.568.400 99

[15:48:18]	[Recv]	st 3 5022813 99 0 74 100 82714 2828 110907 2828 0 571.99

[15:48:18]	[Send]	suctl 5443 1 4988592 3 5022813
[15:48:18]	[Send]	suctl 5443 1 4988603 3 5022813
[15:48:18]	[Recv]	eff 2 4988592 5005

[15:48:18]	[Send]	mtlist 1 2 4988592 
[15:48:18]	[Send]	u_s 12 3 5022813
[15:48:18]	[Recv]	sr 12

[15:48:18]	[Recv]	eff 1 2073308 869

[15:48:18]	[Recv]	eff 2 4988603 5005

[15:48:18]	[Recv]	ms_c 0

[15:48:18]	[Recv]	cancel 0 12 -1

[15:48:18]	[Send]	u_s 0 3 5022813
[15:48:19]	[Recv]	ct 2 4988592 3 5022813 -1 -1 0

[15:48:19]	[Recv]	su 2 4988592 3 5022813 0 10 11 0 0 0 1 62 13322 0 0 69392 110907

[15:48:19]	[Send]	ncif 3 5022813
[15:48:19]	[Recv]	st 2 5022311 95 0 100 100 92286 184572 92286 184572 0

[15:48:19]	[Recv]	ct 1 2073308 3 5022813 -1 -1 1114

[15:48:19]	[Recv]	su 1 2073308 3 5022813 1114 7 11 4260 0 0 1 62 0 4 0 69392 110907

[15:48:19]	[Recv]	st 3 5022813 99 0 62 100 69392 2828 110907 2828 0 571.99

[15:48:19]	[Send]	ptctl 5443 2 4988603 31 50 4988592 26 52 4988603 15
[15:48:19]	[Recv]	cond 1 2073308 0 0 25

[15:48:19]	[Recv]	cond 1 2073308 0 0 25

[15:48:19]	[Send]	ptctl 5443 1 4988592 29 55 4988592 15
[15:48:19]	[Send]	suctl 5443 1 4988592 3 5022813
[15:48:19]	[Recv]	st 2 5022310 95 0 100 100 92286 184572 92286 184572 0

[15:48:19]	[Recv]	st 2 5022309 95 0 100 100 92286 184572 92286 184572 0

[15:48:19]	[Recv]	sr 13

[15:48:19]	[Recv]	cond 2 4988603 0 0 15

[15:48:19]	[Recv]	cond 2 4988592 0 0 15

[15:48:19]	[Recv]	cond 1 2073308 0 0 22

[15:48:19]	[Recv]	sayi 1 2073308 20 22 3 576 0 0 0

[15:48:19]	[Recv]	bf 1 2073308 0.576.0 99

[15:48:19]	[Recv]	cond 2 4988592 0 0 15

[15:48:19]	[Recv]	eff 2 4988592 5005

[15:48:19]	[Send]	u_s 0 3 5022813
[15:48:19]	[Recv]	sr 0

[15:48:19]	[Recv]	cond 1 2073308 0 0 22

[15:48:19]	[Recv]	cond 1 2073308 0 0 22

[15:48:19]	[Send]	ptctl 5443 1 4988603 32 50 4988603 15
[15:48:19]	[Send]	suctl 5443 1 4988603 3 5022813
[15:48:20]	[Recv]	ct 1 2073308 3 5022813 -1 -1 1114

[15:48:20]	[Recv]	su 1 2073308 3 5022813 1114 7 11 4260 0 0 0 0 105880 3 0 0 110907

[15:48:20]	[Recv]	lev 99 0 99 0 2140719000 5991794 66993052 2 0 90 917705181 0

[15:48:20]	[Recv]	cond 2 4988603 0 0 15

[15:48:20]	[Recv]	ct 2 4988592 3 5022813 -1 -1 0

[15:48:20]	[Recv]	su 2 4988592 2 4988592 0 4 11 0 0 0 1 91 0 2 0 52724 57771

[15:48:20]	[Send]	ptctl 5443 2 4988603 28 50 4988592 27 50 4988603 15
[15:48:20]	[Recv]	cond 1 2073308 0 0 22

[15:48:20]	[Recv]	cond 1 2073308 0 0 22

[15:48:20]	[Recv]	cond 2 4988603 0 0 15

[15:48:20]	[Recv]	cond 2 4988592 0 0 15

[15:48:20]	[Send]	ncif 3 5022811
[15:48:20]	[Recv]	st 3 5022811 99 0 91 100 116065 2828 126282 2828 0

[15:48:20]	[Send]	ptctl 5443 1 4988592 29 49 4988592 15
[15:48:20]	[Send]	u_s 1 3 5022811
[15:48:20]	[Recv]	sr 0

[15:48:20]	[Recv]	cond 2 4988592 0 0 15

[15:48:20]	[Recv]	cond 1 2073308 0 0 22

[15:48:20]	[Recv]	cond 1 2073308 0 0 22

[15:48:21]	[Recv]	ms_c 0

[15:48:21]	[Recv]	qslot 0 1.1.1 1.1.2 1.1.3 1.1.4 1.1.5 1.1.6 1.1.7 1.1.9 1.1.8 1.1.10 0.1.45 0.2.21 0.1.76 1.1.38 1.3.12 0.1.34 0.1.87 0.-1.-1 0.1.84 0.1.43 1.3.11 1.1.42 1.1.41 1.3.976 0.-1.-1 0.1.70 0.2.143 0.2.25 0.2.27 0.2.26

[15:48:21]	[Recv]	qslot 1 0.-1.-1 0.-1.-1 0.-1.-1 0.-1.-1 0.-1.-1 0.-1.-1 0.-1.-1 0.-1.-1 0.-1.-1 0.-1.-1 0.1.-1 0.1.-1 1.1.41 1.1.42 0.-1.-1 7.7.-1 7.7.-1 7.7.-1 7.7.-1 0.-1.-1 0.-1.-1 0.-1.-1 0.-1.-1 0.-1.-1 0.-1.-1 0.-1.-1 0.-1.-1 0.-1.-1 0.-1.-1 0.-1.-1

[15:48:21]	[Recv]	ct 1 2073308 3 5022811 14 4263 1115

[15:48:21]	[Recv]	ct 3 5022811 2 4988603 -1 -1 767

[15:48:21]	[Recv]	in 3 804 5022929 25 46 2 100 100 0 0 0 -1 0 0 -1 - 0 -1 0 0 0 0 0 0 0 0 0 0 0 0

[15:48:21]	[Recv]	su 3 5022811 3 5022811 767 100 11 7287 0 0 1 91 0 -1 0 116065 126282

[15:48:21]	[Recv]	st 2 5022311 95 0 100 100 92286 184572 92286 184572 0

[15:48:21]	[Send]	suctl 5443 1 4988603 3 5022811
[15:48:21]	[Recv]	eff 2 4988603 5005

[15:48:21]	[Recv]	eff 3 5022929 5000

[15:48:21]	[Recv]	su 1 2073308 3 5022811 1115 67 12 4264 0 0 1 64 35212 0 0 80853 126282

[15:48:21]	[Recv]	su 1 2073308 3 5022929 1115 67 12 4264 0 0 0 0 47534 5 0 0 5170

[15:48:21]	[Recv]	lev 99 0 99 0 2140719000 5991794 66993052 2 0 90 917705181 0

[15:48:21]	[Recv]	ct 2 4988603 3 5022811 -1 -1 0

[15:48:21]	[Recv]	su 2 4988603 3 5022811 0 12 11 8360 0 0 1 57 8873 0 0 71980 126282

[15:48:21]	[Recv]	st 2 5022310 95 0 100 100 92286 184572 92286 184572 0

[15:48:21]	[Recv]	st 2 5022309 95 0 100 100 92286 184572 92286 184572 0

[15:48:21]	[Recv]	cond 1 2073308 0 0 22

[15:48:21]	[Recv]	sayi 1 2073308 20 22 3 4254 0 0 0

[15:48:21]	[Recv]	bf 1 2073308 0.4254.0 99

[15:48:21]	[Recv]	cond 1 2073308 0 0 21

[15:48:21]	[Recv]	sayi 1 2073308 20 22 3 1925 0 0 0

[15:48:21]	[Recv]	bf 1 2073308 0.1925.0 99

[15:48:21]	[Send]	ncif 3 5022811
[15:48:21]	[Recv]	st 3 5022811 99 0 57 100 71980 2828 126282 2828 0

[15:48:21]	[Recv]	eff 3 5022929 3617

[15:48:22]	[Send]	ptctl 5443 1 4988592 27 46 4988592 15
[15:48:22]	[Recv]	cond 2 4988592 0 0 15

[15:48:22]	[Send]	u_s 0 3 5022811
[15:48:22]	[Recv]	eff 2 5022311 7739

[15:48:22]	[Recv]	ct 3 5022811 2 4988592 -1 -1 0

[15:48:22]	[Recv]	su 3 5022811 2 4988592 0 5 11 1061 0 0 1 91 198 0 0 52526 57771

[15:48:22]	[Recv]	ct 1 2073308 3 5022811 -1 -1 1114

[15:48:22]	[Recv]	eff 1 2073308 15

[15:48:22]	[Recv]	su 1 2073308 3 5022811 1114 7 11 4260 0 0 0 0 79817 0 0 0 126282

[15:48:22]	[Recv]	lev 99 0 99 0 2140719000 5991794 66993052 2 0 90 917705181 0

[15:48:22]	[Send]	suctl 5443 1 4988603 3 5022811
[15:48:22]	[Recv]	in 3 760 5022931 6 39 6 100 100 0 0 0 -1 0 0 -1 - 0 -1 0 0 0 0 0 0 0 0 0 0 0 0

[15:48:22]	[Recv]	msgi 0 679 0 0 0 0 0

[15:48:22]	[Recv]	in 3 700 5022932 6 43 7 100 100 0 0 0 -1 0 0 -1 - 0 -1 0 0 0 0 0 0 0 0 0 0 0 0

[15:48:22]	[Recv]	msgi 0 679 0 0 0 0 0

[15:48:22]	[Recv]	in 3 710 5022933 8 39 3 100 100 0 0 0 -1 0 0 -1 - 0 -1 0 0 0 0 0 0 0 0 0 0 0 0

[15:48:22]	[Recv]	msgi 0 679 0 0 0 0 0

[15:48:22]	[Recv]	in 3 700 5022934 8 42 2 100 100 0 0 0 -1 0 0 -1 - 0 -1 0 0 0 0 0 0 0 0 0 0 0 0

[15:48:22]	[Recv]	msgi 0 679 0 0 0 0 0

[15:48:22]	[Recv]	in 3 760 5022935 37 5 6 100 100 0 0 0 -1 0 0 -1 - 0 -1 0 0 0 0 0 0 0 0 0 0 0 0

[15:48:22]	[Recv]	msgi 0 679 0 0 0 0 0

[15:48:22]	[Recv]	in 3 700 5022936 37 7 2 100 100 0 0 0 -1 0 0 -1 - 0 -1 0 0 0 0 0 0 0 0 0 0 0 0

[15:48:22]	[Recv]	msgi 0 679 0 0 0 0 0

[15:48:22]	[Recv]	in 3 775 5022937 39 6 1 100 100 0 0 0 -1 0 0 -1 - 0 -1 0 0 0 0 0 0 0 0 0 0 0 0

[15:48:22]	[Recv]	msgi 0 679 0 0 0 0 0

[15:48:22]	[Recv]	in 3 700 5022938 40 8 4 100 100 0 0 0 -1 0 0 -1 - 0 -1 0 0 0 0 0 0 0 0 0 0 0 0

[15:48:22]	[Recv]	msgi 0 679 0 0 0 0 0

[15:48:22]	[Recv]	in 3 785 5022939 41 6 0 100 100 0 0 0 -1 0 0 -1 - 0 -1 0 0 0 0 0 0 0 0 0 0 0 0

[15:48:22]	[Recv]	msgi 0 679 0 0 0 0 0

[15:48:22]	[Recv]	in 3 760 5022940 43 6 4 100 100 0 0 0 -1 0 0 -1 - 0 -1 0 0 0 0 0 0 0 0 0 0 0 0

[15:48:22]	[Recv]	msgi 0 679 0 0 0 0 0

[15:48:22]	[Recv]	in 3 700 5022941 43 8 3 100 100 0 0 0 -1 0 0 -1 - 0 -1 0 0 0 0 0 0 0 0 0 0 0 0

[15:48:22]	[Recv]	msgi 0 679 0 0 0 0 0

[15:48:22]	[Recv]	in 3 700 5022942 45 7 3 100 100 0 0 0 -1 0 0 -1 - 0 -1 0 0 0 0 0 0 0 0 0 0 0 0

[15:48:22]	[Recv]	msgi 0 679 0 0 0 0 0

[15:48:22]	[Recv]	in 3 700 5022943 71 38 6 100 100 0 0 0 -1 0 0 -1 - 0 -1 0 0 0 0 0 0 0 0 0 0 0 0

[15:48:22]	[Recv]	msgi 0 679 0 0 0 0 0

[15:48:22]	[Recv]	in 3 700 5022944 71 41 4 100 100 0 0 0 -1 0 0 -1 - 0 -1 0 0 0 0 0 0 0 0 0 0 0 0

[15:48:22]	[Recv]	msgi 0 679 0 0 0 0 0

[15:48:22]	[Recv]	in 3 760 5022945 72 37 3 100 100 0 0 0 -1 0 0 -1 - 0 -1 0 0 0 0 0 0 0 0 0 0 0 0

[15:48:22]	[Recv]	msgi 0 679 0 0 0 0 0

[15:48:22]	[Recv]	in 3 710 5022946 72 39 0 100 100 0 0 0 -1 0 0 -1 - 0 -1 0 0 0 0 0 0 0 0 0 0 0 0

[15:48:22]	[Recv]	msgi 0 679 0 0 0 0 0

[15:48:22]	[Recv]	sp 414224 1000000 0 10000

[15:48:22]	[Recv]	eff 3 5022946 5000

[15:48:22]	[Recv]	eff 3 5022944 5000

[15:48:22]	[Recv]	eff 3 5022941 5000

[15:48:22]	[Recv]	eff 3 5022937 5000

[15:48:22]	[Recv]	eff 3 5022934 5000

[15:48:22]	[Recv]	eff 2 5022310 7739

[15:48:22]	[Recv]	eff 2 5022309 7739

[15:48:22]	[Send]	suctl 5443 1 4988592 3 5022811
[15:48:22]	[Send]	ptctl 5443 2 4988603 25 54 4988592 27 51 4988603 15
[15:48:22]	[Recv]	cond 1 2073308 0 0 21

[15:48:22]	[Recv]	cond 1 2073308 0 0 21

[15:48:23]	[Recv]	cond 2 4988603 0 0 15

[15:48:23]	[Recv]	cond 2 4988592 0 0 15

[15:48:23]	[Recv]	sr 0

[15:48:23]	[Recv]	st 2 5022311 95 0 100 100 92286 184572 92286 184572 0

[15:48:23]	[Send]	ptctl 5443 2 4988603 21 53 4988592 22 49 4988603 15
[15:48:23]	[Recv]	cond 1 2073308 0 0 21

[15:48:23]	[Recv]	cond 1 2073308 0 0 21

[15:48:23]	[Recv]	cond 2 4988603 0 0 15

[15:48:23]	[Recv]	cond 2 4988592 0 0 15

[15:48:23]	[Send]	ncif 3 5022810
[15:48:23]	[Recv]	st 2 5022310 95 0 100 100 92286 184572 92286 184572 0

[15:48:23]	[Recv]	st 2 5022309 95 0 100 100 92286 184572 92286 184572 0

[15:48:23]	[Recv]	st 3 5022810 99 0 53 100 58825 2828 110907 2828 0

[15:48:23]	[Send]	u_s 0 3 5022810
[15:48:23]	[Recv]	eff 1 2073308 869

[15:48:23]	[Send]	ptctl 5443 1 4988592 19 52 4988592 15
[15:48:23]	[Recv]	cond 1 2073308 0 0 21

[15:48:23]	[Recv]	cond 1 2073308 0 0 21

[15:48:23]	[Send]	ptctl 5443 1 4988603 23 53 4988603 15
[15:48:23]	[Send]	suctl 5443 1 4988603 3 5022810
[15:48:24]	[Recv]	ct 1 2073308 3 5022810 -1 -1 1114

[15:48:24]	[Recv]	su 1 2073308 3 5022810 1114 7 11 4260 0 0 1 33 21806 3 0 37019 110907

[15:48:24]	[Recv]	cond 2 4988592 0 0 15

[15:48:24]	[Recv]	cond 2 4988603 0 0 15

[15:48:24]	[Recv]	eff 2 4988603 5005

[15:48:24]	[Recv]	ct 3 5022810 2 4988592 -1 -1 0

[15:48:24]	[Recv]	su 3 5022810 2 4988592 0 10 11 4789 0 0 1 90 51 0 0 52475 57771

[15:48:24]	[Send]	ncif 3 5022810
[15:48:24]	[Recv]	ct 2 4988603 3 5022810 -1 -1 0

[15:48:24]	[Recv]	su 2 4988603 3 5022810 0 12 11 8360 0 0 1 25 8525 0 0 28494 110907

[15:48:24]	[Recv]	st 3 5022810 99 0 25 100 28494 2828 110907 2828 0

[15:48:24]	[Recv]	sr 0

[15:48:24]	[Send]	ptctl 5443 1 4988592 18 53 4988592 15
[15:48:25]	[Recv]	cond 2 4988592 0 0 15

[15:48:25]	[Send]	suctl 5443 1 4988592 3 5022810
[15:48:25]	[Send]	suctl 5443 1 4988603 3 5022810
[15:48:25]	[Recv]	st 2 5022311 95 0 100 100 92286 184572 92286 184572 0

[15:48:25]	[Recv]	eff 2 4988592 5005

[15:48:25]	[Send]	u_ts 778 59 50
[15:48:25]	[Recv]	eff 2 4988603 5005

[15:48:25]	[Recv]	gcon 613441|0|25070115

[15:48:25]	[Recv]	ginfo Sanguinarius Dante† 0 24 31085000 32210200 116 150 3 1 0 1 1 2 1 1 5kk^skladka/fees-^more^info^on^dc->^skladki/fees

[15:48:25]	[Recv]	in 2 669 4988543 60 48 2 100 100 0 0 3 2073308 0 0 -1 @ 2 -1 0 0 0 0 0 0 0 0 0 0 19 4

[15:48:25]	[Recv]	ctl 2 4988543 0 1

[15:48:25]	[Recv]	in 2 643 4988539 58 48 2 100 100 0 0 3 2073308 0 0 -1 @ 2 -1 0 0 0 0 0 0 0 0 0 0 20 4

[15:48:25]	[Recv]	ctl 2 4988539 0 1

[15:48:25]	[Recv]	in 2 639 4988535 60 50 2 100 100 0 0 3 2073308 0 0 -1 @ 2 -1 0 0 0 0 0 0 0 0 0 0 18 4

[15:48:25]	[Recv]	ctl 2 4988535 0 1

[15:48:25]	[Recv]	in 2 638 4988534 59 48 2 100 100 0 0 3 2073308 0 0 -1 @ 2 -1 0 0 0 0 0 0 0 0 0 0 17 4

[15:48:25]	[Recv]	ctl 2 4988534 0 1

[15:48:25]	[Recv]	bf 1 2073308 0.1029.200 99

[15:48:25]	[Recv]	sayi 1 2073308 20 26 3 1029 0 0 0

[15:48:25]	[Recv]	team_cool 4 900

[15:48:25]	[Send]	ncif 3 5022810
[15:48:25]	[Recv]	ct 2 4988592 3 5022810 -1 -1 0

[15:48:25]	[Recv]	su 2 4988592 3 5022810 0 10 11 0 0 0 1 13 13374 0 0 15120 110907

[15:48:25]	[Recv]	st 2 5022310 95 0 100 100 92286 184572 92286 184572 0

[15:48:25]	[Recv]	st 2 5022309 95 0 100 100 92286 184572 92286 184572 0

[15:48:25]	[Recv]	st 3 5022810 99 0 13 100 15120 2828 110907 2828 0

[15:48:26]	[Send]	suctl 5443 1 4988592 3 5022810
[15:48:26]	[Recv]	sc_p 170 1548 4988592 96 563 24135380 0 0 1889 2049 1289 19 90 9 975 627 958 627 866 3 90 90 110 80 52475 57771 18100 18100 1 84982200 0 @ 0 0 6 60 1831 1798 0 100

[15:48:26]	[Recv]	eff 2 4988592 5005

[15:48:26]	[Send]	u_ts 777 58 52
[15:48:26]	[Recv]	finfo 3654050.0.Ambro420 4038466.1.*Boss95* 4032759.1.•Van_Heert•™ 6938689.0.LimitiMioPadre 4371592.0.STa®†a©R 6866129.0.Amnesya92 3393597.1.°Lordone24° 5527355.0.SugmaDeek 3988345.1.IMissYou 613441.0.ADuckOnQuack 6544388.0.SerowyNachoo 4351664.0.»Ja©k™ 1246372.0.!Ice! 3650626.0.DarkAngeeL 4286434.0.Salvanto2 5664515.0.Vixerin 3559057.0.~Frizz 7593876.0.Gang404 4368426.1.~Blackurio 957916.0.lusikill 2935710.0.#Rey1# 3467154.0.[St]Grippato 2939098.0.GorGoJo 3343263.0.Ansatsu 1638277.0.Memed 4357105.0.•Rosengarten 6623637.0.K?ndeer 1213513.0.Anny_ 7147719.0.Mortanciia 6680510.1.‡Ejzi‡ 2460434.0.Jon07 5635569.0.vladzio 2620775.0.·Tenzo 7163132.0.Frigus_One 1189318.0.VelveD 6973700.1.Douv 2360335.0.All730 4338026.0.redelfuoco9 5650090.0.Yoru_Sutoka 4304835.1.~DarkMrrn 7149833.1.Vistrooo 4074353.0.ImExelliuM

[15:48:26]	[Send]	suctl 5443 1 4988603 3 5022810
[15:48:26]	[Recv]	in 2 2731 4988617 59 54 2 100 100 0 0 3 2073308 0 0 -1 @ 2 -1 0 0 0 0 0 0 0 0 0 0 15 5

[15:48:26]	[Recv]	ctl 2 4988617 0 1

[15:48:26]	[Recv]	in 2 1538 4988590 56 50 2 100 100 0 0 3 2073308 0 0 -1 @ 2 -1 0 0 0 0 0 0 0 0 0 0 16 6

[15:48:26]	[Recv]	ctl 2 4988590 0 1

[15:48:26]	[Recv]	in 2 840 4988573 60 54 2 100 100 0 0 3 2073308 0 0 -1 @ 2 -1 0 0 0 0 0 0 0 0 0 0 14 4

[15:48:26]	[Recv]	ctl 2 4988573 0 1

[15:48:26]	[Recv]	in 2 64 4988460 60 50 2 100 100 0 0 3 2073308 0 0 -1 @ 2 -1 0 0 0 0 0 0 0 0 0 0 13 3

[15:48:26]	[Recv]	ctl 2 4988460 0 1

[15:48:26]	[Recv]	bf 1 2073308 0.1028.200 99

[15:48:26]	[Recv]	sayi 1 2073308 20 26 3 1028 0 0 0

[15:48:26]	[Recv]	team_cool 3 900

[15:48:26]	[Send]	ncif 3 5022810
[15:48:26]	[Recv]	eff 3 5022945 4799

[15:48:26]	[Recv]	ct 3 5022810 2 4988592 -1 -1 0

[15:48:26]	[Recv]	su 3 5022810 2 4988592 0 10 11 4789 0 0 1 90 49 0 0 52426 57771

[15:48:26]	[Recv]	ct 2 4988590 3 5021703 -1 -1 0

[15:48:26]	[Recv]	su 2 4988590 2 4988590 0 10 11 4841 0 0 1 100 0 2 0 15441 15441

[15:48:26]	[Recv]	ct 2 4988617 3 5021702 -1 -1 0

[15:48:26]	[Recv]	su 2 4988617 2 4988617 0 10 11 8146 0 0 1 100 0 2 0 7621 7621

[15:48:26]	[Recv]	ct 2 4988592 3 5022810 -1 -1 0

[15:48:26]	[Recv]	su 2 4988592 3 5022810 0 5 11 0 0 0 1 1 13487 0 0 1633 110907

[15:48:26]	[Recv]	eff 2 4988603 5005

[15:48:26]	[Recv]	st 3 5022810 99 0 1 100 1633 2828 110907 2828 0

[15:48:26]	[Send]	ptctl 5443 2 4988603 27 52 4988592 23 53 4988603 15
[15:48:26]	[Recv]	eff 3 5022940 4799

[15:48:26]	[Recv]	eff 3 5022935 4799

[15:48:26]	[Recv]	ct 2 4988534 3 5022946 -1 -1 0

[15:48:26]	[Recv]	su 2 4988534 3 5022946 0 11 11 4948 0 0 1 100 1 0 0 126281 126282

[15:48:26]	[Recv]	ct 2 4988535 3 5022945 -1 -1 0

[15:48:26]	[Recv]	su 2 4988535 3 5022945 0 11 11 4948 0 0 1 100 1 0 0 13879 13880

[15:48:26]	[Recv]	ct 2 4988539 3 5022944 -1 -1 0

[15:48:26]	[Recv]	eff 3 5022944 6003

[15:48:26]	[Recv]	su 2 4988539 3 5022944 0 11 11 4948 0 0 1 100 1 0 0 110906 110907

[15:48:26]	[Recv]	ct 2 4988543 3 5022943 -1 -1 0

[15:48:26]	[Recv]	su 2 4988543 3 5022943 0 11 11 4948 0 0 1 100 1 0 0 110906 110907

[15:48:26]	[Recv]	cond 1 2073308 0 0 21

[15:48:26]	[Recv]	cond 1 2073308 0 0 21

[15:48:26]	[Send]	u_s 0 3 5022810
[15:48:26]	[Recv]	cond 2 4988603 0 0 15

[15:48:26]	[Recv]	cond 2 4988592 0 0 15

[15:48:27]	[Recv]	ct 2 4988603 3 5022810 -1 -1 0

[15:48:27]	[Recv]	su 2 4988603 3 5022810 0 12 11 8360 0 0 0 0 8488 0 0 0 110907

[15:48:27]	[Recv]	lev 99 0 99 0 2140719000 5991794 66993052 2 0 90 917705181 0

[15:48:27]	[Recv]	cancel 0 0 -1

[15:48:27]	[Recv]	ct 3 5022946 2 4988534 -1 -1 767

[15:48:27]	[Recv]	in 3 804 5022955 65 40 2 100 100 0 0 0 -1 0 0 -1 - 0 -1 0 0 0 0 0 0 0 0 0 0 0 0

[15:48:27]	[Recv]	su 3 5022946 3 5022946 767 100 11 7287 0 0 1 100 0 -1 0 126281 126282

[15:48:27]	[Recv]	ct 3 5022943 2 4988543 -1 -1 0

[15:48:27]	[Recv]	su 3 5022943 2 4988543 0 10 11 4789 0 0 0 0 3040 0 0 0 501

[15:48:27]	[Recv]	eff 3 5022931 4799

[15:48:27]	[Recv]	st 2 5022311 95 0 100 100 92286 184572 92286 184572 0

[15:48:27]	[Recv]	eff 2 5022311 7739

[15:48:27]	[Send]	ptctl 5443 1 4988592 19 53 4988592 15
[15:48:27]	[Send]	suctl 5443 1 4988592 3 5022810
[15:48:27]	[Recv]	sc_p 74 1538 4988590 1 2973 0 0 0 1330 1388 730 18 150 0 622 74 624 74 619 2 90 110 100 100 15441 15441 15070 15070 0 15 0 @ 0 16 6 60 1819 1831 0 100

[15:48:27]	[Recv]	sc_p 77 2731 4988617 1 2972 0 0 0 820 850 450 15 80 0 345 38 350 38 360 4 83 93 73 108 7621 7621 7260 7260 0 15 0 @ 0 15 5 40 1805 1820 3 2130

[15:48:27]	[Recv]	cond 2 4988592 0 0 15

[15:48:27]	[Send]	ptctl 5443 2 4988603 20 52 4988592 17 49 4988603 15
[15:48:27]	[Recv]	sp 414214 1000000 0 10000

[15:48:27]	[Recv]	st 2 5022310 95 0 100 100 92286 184572 92286 184572 0

[15:48:27]	[Recv]	eff 2 5022310 7739

[15:48:27]	[Recv]	st 2 5022309 95 0 100 100 92286 184572 92286 184572 0

[15:48:27]	[Recv]	eff 2 5022309 7739

[15:48:27]	[Recv]	cond 1 2073308 0 0 21

[15:48:27]	[Recv]	cond 1 2073308 0 0 21

[15:48:27]	[Send]	ncif 3 5022933
[15:48:27]	[Recv]	cond 2 4988603 0 0 15

[15:48:27]	[Recv]	cond 2 4988592 0 0 15

[15:48:27]	[Recv]	st 3 5022933 99 0 100 100 126282 2828 126282 2828 0

[15:48:27]	[Send]	ptctl 5443 1 4988603 25 53 4988603 15
[15:48:27]	[Send]	suctl 5443 1 4988603 3 5022933
[15:48:28]	[Recv]	cond 2 4988603 0 0 15

[15:48:28]	[Recv]	eff 2 4988603 5005

[15:48:28]	[Recv]	sr 1

[15:48:28]	[Recv]	ct 3 5022934 2 4988592 -1 -1 0

[15:48:28]	[Recv]	su 3 5022934 2 4988592 0 10 11 4789 0 0 1 90 248 0 0 52178 57771

[15:48:28]	[Recv]	sc_p 81 639 4988535 1 2979 0 2 0 144 201 70 4 70 0 27 35 29 35 25 3 60 50 80 50 501 501 220 220 0 15 0 @ 0 18 4 1 0 0 0 90

[15:48:28]	[Send]	u_s 0 3 5022933
[15:48:28]	[Recv]	ct 3 5022946 2 4988534 -1 -1 0

[15:48:28]	[Recv]	su 3 5022946 2 4988534 0 5 11 1061 0 0 0 0 1649 0 0 0 501

[15:48:28]	[Recv]	ct 2 4988603 3 5022933 -1 -1 0

[15:48:28]	[Recv]	eff 2 4988603 15

[15:48:28]	[Recv]	su 2 4988603 3 5022933 0 12 11 8360 0 0 1 88 14487 0 0 111795 126282

[15:48:28]	[Recv]	cond 1 2073308 0 0 21

[15:48:28]	[Recv]	cond 1 2073308 0 0 21

[15:48:28]	[Send]	ptctl 5443 1 4988592 17 48 4988592 15
[15:48:28]	[Recv]	ct 1 2073308 3 5022933 -1 -1 1114

[15:48:28]	[Recv]	eff 1 2073308 15

[15:48:28]	[Recv]	su 1 2073308 3 5022933 1114 7 11 4260 0 0 0 0 267741 3 0 0 126282

[15:48:28]	[Recv]	lev 99 0 99 0 2140719000 5991794 66993052 2 0 90 917705181 0

[15:48:28]	[Recv]	sayi 1 2073308 20 22 3 4080 0 0 0

[15:48:28]	[Recv]	bf 1 2073308 0.4080.0 99

[15:48:28]	[Recv]	cond 1 2073308 0 0 21

[15:48:28]	[Recv]	cond 1 2073308 0 0 21

[15:48:28]	[Send]	suctl 5443 1 4988592 3 5022933
[15:48:28]	[Recv]	sr 8

[15:48:28]	[Recv]	bf 1 2073308 0.4080.3000 96

[15:48:28]	[Recv]	sayi 1 2073308 20 26 3 4080 0 0 0

[15:48:28]	[Recv]	eff_t 2 4988592 1 2073308 4766

[15:48:28]	[Recv]	eff 1 2073308 869

[15:48:28]	[Recv]	cond 2 4988592 0 0 15

[15:48:28]	[Recv]	ct 2 4988573 3 5022945 -1 -1 0

[15:48:28]	[Recv]	eff 3 5022945 6003

[15:48:28]	[Recv]	su 2 4988573 3 5022945 0 1 11 200 0 0 1 100 1 0 0 13878 13880

[15:48:28]	[Recv]	ct 2 4988590 3 5022944 -1 -1 0

[15:48:28]	[Recv]	su 2 4988590 3 5022944 0 10 11 4841 0 0 1 100 1 0 0 110905 110907

[15:48:28]	[Recv]	ct 2 4988617 3 5022943 -1 -1 0

[15:48:28]	[Recv]	su 2 4988617 3 5022943 0 10 11 8146 0 0 1 100 0 1 0 110906 110907

[15:48:28]	[Recv]	out 2 4988543

[15:48:29]	[Send]	suctl 5443 1 4988603 3 5022933
[15:48:29]	[Send]	ncif 3 5022931
[15:48:29]	[Recv]	ct 2 4988535 3 5022945 -1 -1 0

[15:48:29]	[Recv]	su 2 4988535 3 5022945 0 11 11 4948 0 0 1 100 1 0 0 13877 13880

[15:48:29]	[Recv]	ct 2 4988539 3 5022944 -1 -1 0

[15:48:29]	[Recv]	su 2 4988539 3 5022944 0 11 11 4948 0 0 1 100 1 0 0 110904 110907

[15:48:29]	[Recv]	st 2 5022311 95 0 100 100 92286 184572 92286 184572 0

[15:48:29]	[Send]	u_s 1 3 5022931
[15:48:29]	[Recv]	sr 0

[15:48:29]	[Recv]	st 3 5022931 99 0 100 100 13880 2828 13880 2828 0

[15:48:29]	[Recv]	ct 3 5022943 2 4988617 -1 -1 0

[15:48:29]	[Recv]	su 3 5022943 2 4988617 0 10 11 4789 0 0 1 94 467 0 0 7154 7621

[15:48:29]	[Recv]	sc_p 86 643 4988539 1 2980 0 2 0 144 201 70 4 70 0 27 35 29 35 25 3 60 50 80 50 501 501 220 220 0 15 0 @ 0 20 4 1 0 0 0 90

[15:48:29]	[Recv]	ms_c 0

[15:48:29]	[Recv]	qslot 0 1.1.1 1.1.2 1.1.3 1.1.4 1.1.5 1.1.6 1.1.7 1.1.9 1.1.8 1.1.10 0.1.45 0.2.21 0.1.76 1.1.38 1.3.12 0.1.34 0.1.87 0.-1.-1 0.1.84 0.1.43 1.3.11 1.1.42 1.1.41 1.3.976 0.-1.-1 0.1.70 0.2.143 0.2.25 0.2.27 0.2.26

[15:48:29]	[Recv]	qslot 1 0.-1.-1 0.-1.-1 0.-1.-1 0.-1.-1 0.-1.-1 0.-1.-1 0.-1.-1 0.-1.-1 0.-1.-1 0.-1.-1 0.1.-1 0.1.-1 1.1.41 1.1.42 0.-1.-1 7.7.-1 7.7.-1 7.7.-1 7.7.-1 0.-1.-1 0.-1.-1 0.-1.-1 0.-1.-1 0.-1.-1 0.-1.-1 0.-1.-1 0.-1.-1 0.-1.-1 0.-1.-1 0.-1.-1

[15:48:29]	[Send]	ptctl 5443 2 4988603 20 52 4988592 16 46 4988603 15
[15:48:29]	[Recv]	ct 1 2073308 3 5022931 14 4263 1115

[15:48:29]	[Recv]	msgi2 0 905 14 Protaros 2514 

[15:48:29]	[Recv]	ct 2 4988573 3 5022945 -1 -1 0

[15:48:29]	[Recv]	su 2 4988573 3 5022945 0 10 11 200 0 0 1 100 1 0 0 13876 13880

[15:48:29]	[Recv]	st 2 5022310 95 0 100 100 92286 184572 92286 184572 0

[15:48:29]	[Recv]	st 2 5022309 95 0 100 100 92286 184572 92286 184572 0

[15:48:29]	[Recv]	cond 2 4988603 0 0 15

[15:48:29]	[Recv]	cond 2 4988592 0 0 15

[15:48:29]	[Send]	ptctl 5443 1 4988592 15 49 4988592 15
[15:48:29]	[Recv]	eff 1 2073308 15

[15:48:29]	[Recv]	su 1 2073308 3 5022931 1115 70 12 4264 0 0 0 0 282506 3 0 0 13880

[15:48:29]	[Recv]	in 3 2371 5022959 20 48 2 100 100 0 0 0 -1 0 0 -1 - 0 -1 0 0 0 0 0 0 0 0 0 0 0 0

[15:48:29]	[Recv]	guri 31 1 2073308 20 48

[15:48:29]	[Recv]	lev 99 0 99 0 2140719000 5991794 66993052 2 0 90 917705181 0

[15:48:29]	[Recv]	eff 1 2073308 15

[15:48:29]	[Recv]	su 1 2073308 3 5022932 1115 70 12 4264 0 0 1 29 77683 5 0 33224 110907

[15:48:29]	[Recv]	cond 2 4988592 0 0 15

[15:48:30]	[Recv]	out 2 4988534

[15:48:30]	[Send]	ptctl 5443 2 4988603 25 51 4988592 20 49 4988603 15
[15:48:30]	[Recv]	ct 3 5022934 2 4988592 -1 -1 0

[15:48:30]	[Recv]	su 3 5022934 2 4988592 0 10 11 4789 0 0 1 90 51 0 0 52127 57771

[15:48:30]	[Recv]	ct 3 5022932 2 4988592 -1 -1 0

[15:48:30]	[Recv]	su 3 5022932 2 4988592 0 10 11 4789 0 0 1 90 51 0 0 52076 57771

[15:48:30]	[Recv]	cond 1 2073308 0 0 21

[15:48:30]	[Recv]	cond 1 2073308 0 0 21

[15:48:30]	[Send]	ncif 3 5022959
[15:48:30]	[Recv]	cond 2 4988603 0 0 15

[15:48:30]	[Recv]	cond 2 4988592 0 0 15

[15:48:30]	[Recv]	st 3 5022959 1 0 0 100 21 60 25 60 3

[15:48:30]	[Send]	ptctl 5443 1 4988603 23 52 4988603 15
[15:48:30]	[Send]	suctl 5443 1 4988603 3 5022959
[15:48:30]	[Send]	ptctl 5443 1 4988592 19 49 4988592 15
[15:48:30]	[Recv]	die 3 5022959 3 5022959

[15:48:30]	[Recv]	cond 2 4988603 0 0 15

[15:48:31]	[Recv]	ct 2 4988590 3 5022944 -1 -1 0

[15:48:31]	[Recv]	su 2 4988590 3 5022944 0 10 11 4841 0 0 1 100 0 1 0 110904 110907

[15:48:31]	[Recv]	ct 2 4988617 3 5022943 -1 -1 0

[15:48:31]	[Recv]	su 2 4988617 3 5022943 0 10 11 8146 0 0 1 100 0 1 0 110906 110907

[15:48:31]	[Recv]	cond 2 4988543 0 0 9

[15:48:31]	[Recv]	petski 334 1831 1798

[15:48:31]	[Recv]	pet_cool2  0 0 0

[15:48:31]	[Recv]	pinit 2 2|4988603|0|94|@|-1|3206|1|2723|0|0 2|4988592|1|96|@|-1|1548|0|0|0|60

[15:48:31]	[Recv]	sr 5

[15:48:31]	[Send]	ncif 3 5022932
[15:48:31]	[Send]	u_s 0 3 5022932
[15:48:31]	[Recv]	cond 2 4988592 0 0 15

[15:48:31]	[Send]	ptctl 5443 1 4988592 14 49 4988592 15
[15:48:31]	[Recv]	sc_p 78 840 4988573 1 2979 0 0 0 423 456 224 5 70 0 203 35 215 35 188 2 6 10 8 7 4021 4021 3740 3740 0 15 0 @ 0 14 4 23 1811 1797 629 630

[15:48:31]	[Recv]	st 2 5022311 95 0 100 100 92286 184572 92286 184572 0

[15:48:31]	[Recv]	cond 1 2073308 0 0 21

[15:48:31]	[Recv]	cond 1 2073308 0 0 21

[15:48:31]	[Recv]	st 3 5022932 99 0 29 100 33224 2828 110907 2828 0

[15:48:31]	[Recv]	ct 1 2073308 3 5022932 -1 -1 1114

[15:48:31]	[Recv]	su 1 2073308 3 5022932 -1 0 -1 7687 -1 -1 1 28 1683 0 0

[15:48:31]	[Recv]	bf 3 5022932 0.1921.100 99

[15:48:31]	[Recv]	eff 3 5022932 0

[15:48:31]	[Recv]	eff 1 2073308 15

[15:48:31]	[Recv]	su 1 2073308 3 5022932 1114 7 11 4260 0 0 0 0 74608 0 0 0 110907

[15:48:31]	[Recv]	lev 99 0 99 0 2140719000 5991794 66993052 2 0 90 917705181 0

[15:48:31]	[Recv]	cond 2 4988592 0 0 15

[15:48:31]	[Recv]	eff 3 5022945 4799

[15:48:31]	[Recv]	ct 2 4988535 3 5022945 -1 -1 0

[15:48:31]	[Recv]	su 2 4988535 3 5022945 0 11 11 4948 0 0 1 100 1 0 0 13875 13880

[15:48:31]	[Recv]	ct 2 4988539 3 5022944 -1 -1 0

[15:48:31]	[Recv]	su 2 4988539 3 5022944 0 11 11 4948 0 0 1 100 1 0 0 110903 110907

[15:48:31]	[Recv]	st 2 5022310 95 0 100 100 92286 184572 92286 184572 0

[15:48:31]	[Recv]	st 2 5022309 95 0 100 100 92286 184572 92286 184572 0

[15:48:31]	[Recv]	eff 3 5022940 4799

[15:48:31]	[Recv]	eff 3 5022935 4799

[15:48:31]	[Recv]	ct 2 4988573 3 5022945 -1 -1 0

[15:48:31]	[Recv]	su 2 4988573 3 5022945 0 10 11 200 0 0 1 100 1 0 0 13874 13880

[15:48:31]	[Send]	ncif 3 5022934
[15:48:31]	[Send]	ptctl 5443 1 4988592 15 48 4988592 15
[15:48:31]	[Recv]	st 3 5022934 99 0 100 100 110907 2828 110907 2828 0

[15:48:32]	[Recv]	cond 2 4988592 0 0 15

[15:48:32]	[Send]	ptctl 5443 2 4988603 28 52 4988592 20 48 4988603 15
[15:48:32]	[Recv]	cond 1 2073308 0 0 21

[15:48:32]	[Recv]	cond 1 2073308 0 0 21

[15:48:32]	[Send]	u_s 0 3 5022934
[15:48:32]	[Send]	ptctl 5443 1 4988603 25 52 4988603 15
[15:48:32]	[Send]	suctl 5443 1 4988603 3 5022934
[15:48:32]	[Recv]	ct 3 5022944 2 4988590 -1 -1 0

[15:48:32]	[Recv]	su 3 5022944 2 4988590 0 10 11 4789 0 0 1 98 348 0 0 15093 15441

[15:48:32]	[Recv]	eff 2 5022311 7739

[15:48:32]	[Recv]	cond 2 4988534 0 0 9

[15:48:32]	[Recv]	petski 334 1831 1798

[15:48:32]	[Recv]	pet_cool2  0 0 0

[15:48:32]	[Recv]	pinit 2 2|4988603|0|94|@|-1|3206|1|2723|0|0 2|4988592|1|96|@|-1|1548|0|0|0|60

[15:48:32]	[Recv]	sr 0

[15:48:32]	[Recv]	cond 2 4988603 0 0 15

[15:48:32]	[Recv]	cond 2 4988592 0 0 15

[15:48:32]	[Send]	ptctl 5443 1 4988592 16 48 4988592 15
[15:48:32]	[Recv]	cond 1 2073308 0 0 21

[15:48:32]	[Recv]	cond 1 2073308 0 0 21

[15:48:32]	[Send]	suctl 5443 1 4988592 3 5022934
[15:48:32]	[Recv]	ct 3 5022943 2 4988617 -1 -1 0

[15:48:32]	[Recv]	su 3 5022943 2 4988617 0 10 11 4789 0 0 1 93 70 0 0 7084 7621

[15:48:32]	[Recv]	ct 1 2073308 3 5022934 -1 -1 1114

[15:48:32]	[Recv]	bf 3 5022934 0.4110.80 99

[15:48:32]	[Recv]	eff 3 5022934 0

[15:48:32]	[Recv]	eff 1 2073308 15

[15:48:32]	[Recv]	su 1 2073308 3 5022934 1114 7 11 4260 0 0 1 30 77268 0 0 33639 110907

[15:48:32]	[Recv]	cond 2 4988603 0 0 15

[15:48:32]	[Send]	ptctl 5443 2 4988603 30 52 4988592 21 48 4988603 15
[15:48:32]	[Recv]	ct 3 5022934 2 4988592 -1 -1 0

[15:48:32]	[Recv]	su 3 5022934 2 4988592 0 10 11 4789 0 0 1 89 244 0 0 51832 57771

[15:48:32]	[Recv]	ct 2 4988460 3 5022955 -1 -1 0

[15:48:32]	[Recv]	eff 2 5022310 7739

[15:48:32]	[Recv]	eff 2 5022309 7739

[15:48:32]	[Recv]	eff 2 4988603 5005

[15:48:32]	[Recv]	cond 2 4988592 0 0 15

[15:48:32]	[Send]	ptctl 5443 2 4988603 31 51 4988592 22 48 4988603 15
[15:48:32]	[Recv]	su 2 4988460 3 5022955 0 12 11 1007 0 0 1 98 120 0 0 5022 5170

[15:48:32]	[Recv]	eff 2 4988592 5005

[15:48:32]	[Send]	ncif 3 5022934
[15:48:32]	[Send]	ptctl 5443 2 4988603 31 49 4988592 23 48 4988603 15
[15:48:32]	[Recv]	cond 1 2073308 0 0 21

[15:48:32]	[Recv]	cond 1 2073308 0 0 21

[15:48:33]	[Recv]	ct 2 4988603 3 5022934 -1 -1 0

[15:48:33]	[Recv]	su 2 4988603 3 5022934 0 12 11 8360 0 0 1 22 9142 0 0 24497 110907

[15:48:33]	[Recv]	cond 2 4988603 0 0 15

[15:48:33]	[Recv]	cond 2 4988592 0 0 15

[15:48:33]	[Recv]	cond 1 2073308 0 0 21

[15:48:33]	[Recv]	cond 1 2073308 0 0 21

[15:48:33]	[Send]	u_s 0 3 5022934
[15:48:33]	[Recv]	ct 2 4988590 3 5022944 -1 -1 0

[15:48:33]	[Recv]	su 2 4988590 3 5022944 0 10 11 4841 0 0 1 100 1 0 0 110902 110907

[15:48:33]	[Recv]	ct 2 4988617 3 5022943 -1 -1 0

[15:48:33]	[Recv]	su 2 4988617 3 5022943 0 10 11 8146 0 0 1 100 0 1 0 110906 110907

[15:48:33]	[Recv]	ct 2 4988592 3 5022934 -1 -1 0

[15:48:33]	[Recv]	su 2 4988592 3 5022934 0 10 11 0 0 0 1 9 14250 0 0 10247 110907

[15:48:33]	[Recv]	st 2 5022311 95 0 100 100 92286 184572 92286 184572 0

[15:48:33]	[Recv]	sr 0

[15:48:33]	[Recv]	cond 2 4988603 0 0 15

[15:48:33]	[Recv]	cond 2 4988592 0 0 15

[15:48:33]	[Recv]	st 3 5022934 99 0 9 100 10247 2828 110907 2828 0 4110.99

[15:48:33]	[Send]	ptctl 5443 1 4988592 17 48 4988592 15
[15:48:33]	[Recv]	cond 2 4988603 0 0 15

[15:48:33]	[Recv]	cond 2 4988592 0 0 15

[15:48:33]	[Send]	pulse 6840 0
[15:48:33]	[Send]	ptctl 5443 1 4988603 26 52 4988603 15
[15:48:33]	[Recv]	cond 1 2073308 0 0 21

[15:48:33]	[Recv]	cond 1 2073308 0 0 21

[15:48:33]	[Send]	ptctl 5443 2 4988603 25 54 4988592 23 52 4988603 15
[15:48:33]	[Recv]	sp 414202 1000000 0 10000

[15:48:33]	[Recv]	umi 5060.339 5676.-1 5797.-1 13459.-2

[15:48:33]	[Recv]	st 2 5022310 95 0 100 100 92286 184572 92286 184572 0

[15:48:33]	[Recv]	st 2 5022309 95 0 100 100 92286 184572 92286 184572 0

[15:48:33]	[Send]	ptctl 5443 2 4988603 26 55 4988592 22 52 4988603 15
[15:48:33]	[Recv]	ct 1 2073308 3 5022934 -1 -1 1114

[15:48:33]	[Recv]	su 1 2073308 3 5022934 1114 7 11 4260 0 0 0 0 22556 3 0 0 110907

[15:48:33]	[Recv]	lev 99 0 99 0 2140719000 5991794 66993052 2 0 90 917705181 0

[15:48:33]	[Recv]	eff 1 2073308 869

[15:48:33]	[Recv]	cond 2 4988592 0 0 15

[15:48:33]	[Recv]	cond 2 4988603 0 0 15

[15:48:34]	[Recv]	ct 3 5022955 2 4988460 -1 -1 779

[15:48:34]	[Recv]	ct 2 4988573 3 5022945 -1 -1 0

[15:48:34]	[Recv]	eff 3 5022945 6003

[15:48:34]	[Recv]	su 2 4988573 3 5022945 0 10 11 200 0 0 1 100 1 0 0 13873 13880

[15:48:34]	[Recv]	ct 2 4988535 3 5022945 -1 -1 0

[15:48:34]	[Recv]	su 2 4988535 3 5022945 0 11 11 4948 0 0 1 100 1 0 0 13872 13880

[15:48:34]	[Recv]	ct 2 4988539 3 5022944 -1 -1 0

[15:48:34]	[Recv]	su 2 4988539 3 5022944 0 11 11 4948 0 0 1 100 1 0 0 110901 110907

[15:48:34]	[Recv]	cond 2 4988603 0 0 15

[15:48:34]	[Recv]	cond 2 4988592 0 0 15

[15:48:34]	[Recv]	cond 2 4988603 0 0 15

[15:48:34]	[Recv]	cond 2 4988592 0 0 15

[15:48:34]	[Send]	u_s 5 1 2073308
[15:48:34]	[Recv]	ct 3 5022944 2 4988590 -1 -1 0

[15:48:34]	[Recv]	su 3 5022944 2 4988590 0 10 11 4789 0 0 1 98 0 1 0 15093 15441

[15:48:34]	[Recv]	sr 0

[15:48:34]	[Recv]	ms_c 0

[15:48:34]	[Recv]	qslot 0 1.1.1 1.1.2 1.1.3 1.1.4 1.1.5 1.1.6 1.1.7 1.1.9 1.1.8 1.1.10 0.1.45 0.2.21 0.1.76 1.1.38 1.3.12 0.1.34 0.1.87 0.-1.-1 0.1.84 0.1.43 1.3.11 1.1.42 1.1.41 1.3.976 0.-1.-1 0.1.70 0.2.143 0.2.25 0.2.27 0.2.26

[15:48:34]	[Recv]	qslot 1 0.-1.-1 0.-1.-1 0.-1.-1 0.-1.-1 0.-1.-1 0.-1.-1 0.-1.-1 0.-1.-1 0.-1.-1 0.-1.-1 0.1.-1 0.1.-1 1.1.41 1.1.42 0.-1.-1 7.7.-1 7.7.-1 7.7.-1 7.7.-1 0.-1.-1 0.-1.-1 0.-1.-1 0.-1.-1 0.-1.-1 0.-1.-1 0.-1.-1 0.-1.-1 0.-1.-1 0.-1.-1 0.-1.-1

[15:48:34]	[Recv]	ct 3 5022943 2 4988617 -1 -1 0

[15:48:34]	[Recv]	su 3 5022943 2 4988617 0 10 11 4789 0 0 1 93 0 1 0 7084 7621

[15:48:34]	[Recv]	ct 1 2073308 1 2073308 -1 -1 1119

[15:48:34]	[Recv]	bf 1 2073308 0.561.3000 99

[15:48:34]	[Recv]	bf 1 2073308 0.578.1200 99

[15:48:34]	[Recv]	bf 1 2073308 0.941.0 99

[15:48:34]	[Recv]	bf 1 2073308 0.830.60 99

[15:48:34]	[Recv]	eff 1 2073308 0

[15:48:34]	[Recv]	sayi 1 2073308 20 26 3 830 0 0 0

[15:48:34]	[Recv]	su 1 2073308 1 2073308 1119 600 25 4265 0 0 1 100 0 -1 0 96297 96297

[15:48:34]	[Send]	ncif 3 5022939
[15:48:34]	[Send]	ptctl 5443 1 4988592 24 54 4988592 15
[15:48:34]	[Recv]	st 3 5022939 99 0 100 100 13880 2828 13880 2828 0

[15:48:35]	[Recv]	cond 2 4988592 0 0 15

[15:48:35]	[Send]	ptctl 5443 2 4988603 26 50 4988592 25 48 4988603 15
[15:48:35]	[Recv]	cond 1 2073308 0 0 21

[15:48:35]	[Recv]	cond 1 2073308 0 0 21

[15:48:35]	[Recv]	st 2 5022311 95 0 100 100 92286 184572 92286 184572 0

[15:48:35]	[Recv]	cond 2 4988603 0 0 15

[15:48:35]	[Recv]	cond 2 4988592 0 0 15

[15:48:35]	[Send]	ptctl 5443 1 4988603 26 52 4988603 15
[15:48:35]	[Send]	suctl 5443 1 4988603 3 5022939
[15:48:35]	[Recv]	ct 2 4988460 3 5022955 -1 -1 0

[15:48:35]	[Recv]	ct 2 4988590 3 5022944 -1 -1 0

[15:48:35]	[Recv]	su 2 4988590 3 5022944 0 10 11 4841 0 0 1 100 0 1 0 110901 110907

[15:48:35]	[Recv]	ct 2 4988617 3 5022943 -1 -1 0

[15:48:35]	[Recv]	su 2 4988617 3 5022943 0 10 11 8146 0 0 1 100 1 0 0 110905 110907

[15:48:35]	[Send]	ptctl 5443 1 4988592 26 46 4988592 15
[15:48:35]	[Recv]	cond 2 4988603 0 0 15

[15:48:35]	[Recv]	su 2 4988460 3 5022955 0 12 11 1007 0 0 1 95 120 0 0 4888 5170

[15:48:35]	[Recv]	st 2 5022310 95 0 100 100 92286 184572 92286 184572 0

[15:48:35]	[Recv]	st 2 5022309 95 0 100 100 92286 184572 92286 184572 0

[15:48:35]	[Recv]	eff 2 4988603 5005

[15:48:35]	[Recv]	cond 2 4988592 0 0 15

[15:48:35]	[Send]	u_s 8 3 5022939
[15:48:35]	[Recv]	su 3 5022955 2 4988460 779 30 11 3617 0 0 1 16 3639 0 0 717 4356

[15:48:35]	[Recv]	dm 2 4988460 716 1

[15:48:35]	[Recv]	ct 3 5022939 1 2073308 -1 -1 0

[15:48:35]	[Recv]	su 3 5022939 1 2073308 0 10 11 7200 0 0 1 99 450 0 0 95847 96297

[15:48:35]	[Send]	ncif 3 5022939
[15:48:35]	[Recv]	cond 1 2073308 0 0 21

[15:48:35]	[Recv]	cond 1 2073308 0 0 21

[15:48:36]	[Recv]	die 3 5022955 3 5022955

[15:48:36]	[Recv]	ct 2 4988603 3 5022939 -1 -1 0

[15:48:36]	[Recv]	su 2 4988603 3 5022939 0 12 11 8360 0 0 1 33 9213 0 0 4667 13880

[15:48:36]	[Recv]	ms_c 0

[15:48:36]	[Recv]	qslot 0 1.1.1 1.1.2 1.1.3 1.1.4 1.1.5 1.1.6 1.1.7 1.1.9 1.1.8 1.1.10 0.1.45 0.2.21 0.1.76 1.1.38 1.3.12 0.1.34 0.1.87 0.-1.-1 0.1.84 0.1.43 1.3.11 1.1.42 1.1.41 1.3.976 0.-1.-1 0.1.70 0.2.143 0.2.25 0.2.27 0.2.26

[15:48:36]	[Recv]	qslot 1 0.-1.-1 0.-1.-1 0.-1.-1 0.-1.-1 0.-1.-1 0.-1.-1 0.-1.-1 0.-1.-1 0.-1.-1 0.-1.-1 0.1.-1 0.1.-1 1.1.41 1.1.42 0.-1.-1 7.7.-1 7.7.-1 7.7.-1 7.7.-1 0.-1.-1 0.-1.-1 0.-1.-1 0.-1.-1 0.-1.-1 0.-1.-1 0.-1.-1 0.-1.-1 0.-1.-1 0.-1.-1 0.-1.-1

[15:48:36]	[Recv]	ct 1 2073308 3 5022939 -1 -1 1122

[15:48:36]	[Recv]	st 3 5022939 99 0 33 100 4667 2828 13880 2828 0

[15:48:36]	[Recv]	ct 2 4988573 3 5022945 -1 -1 0

[15:48:36]	[Recv]	su 2 4988573 3 5022945 0 10 11 200 0 0 1 100 1 0 0 13871 13880

[15:48:36]	[Recv]	sc_p 170 1548 4988592 96 562 24136080 0 0 1889 2049 1289 19 90 9 975 627 958 627 866 3 90 90 110 80 51832 57771 18100 18100 1 84982200 0 @ 0 0 6 60 1831 1798 0 100

[15:48:36]	[Recv]	rc 1 2073308 200 0

[15:48:36]	[Recv]	su 1 2073308 3 5022939 1122 150 41 4268 0 0 0 0 36599 0 0 0 13880

[15:48:36]	[Recv]	in 3 2371 5023300 21 46 2 100 100 0 0 0 -1 0 0 -1 - 0 -1 0 0 0 0 0 0 0 0 0 0 0 0

[15:48:36]	[Recv]	guri 31 1 2073308 21 46

[15:48:36]	[Recv]	lev 99 0 99 0 2140719000 5991794 66993052 2 0 90 917705181 0

[15:48:36]	[Recv]	mslot 1125 -1

[15:48:36]	[Recv]	qset 0 8 1.1.11.0

[15:48:36]	[Recv]	eff 3 5022955 3617

[15:48:36]	[Recv]	ct 2 4988535 3 5022945 -1 -1 0

[15:48:36]	[Recv]	su 2 4988535 3 5022945 0 11 11 4948 0 0 1 100 1 0 0 13870 13880

[15:48:36]	[Recv]	ct 2 4988539 3 5022944 -1 -1 0

[15:48:36]	[Recv]	su 2 4988539 3 5022944 0 11 11 4948 0 0 1 100 1 0 0 110900 110907

[15:48:36]	[Send]	ptctl 5443 1 4988592 27 45 4988592 15
[15:48:36]	[Send]	ptctl 5443 2 4988603 31 52 4988592 32 45 4988603 15
[15:48:36]	[Recv]	eff 3 5022945 4799

[15:48:36]	[Recv]	ct 3 5022944 2 4988590 -1 -1 0

[15:48:36]	[Recv]	su 3 5022944 2 4988590 0 10 11 4789 0 0 1 97 35 0 0 15058 15441

[15:48:36]	[Recv]	cond 2 4988592 0 0 15

[15:48:36]	[Send]	ptctl 5443 1 4988603 32 52 4988603 15
[15:48:36]	[Recv]	cond 1 2073308 0 0 21

[15:48:36]	[Recv]	cond 1 2073308 0 0 21

[15:48:36]	[Recv]	die 3 5023300 3 5023300

[15:48:36]	[Recv]	ct 3 5022943 2 4988617 -1 -1 0

[15:48:36]	[Recv]	su 3 5022943 2 4988617 0 10 11 4789 0 0 1 88 346 0 0 6738 7621

[15:48:36]	[Recv]	eff 3 5022940 4799

[15:48:36]	[Recv]	eff 3 5022935 4799

[15:48:36]	[Recv]	sr 1

[15:48:36]	[Recv]	cond 2 4988603 0 0 15

[15:48:36]	[Recv]	cond 2 4988592 0 0 15

[15:48:36]	[Send]	ptctl 5443 1 4988592 33 45 4988592 15
[15:48:36]	[Recv]	cond 1 2073308 0 0 21

[15:48:36]	[Recv]	cond 1 2073308 0 0 21

[15:48:37]	[Send]	ptctl 5443 1 4988592 34 45 4988592 15
[15:48:37]	[Recv]	cond 2 4988603 0 0 15

[15:48:37]	[Recv]	cond 2 4988592 0 0 15

[15:48:37]	[Recv]	st 2 5022311 95 0 100 100 92286 184572 92286 184572 0

[15:48:37]	[Recv]	eff 2 5022311 7739

[15:48:37]	[Recv]	cond 2 4988592 0 0 15

[15:48:37]	[Send]	ptctl 5443 2 4988603 34 52 4988592 36 45 4988603 15
[15:48:37]	[Recv]	cond 2 4988603 0 0 15

[15:48:37]	[Recv]	cond 2 4988592 0 0 15

[15:48:37]	[Recv]	sc_p 74 1538 4988590 1 2972 0 0 0 1330 1388 730 18 150 0 622 74 624 74 619 2 90 110 100 100 15058 15441 15070 15070 0 15 0 @ 0 16 6 60 1819 1831 0 100

[15:48:37]	[Recv]	sc_p 77 2731 4988617 1 2971 0 0 0 820 850 450 15 80 0 345 38 350 38 360 4 83 93 73 108 6738 7621 7260 7260 0 15 0 @ 0 15 5 40 1805 1820 3 2130

[15:48:37]	[Recv]	ct 2 4988590 3 5022944 -1 -1 0

[15:48:37]	[Recv]	su 2 4988590 3 5022944 0 10 11 4841 0 0 1 100 0 1 0 110900 110907

[15:48:37]	[Recv]	ct 2 4988617 3 5022943 -1 -1 0

[15:48:37]	[Recv]	su 2 4988617 3 5022943 0 10 11 8146 0 0 1 100 1 0 0 110904 110907

[15:48:37]	[Recv]	st 2 5022310 95 0 100 100 92286 184572 92286 184572 0

[15:48:37]	[Recv]	eff 2 5022310 7739

[15:48:37]	[Recv]	st 2 5022309 95 0 100 100 92286 184572 92286 184572 0

[15:48:37]	[Recv]	eff 2 5022309 7739

[15:48:37]	[Send]	ptctl 5443 2 4988603 36 51 4988592 38 45 4988603 15
[15:48:37]	[Recv]	cond 1 2073308 0 0 21

[15:48:37]	[Recv]	cond 1 2073308 0 0 21

[15:48:37]	[Recv]	cond 2 4988603 0 0 15

[15:48:37]	[Recv]	cond 2 4988592 0 0 15

[15:48:37]	[Send]	ncif 3 5022946
[15:48:38]	[Recv]	st 3 5022946 99 0 100 100 126281 2828 126282 2828 0

[15:48:38]	[Send]	ptctl 5443 1 4988592 41 45 4988592 15
[15:48:38]	[Recv]	cond 2 4988592 0 0 15

[15:48:38]	[Recv]	ct 2 4988460 3 5022943 -1 -1 0

[15:48:38]	[Recv]	sc_p 81 639 4988535 1 2978 0 2 0 144 201 70 4 70 0 27 35 29 35 25 3 60 50 80 50 501 501 220 220 0 15 0 @ 0 18 4 1 0 0 0 90

[15:48:38]	[Recv]	ct 3 5022946 2 4988592 -1 -1 0

[15:48:38]	[Recv]	su 3 5022946 2 4988592 0 5 11 1061 0 0 1 89 40 0 0 51792 57771

[15:48:38]	[Recv]	su 2 4988460 3 5022943 0 12 11 1007 0 0 1 100 1 0 0 110903 110907

[15:48:38]	[Recv]	ct 2 4988573 3 5022945 -1 -1 0

[15:48:38]	[Recv]	su 2 4988573 3 5022945 0 10 11 200 0 0 1 100 1 0 0 13869 13880

[15:48:38]	[Send]	ptctl 5443 1 4988603 40 47 4988603 15
[15:48:38]	[Recv]	sp 414192 1000000 0 10000

[15:48:38]	[Recv]	eff 3 5022940 5000

[15:48:38]	[Send]	mtlist 1 2 4988603 
[15:48:38]	[Send]	u_s 11 3 5022946
[15:48:38]	[Recv]	eff 1 2073308 869

[15:48:38]	[Recv]	cond 2 4988603 0 0 15

[15:48:38]	[Recv]	ct 3 5022944 2 4988590 -1 -1 0

[15:48:38]	[Recv]	su 3 5022944 2 4988590 0 10 11 4789 0 0 1 97 0 1 0 15058 15441

[15:48:38]	[Recv]	ct 2 4988535 3 5022945 -1 -1 0

[15:48:38]	[Recv]	su 2 4988535 3 5022945 0 11 11 4948 0 0 1 100 1 0 0 13868 13880

[15:48:38]	[Recv]	ct 2 4988539 3 5022944 -1 -1 0

[15:48:38]	[Recv]	su 2 4988539 3 5022944 0 11 11 4948 0 0 1 99 1 0 0 110899 110907

[15:48:38]	[Recv]	cond 1 2073308 0 0 21

[15:48:38]	[Recv]	cond 1 2073308 0 0 21

[15:48:38]	[Send]	ncif 3 5022946
[15:48:39]	[Recv]	ct 3 5022943 2 4988617 -1 -1 0

[15:48:39]	[Recv]	su 3 5022943 2 4988617 0 10 11 4789 0 0 1 87 70 0 0 6668 7621

[15:48:39]	[Recv]	ms_c 0

[15:48:39]	[Recv]	qslot 0 1.1.1 1.1.2 1.1.3 1.1.4 1.1.5 1.1.6 1.1.7 1.1.9 1.1.8 1.1.10 0.1.45 0.2.21 0.1.76 1.1.38 1.3.12 0.1.34 0.1.87 0.-1.-1 0.1.84 0.1.43 1.3.11 1.1.42 1.1.41 1.3.976 0.-1.-1 0.1.70 0.2.143 0.2.25 0.2.27 0.2.26

[15:48:39]	[Recv]	qslot 1 0.-1.-1 0.-1.-1 0.-1.-1 0.-1.-1 0.-1.-1 0.-1.-1 0.-1.-1 0.-1.-1 0.-1.-1 0.-1.-1 0.1.-1 0.1.-1 1.1.41 1.1.42 0.-1.-1 7.7.-1 7.7.-1 7.7.-1 7.7.-1 0.-1.-1 0.-1.-1 0.-1.-1 0.-1.-1 0.-1.-1 0.-1.-1 0.-1.-1 0.-1.-1 0.-1.-1 0.-1.-1 0.-1.-1

[15:48:39]	[Send]	ptctl 5443 1 4988603 39 48 4988603 15
[15:48:39]	[Send]	suctl 5443 1 4988603 3 5022946
[15:48:39]	[Send]	ptctl 5443 1 4988592 45 44 4988592 15
[15:48:39]	[Recv]	ct 1 2073308 3 5022946 -1 -1 1125

[15:48:39]	[Recv]	cond 1 2073308 0 0 24

[15:48:39]	[Recv]	bf 1 2073308 0.576.20 99

[15:48:39]	[Recv]	sayi 1 2073308 20 26 3 576 0 0 0

[15:48:39]	[Recv]	eff 1 2073308 15

[15:48:39]	[Recv]	rc 1 2073308 200 0

[15:48:39]	[Recv]	su 1 2073308 3 5022946 1125 3 22 4272 0 0 1 36 80115 0 0 46166 126282

[15:48:39]	[Recv]	in 3 2371 5023305 44 43 2 100 100 0 0 0 -1 0 0 -1 - 0 -1 0 0 0 0 0 0 0 0 0 0 0 0

[15:48:39]	[Recv]	guri 31 1 2073308 44 43

[15:48:39]	[Recv]	bf 3 5022946 0.4253.100 99

[15:48:39]	[Recv]	mslot 1126 -1

[15:48:39]	[Recv]	qset 0 8 1.1.12.0

[15:48:39]	[Recv]	cond 1 2073308 0 0 24

[15:48:39]	[Recv]	cond 1 2073308 0 0 24

[15:48:39]	[Recv]	st 2 5022311 95 0 100 100 92286 184572 92286 184572 0

[15:48:39]	[Recv]	st 3 5022946 99 0 36 100 46166 2828 126282 2828 0 4253.99

[15:48:39]	[Recv]	cond 2 4988603 0 0 15

[15:48:39]	[Send]	mtlist 2 2 4988592 2 4988603 
[15:48:39]	[Send]	u_s 12 3 5022946
[15:48:39]	[Send]	ptctl 5443 1 4988592 40 41 4988592 15
[15:48:39]	[Recv]	sc_p 72 64 4988460 1 2984 0 0 0 442 475 237 4 100 0 205 31 194 31 193 0 -3 12 12 14 1 4356 4210 4210 0 15 0 @ 0 13 3 30 1804 1798 0 1080

[15:48:39]	[Recv]	sc_p 86 643 4988539 1 2979 0 2 0 144 201 70 4 70 0 27 35 29 35 25 3 60 50 80 50 501 501 220 220 0 15 0 @ 0 20 4 1 0 0 0 90

[15:48:39]	[Recv]	sr 11

[15:48:39]	[Recv]	eff 2 4988603 5005

[15:48:39]	[Send]	ncif 3 5022937
[15:48:39]	[Recv]	cond 2 4988592 0 0 15

[15:48:39]	[Recv]	ct 3 5022946 2 4988592 -1 -1 0

[15:48:39]	[Recv]	su 3 5022946 2 4988592 0 5 11 1061 0 0 1 89 199 0 0 51593 57771

[15:48:39]	[Recv]	st 2 5022310 95 0 100 100 92286 184572 92286 184572 0

[15:48:39]	[Recv]	st 2 5022309 95 0 100 100 92286 184572 92286 184572 0

[15:48:39]	[Recv]	guri 31 1 2073308 44 43

[15:48:39]	[Recv]	su 3 5023305 3 5022946 -1 0 -1 4272 -1 -1 1 4 40057 0 0

[15:48:39]	[Recv]	ms_c 0

[15:48:39]	[Recv]	qslot 0 1.1.1 1.1.2 1.1.3 1.1.4 1.1.5 1.1.6 1.1.7 1.1.9 1.1.8 1.1.10 0.1.45 0.2.21 0.1.76 1.1.38 1.3.12 0.1.34 0.1.87 0.-1.-1 0.1.84 0.1.43 1.3.11 1.1.42 1.1.41 1.3.976 0.-1.-1 0.1.70 0.2.143 0.2.25 0.2.27 0.2.26

[15:48:39]	[Recv]	qslot 1 0.-1.-1 0.-1.-1 0.-1.-1 0.-1.-1 0.-1.-1 0.-1.-1 0.-1.-1 0.-1.-1 0.-1.-1 0.-1.-1 0.1.-1 0.1.-1 1.1.41 1.1.42 0.-1.-1 7.7.-1 7.7.-1 7.7.-1 7.7.-1 0.-1.-1 0.-1.-1 0.-1.-1 0.-1.-1 0.-1.-1 0.-1.-1 0.-1.-1 0.-1.-1 0.-1.-1 0.-1.-1 0.-1.-1

[15:48:39]	[Recv]	die 3 5023305 3 5023305

[15:48:39]	[Recv]	ct 2 4988590 3 5022944 -1 -1 0

[15:48:39]	[Recv]	su 2 4988590 3 5022944 0 10 11 4841 0 0 1 99 1 0 0 110898 110907

[15:48:39]	[Recv]	ct 2 4988617 3 5022943 -1 -1 0

[15:48:39]	[Recv]	su 2 4988617 3 5022943 0 10 11 8146 0 0 1 100 0 1 0 110903 110907

[15:48:39]	[Recv]	ct 2 4988603 3 5022946 -1 -1 0

[15:48:39]	[Recv]	su 2 4988603 3 5022946 0 12 11 8360 0 0 0 0 9388 0 0 0 126282

[15:48:39]	[Recv]	lev 99 0 99 0 2140719000 5991794 66993052 2 0 90 917705181 0

[15:48:39]	[Recv]	ct 1 2073308 3 5022946 -1 -1 1126

[15:48:39]	[Recv]	su 1 2073308 1 2073308 1126 3 26 4273 0 0 1 100 0 2 0 96247 96297

[15:48:39]	[Recv]	cond 2 4988592 0 0 15

[15:48:39]	[Recv]	st 3 5022937 99 0 100 100 116032 2828 116032 2828 0

[15:48:40]	[Send]	mtlist 1 2 4988603 
[15:48:40]	[Send]	u_s 12 3 5022946
[15:48:40]	[Recv]	sr 12

[15:48:40]	[Recv]	cancel 0 12 -1

[15:48:40]	[Send]	u_s 0 3 5022946
[15:48:40]	[Send]	ncif 3 5022937
[15:48:40]	[Send]	suctl 5443 1 4988603 3 5022937
[15:48:40]	[Recv]	ct 3 5022941 2 4988592 -1 -1 0

[15:48:40]	[Recv]	su 3 5022941 2 4988592 0 10 11 4789 0 0 1 89 50 0 0 51543 57771

[15:48:40]	[Recv]	cancel 0 0 -1

[15:48:40]	[Send]	suctl 5443 1 4988592 3 5022937
[15:48:40]	[Recv]	st 3 5022937 99 0 100 100 116032 2828 116032 2828 0

[15:48:40]	[Recv]	sayi 1 2073308 20 22 3 830 0 0 0

[15:48:40]	[Recv]	bf 1 2073308 0.830.0 99

[15:48:40]	[Recv]	bf 1 2073308 0.941.3000 99

[15:48:40]	[Recv]	sayi 1 2073308 20 26 3 941 0 0 0

[15:48:40]	[Recv]	eff 2 4988603 5005

[15:48:40]	[Recv]	eff 2 4988592 5005

[15:48:40]	[Recv]	ct 3 5022938 2 4988592 -1 -1 0

[15:48:40]	[Recv]	su 3 5022938 2 4988592 0 10 11 4789 0 0 1 89 51 0 0 51492 57771

[15:48:40]	[Send]	ptctl 5443 2 4988603 41 51 4988592 40 46 4988603 15
[15:48:41]	[Recv]	ct 3 5022945 2 5022311 -1 -1 0

[15:48:41]	[Recv]	su 3 5022945 2 5022311 0 25 11 7200 0 0 1 97 2191 0 0 90095 92286

[15:48:41]	[Recv]	ct 3 5022944 2 4988590 -1 -1 0

[15:48:41]	[Recv]	su 3 5022944 2 4988590 0 10 11 4789 0 0 1 95 349 0 0 14709 15441

[15:48:41]	[Recv]	ct 2 4988460 3 5022943 -1 -1 0

[15:48:41]	[Recv]	ct 2 4988573 3 5022945 -1 -1 0

[15:48:41]	[Recv]	su 2 4988573 3 5022945 0 10 11 200 0 0 1 100 0 1 0 13868 13880

[15:48:41]	[Recv]	ct 2 4988592 3 5022937 -1 -1 0

[15:48:41]	[Recv]	su 2 4988592 3 5022937 0 10 11 0 0 0 1 93 7660 0 0 108372 116032

[15:48:41]	[Recv]	cond 1 2073308 0 0 21

[15:48:41]	[Recv]	sayi 1 2073308 20 22 3 576 0 0 0

[15:48:41]	[Recv]	bf 1 2073308 0.576.0 99

[15:48:41]	[Recv]	cond 1 2073308 0 0 21

[15:48:41]	[Recv]	cond 1 2073308 0 0 21

[15:48:41]	[Send]	ptctl 5443 2 4988603 42 52 4988592 41 47 4988603 15
[15:48:41]	[Recv]	cond 2 4988603 0 0 15

[15:48:41]	[Recv]	cond 2 4988592 0 0 15

[15:48:41]	[Recv]	ct 3 5022943 2 4988617 -1 -1 0

[15:48:41]	[Recv]	su 3 5022943 2 4988617 0 10 11 4789 0 0 1 79 606 3 0 6062 7621

[15:48:41]	[Recv]	su 2 4988460 3 5022943 0 12 11 1007 0 0 1 100 0 1 0 110903 110907

[15:48:41]	[Recv]	sc_p 78 840 4988573 1 2978 0 0 0 423 456 224 5 70 0 203 35 215 35 188 2 6 10 8 7 4021 4021 3740 3740 0 15 0 @ 0 14 4 23 1811 1797 629 630

[15:48:41]	[Recv]	ct 2 4988535 3 5022945 -1 -1 0

[15:48:41]	[Recv]	su 2 4988535 3 5022945 0 11 11 4948 0 0 1 100 1 0 0 13867 13880

[15:48:41]	[Recv]	ct 2 4988539 3 5022944 -1 -1 0

[15:48:41]	[Recv]	su 2 4988539 3 5022944 0 11 11 4948 0 0 1 99 1 0 0 110897 110907

[15:48:41]	[Recv]	st 2 5022311 95 0 97 100 90095 184572 92286 184572 0

[15:48:41]	[Recv]	cond 1 2073308 0 0 21

[15:48:41]	[Recv]	cond 1 2073308 0 0 21

[15:48:41]	[Send]	u_s 1 3 5022937
[15:48:41]	[Send]	ncif 3 5022937
[15:48:41]	[Recv]	cond 2 4988603 0 0 15

[15:48:41]	[Recv]	cond 2 4988592 0 0 15

[15:48:41]	[Recv]	cond 1 2073308 0 0 21

[15:48:41]	[Recv]	cond 1 2073308 0 0 21

[15:48:41]	[Recv]	ms_c 0

[15:48:41]	[Recv]	qslot 0 1.1.1 1.1.2 1.1.3 1.1.4 1.1.5 1.1.6 1.1.7 1.1.9 1.1.8 1.1.10 0.1.45 0.2.21 0.1.76 1.1.38 1.3.12 0.1.34 0.1.87 0.-1.-1 0.1.84 0.1.43 1.3.11 1.1.42 1.1.41 1.3.976 0.-1.-1 0.1.70 0.2.143 0.2.25 0.2.27 0.2.26

[15:48:41]	[Recv]	qslot 1 0.-1.-1 0.-1.-1 0.-1.-1 0.-1.-1 0.-1.-1 0.-1.-1 0.-1.-1 0.-1.-1 0.-1.-1 0.-1.-1 0.1.-1 0.1.-1 1.1.41 1.1.42 0.-1.-1 7.7.-1 7.7.-1 7.7.-1 7.7.-1 0.-1.-1 0.-1.-1 0.-1.-1 0.-1.-1 0.-1.-1 0.-1.-1 0.-1.-1 0.-1.-1 0.-1.-1 0.-1.-1 0.-1.-1

[15:48:41]	[Send]	ptctl 5443 1 4988592 40 43 4988592 15
[15:48:41]	[Recv]	eff 3 5022945 4799

[15:48:41]	[Recv]	st 2 5022310 95 0 100 100 92286 184572 92286 184572 0

[15:48:41]	[Recv]	st 2 5022309 95 0 100 100 92286 184572 92286 184572 0

[15:48:41]	[Recv]	ct 1 2073308 3 5022937 14 4263 1115

[15:48:41]	[Recv]	st 3 5022937 99 0 93 100 108372 2828 116032 2828 0

[15:48:41]	[Recv]	cond 2 4988592 0 0 15

[15:48:41]	[Send]	suctl 5443 1 4988603 3 5022937
[15:48:41]	[Recv]	eff 3 5022940 4799

[15:48:41]	[Recv]	eff 3 5022935 4799

[15:48:41]	[Recv]	su 1 2073308 3 5022937 1115 70 12 4264 0 0 1 93 0 4 0 108372 116032

[15:48:41]	[Recv]	eff 1 2073308 15

[15:48:41]	[Recv]	su 1 2073308 3 5022935 1115 70 12 4264 0 0 0 0 279099 6 0 0 13880

[15:48:41]	[Recv]	lev 99 0 99 0 2140719000 5991794 66993052 2 0 90 917705181 0

[15:48:41]	[Recv]	mslot 1127 -1

[15:48:41]	[Recv]	qset 0 0 1.1.13.0

[15:48:41]	[Recv]	eff 2 4988603 5005

[15:48:41]	[Send]	ptctl 5443 1 4988592 40 44 4988592 15
[15:48:42]	[Recv]	ct 2 4988590 3 5022944 -1 -1 0

[15:48:42]	[Recv]	su 2 4988590 3 5022944 0 10 11 4841 0 0 1 99 0 1 0 110897 110907

[15:48:42]	[Recv]	ct 2 4988617 3 5022943 -1 -1 0

[15:48:42]	[Recv]	su 2 4988617 3 5022943 0 10 11 8146 0 0 1 100 1 3 0 110902 110907

[15:48:42]	[Recv]	cond 2 4988592 0 0 15

[15:48:42]	[Send]	u_s 13 3 5022937
[15:48:42]	[Recv]	ct 2 4988603 3 5022937 -1 -1 0

[15:48:42]	[Recv]	su 2 4988603 3 5022937 0 12 11 8360 0 0 1 85 9636 0 0 98736 116032

[15:48:42]	[Recv]	eff 2 5022311 7739

[15:48:42]	[Recv]	ms_c 0

[15:48:42]	[Recv]	qslot 0 1.1.1 1.1.2 1.1.3 1.1.4 1.1.5 1.1.6 1.1.7 1.1.9 1.1.8 1.1.10 0.1.45 0.2.21 0.1.76 1.1.38 1.3.12 0.1.34 0.1.87 0.-1.-1 0.1.84 0.1.43 1.3.11 1.1.42 1.1.41 1.3.976 0.-1.-1 0.1.70 0.2.143 0.2.25 0.2.27 0.2.26

[15:48:42]	[Recv]	qslot 1 0.-1.-1 0.-1.-1 0.-1.-1 0.-1.-1 0.-1.-1 0.-1.-1 0.-1.-1 0.-1.-1 0.-1.-1 0.-1.-1 0.1.-1 0.1.-1 1.1.41 1.1.42 0.-1.-1 7.7.-1 7.7.-1 7.7.-1 7.7.-1 0.-1.-1 0.-1.-1 0.-1.-1 0.-1.-1 0.-1.-1 0.-1.-1 0.-1.-1 0.-1.-1 0.-1.-1 0.-1.-1 0.-1.-1

[15:48:42]	[Send]	ptctl 5443 1 4988592 40 45 4988592 15
[15:48:42]	[Recv]	ct 1 2073308 3 5022937 -1 -1 1127

[15:48:42]	[Recv]	eff 1 2073308 15

[15:48:42]	[Recv]	rc 1 2073308 50 0

[15:48:42]	[Recv]	su 1 2073308 3 5022937 1127 100 22 4284 0 0 0 0 265960 3 0 0 116032

[15:48:42]	[Recv]	lev 99 0 99 0 2140719000 5991794 66993052 2 0 90 917705181 0

[15:48:42]	[Recv]	su 1 2073308 3 5022936 1127 100 22 4284 0 0 1 71 32030 5 0 78877 110907

[15:48:42]	[Recv]	cond 2 4988592 0 0 15

[15:48:42]	[Send]	suctl 5443 1 4988592 3 5022937
[15:48:42]	[Send]	u_s 13 3 5022937
[15:48:42]	[Recv]	ct 3 5022941 2 4988592 -1 -1 0

[15:48:42]	[Recv]	su 3 5022941 2 4988592 0 10 11 4789 0 0 1 89 51 0 0 51441 57771

[15:48:42]	[Recv]	eff 2 5022310 7739

[15:48:42]	[Recv]	eff 2 5022309 7739

[15:48:42]	[Recv]	cancel 0 13 -1

[15:48:42]	[Send]	ptctl 5443 2 4988603 45 56 4988592 40 50 4988603 15
[15:48:42]	[Recv]	cond 1 2073308 0 0 21

[15:48:42]	[Recv]	cond 1 2073308 0 0 21

[15:48:42]	[Send]	ptctl 5443 2 4988603 46 57 4988592 40 51 4988603 15
[15:48:42]	[Recv]	cond 2 4988603 0 0 15

[15:48:42]	[Recv]	cond 2 4988592 0 0 15

[15:48:43]	[Recv]	ct 3 5022938 2 4988592 -1 -1 0

[15:48:43]	[Recv]	su 3 5022938 2 4988592 0 10 11 4789 0 0 1 88 247 0 0 51194 57771

[15:48:43]	[Recv]	ct 3 5022936 2 4988592 -1 -1 0

[15:48:43]	[Recv]	su 3 5022936 2 4988592 0 10 11 4789 0 0 1 88 49 0 0 51145 57771

[15:48:43]	[Recv]	cond 1 2073308 0 0 21

[15:48:43]	[Recv]	cond 1 2073308 0 0 21

[15:48:43]	[Send]	ptctl 5443 2 4988603 47 53 4988592 45 49 4988603 15
[15:48:43]	[Send]	ptctl 5443 1 4988592 44 49 4988592 15
[15:48:43]	[Recv]	cond 2 4988603 0 0 15

[15:48:43]	[Recv]	cond 2 4988592 0 0 15

[15:48:43]	[Recv]	ct 3 5022944 2 4988590 -1 -1 0

[15:48:43]	[Recv]	su 3 5022944 2 4988590 0 10 11 4789 0 0 1 93 347 0 0 14362 15441

[15:48:43]	[Recv]	ct 2 4988573 3 5022945 -1 -1 0

[15:48:43]	[Recv]	su 2 4988573 3 5022945 0 10 11 200 0 0 1 100 0 1 0 13867 13880

[15:48:43]	[Recv]	st 2 5022311 95 0 98 100 91017 184572 92286 184572 0

[15:48:43]	[Recv]	cond 1 2073308 0 0 21

[15:48:43]	[Recv]	cond 1 2073308 0 0 21

[15:48:43]	[Send]	ptctl 5443 2 4988603 48 53 4988592 46 47 4988603 15
[15:48:43]	[Recv]	cond 2 4988603 0 0 15

[15:48:43]	[Recv]	cond 2 4988592 0 0 15

[15:48:43]	[Recv]	ct 3 5022943 2 4988617 -1 -1 0

[15:48:43]	[Recv]	su 3 5022943 2 4988617 0 10 11 4789 0 0 1 78 70 0 0 5992 7621

[15:48:43]	[Recv]	cond 2 4988592 0 0 15

[15:48:43]	[Recv]	cond 1 2073308 0 0 21

[15:48:43]	[Recv]	cond 1 2073308 0 0 21

[15:48:43]	[Recv]	sp 414182 1000000 0 10000

[15:48:43]	[Recv]	ct 2 4988535 3 5022945 -1 -1 0

[15:48:43]	[Recv]	su 2 4988535 3 5022945 0 11 11 4948 0 0 1 100 1 0 0 13866 13880

[15:48:43]	[Recv]	ct 2 4988539 3 5022944 -1 -1 0

[15:48:43]	[Recv]	su 2 4988539 3 5022944 0 11 11 4948 0 0 1 99 1 0 0 110896 110907

[15:48:43]	[Recv]	st 2 5022310 95 0 100 100 92286 184572 92286 184572 0

[15:48:43]	[Recv]	st 2 5022309 95 0 100 100 92286 184572 92286 184572 0

[15:48:43]	[Recv]	cond 2 4988603 0 0 15

[15:48:43]	[Recv]	cond 2 4988592 0 0 15

[15:48:43]	[Recv]	eff 1 2073308 869

[15:48:43]	[Recv]	cond 1 2073308 0 0 21

[15:48:43]	[Recv]	cond 1 2073308 0 0 21

[15:48:43]	[Recv]	ct 2 4988460 3 5022943 -1 -1 0

[15:48:44]	[Recv]	su 2 4988460 3 5022943 0 12 11 1007 0 0 1 100 0 1 0 110902 110907

[15:48:44]	[Send]	ncif 3 5022945
[15:48:44]	[Send]	ptctl 5443 1 4988592 50 50 4988592 15
[15:48:44]	[Recv]	st 3 5022945 99 0 100 100 13866 2828 13880 2828 0

[15:48:44]	[Send]	u_s 0 3 5022945
[15:48:44]	[Recv]	ct 2 4988590 3 5022944 -1 -1 0

[15:48:44]	[Recv]	su 2 4988590 3 5022944 0 10 11 4841 0 0 1 99 1 0 0 110895 110907

[15:48:44]	[Recv]	ct 2 4988617 3 5022943 -1 -1 0

[15:48:44]	[Recv]	su 2 4988617 3 5022943 0 10 11 8146 0 0 1 100 0 1 0 110902 110907

[15:48:44]	[Recv]	cond 2 4988592 0 0 15

[15:48:44]	[Send]	ptctl 5443 1 4988603 53 53 4988603 15
[15:48:44]	[Send]	ptctl 5443 1 4988592 53 48 4988592 15
[15:48:44]	[Recv]	ct 1 2073308 3 5022945 -1 -1 1114

[15:48:44]	[Recv]	eff 1 2073308 15

[15:48:44]	[Recv]	su 1 2073308 3 5022945 1114 7 11 4260 0 0 0 0 280726 3 0 0 13880

[15:48:44]	[Recv]	lev 99 0 99 0 2140719000 5991794 66993052 2 0 90 917705181 0

[15:48:44]	[Recv]	cond 2 4988603 0 0 15

[15:48:44]	[Recv]	cond 2 4988592 0 0 15

[15:48:44]	[Send]	ptctl 5443 2 4988603 46 53 4988592 45 52 4988603 15
[15:48:44]	[Send]	ptctl 5443 2 4988603 45 54 4988592 46 53 4988603 15
[15:48:44]	[Recv]	cond 1 2073308 0 0 21

[15:48:44]	[Recv]	cond 1 2073308 0 0 21

[15:48:44]	[Recv]	cond 2 4988603 0 0 15

[15:48:44]	[Recv]	cond 2 4988592 0 0 15

[15:48:45]	[Recv]	cond 1 2073308 0 0 21

[15:48:45]	[Recv]	cond 1 2073308 0 0 21

[15:48:45]	[Recv]	sr 0

[15:48:45]	[Recv]	cond 2 4988603 0 0 15

[15:48:45]	[Recv]	cond 2 4988592 0 0 15

[15:48:45]	[Recv]	st 2 5022311 95 0 99 100 91939 184572 92286 184572 0

[15:48:45]	[Send]	ncif 3 5022940
[15:48:45]	[Send]	u_s 0 3 5022940
[15:48:45]	[Send]	ptctl 5443 1 4988603 46 53 4988603 15
[15:48:45]	[Send]	suctl 5443 1 4988603 3 5022940
[15:48:45]	[Recv]	ct 3 5022944 2 4988590 -1 -1 0

[15:48:45]	[Recv]	su 3 5022944 2 4988590 0 10 11 4789 0 0 1 91 348 0 0 14014 15441

[15:48:45]	[Recv]	out 2 4988535

[15:48:45]	[Recv]	out 2 4988539

[15:48:45]	[Recv]	sayi 1 2073308 20 22 3 1029 0 0 0

[15:48:45]	[Recv]	bf 1 2073308 0.1029.0 99

[15:48:45]	[Recv]	st 3 5022940 99 0 100 100 13880 2828 13880 2828 0

[15:48:45]	[Send]	ptctl 5443 1 4988592 45 52 4988592 15
[15:48:45]	[Recv]	cond 1 2073308 0 0 21

[15:48:45]	[Recv]	cond 1 2073308 0 0 21

[15:48:45]	[Recv]	ct 3 5022943 2 4988617 -1 -1 0

[15:48:45]	[Recv]	su 3 5022943 2 4988617 0 10 11 4789 0 0 1 78 0 1 0 5992 7621

[15:48:45]	[Recv]	st 2 5022310 95 0 100 100 92286 184572 92286 184572 0

[15:48:45]	[Recv]	st 2 5022309 95 0 100 100 92286 184572 92286 184572 0

[15:48:45]	[Recv]	ct 1 2073308 3 5022940 -1 -1 1114

[15:48:45]	[Recv]	eff 1 2073308 15

[15:48:45]	[Recv]	su 1 2073308 3 5022940 1114 7 11 4260 0 0 0 0 277865 3 0 0 13880

[15:48:45]	[Recv]	lev 99 0 99 0 2140719000 5991794 66993052 2 0 90 917705181 0

[15:48:45]	[Recv]	cond 2 4988603 0 0 15

[15:48:45]	[Send]	ptctl 5443 2 4988603 41 54 4988592 40 53 4988603 15
[15:48:46]	[Recv]	cond 2 4988592 0 0 15

[15:48:46]	[Send]	ptctl 5443 2 4988603 40 53 4988592 40 56 4988603 15
[15:48:46]	[Recv]	cond 1 2073308 0 0 21

[15:48:46]	[Recv]	cond 1 2073308 0 0 21

[15:48:46]	[Recv]	cond 2 4988603 0 0 15

[15:48:46]	[Recv]	cond 2 4988592 0 0 15

[15:48:46]	[Send]	ptctl 5443 2 4988603 39 55 4988592 38 54 4988603 15
[15:48:46]	[Recv]	sc_p 170 1548 4988592 96 561 24136920 0 0 1889 2049 1289 19 90 9 975 627 958 627 866 3 90 90 110 80 51145 57771 18100 18100 1 84982200 0 @ 0 0 6 60 1831 1798 0 100

[15:48:46]	[Recv]	cond 1 2073308 0 0 21

[15:48:46]	[Recv]	cond 1 2073308 0 0 21

[15:48:46]	[Recv]	cond 2 4988603 0 0 15

[15:48:46]	[Recv]	cond 2 4988592 0 0 15

[15:48:46]	[Recv]	ct 2 4988590 3 5022944 -1 -1 0

[15:48:46]	[Recv]	su 2 4988590 3 5022944 0 10 11 4841 0 0 1 99 0 1 0 110895 110907

[15:48:46]	[Recv]	ct 2 4988617 3 5022943 -1 -1 0

[15:48:46]	[Recv]	su 2 4988617 3 5022943 0 10 11 8146 0 0 1 100 0 1 0 110902 110907

[15:48:46]	[Recv]	sr 0

[15:48:46]	[Recv]	cond 1 2073308 0 0 21

[15:48:46]	[Recv]	cond 1 2073308 0 0 21

[15:48:46]	[Recv]	out 2 4988460

[15:48:46]	[Recv]	out 2 4988573

[15:48:46]	[Recv]	out 2 4988590

[15:48:46]	[Recv]	out 2 4988617

[15:48:46]	[Recv]	sayi 1 2073308 20 22 3 1028 0 0 0

[15:48:46]	[Recv]	bf 1 2073308 0.1028.0 99

[15:48:46]	[Recv]	cond 2 4988603 0 0 15

[15:48:46]	[Recv]	cond 2 4988592 0 0 15

[15:48:46]	[Send]	u_as 7 28 55
[15:48:46]	[Send]	ptctl 5443 2 4988603 42 54 4988592 42 52 4988603 15
[15:48:47]	[Recv]	cond 1 2073308 0 0 21

[15:48:47]	[Recv]	cond 1 2073308 0 0 21

[15:48:47]	[Recv]	ms_c 0

[15:48:47]	[Recv]	qslot 0 1.1.1 1.1.2 1.1.3 1.1.4 1.1.5 1.1.6 1.1.7 1.1.9 1.1.8 1.1.10 0.1.45 0.2.21 0.1.76 1.1.38 1.3.12 0.1.34 0.1.87 0.-1.-1 0.1.84 0.1.43 1.3.11 1.1.42 1.1.41 1.3.976 0.-1.-1 0.1.70 0.2.143 0.2.25 0.2.27 0.2.26

[15:48:47]	[Recv]	qslot 1 0.-1.-1 0.-1.-1 0.-1.-1 0.-1.-1 0.-1.-1 0.-1.-1 0.-1.-1 0.-1.-1 0.-1.-1 0.-1.-1 0.1.-1 0.1.-1 1.1.41 1.1.42 0.-1.-1 7.7.-1 7.7.-1 7.7.-1 7.7.-1 0.-1.-1 0.-1.-1 0.-1.-1 0.-1.-1 0.-1.-1 0.-1.-1 0.-1.-1 0.-1.-1 0.-1.-1 0.-1.-1 0.-1.-1

[15:48:47]	[Recv]	st 2 5022311 95 0 100 100 92286 184572 92286 184572 0

[15:48:47]	[Recv]	eff 2 5022311 7739

[15:48:47]	[Recv]	ct_n 1 2073308 3 -1 -1 -1 1121

[15:48:47]	[Recv]	cond 2 4988603 0 0 15

[15:48:47]	[Recv]	cond 2 4988592 0 0 15

[15:48:47]	[Recv]	bs 1 2073308 28 55 1121 120 45 4276 0 0 1 1 0 0 0

[15:48:47]	[Recv]	eff 1 2073308 15

[15:48:47]	[Recv]	su 1 2073308 3 5022942 1121 120 45 4276 0 0 0 0 296200 6 0 0 110907

[15:48:47]	[Recv]	lev 99 0 99 0 2140719000 5991794 66993052 2 0 90 917705181 0

[15:48:47]	[Send]	ptctl 5443 2 4988603 42 59 4988592 42 57 4988603 15
[15:48:47]	[Recv]	cond 1 2073308 0 0 21

[15:48:47]	[Recv]	cond 1 2073308 0 0 21

[15:48:47]	[Recv]	st 2 5022310 95 0 100 100 92286 184572 92286 184572 0

[15:48:47]	[Recv]	eff 2 5022310 7739

[15:48:47]	[Recv]	st 2 5022309 95 0 100 100 92286 184572 92286 184572 0

[15:48:47]	[Recv]	eff 2 5022309 7739

[15:48:47]	[Recv]	cond 2 4988603 0 0 15

[15:48:47]	[Recv]	cond 2 4988592 0 0 15

[15:48:47]	[Recv]	ct 3 5022938 2 4988592 -1 -1 0

[15:48:47]	[Recv]	su 3 5022938 2 4988592 0 10 11 4789 0 0 1 88 248 0 0 50897 57771

[15:48:47]	[Recv]	ct 3 5022936 2 4988592 -1 -1 0

[15:48:47]	[Recv]	su 3 5022936 2 4988592 0 10 11 4789 0 0 1 87 257 0 0 50640 57771

[15:48:47]	[Send]	ptctl 5443 2 4988603 46 54 4988592 47 53 4988603 15
[15:48:48]	[Recv]	cond 1 2073308 0 0 21

[15:48:48]	[Recv]	cond 1 2073308 0 0 21

[15:48:48]	[Recv]	cond 2 4988603 0 0 15

[15:48:48]	[Recv]	cond 2 4988592 0 0 15

[15:48:48]	[Send]	ptctl 5443 2 4988603 49 55 4988592 50 54 4988603 15
[15:48:48]	[Send]	ncif 3 5022936
[15:48:48]	[Recv]	cond 1 2073308 0 0 21

[15:48:48]	[Recv]	cond 1 2073308 0 0 21

[15:48:48]	[Recv]	cond 2 4988603 0 0 15

[15:48:48]	[Recv]	cond 2 4988592 0 0 15

[15:48:48]	[Recv]	sp 414172 1000000 0 10000

[15:48:48]	[Recv]	st 3 5022936 99 0 71 100 78877 2828 110907 2828 0

[15:48:48]	[Send]	u_s 0 3 5022936
[15:48:48]	[Send]	ptctl 5443 1 4988603 46 56 4988603 15
[15:48:48]	[Send]	suctl 5443 1 4988603 3 5022936
[15:48:48]	[Recv]	eff 1 2073308 869

[15:48:48]	[Send]	ptctl 5443 1 4988592 44 51 4988592 15
[15:48:48]	[Recv]	cond 1 2073308 0 0 21

[15:48:48]	[Recv]	cond 1 2073308 0 0 21

[15:48:48]	[Recv]	sr 1

[15:48:49]	[Recv]	ct 1 2073308 3 5022936 -1 -1 1114

[15:48:49]	[Recv]	eff 1 2073308 15

[15:48:49]	[Recv]	su 1 2073308 3 5022936 1114 7 11 4260 0 0 1 2 76583 0 0 2294 110907

[15:48:49]	[Recv]	cond 2 4988603 0 0 15

[15:48:49]	[Recv]	eff 2 4988603 5005

[15:48:49]	[Send]	ptctl 5443 2 4988603 51 56 4988592 51 53 4988603 15
[15:48:49]	[Recv]	st 2 5022311 95 0 100 100 92286 184572 92286 184572 0

[15:48:49]	[Recv]	cond 2 4988592 0 0 15

[15:48:49]	[Send]	ptctl 5443 1 4988603 52 56 4988603 15
[15:48:49]	[Recv]	cond 1 2073308 0 0 21

[15:48:49]	[Recv]	cond 1 2073308 0 0 21

[15:48:49]	[Send]	ncif 3 5022936
[15:48:49]	[Recv]	ct 2 4988603 3 5022936 -1 -1 0

[15:48:49]	[Recv]	su 2 4988603 3 5022936 0 12 11 8360 0 0 0 0 8463 0 0 0 110907

[15:48:49]	[Recv]	lev 99 0 99 0 2140719000 5991794 66993052 2 0 90 917705181 0

[15:48:49]	[Recv]	cond 2 4988603 0 0 15

[15:48:49]	[Recv]	cond 2 4988592 0 0 15

[15:48:49]	[Recv]	cond 1 2073308 0 0 21

[15:48:49]	[Recv]	cond 1 2073308 0 0 21

[15:48:49]	[Recv]	ct 3 5022941 2 4988592 -1 -1 0

[15:48:49]	[Recv]	su 3 5022941 2 4988592 0 10 11 4789 0 0 1 87 251 0 0 50389 57771

[15:48:49]	[Recv]	st 2 5022310 95 0 100 100 92286 184572 92286 184572 0

[15:48:49]	[Recv]	st 2 5022309 95 0 100 100 92286 184572 92286 184572 0

[15:48:49]	[Recv]	cond 2 4988603 0 0 15

[15:48:49]	[Recv]	sr 0

[15:48:49]	[Send]	u_s 0 3 5022941
[15:48:49]	[Send]	ptctl 5443 1 4988592 45 53 4988592 15
[15:48:49]	[Send]	ptctl 5443 2 4988603 53 56 4988592 55 53 4988603 15
[15:48:49]	[Recv]	cond 1 2073308 0 0 21

[15:48:49]	[Recv]	cond 1 2073308 0 0 21

[15:48:49]	[Send]	ncif 3 5022941
[15:48:50]	[Recv]	ct 1 2073308 3 5022941 -1 -1 1114

[15:48:50]	[Recv]	eff 1 2073308 15

[15:48:50]	[Recv]	su 1 2073308 3 5022941 1114 7 11 4260 0 0 0 0 258071 3 0 0 110907

[15:48:50]	[Recv]	lev 99 0 99 0 2140719000 5991794 66993052 2 0 90 917705181 0

[15:48:50]	[Recv]	cond 2 4988592 0 0 15

[15:48:50]	[Recv]	cond 2 4988603 0 0 15

[15:48:50]	[Recv]	cond 2 4988592 0 0 15

[15:48:50]	[Send]	ptctl 5443 2 4988603 54 56 4988592 57 53 4988603 15
[15:48:50]	[Recv]	cond 1 2073308 0 0 21

[15:48:50]	[Recv]	cond 1 2073308 0 0 21

[15:48:50]	[Send]	ncif 3 5022943
[15:48:50]	[Recv]	cond 2 4988603 0 0 15

[15:48:50]	[Recv]	cond 2 4988592 0 0 15

[15:48:50]	[Send]	ptctl 5443 1 4988603 51 56 4988603 15
[15:48:50]	[Send]	suctl 5443 1 4988603 3 5022943
[15:48:50]	[Recv]	st 3 5022943 99 0 100 100 110902 2828 110907 2828 0

[15:48:50]	[Send]	ptctl 5443 1 4988592 58 57 4988592 15
[15:48:50]	[Recv]	cond 2 4988603 0 0 15

[15:48:50]	[Recv]	sr 0

[15:48:50]	[Recv]	eff 2 4988603 5005

[15:48:50]	[Recv]	cond 2 4988592 0 0 15

[15:48:51]	[Send]	ptctl 5443 1 4988592 57 58 4988592 15
[15:48:51]	[Send]	ncif 3 5022943
[15:48:51]	[Recv]	cond 2 4988592 0 0 15

[15:48:51]	[Send]	u_s 0 3 5022943
[15:48:51]	[Recv]	ct 2 4988603 3 5022943 -1 -1 0

[15:48:51]	[Recv]	su 2 4988603 3 5022943 0 12 11 8360 0 0 1 92 8605 0 0 102297 110907

[15:48:51]	[Recv]	st 2 5022311 95 0 100 100 92286 184572 92286 184572 0

[15:48:51]	[Recv]	sr 8

[15:48:51]	[Recv]	st 3 5022943 99 0 92 100 102297 2828 110907 2828 0

[15:48:51]	[Recv]	cond 1 2073308 0 0 21

[15:48:51]	[Recv]	cond 1 2073308 0 0 21

[15:48:51]	[Recv]	ct 1 2073308 3 5022943 -1 -1 1114

[15:48:51]	[Recv]	eff 1 2073308 15

[15:48:51]	[Recv]	su 1 2073308 3 5022943 1114 7 11 4260 0 0 1 26 72748 0 0 29549 110907

[15:48:51]	[Recv]	ct 3 5022938 1 2073308 -1 -1 0

[15:48:51]	[Recv]	su 3 5022938 1 2073308 0 10 11 4789 0 0 1 100 0 1 0 96297 96297

[15:48:51]	[Recv]	st 2 5022310 95 0 100 100 92286 184572 92286 184572 0

[15:48:51]	[Recv]	st 2 5022309 95 0 100 100 92286 184572 92286 184572 0

[15:48:51]	[Send]	ptctl 5443 2 4988603 49 55 4988592 52 58 4988603 15
[15:48:51]	[Recv]	ct 3 5022943 2 4988592 -1 -1 0

[15:48:51]	[Recv]	su 3 5022943 2 4988592 0 10 11 4789 0 0 1 86 255 0 0 50134 57771

[15:48:51]	[Recv]	cond 1 2073308 0 0 21

[15:48:51]	[Recv]	cond 1 2073308 0 0 21

[15:48:52]	[Recv]	cond 2 4988603 0 0 15

[15:48:52]	[Recv]	cond 2 4988592 0 0 15

[15:48:52]	[Send]	ncif 3 5022943
[15:48:52]	[Send]	u_s 0 3 5022943
[15:48:52]	[Send]	ptctl 5443 1 4988592 57 58 4988592 15
[15:48:52]	[Send]	suctl 5443 1 4988603 3 5022943
[15:48:52]	[Recv]	eff 2 5022311 7739

[15:48:52]	[Recv]	sr 0

[15:48:52]	[Recv]	st 3 5022943 99 0 26 100 29549 2828 110907 2828 0

[15:48:52]	[Recv]	sr 13

[15:48:52]	[Recv]	ct 1 2073308 3 5022943 -1 -1 1114

[15:48:52]	[Recv]	eff 1 2073308 15

[15:48:52]	[Recv]	su 1 2073308 3 5022943 1114 7 11 4260 0 0 0 0 253476 3 0 0 110907

[15:48:52]	[Recv]	lev 99 0 99 0 2140719000 5991794 66993052 2 0 90 917705181 0

[15:48:52]	[Recv]	cond 2 4988592 0 0 15

[15:48:52]	[Recv]	in 3 700 5023383 6 43 4 100 100 0 0 0 -1 0 0 -1 - 0 -1 0 0 0 0 0 0 0 0 0 0 0 0

[15:48:52]	[Recv]	msgi 0 679 0 0 0 0 0

[15:48:52]	[Recv]	in 3 710 5023384 8 39 0 100 100 0 0 0 -1 0 0 -1 - 0 -1 0 0 0 0 0 0 0 0 0 0 0 0

[15:48:52]	[Recv]	msgi 0 679 0 0 0 0 0

[15:48:52]	[Recv]	in 3 700 5023385 8 42 1 100 100 0 0 0 -1 0 0 -1 - 0 -1 0 0 0 0 0 0 0 0 0 0 0 0

[15:48:52]	[Recv]	msgi 0 679 0 0 0 0 0

[15:48:52]	[Recv]	in 3 760 5023386 37 5 6 100 100 0 0 0 -1 0 0 -1 - 0 -1 0 0 0 0 0 0 0 0 0 0 0 0

[15:48:52]	[Recv]	msgi 0 679 0 0 0 0 0

[15:48:52]	[Recv]	in 3 700 5023387 37 7 1 100 100 0 0 0 -1 0 0 -1 - 0 -1 0 0 0 0 0 0 0 0 0 0 0 0

[15:48:52]	[Recv]	msgi 0 679 0 0 0 0 0

[15:48:52]	[Recv]	in 3 775 5023388 39 6 4 100 100 0 0 0 -1 0 0 -1 - 0 -1 0 0 0 0 0 0 0 0 0 0 0 0

[15:48:52]	[Recv]	msgi 0 679 0 0 0 0 0

[15:48:52]	[Recv]	in 3 700 5023389 40 8 2 100 100 0 0 0 -1 0 0 -1 - 0 -1 0 0 0 0 0 0 0 0 0 0 0 0

[15:48:52]	[Recv]	msgi 0 679 0 0 0 0 0

[15:48:52]	[Recv]	in 3 785 5023390 41 6 3 100 100 0 0 0 -1 0 0 -1 - 0 -1 0 0 0 0 0 0 0 0 0 0 0 0

[15:48:52]	[Recv]	msgi 0 679 0 0 0 0 0

[15:48:52]	[Recv]	in 3 760 5023391 43 6 4 100 100 0 0 0 -1 0 0 -1 - 0 -1 0 0 0 0 0 0 0 0 0 0 0 0

[15:48:52]	[Recv]	msgi 0 679 0 0 0 0 0

[15:48:52]	[Recv]	in 3 700 5023392 43 8 6 100 100 0 0 0 -1 0 0 -1 - 0 -1 0 0 0 0 0 0 0 0 0 0 0 0

[15:48:52]	[Recv]	msgi 0 679 0 0 0 0 0

[15:48:52]	[Recv]	in 3 700 5023393 45 7 4 100 100 0 0 0 -1 0 0 -1 - 0 -1 0 0 0 0 0 0 0 0 0 0 0 0

[15:48:52]	[Recv]	msgi 0 679 0 0 0 0 0

[15:48:52]	[Recv]	in 3 700 5023394 71 38 6 100 100 0 0 0 -1 0 0 -1 - 0 -1 0 0 0 0 0 0 0 0 0 0 0 0

[15:48:52]	[Recv]	msgi 0 679 0 0 0 0 0

[15:48:52]	[Recv]	in 3 700 5023395 71 41 7 100 100 0 0 0 -1 0 0 -1 - 0 -1 0 0 0 0 0 0 0 0 0 0 0 0

[15:48:52]	[Recv]	msgi 0 679 0 0 0 0 0

[15:48:52]	[Recv]	in 3 710 5023396 72 39 4 100 100 0 0 0 -1 0 0 -1 - 0 -1 0 0 0 0 0 0 0 0 0 0 0 0

[15:48:52]	[Recv]	msgi 0 679 0 0 0 0 0

[15:48:52]	[Recv]	eff 3 5023395 5000

[15:48:52]	[Recv]	eff 3 5023393 5000

[15:48:52]	[Recv]	eff 3 5023390 5000

[15:48:52]	[Recv]	eff 3 5023387 5000

[15:48:52]	[Recv]	eff 3 5023384 5000

[15:48:52]	[Recv]	eff 2 5022310 7739

[15:48:52]	[Recv]	eff 2 5022309 7739

[15:48:52]	[Send]	suctl 5443 1 4988592 3 5022943
[15:48:52]	[Send]	ncif 3 5022944
[15:48:53]	[Recv]	st 3 5022944 99 0 99 100 110895 2828 110907 2828 0

[15:48:53]	[Recv]	sr 0

[15:48:53]	[Recv]	st 2 5022311 95 0 100 100 92286 184572 92286 184572 0

[15:48:53]	[Send]	u_s 0 3 5022944
[15:48:53]	[Recv]	ct 1 2073308 3 5022944 -1 -1 1114

[15:48:53]	[Recv]	eff 1 2073308 15

[15:48:53]	[Recv]	su 1 2073308 3 5022944 1114 7 11 4260 0 0 1 33 73803 0 0 37092 110907

[15:48:53]	[Send]	suctl 5443 1 4988603 3 5022944
[15:48:53]	[Recv]	sp 414162 1000000 0 10000

[15:48:53]	[Recv]	st 2 5022310 95 0 100 100 92286 184572 92286 184572 0

[15:48:53]	[Recv]	st 2 5022309 95 0 100 100 92286 184572 92286 184572 0

[15:48:53]	[Recv]	eff 2 4988603 5005

[15:48:53]	[Recv]	eff 1 2073308 869

[15:48:53]	[Recv]	ct 3 5022938 1 2073308 -1 -1 0

[15:48:53]	[Recv]	su 3 5022938 1 2073308 0 10 11 4789 0 0 1 100 0 1 0 96297 96297

[15:48:53]	[Send]	ptctl 5443 1 4988592 56 53 4988592 15
[15:48:53]	[Send]	ncif 3 5022944
[15:48:54]	[Recv]	ct 2 4988603 3 5022944 -1 -1 0

[15:48:54]	[Recv]	eff 2 4988603 15

[15:48:54]	[Recv]	su 2 4988603 3 5022944 0 12 11 8360 0 0 1 20 14576 0 0 22516 110907

[15:48:54]	[Recv]	cond 2 4988592 0 0 15

[15:48:54]	[Recv]	sr 0

[15:48:54]	[Recv]	st 3 5022944 99 0 20 100 22516 2828 110907 2828 0

[15:48:54]	[Send]	u_ts 776 21 51
[15:48:54]	[Recv]	in 2 754 4988552 21 50 2 100 100 0 0 3 2073308 0 0 -1 @ 2 -1 0 0 0 0 0 0 0 0 0 0 10 2

[15:48:54]	[Recv]	ctl 2 4988552 0 1

[15:48:54]	[Recv]	in 2 668 4988542 21 49 2 100 100 0 0 3 2073308 0 0 -1 @ 2 -1 0 0 0 0 0 0 0 0 0 0 9 3

[15:48:54]	[Recv]	ctl 2 4988542 0 1

[15:48:54]	[Recv]	in 2 478 4988518 21 50 2 100 100 0 0 3 2073308 0 0 -1 @ 2 -1 0 0 0 0 0 0 0 0 0 0 11 2

[15:48:54]	[Recv]	ctl 2 4988518 0 1

[15:48:54]	[Recv]	in 2 181 4988472 19 49 2 100 100 0 0 3 2073308 0 0 -1 @ 2 -1 0 0 0 0 0 0 0 0 0 0 12 2

[15:48:54]	[Recv]	ctl 2 4988472 0 1

[15:48:54]	[Recv]	bf 1 2073308 0.1027.200 99

[15:48:54]	[Recv]	sayi 1 2073308 20 26 3 1027 0 0 0

[15:48:54]	[Recv]	team_cool 2 900

[15:48:54]	[Recv]	ct 3 5022944 2 4988592 -1 -1 0

[15:48:54]	[Recv]	su 3 5022944 2 4988592 0 10 11 4789 0 0 1 86 259 0 0 49875 57771

[15:48:54]	[Send]	ptctl 5443 2 4988603 54 54 4988592 56 52 4988603 15
[15:48:54]	[Recv]	cond 1 2073308 0 0 21

[15:48:54]	[Recv]	cond 1 2073308 0 0 21

[15:48:54]	[Send]	u_s 0 3 5022944
[15:48:54]	[Send]	ptctl 5443 2 4988603 50 55 4988592 55 52 4988603 15
[15:48:54]	[Send]	suctl 5443 1 4988603 3 5022944
[15:48:54]	[Recv]	cond 2 4988603 0 0 15

[15:48:54]	[Recv]	cond 2 4988592 0 0 15

[15:48:54]	[Send]	ncif 3 5022944
[15:48:55]	[Recv]	cond 1 2073308 0 0 21

[15:48:55]	[Recv]	cond 1 2073308 0 0 21

[15:48:55]	[Send]	suctl 5443 1 4988592 3 5022944
[15:48:55]	[Recv]	st 2 5022311 95 0 100 100 92286 184572 92286 184572 0

[15:48:55]	[Recv]	ct 1 2073308 3 5022944 -1 -1 1114

[15:48:55]	[Recv]	su 1 2073308 3 5022944 1114 7 11 4260 0 0 0 0 28657 0 0 0 110907

[15:48:55]	[Recv]	lev 99 0 99 0 2140719000 5991794 66993052 2 0 90 917705181 0

[15:48:55]	[Recv]	cond 2 4988603 0 0 15

[15:48:55]	[Recv]	cond 2 4988592 0 0 15

[15:48:55]	[Send]	ptctl 5443 2 4988603 55 53 4988592 60 52 4988603 15
[15:48:55]	[Send]	ptctl 5443 2 4988603 56 53 4988592 61 50 4988603 15
[15:48:55]	[Recv]	st 2 5022310 95 0 100 100 92286 184572 92286 184572 0

[15:48:55]	[Recv]	st 2 5022309 95 0 100 100 92286 184572 92286 184572 0

[15:48:55]	[Recv]	cond 1 2073308 0 0 21

[15:48:55]	[Recv]	cond 1 2073308 0 0 21

[15:48:55]	[Recv]	cond 2 4988603 0 0 15

[15:48:55]	[Recv]	cond 2 4988592 0 0 15

[15:48:55]	[Send]	ncif 3 5022938
[15:48:55]	[Recv]	cond 1 2073308 0 0 21

[15:48:55]	[Recv]	cond 1 2073308 0 0 21

[15:48:55]	[Recv]	sr 0

[15:48:55]	[Recv]	cond 2 4988603 0 0 15

[15:48:55]	[Recv]	cond 2 4988592 0 0 15

[15:48:56]	[Recv]	st 3 5022938 99 0 100 100 110907 2828 110907 2828 0

[15:48:56]	[Send]	u_s 0 3 5022938
[15:48:56]	[Recv]	sc_p 62 181 4988472 55 2976 0 0 0 578 754 422 6 160 0 257 301 261 301 250 3 19 14 34 -6 12013 12013 3369 3369 0 850664 0 @ 0 12 2 20 1811 1825 0 500

[15:48:56]	[Recv]	sc_p 63 478 4988518 60 2981 0 0 0 639 803 452 17 150 0 295 341 336 341 287 2 24 36 49 27 21388 21388 3531 3531 0 1371320 0 @ 0 11 2 20 1811 1818 0 500

[15:48:56]	[Recv]	sc_p 68 668 4988542 52 2979 0 0 0 952 1077 502 6 120 0 329 286 343 286 322 0 37 37 37 37 16600 16600 5077 5077 0 678201 0 @ 0 9 3 30 1826 1818 0 1080

[15:48:56]	[Recv]	sc_p 69 754 4988552 53 2978 0 0 0 542 634 617 9 165 0 263 301 280 301 250 2 38 38 38 38 41888 41888 3307 3307 0 733605 0 @ 0 10 2 20 1825 1797 0 500

[15:48:56]	[Recv]	sc_p 170 1548 4988592 96 560 24137620 0 0 1889 2049 1289 19 90 9 975 627 958 627 866 3 90 90 110 80 49875 57771 18100 18100 1 84982200 0 @ 0 0 6 60 1831 1798 0 100

[15:48:56]	[Recv]	cond 1 2073308 0 0 21

[15:48:56]	[Recv]	cond 1 2073308 0 0 21

[15:48:56]	[Send]	ptctl 5443 1 4988592 56 50 4988592 15
[15:48:56]	[Send]	suctl 5443 1 4988603 3 5022938
[15:48:56]	[Recv]	ct 1 2073308 3 5022938 -1 -1 1114

[15:48:56]	[Recv]	su 1 2073308 3 5022938 1114 7 11 4260 0 0 1 14 94275 3 0 16632 110907

[15:48:56]	[Recv]	bf 3 5022938 0.4253.100 99

[15:48:56]	[Recv]	cond 2 4988592 0 0 15

[15:48:56]	[Recv]	eff 2 4988603 5005

[15:48:56]	[Recv]	ct 2 4988542 3 5023383 -1 -1 0

[15:48:56]	[Recv]	su 2 4988542 3 5023383 0 1 11 4755 0 0 1 100 0 1 0 110907 110907

[15:48:56]	[Recv]	ct 2 4988552 3 5023385 -1 -1 0

[15:48:56]	[Recv]	su 2 4988552 3 5023385 0 8 11 1047 0 0 1 100 0 1 0 110907 110907

[15:48:56]	[Send]	ncif 3 5022938
[15:48:56]	[Recv]	ct 2 4988603 3 5022938 -1 -1 0

[15:48:56]	[Recv]	su 2 4988603 3 5022938 0 12 11 8360 0 0 1 6 9038 0 0 7594 110907

[15:48:56]	[Recv]	st 3 5022938 99 0 6 100 7594 2828 110907 2828 0 4253.99

[15:48:57]	[Recv]	ct 3 5023385 2 4988552 -1 -1 0

[15:48:57]	[Recv]	su 3 5023385 2 4988552 0 10 11 4789 0 0 1 96 1421 0 0 40467 41888

[15:48:57]	[Recv]	ct 3 5022938 1 2073308 -1 -1 0

[15:48:57]	[Recv]	su 3 5022938 1 2073308 0 10 11 4789 0 0 1 99 450 0 0 95847 96297

[15:48:57]	[Recv]	ct 2 4988518 3 5023384 -1 -1 0

[15:48:57]	[Recv]	su 2 4988518 3 5023384 0 8 11 4720 0 0 1 97 3746 0 0 122536 126282

[15:48:57]	[Recv]	sr 0

[15:48:57]	[Recv]	ct 3 5023383 2 4988542 -1 -1 0

[15:48:57]	[Recv]	su 3 5023383 2 4988542 0 10 11 4789 0 0 1 91 1366 0 0 15234 16600

[15:48:57]	[Recv]	st 2 5022311 95 0 100 100 92286 184572 92286 184572 0

[15:48:57]	[Recv]	eff 2 5022311 7739

[15:48:57]	[Send]	u_s 0 3 5022938
[15:48:57]	[Recv]	eff 3 5023391 4799

[15:48:57]	[Recv]	eff 3 5023386 4799

[15:48:57]	[Recv]	ct 3 5023384 2 4988518 -1 -1 767

[15:48:57]	[Recv]	in 3 804 5023413 16 41 2 100 100 0 0 0 -1 0 0 -1 - 0 -1 0 0 0 0 0 0 0 0 0 0 0 0

[15:48:57]	[Recv]	su 3 5023384 3 5023384 767 100 11 7287 0 0 1 97 0 -1 0 122536 126282

[15:48:57]	[Recv]	ct 2 4988542 3 5023383 -1 -1 0

[15:48:57]	[Recv]	su 2 4988542 3 5023383 0 10 11 4755 0 0 1 98 1925 0 0 108982 110907

[15:48:57]	[Recv]	ct 1 2073308 3 5022938 -1 -1 1114

[15:48:57]	[Recv]	rc 1 2073308 200 0

[15:48:57]	[Recv]	su 1 2073308 3 5022938 1114 7 11 4260 0 0 0 0 30034 0 0 0 110907

[15:48:57]	[Recv]	lev 99 0 99 0 2140719000 5991794 66993052 2 0 90 917705181 0

[15:48:57]	[Send]	ptctl 5443 1 4988592 51 52 4988592 15
[15:48:57]	[Recv]	cond 2 4988592 0 0 15

[15:48:57]	[Send]	ncif 3 5023396
[15:48:57]	[Recv]	st 2 5022310 95 0 100 100 92286 184572 92286 184572 0

[15:48:57]	[Recv]	eff 2 5022310 7739

[15:48:57]	[Recv]	st 2 5022309 95 0 100 100 92286 184572 92286 184572 0

[15:48:57]	[Recv]	eff 2 5022309 7739

[15:48:57]	[Send]	suctl 5443 1 4988603 3 5023396
[15:48:57]	[Recv]	st 3 5023396 99 0 100 100 126282 2828 126282 2828 0

[15:48:57]	[Send]	ptctl 5443 1 4988592 58 50 4988592 15
[15:48:57]	[Recv]	ct 2 4988472 3 5023385 -1 -1 0

[15:48:57]	[Recv]	su 2 4988472 3 5023385 0 7 11 1006 0 0 1 96 4380 0 0 106527 110907

[15:48:57]	[Recv]	eff 2 4988603 5005

[15:48:57]	[Recv]	cond 2 4988592 0 0 15

[15:48:58]	[Recv]	sr 0

[15:48:58]	[Recv]	ct 2 4988603 3 5023396 -1 -1 0

[15:48:58]	[Recv]	su 2 4988603 3 5023396 0 12 11 8360 0 0 1 93 8772 0 0 117510 126282

[15:48:58]	[Send]	u_s 8 3 5023396
[15:48:58]	[Recv]	cond 1 2073308 0 0 19

[15:48:58]	[Recv]	sayi 1 2073308 20 22 3 568 0 0 0

[15:48:58]	[Recv]	bf 1 2073308 0.568.0 99

[15:48:58]	[Recv]	ct 2 4988552 3 5023385 -1 -1 0

[15:48:58]	[Recv]	su 2 4988552 3 5023385 0 11 11 1047 0 0 1 96 0 1 0 106527 110907

[15:48:58]	[Recv]	ms_c 0

[15:48:58]	[Recv]	qslot 0 1.1.1 1.1.2 1.1.3 1.1.4 1.1.5 1.1.6 1.1.7 1.1.9 1.1.8 1.1.10 0.1.45 0.2.21 0.1.76 1.1.38 1.3.12 0.1.34 0.1.87 0.-1.-1 0.1.84 0.1.43 1.3.11 1.1.42 1.1.41 1.3.976 0.-1.-1 0.1.70 0.2.143 0.2.25 0.2.27 0.2.26

[15:48:58]	[Recv]	qslot 1 0.-1.-1 0.-1.-1 0.-1.-1 0.-1.-1 0.-1.-1 0.-1.-1 0.-1.-1 0.-1.-1 0.-1.-1 0.-1.-1 0.1.-1 0.1.-1 1.1.41 1.1.42 0.-1.-1 7.7.-1 7.7.-1 7.7.-1 7.7.-1 0.-1.-1 0.-1.-1 0.-1.-1 0.-1.-1 0.-1.-1 0.-1.-1 0.-1.-1 0.-1.-1 0.-1.-1 0.-1.-1 0.-1.-1

[15:48:58]	[Recv]	team_cool 0 0

[15:48:58]	[Recv]	ct 1 2073308 3 5023396 -1 -1 1122

[15:48:58]	[Recv]	sp 414152 1000000 0 10000

[15:48:58]	[Recv]	ct 3 5023384 2 4988518 -1 -1 0

[15:48:58]	[Recv]	su 3 5023384 2 4988518 0 5 11 1061 0 0 1 95 972 0 0 20416 21388

[15:48:58]	[Recv]	rc 1 2073308 200 0

[15:48:58]	[Recv]	su 1 2073308 3 5023396 1122 150 41 4268 0 0 1 65 34422 0 0 83088 126282

[15:48:58]	[Recv]	bf 3 5023396 0.4253.100 99

[15:48:58]	[Recv]	mslot 1125 -1

[15:48:58]	[Recv]	qset 0 8 1.1.11.0

[15:48:58]	[Recv]	bf 1 2073308 0.4126.100 99

[15:48:58]	[Recv]	sayi 1 2073308 20 26 3 4126 0 0 0

[15:48:58]	[Send]	ncif 3 5023396
[15:48:58]	[Recv]	eff 1 2073308 869

[15:48:58]	[Recv]	st 3 5023396 99 0 65 100 83088 2828 126282 2828 0 4253.99

[15:48:58]	[Send]	ptctl 5443 1 4988592 61 50 4988592 15
[15:48:58]	[Send]	mtlist 1 2 4988603 
[15:48:58]	[Send]	u_s 11 3 5023396
[15:48:58]	[Recv]	ct 2 4988518 3 5023384 -1 -1 0

[15:48:58]	[Recv]	su 2 4988518 3 5023384 0 9 11 4720 0 0 1 97 0 1 0 122536 126282

[15:48:58]	[Recv]	cond 2 4988592 0 0 15

[15:48:58]	[Send]	ptctl 5443 1 4988592 60 50 4988592 15
[15:48:58]	[Send]	suctl 5443 1 4988592 3 5023396
[15:48:59]	[Recv]	ct 3 5023396 2 4988592 -1 -1 767

[15:48:59]	[Recv]	in 3 804 5023414 61 50 2 100 100 0 0 0 -1 0 0 -1 - 0 -1 0 0 0 0 0 0 0 0 0 0 0 0

[15:48:59]	[Recv]	su 3 5023396 3 5023396 767 100 11 7287 0 0 1 65 0 -1 0 83088 126282

[15:48:59]	[Recv]	ms_c 0

[15:48:59]	[Recv]	qslot 0 1.1.1 1.1.2 1.1.3 1.1.4 1.1.5 1.1.6 1.1.7 1.1.9 1.1.8 1.1.10 0.1.45 0.2.21 0.1.76 1.1.38 1.3.12 0.1.34 0.1.87 0.-1.-1 0.1.84 0.1.43 1.3.11 1.1.42 1.1.41 1.3.976 0.-1.-1 0.1.70 0.2.143 0.2.25 0.2.27 0.2.26

[15:48:59]	[Recv]	qslot 1 0.-1.-1 0.-1.-1 0.-1.-1 0.-1.-1 0.-1.-1 0.-1.-1 0.-1.-1 0.-1.-1 0.-1.-1 0.-1.-1 0.1.-1 0.1.-1 1.1.41 1.1.42 0.-1.-1 7.7.-1 7.7.-1 7.7.-1 7.7.-1 0.-1.-1 0.-1.-1 0.-1.-1 0.-1.-1 0.-1.-1 0.-1.-1 0.-1.-1 0.-1.-1 0.-1.-1 0.-1.-1 0.-1.-1

[15:48:59]	[Send]	suctl 5443 1 4988603 3 5023396
[15:48:59]	[Recv]	ct 1 2073308 3 5023396 -1 -1 1125

[15:48:59]	[Recv]	cond 1 2073308 0 0 22

[15:48:59]	[Recv]	bf 1 2073308 0.576.20 99

[15:48:59]	[Recv]	sayi 1 2073308 20 26 3 576 0 0 0

[15:48:59]	[Recv]	su 1 2073308 3 5023396 1125 3 22 4272 0 0 1 65 0 4 0 83088 126282

[15:48:59]	[Recv]	cond 2 4988592 0 0 15

[15:48:59]	[Recv]	ct 3 5023395 2 4988592 -1 -1 0

[15:48:59]	[Recv]	su 3 5023395 2 4988592 0 10 11 4789 0 0 1 86 51 3 0 49824 57771

[15:48:59]	[Recv]	ct 3 5023385 2 4988472 -1 -1 0

[15:48:59]	[Recv]	su 3 5023385 2 4988472 0 10 11 4789 0 0 1 66 4043 0 0 7970 12013

[15:48:59]	[Recv]	st 2 5022311 95 0 100 100 92286 184572 92286 184572 0

[15:48:59]	[Recv]	eff 2 4988592 5005

[15:48:59]	[Send]	mtlist 1 2 4988603 
[15:48:59]	[Send]	u_s 11 3 5023396
[15:48:59]	[Recv]	sr 7

[15:48:59]	[Recv]	eff 2 4988603 5005

[15:48:59]	[Send]	ptctl 5443 2 4988603 58 49 4988592 62 46 4988603 15
[15:48:59]	[Recv]	ct 3 5023383 2 4988542 -1 -1 0

[15:48:59]	[Recv]	su 3 5023383 2 4988542 0 10 11 4789 0 0 1 91 0 1 0 15234 16600

[15:48:59]	[Recv]	ct 2 4988472 3 5023385 -1 -1 0

[15:48:59]	[Recv]	su 2 4988472 3 5023385 0 9 11 1006 0 0 1 92 4456 0 0 102071 110907

[15:48:59]	[Recv]	sr 11

[15:48:59]	[Recv]	ms_c 0

[15:48:59]	[Recv]	cancel 0 11 -1

[15:48:59]	[Recv]	ct 2 4988542 3 5023383 -1 -1 0

[15:48:59]	[Recv]	su 2 4988542 3 5023383 0 10 11 4755 0 0 1 98 0 1 0 108982 110907

[15:48:59]	[Recv]	ct 2 4988592 3 5023396 -1 -1 0

[15:48:59]	[Recv]	su 2 4988592 3 5023396 0 10 11 0 0 0 1 52 17226 0 0 65862 126282

[15:48:59]	[Recv]	ct 2 4988603 3 5023396 -1 -1 0

[15:48:59]	[Recv]	su 2 4988603 3 5023396 0 12 11 8360 0 0 1 44 9209 0 0 56653 126282

[15:48:59]	[Recv]	st 2 5022310 95 0 100 100 92286 184572 92286 184572 0

[15:48:59]	[Recv]	st 2 5022309 95 0 100 100 92286 184572 92286 184572 0

[15:48:59]	[Recv]	cond 2 4988603 0 0 15

[15:48:59]	[Recv]	cond 2 4988592 0 0 15

[15:48:59]	[Send]	ncif 3 5023396
[15:48:59]	[Recv]	ct 3 5023384 2 4988518 -1 -1 0

[15:48:59]	[Recv]	su 3 5023384 2 4988518 0 5 11 1061 0 0 1 91 925 0 0 19491 21388

[15:48:59]	[Recv]	st 3 5023396 99 0 44 100 56653 2828 126282 2828 0 4253.99

[15:49:00]	[Send]	ptctl 5443 1 4988592 60 50 4988592 15
[15:49:00]	[Recv]	cond 2 4988592 0 0 15

[15:49:00]	[Recv]	ct 3 5023396 2 4988603 -1 -1 0

[15:49:00]	[Recv]	su 3 5023396 2 4988603 0 5 11 1061 0 0 1 97 114 0 0 18996 19451

[15:49:00]	[Recv]	ct 3 5023394 2 4988592 -1 -1 0

[15:49:00]	[Recv]	su 3 5023394 2 4988592 0 10 11 4789 0 0 1 85 256 0 0 49568 57771

[15:49:00]	[Send]	ptctl 5443 1 4988603 56 51 4988603 15
[15:49:00]	[Send]	suctl 5443 1 4988603 3 5023396
[15:49:00]	[Recv]	cond 2 4988603 0 0 15

[15:49:00]	[Send]	u_s 0 3 5023396
[15:49:00]	[Recv]	eff 2 4988603 5005

[15:49:00]	[Send]	ncif 3 5023396
[15:49:00]	[Recv]	ct 1 2073308 3 5023396 -1 -1 1114

[15:49:00]	[Recv]	eff 1 2073308 15

[15:49:00]	[Recv]	rc 1 2073308 50 0

[15:49:00]	[Recv]	su 1 2073308 3 5023396 1114 7 11 4260 0 0 0 0 271707 3 0 0 126282

[15:49:00]	[Recv]	in 3 2371 5023567 57 51 2 100 100 0 0 0 -1 0 0 -1 - 0 -1 0 0 0 0 0 0 0 0 0 0 0 0

[15:49:00]	[Recv]	guri 31 1 2073308 57 51

[15:49:00]	[Recv]	lev 99 0 99 0 2140719000 5991794 66993052 2 0 90 917705181 0

[15:49:00]	[Recv]	cond 1 2073308 0 0 22

[15:49:00]	[Recv]	bf 1 2073308 0.4254.80 99

[15:49:00]	[Recv]	sayi 1 2073308 20 26 3 4254 0 0 0

[15:49:00]	[Recv]	sayi 1 2073308 20 23 3 4254 0 0 0

[15:49:00]	[Recv]	ct 2 4988518 3 5023384 -1 -1 0

[15:49:00]	[Recv]	su 2 4988518 3 5023384 0 9 11 4720 0 0 1 97 0 1 0 122536 126282

[15:49:00]	[Recv]	ct 2 4988552 3 5023385 10 -1 960

[15:49:00]	[Send]	suctl 5443 1 4988592 3 5023396
[15:49:01]	[Recv]	ct 3 5023384 2 4988518 -1 -1 0

[15:49:01]	[Recv]	su 3 5023384 2 4988518 0 5 11 1061 0 0 1 87 958 0 0 18533 21388

[15:49:01]	[Recv]	cond 1 2073308 0 0 19

[15:49:01]	[Recv]	sayi 1 2073308 20 22 3 576 0 0 0

[15:49:01]	[Recv]	bf 1 2073308 0.576.0 99

[15:49:01]	[Send]	ncif 3 5023395
[15:49:01]	[Recv]	st 2 5022311 95 0 100 100 92286 184572 92286 184572 0

[15:49:01]	[Recv]	st 3 5023395 99 0 100 100 110907 2828 110907 2828 0

[15:49:01]	[Recv]	ct 3 5023395 2 4988592 -1 -1 0

[15:49:01]	[Recv]	su 3 5023395 2 4988592 0 10 11 4789 0 0 1 85 260 3 0 49308 57771

[15:49:01]	[Recv]	ct 3 5023385 2 4988472 -1 -1 0

[15:49:01]	[Recv]	su 3 5023385 2 4988472 0 10 11 4789 0 0 1 32 4057 3 0 3913 12013

[15:49:01]	[Recv]	ct 2 4988472 3 5023385 -1 -1 0

[15:49:01]	[Recv]	su 2 4988472 3 5023385 0 9 11 1006 0 0 1 92 0 1 0 102071 110907

[15:49:01]	[Recv]	su 2 4988552 3 5023385 960 9 11 1047 0 0 1 86 6538 3 0 95533 110907

[15:49:01]	[Recv]	sr 0

[15:49:01]	[Send]	u_s 1 3 5023395
[15:49:01]	[Send]	suctl 5443 1 4988603 3 5023395
[15:49:01]	[Recv]	ct 3 5023383 2 4988542 -1 -1 0

[15:49:01]	[Recv]	su 3 5023383 2 4988542 0 10 11 4789 0 0 1 83 1376 0 0 13858 16600

[15:49:01]	[Recv]	st 2 5022310 95 0 100 100 92286 184572 92286 184572 0

[15:49:01]	[Recv]	st 2 5022309 95 0 100 100 92286 184572 92286 184572 0

[15:49:01]	[Recv]	sr 10

[15:49:01]	[Recv]	ms_c 0

[15:49:01]	[Recv]	qslot 0 1.1.1 1.1.2 1.1.3 1.1.4 1.1.5 1.1.6 1.1.7 1.1.9 1.1.8 1.1.10 0.1.45 0.2.21 0.1.76 1.1.38 1.3.12 0.1.34 0.1.87 0.-1.-1 0.1.84 0.1.43 1.3.11 1.1.42 1.1.41 1.3.976 0.-1.-1 0.1.70 0.2.143 0.2.25 0.2.27 0.2.26

[15:49:01]	[Recv]	qslot 1 0.-1.-1 0.-1.-1 0.-1.-1 0.-1.-1 0.-1.-1 0.-1.-1 0.-1.-1 0.-1.-1 0.-1.-1 0.-1.-1 0.1.-1 0.1.-1 1.1.41 1.1.42 0.-1.-1 7.7.-1 7.7.-1 7.7.-1 7.7.-1 0.-1.-1 0.-1.-1 0.-1.-1 0.-1.-1 0.-1.-1 0.-1.-1 0.-1.-1 0.-1.-1 0.-1.-1 0.-1.-1 0.-1.-1

[15:49:01]	[Recv]	die 3 5023567 3 5023567

[15:49:01]	[Recv]	ct 2 4988542 3 5023383 -1 -1 0

[15:49:01]	[Recv]	su 2 4988542 3 5023383 0 10 11 4755 0 0 1 98 0 1 0 108982 110907

[15:49:01]	[Recv]	ct 1 2073308 3 5023395 14 4263 1115

[15:49:01]	[Recv]	eff 2 4988603 5005

[15:49:02]	[Send]	ptctl 5443 1 4988592 62 48 4988592 15
[15:49:02]	[Recv]	su 1 2073308 3 5023395 1115 70 12 4264 0 0 1 70 32721 0 0 78186 110907

[15:49:02]	[Recv]	su 1 2073308 3 5023394 1115 70 12 4264 0 0 1 9 100849 6 0 10058 110907

[15:49:02]	[Recv]	mslot 1127 -1

[15:49:02]	[Recv]	qset 0 0 1.1.13.0

[15:49:02]	[Recv]	bf 1 2073308 0.4254.80 99

[15:49:02]	[Recv]	cond 2 4988592 0 0 15

[15:49:02]	[Send]	ncif 3 5023395
[15:49:02]	[Recv]	ct 3 5023384 2 4988518 -1 -1 0

[15:49:02]	[Recv]	su 3 5023384 2 4988518 0 5 11 1061 0 0 1 82 936 0 0 17597 21388

[15:49:02]	[Recv]	ct 2 4988603 3 5023395 -1 -1 0

[15:49:02]	[Recv]	eff 2 4988603 15

[15:49:02]	[Recv]	su 2 4988603 3 5023395 0 12 11 8360 0 0 1 57 14393 0 0 63793 110907

[15:49:02]	[Recv]	eff 2 5022311 7739

[15:49:02]	[Recv]	st 3 5023395 99 0 57 100 63793 2828 110907 2828 0

[15:49:02]	[Send]	u_s 13 3 5023395
[15:49:02]	[Recv]	ct 3 5023394 2 4988592 -1 -1 0

[15:49:02]	[Recv]	su 3 5023394 2 4988592 0 10 11 4789 0 0 1 85 251 0 0 49057 57771

[15:49:02]	[Recv]	eff 3 5023391 4799

[15:49:02]	[Recv]	eff 3 5023386 4799

[15:49:02]	[Recv]	ms_c 0

[15:49:02]	[Recv]	qslot 0 1.1.1 1.1.2 1.1.3 1.1.4 1.1.5 1.1.6 1.1.7 1.1.9 1.1.8 1.1.10 0.1.45 0.2.21 0.1.76 1.1.38 1.3.12 0.1.34 0.1.87 0.-1.-1 0.1.84 0.1.43 1.3.11 1.1.42 1.1.41 1.3.976 0.-1.-1 0.1.70 0.2.143 0.2.25 0.2.27 0.2.26

[15:49:02]	[Recv]	qslot 1 0.-1.-1 0.-1.-1 0.-1.-1 0.-1.-1 0.-1.-1 0.-1.-1 0.-1.-1 0.-1.-1 0.-1.-1 0.-1.-1 0.1.-1 0.1.-1 1.1.41 1.1.42 0.-1.-1 7.7.-1 7.7.-1 7.7.-1 7.7.-1 0.-1.-1 0.-1.-1 0.-1.-1 0.-1.-1 0.-1.-1 0.-1.-1 0.-1.-1 0.-1.-1 0.-1.-1 0.-1.-1 0.-1.-1

[15:49:02]	[Recv]	ct 1 2073308 3 5023395 -1 -1 1127

[15:49:02]	[Recv]	su 1 2073308 3 5023395 1127 100 22 4284 0 0 0 0 114150 3 0 0 110907

[15:49:02]	[Recv]	lev 99 0 99 0 2140719000 5991794 66993052 2 0 90 917705181 0

[15:49:02]	[Recv]	eff 1 2073308 15

[15:49:02]	[Recv]	su 1 2073308 3 5023394 1127 100 22 4284 0 0 0 0 282126 6 0 0 110907

[15:49:02]	[Recv]	lev 99 0 99 0 2140719000 5991794 66993052 2 0 90 917705181 0

[15:49:02]	[Recv]	bf 1 2073308 0.4126.100 99

[15:49:02]	[Send]	suctl 5443 1 4988592 3 5023395
[15:49:02]	[Recv]	eff 2 5022310 7739

[15:49:02]	[Recv]	eff 2 5022309 7739

[15:49:02]	[Send]	u_s 0 3 5023395
[15:49:02]	[Recv]	ct 2 4988518 3 5023384 -1 -1 0

[15:49:02]	[Recv]	su 2 4988518 3 5023384 0 9 11 4720 0 0 1 97 0 1 0 122536 126282

[15:49:02]	[Recv]	cancel 0 0 -1

[15:49:02]	[Send]	suctl 5443 1 4988603 3 5023395
[15:49:03]	[Send]	ptctl 5443 2 4988603 51 53 4988592 57 48 4988603 15
[15:49:03]	[Send]	ptctl 5443 1 4988592 56 48 4988592 15
[15:49:03]	[Recv]	cond 1 2073308 0 0 19

[15:49:03]	[Recv]	cond 1 2073308 0 0 19

[15:49:03]	[Recv]	st 2 5022311 95 0 100 100 92286 184572 92286 184572 0

[15:49:03]	[Recv]	cond 2 4988603 0 0 15

[15:49:03]	[Recv]	cond 2 4988592 0 0 15

[15:49:03]	[Send]	ptctl 5443 2 4988603 49 51 4988592 55 48 4988603 15
[15:49:03]	[Recv]	cond 1 2073308 0 0 19

[15:49:03]	[Recv]	cond 1 2073308 0 0 19

[15:49:03]	[Recv]	ct 3 5023384 2 4988518 -1 -1 0

[15:49:03]	[Recv]	su 3 5023384 2 4988518 0 5 11 1061 0 0 1 78 976 0 0 16621 21388

[15:49:03]	[Recv]	ct 2 4988472 3 5023385 -1 -1 0

[15:49:03]	[Recv]	su 2 4988472 3 5023385 0 9 11 1006 0 0 1 86 0 1 0 95533 110907

[15:49:03]	[Recv]	cond 2 4988592 0 0 15

[15:49:03]	[Send]	ptctl 5443 2 4988603 48 51 4988592 54 48 4988603 15
[15:49:03]	[Recv]	cond 1 2073308 0 0 19

[15:49:03]	[Recv]	cond 1 2073308 0 0 19

[15:49:03]	[Recv]	sp 414142 1000000 0 10000

[15:49:03]	[Recv]	ct 3 5023385 2 4988472 -1 -1 0

[15:49:03]	[Recv]	su 3 5023385 2 4988472 0 10 11 4789 0 0 1 32 0 1 0 3913 12013

[15:49:03]	[Recv]	st 2 5022310 95 0 100 100 92286 184572 92286 184572 0

[15:49:03]	[Recv]	st 2 5022309 95 0 100 100 92286 184572 92286 184572 0

[15:49:03]	[Recv]	cond 2 4988603 0 0 15

[15:49:03]	[Recv]	cond 2 4988592 0 0 15

[15:49:03]	[Send]	ptctl 5443 2 4988603 47 51 4988592 52 48 4988603 15
[15:49:03]	[Recv]	eff 1 2073308 869

[15:49:03]	[Recv]	cond 1 2073308 0 0 19

[15:49:03]	[Recv]	cond 1 2073308 0 0 19

[15:49:03]	[Recv]	ct 3 5023383 2 4988542 -1 -1 0

[15:49:03]	[Recv]	su 3 5023383 2 4988542 0 10 11 4789 0 0 1 76 1159 0 0 12699 16600

[15:49:03]	[Recv]	ct 2 4988552 3 5023385 -1 -1 0

[15:49:03]	[Recv]	su 2 4988552 3 5023385 0 11 11 1047 0 0 1 86 0 1 0 95533 110907

[15:49:03]	[Recv]	cond 2 4988603 0 0 15

[15:49:03]	[Recv]	cond 2 4988592 0 0 15

[15:49:03]	[Recv]	cond 1 2073308 0 0 19

[15:49:03]	[Recv]	cond 1 2073308 0 0 19

[15:49:04]	[Recv]	ct 2 4988542 3 5023383 -1 -1 0

[15:49:04]	[Recv]	su 2 4988542 3 5023383 0 10 11 4755 0 0 1 93 4876 3 0 104106 110907

[15:49:04]	[Recv]	cond 2 4988603 0 0 15

[15:49:04]	[Recv]	cond 2 4988592 0 0 15

[15:49:04]	[Send]	ptctl 5443 2 4988603 43 51 4988592 49 48 4988603 15
[15:49:04]	[Send]	ptctl 5443 1 4988603 44 48 4988603 15
[15:49:04]	[Recv]	cond 1 2073308 0 0 19

[15:49:04]	[Recv]	cond 1 2073308 0 0 19

[15:49:04]	[Recv]	cond 2 4988603 0 0 15

[15:49:04]	[Recv]	cond 2 4988592 0 0 15

[15:49:04]	[Send]	ncif 3 5023390
[15:49:04]	[Recv]	cond 2 4988603 0 0 15

[15:49:04]	[Recv]	ct 3 5023384 2 4988518 -1 -1 0

[15:49:04]	[Recv]	su 3 5023384 2 4988518 0 5 11 1061 0 0 1 73 975 0 0 15646 21388

[15:49:04]	[Recv]	cond 1 2073308 0 0 19

[15:49:04]	[Recv]	cond 1 2073308 0 0 19

[15:49:04]	[Recv]	st 3 5023390 99 0 100 100 13880 2828 13880 2828 0

[15:49:04]	[Send]	ptctl 5443 1 4988603 45 49 4988603 15
[15:49:04]	[Send]	suctl 5443 1 4988603 3 5023390
[15:49:04]	[Send]	u_s 0 3 5023390
[15:49:04]	[Recv]	ct 2 4988518 3 5023384 10 -1 509

[15:49:04]	[Send]	ptctl 5443 1 4988592 50 43 4988592 15
[15:49:04]	[Recv]	cond 2 4988603 0 0 15

[15:49:05]	[Recv]	su 2 4988518 3 5023384 509 10 12 4721 0 0 1 94 3379 0 0 119157 126282

[15:49:05]	[Recv]	eff 2 4988603 5005

[15:49:05]	[Recv]	cond 1 2073308 0 0 19

[15:49:05]	[Recv]	cond 1 2073308 0 0 19

[15:49:05]	[Send]	ptctl 5443 2 4988603 40 49 4988592 45 47 4988603 15
[15:49:05]	[Recv]	st 2 5022311 95 0 100 100 92286 184572 92286 184572 0

[15:49:05]	[Send]	ptctl 5443 2 4988603 39 49 4988592 44 47 4988603 15
[15:49:05]	[Recv]	ct 1 2073308 3 5023390 -1 -1 1114

[15:49:05]	[Recv]	eff 1 2073308 15

[15:49:05]	[Recv]	su 1 2073308 3 5023390 1114 7 11 4260 0 0 0 0 87607 0 0 0 13880

[15:49:05]	[Recv]	lev 99 0 99 0 2140719000 5991794 66993052 2 0 90 917705181 0

[15:49:05]	[Recv]	cond 2 4988592 0 0 15

[15:49:05]	[Send]	ptctl 5443 2 4988603 38 49 4988592 43 47 4988603 15
[15:49:05]	[Recv]	ct 2 4988472 3 5023385 -1 -1 0

[15:49:05]	[Recv]	su 2 4988472 3 5023385 0 9 11 1006 0 0 1 86 0 1 0 95533 110907

[15:49:05]	[Recv]	ct 2 4988603 3 5023390 -1 -1 0

[15:49:05]	[Recv]	su 2 4988603 2 4988603 0 12 11 8360 0 0 1 97 0 2 0 18996 19451

[15:49:05]	[Recv]	cond 2 4988603 0 0 15

[15:49:05]	[Recv]	cond 2 4988592 0 0 15

[15:49:05]	[Recv]	cond 2 4988603 0 0 15

[15:49:05]	[Recv]	cond 2 4988592 0 0 15

[15:49:05]	[Send]	ptctl 5443 2 4988603 38 50 4988592 42 47 4988603 15
[15:49:05]	[Recv]	st 2 5022310 95 0 100 100 92286 184572 92286 184572 0

[15:49:05]	[Recv]	st 2 5022309 95 0 100 100 92286 184572 92286 184572 0

[15:49:05]	[Recv]	cond 1 2073308 0 0 19

[15:49:05]	[Recv]	cond 1 2073308 0 0 19

[15:49:05]	[Recv]	cond 2 4988603 0 0 15

[15:49:05]	[Recv]	cond 2 4988592 0 0 15

[15:49:05]	[Send]	ptctl 5443 2 4988603 38 49 4988592 41 47 4988603 15
[15:49:05]	[Recv]	ct 3 5023385 2 4988472 -1 -1 0

[15:49:05]	[Recv]	su 3 5023385 2 4988472 0 10 11 4789 0 0 0 0 4055 0 0 0 12013

[15:49:05]	[Recv]	ct 3 5023384 2 4988518 -1 -1 0

[15:49:05]	[Recv]	su 3 5023384 2 4988518 0 5 11 1061 0 0 1 68 985 0 0 14661 21388

[15:49:05]	[Recv]	cond 2 4988603 0 0 15

[15:49:05]	[Recv]	cond 2 4988592 0 0 15

[15:49:05]	[Send]	ptctl 5443 1 4988592 40 49 4988592 15
[15:49:05]	[Recv]	cond 2 4988603 0 0 15

[15:49:05]	[Recv]	cond 2 4988592 0 0 15

[15:49:06]	[Recv]	ct 3 5023383 2 4988542 -1 -1 0

[15:49:06]	[Recv]	su 3 5023383 2 4988542 0 10 11 4789 0 0 1 69 1234 0 0 11465 16600

[15:49:06]	[Recv]	sr 0

[15:49:06]	[Recv]	cond 1 2073308 0 0 19

[15:49:06]	[Recv]	cond 1 2073308 0 0 19

[15:49:06]	[Recv]	cond 2 4988592 0 0 15

[15:49:06]	[Send]	ptctl 5443 2 4988603 43 54 4988592 44 52 4988603 15
[15:49:06]	[Recv]	sc_p 63 478 4988518 60 2980 0 0 0 639 803 452 17 150 0 295 341 336 341 287 2 24 36 49 27 14661 21388 3531 3531 0 1371320 0 @ 0 11 2 20 1811 1818 0 500

[15:49:06]	[Recv]	ct 2 4988542 3 5023383 -1 -1 0

[15:49:06]	[Recv]	sc_p 68 668 4988542 52 2978 0 0 0 952 1077 502 6 120 0 329 286 343 286 322 0 37 37 37 37 11465 16600 5077 5077 0 678201 0 @ 0 9 3 30 1826 1818 0 1080

[15:49:06]	[Recv]	su 2 4988542 3 5023383 0 10 11 4755 0 0 1 93 0 1 0 104106 110907

[15:49:06]	[Recv]	ct 2 4988552 3 5023385 -1 -1 0

[15:49:06]	[Recv]	sc_p 69 754 4988552 53 2977 0 0 0 542 634 617 9 165 0 263 301 280 301 250 2 38 38 38 38 40467 41888 3307 3307 0 733605 0 @ 0 10 2 20 1825 1797 0 500

[15:49:06]	[Recv]	su 2 4988552 3 5023385 0 11 11 1047 0 0 1 86 0 1 0 95533 110907

[15:49:06]	[Recv]	sc_p 170 1548 4988592 96 559 24138320 0 0 1889 2049 1289 19 90 9 975 627 958 627 866 3 90 90 110 80 49057 57771 18100 18100 1 84982200 0 @ 0 0 6 60 1831 1798 0 100

[15:49:06]	[Recv]	cond 1 2073308 0 0 19

[15:49:06]	[Recv]	cond 1 2073308 0 0 19

[15:49:06]	[Recv]	cond 2 4988603 0 0 15

[15:49:06]	[Recv]	cond 2 4988592 0 0 15

[15:49:06]	[Send]	ncif 3 5023414
[15:49:06]	[Recv]	st 3 5023414 90 0 100 100 5132 2369 5170 2369 0

[15:49:06]	[Send]	u_s 0 3 5023414
[15:49:06]	[Send]	ptctl 5443 1 4988603 44 53 4988603 15
[15:49:06]	[Send]	ptctl 5443 1 4988592 48 55 4988592 15
[15:49:06]	[Recv]	cond 1 2073308 0 0 19

[15:49:06]	[Recv]	cond 1 2073308 0 0 19

[15:49:07]	[Send]	ptctl 5443 1 4988592 48 56 4988592 15
[15:49:07]	[Recv]	ct 3 5023384 2 4988518 -1 -1 0

[15:49:07]	[Recv]	su 3 5023384 2 4988518 0 5 11 1061 0 0 1 64 990 0 0 13671 21388

[15:49:07]	[Recv]	ct 2 4988518 3 5023384 -1 -1 0

[15:49:07]	[Recv]	su 2 4988518 3 5023384 0 9 11 4720 0 0 1 94 0 1 0 119157 126282

[15:49:07]	[Recv]	ct 1 2073308 3 5023414 -1 -1 1114

[15:49:07]	[Recv]	eff 1 2073308 15

[15:49:07]	[Recv]	su 1 2073308 3 5023414 1114 7 11 4260 0 0 0 0 113487 0 0 0 5170

[15:49:07]	[Recv]	lev 99 0 99 0 2140719000 5991794 66993052 2 0 90 917705181 0

[15:49:07]	[Recv]	cond 2 4988603 0 0 15

[15:49:07]	[Send]	suctl 5443 1 4988603 3 5023414
[15:49:07]	[Recv]	st 2 5022311 95 0 100 100 92286 184572 92286 184572 0

[15:49:07]	[Recv]	eff 2 5022311 7739

[15:49:07]	[Recv]	cond 2 4988592 0 0 15

[15:49:07]	[Recv]	cond 2 4988592 0 0 15

[15:49:07]	[Send]	ptctl 5443 1 4988592 49 58 4988592 15
[15:49:07]	[Send]	ptctl 5443 2 4988603 39 55 4988592 42 56 4988603 15
[15:49:07]	[Recv]	eff 3 5023414 3617

[15:49:07]	[Recv]	eff 3 5023391 4799

[15:49:07]	[Recv]	eff 3 5023386 4799

[15:49:07]	[Recv]	out 2 4988472

[15:49:07]	[Recv]	cond 2 4988592 0 0 15

[15:49:07]	[Send]	ptctl 5443 2 4988603 39 56 4988592 41 54 4988603 15
[15:49:07]	[Recv]	st 2 5022310 95 0 100 100 92286 184572 92286 184572 0

[15:49:07]	[Recv]	eff 2 5022310 7739

[15:49:07]	[Recv]	st 2 5022309 95 0 100 100 92286 184572 92286 184572 0

[15:49:07]	[Recv]	eff 2 5022309 7739

[15:49:07]	[Recv]	cond 1 2073308 0 0 19

[15:49:07]	[Recv]	cond 1 2073308 0 0 19

[15:49:07]	[Send]	ptctl 5443 2 4988603 37 53 4988592 40 54 4988603 15
[15:49:07]	[Recv]	cond 2 4988603 0 0 15

[15:49:07]	[Recv]	cond 2 4988592 0 0 15

[15:49:07]	[Recv]	sr 0

[15:49:07]	[Recv]	cond 1 2073308 0 0 19

[15:49:07]	[Recv]	cond 1 2073308 0 0 19

[15:49:07]	[Recv]	cond 2 4988603 0 0 15

[15:49:07]	[Recv]	cond 2 4988592 0 0 15

[15:49:08]	[Recv]	ct 3 5023385 2 4988552 -1 -1 0

[15:49:08]	[Recv]	su 3 5023385 2 4988552 0 10 11 4789 0 0 1 93 1504 0 0 38963 41888

[15:49:08]	[Recv]	cond 1 2073308 0 0 19

[15:49:08]	[Recv]	cond 1 2073308 0 0 19

[15:49:08]	[Send]	ncif 3 5023413
[15:49:08]	[Recv]	cond 2 4988603 0 0 15

[15:49:08]	[Recv]	cond 2 4988592 0 0 15

[15:49:08]	[Send]	ptctl 5443 1 4988592 36 54 4988592 15
[15:49:08]	[Recv]	ct 3 5023384 2 4988518 -1 -1 0

[15:49:08]	[Recv]	su 3 5023384 2 4988518 0 5 11 1061 0 0 1 59 988 0 0 12683 21388

[15:49:08]	[Recv]	ct 3 5023383 2 4988542 -1 -1 0

[15:49:08]	[Recv]	su 3 5023383 2 4988542 0 10 11 4789 0 0 1 69 0 1 0 11465 16600

[15:49:08]	[Recv]	st 3 5023413 90 0 100 100 5116 2369 5170 2369 0

[15:49:08]	[Recv]	cond 2 4988592 0 0 15

[15:49:08]	[Send]	ptctl 5443 1 4988592 35 54 4988592 15
[15:49:08]	[Recv]	ct 2 4988542 3 5023383 -1 -1 0

[15:49:08]	[Recv]	su 2 4988542 3 5023383 0 10 11 4755 0 0 1 93 0 1 0 104106 110907

[15:49:08]	[Recv]	cond 2 4988592 0 0 15

[15:49:08]	[Send]	ptctl 5443 1 4988603 32 55 4988603 15
[15:49:08]	[Recv]	sp 414132 1000000 0 10000

[15:49:08]	[Recv]	eff 3 5023393 5000

[15:49:08]	[Recv]	eff 3 5023392 5000

[15:49:08]	[Recv]	eff 3 5023391 5000

[15:49:08]	[Recv]	eff 3 5023386 5000

[15:49:08]	[Recv]	ct 2 4988552 3 5023385 -1 -1 0

[15:49:08]	[Recv]	su 2 4988552 3 5023385 0 11 11 1047 0 0 1 83 2406 0 0 93127 110907

[15:49:08]	[Send]	ptctl 5443 1 4988592 33 54 4988592 15
[15:49:08]	[Recv]	eff 1 2073308 869

[15:49:08]	[Recv]	cond 2 4988603 0 0 15

[15:49:08]	[Recv]	cond 2 4988592 0 0 15

[15:49:08]	[Recv]	cond 1 2073308 0 0 19

[15:49:08]	[Recv]	cond 1 2073308 0 0 19

[15:49:09]	[Recv]	ct 2 4988518 3 5023384 -1 -1 0

[15:49:09]	[Recv]	su 2 4988518 3 5023384 0 9 11 4720 0 0 1 94 0 1 0 119157 126282

[15:49:09]	[Send]	u_s 0 3 5023413
[15:49:09]	[Send]	ncif 3 5023413
[15:49:09]	[Recv]	sr 1

[15:49:09]	[Recv]	cond 1 2073308 0 0 19

[15:49:09]	[Recv]	cond 1 2073308 0 0 19

[15:49:09]	[Recv]	st 2 5022311 95 0 100 100 92286 184572 92286 184572 0

[15:49:09]	[Recv]	ct 1 2073308 3 5023413 -1 -1 1114

[15:49:09]	[Recv]	eff 1 2073308 15

[15:49:09]	[Recv]	su 1 2073308 3 5023413 1114 7 11 4260 0 0 0 0 114881 0 0 0 5170

[15:49:09]	[Recv]	in 3 2371 5023631 27 62 2 100 100 0 0 0 -1 0 0 -1 - 0 -1 0 0 0 0 0 0 0 0 0 0 0 0

[15:49:09]	[Recv]	guri 31 1 2073308 27 62

[15:49:09]	[Recv]	lev 99 0 99 0 2140719000 5991794 66993052 2 0 90 917705181 0

[15:49:09]	[Send]	ptctl 5443 1 4988592 30 56 4988592 15
[15:49:09]	[Recv]	ct 3 5023384 2 4988518 -1 -1 0

[15:49:09]	[Recv]	su 3 5023384 2 4988518 0 5 11 1061 0 0 1 55 954 0 0 11729 21388

[15:49:09]	[Send]	ptctl 5443 1 4988603 28 59 4988603 15
[15:49:09]	[Recv]	cond 2 4988592 0 0 15

[15:49:09]	[Recv]	eff 3 5023413 3617

[15:49:09]	[Recv]	st 2 5022310 95 0 100 100 92286 184572 92286 184572 0

[15:49:09]	[Recv]	st 2 5022309 95 0 100 100 92286 184572 92286 184572 0

[15:49:09]	[Recv]	cond 2 4988603 0 0 15

[15:49:09]	[Send]	ptctl 5443 2 4988603 36 56 4988592 38 56 4988603 15
[15:49:09]	[Send]	ptctl 5443 2 4988603 37 56 4988592 39 55 4988603 15
[15:49:09]	[Recv]	die 3 5023631 3 5023631

[15:49:09]	[Recv]	cond 1 2073308 0 0 19

[15:49:09]	[Recv]	cond 1 2073308 0 0 19

[15:49:09]	[Recv]	cond 2 4988603 0 0 15

[15:49:09]	[Recv]	cond 2 4988592 0 0 15

[15:49:10]	[Recv]	sr 0

[15:49:10]	[Recv]	cond 1 2073308 0 0 19

[15:49:10]	[Recv]	sayi 1 2073308 20 22 3 4254 0 0 0

[15:49:10]	[Recv]	bf 1 2073308 0.4254.0 99

[15:49:10]	[Recv]	cond 1 2073308 0 0 19

[15:49:10]	[Recv]	cond 1 2073308 0 0 19

[15:49:10]	[Recv]	cond 2 4988603 0 0 15

[15:49:10]	[Recv]	cond 2 4988592 0 0 15

[15:49:10]	[Send]	ncif 3 5023389
[15:49:10]	[Recv]	ct 3 5023385 2 4988552 -1 -1 0

[15:49:10]	[Recv]	su 3 5023385 2 4988552 0 10 11 4789 0 0 1 89 1501 0 0 37462 41888

[15:49:10]	[Send]	ptctl 5443 2 4988603 34 51 4988592 36 49 4988603 15
[15:49:10]	[Send]	ptctl 5443 1 4988592 36 48 4988592 15
[15:49:10]	[Recv]	st 3 5023389 99 0 100 100 110907 2828 110907 2828 0

[15:49:10]	[Recv]	ct 3 5023383 2 4988542 -1 -1 0

[15:49:10]	[Recv]	su 3 5023383 2 4988542 0 10 11 4789 0 0 1 60 1459 3 0 10006 16600

[15:49:10]	[Recv]	cond 1 2073308 0 0 19

[15:49:10]	[Recv]	cond 1 2073308 0 0 19

[15:49:10]	[Send]	u_s 1 3 5023389
[15:49:10]	[Recv]	cond 2 4988603 0 0 15

[15:49:10]	[Recv]	cond 2 4988592 0 0 15

[15:49:10]	[Recv]	ct 3 5023384 2 4988518 -1 -1 0

[15:49:10]	[Recv]	su 3 5023384 2 4988518 0 5 11 1061 0 0 1 50 952 0 0 10777 21388

[15:49:10]	[Recv]	ct 2 4988542 3 5023383 -1 -1 0

[15:49:10]	[Recv]	su 2 4988542 3 5023383 0 10 11 4755 0 0 1 92 1933 0 0 102173 110907

[15:49:10]	[Recv]	cond 2 4988592 0 0 15

[15:49:10]	[Recv]	cond 1 2073308 0 0 19

[15:49:10]	[Recv]	cond 1 2073308 0 0 19

[15:49:10]	[Send]	ptctl 5443 1 4988603 34 52 4988603 15
[15:49:10]	[Send]	suctl 5443 1 4988603 3 5023389
[15:49:10]	[Recv]	ms_c 0

[15:49:10]	[Recv]	qslot 0 1.1.1 1.1.2 1.1.3 1.1.4 1.1.5 1.1.6 1.1.7 1.1.9 1.1.8 1.1.10 0.1.45 0.2.21 0.1.76 1.1.38 1.3.12 0.1.34 0.1.87 0.-1.-1 0.1.84 0.1.43 1.3.11 1.1.42 1.1.41 1.3.976 0.-1.-1 0.1.70 0.2.143 0.2.25 0.2.27 0.2.26

[15:49:10]	[Recv]	qslot 1 0.-1.-1 0.-1.-1 0.-1.-1 0.-1.-1 0.-1.-1 0.-1.-1 0.-1.-1 0.-1.-1 0.-1.-1 0.-1.-1 0.1.-1 0.1.-1 1.1.41 1.1.42 0.-1.-1 7.7.-1 7.7.-1 7.7.-1 7.7.-1 0.-1.-1 0.-1.-1 0.-1.-1 0.-1.-1 0.-1.-1 0.-1.-1 0.-1.-1 0.-1.-1 0.-1.-1 0.-1.-1 0.-1.-1

[15:49:11]	[Recv]	ct 1 2073308 3 5023389 14 4263 1115

[15:49:11]	[Recv]	cond 2 4988603 0 0 15

[15:49:11]	[Recv]	ct 2 4988518 3 5023384 -1 -1 0

[15:49:11]	[Recv]	su 2 4988518 3 5023384 0 9 11 4720 0 0 1 94 0 1 0 119157 126282

[15:49:11]	[Recv]	ct 2 4988552 3 5023385 10 -1 960

[15:49:11]	[Recv]	eff 2 4988603 5005

[15:49:11]	[Send]	ncif 3 5023389
[15:49:11]	[Recv]	st 2 5022311 95 0 100 100 92286 184572 92286 184572 0

[15:49:11]	[Recv]	eff 1 2073308 15

[15:49:11]	[Recv]	su 1 2073308 3 5023389 1115 70 12 4264 0 0 1 32 74819 0 0 36088 110907

[15:49:11]	[Recv]	su 1 2073308 3 5023388 1115 70 12 4264 0 0 1 100 0 4 0 116032 116032

[15:49:11]	[Send]	ptctl 5443 1 4988592 39 47 4988592 15
[15:49:11]	[Recv]	st 3 5023389 99 0 32 100 36088 2828 110907 2828 0

[15:49:11]	[Recv]	ct 2 4988603 3 5023389 -1 -1 0

[15:49:11]	[Recv]	eff 2 4988603 15

[15:49:11]	[Recv]	su 2 4988603 3 5023389 0 12 11 8360 0 0 1 19 14405 0 0 21683 110907

[15:49:11]	[Recv]	cond 2 4988592 0 0 15

[15:49:11]	[Recv]	su 2 4988552 3 5023385 960 12 11 1047 0 0 1 81 2580 0 0 90547 110907

[15:49:11]	[Recv]	st 2 5022310 95 0 100 100 92286 184572 92286 184572 0

[15:49:11]	[Recv]	st 2 5022309 95 0 100 100 92286 184572 92286 184572 0

[15:49:11]	[Recv]	ct 3 5023389 2 4988592 -1 -1 0

[15:49:11]	[Recv]	su 3 5023389 2 4988592 0 10 11 4789 0 0 1 85 0 1 0 49057 57771

[15:49:11]	[Recv]	ct 3 5023387 2 4988592 -1 -1 0

[15:49:11]	[Recv]	su 3 5023387 2 4988592 0 10 11 4789 0 0 1 84 253 3 0 48804 57771

[15:49:11]	[Recv]	ct 3 5023384 2 4988518 -1 -1 0

[15:49:11]	[Recv]	su 3 5023384 2 4988518 0 5 11 1061 0 0 1 46 943 0 0 9834 21388

[15:49:11]	[Send]	suctl 5443 1 4988592 3 5023389
[15:49:12]	[Send]	u_s 0 3 5023389
[15:49:12]	[Recv]	eff 2 4988592 5005

[15:49:12]	[Send]	suctl 5443 1 4988603 3 5023389
[15:49:12]	[Recv]	eff 2 5022311 7739

[15:49:12]	[Recv]	ct 1 2073308 3 5023389 -1 -1 1114

[15:49:12]	[Recv]	eff 1 2073308 15

[15:49:12]	[Recv]	su 1 2073308 3 5023389 1114 7 11 4260 0 0 0 0 53704 3 0 0 110907

[15:49:12]	[Recv]	lev 99 0 99 0 2140719000 5991794 66993052 2 0 90 917705181 0

[15:49:12]	[Recv]	ct 3 5023392 2 4988592 -1 -1 0

[15:49:12]	[Recv]	su 3 5023392 2 4988592 0 10 11 4789 0 0 1 84 51 3 0 48753 57771

[15:49:12]	[Recv]	eff 3 5023391 4799

[15:49:12]	[Recv]	eff 3 5023386 4799

[15:49:12]	[Recv]	ct 3 5023385 2 4988552 -1 -1 0

[15:49:12]	[Recv]	su 3 5023385 2 4988552 0 10 11 4789 0 0 1 86 1448 0 0 36014 41888

[15:49:12]	[Recv]	ct 2 4988592 3 5023389 -1 -1 0

[15:49:12]	[Recv]	su 2 4988592 2 4988592 0 10 11 0 0 0 1 84 0 2 0 48753 57771

[15:49:12]	[Recv]	sayi 1 2073308 20 22 3 4126 0 0 0

[15:49:12]	[Recv]	bf 1 2073308 0.4126.0 99

[15:49:12]	[Recv]	sr 13

[15:49:12]	[Send]	ncif 3 5023388
[15:49:12]	[Recv]	ct 3 5023383 2 4988542 -1 -1 0

[15:49:12]	[Recv]	su 3 5023383 2 4988542 0 10 11 4789 0 0 1 52 1312 0 0 8694 16600

[15:49:12]	[Recv]	eff 2 5022310 7739

[15:49:12]	[Recv]	eff 2 5022309 7739

[15:49:12]	[Recv]	st 3 5023388 99 0 100 100 116032 2828 116032 2828 0

[15:49:12]	[Recv]	ct 2 4988542 3 5023383 -1 -1 0

[15:49:12]	[Recv]	su 2 4988542 3 5023383 0 10 11 4755 0 0 1 90 1927 0 0 100246 110907

[15:49:12]	[Send]	ptctl 5443 2 4988603 39 52 4988592 41 51 4988603 15
[15:49:12]	[Recv]	sr 0

[15:49:12]	[Recv]	cond 1 2073308 0 0 19

[15:49:12]	[Recv]	cond 1 2073308 0 0 19

[15:49:13]	[Send]	u_s 0 3 5023388
[15:49:13]	[Send]	ptctl 5443 1 4988592 39 48 4988592 15
[15:49:13]	[Send]	suctl 5443 1 4988592 3 5023388
[15:49:13]	[Recv]	ct 3 5023384 2 4988518 -1 -1 0

[15:49:13]	[Recv]	su 3 5023384 2 4988518 0 5 11 1061 0 0 1 41 961 0 0 8873 21388

[15:49:13]	[Recv]	ct 2 4988518 3 5023384 -1 -1 0

[15:49:13]	[Recv]	su 2 4988518 3 5023384 0 9 11 4720 0 0 1 87 8310 3 0 110847 126282

[15:49:13]	[Recv]	cond 2 4988603 0 0 15

[15:49:13]	[Recv]	cond 2 4988592 0 0 15

[15:49:13]	[Recv]	cond 1 2073308 0 0 19

[15:49:13]	[Recv]	cond 1 2073308 0 0 19

[15:49:13]	[Recv]	ct 3 5023393 2 4988592 -1 -1 0

[15:49:13]	[Recv]	su 3 5023393 2 4988592 0 10 11 4789 0 0 1 84 257 0 0 48496 57771

[15:49:13]	[Recv]	st 2 5022311 95 0 100 100 92286 184572 92286 184572 0

[15:49:13]	[Recv]	ct 1 2073308 3 5023388 -1 -1 1114

[15:49:13]	[Recv]	su 1 2073308 3 5023388 1114 7 11 4260 0 0 1 100 0 4 0 116032 116032

[15:49:13]	[Recv]	cond 2 4988592 0 0 15

[15:49:13]	[Send]	ptctl 5443 1 4988603 38 52 4988603 15
[15:49:13]	[Send]	suctl 5443 1 4988603 3 5023388
[15:49:13]	[Send]	ptctl 5443 2 4988603 40 53 4988592 41 52 4988603 15
[15:49:13]	[Recv]	eff 2 4988592 5005

[15:49:13]	[Recv]	cond 2 4988603 0 0 15

[15:49:13]	[Send]	ncif 3 5023388
[15:49:13]	[Send]	ptctl 5443 2 4988603 41 51 4988592 43 53 4988603 15
[15:49:13]	[Recv]	sp 414122 1000000 0 10000

[15:49:13]	[Recv]	st 2 5022310 95 0 100 100 92286 184572 92286 184572 0

[15:49:13]	[Recv]	st 2 5022309 95 0 100 100 92286 184572 92286 184572 0

[15:49:13]	[Recv]	sr 8

[15:49:13]	[Recv]	eff 2 4988603 5005

[15:49:13]	[Recv]	eff 1 2073308 869

[15:49:13]	[Recv]	cond 1 2073308 0 0 19

[15:49:13]	[Recv]	cond 1 2073308 0 0 19

[15:49:13]	[Recv]	ct 2 4988592 3 5023388 -1 -1 0

[15:49:13]	[Recv]	su 2 4988592 3 5023388 0 3 11 0 0 0 1 93 7694 0 0 108338 116032

[15:49:13]	[Recv]	cond 2 4988603 0 0 15

[15:49:13]	[Recv]	cond 2 4988592 0 0 15

[15:49:13]	[Recv]	st 3 5023388 99 0 93 100 108338 2828 116032 2828 0

[15:49:13]	[Send]	u_s 8 3 5023388
[15:49:14]	[Recv]	ct 2 4988552 3 5023385 -1 -1 0

[15:49:14]	[Recv]	su 2 4988552 3 5023385 0 11 11 1047 0 0 1 81 0 1 0 90547 110907

[15:49:14]	[Recv]	ct 2 4988603 3 5023388 -1 -1 0

[15:49:14]	[Recv]	su 2 4988603 3 5023388 0 12 11 8360 0 0 1 84 9744 0 0 98594 116032

[15:49:14]	[Recv]	sr 0

[15:49:14]	[Recv]	cond 1 2073308 0 0 19

[15:49:14]	[Recv]	cond 1 2073308 0 0 19

[15:49:14]	[Recv]	cond 2 4988603 0 0 15

[15:49:14]	[Recv]	cond 2 4988592 0 0 15

[15:49:14]	[Send]	ptctl 5443 1 4988592 40 50 4988592 15
[15:49:14]	[Send]	suctl 5443 1 4988592 3 5023388
[15:49:14]	[Recv]	ct 3 5023384 2 4988518 -1 -1 0

[15:49:14]	[Recv]	su 3 5023384 2 4988518 0 5 11 1061 0 0 1 37 924 0 0 7949 21388

[15:49:14]	[Recv]	cond 1 2073308 0 0 19

[15:49:14]	[Recv]	cond 1 2073308 0 0 19

[15:49:14]	[Recv]	ms_c 0

[15:49:14]	[Recv]	qslot 0 1.1.1 1.1.2 1.1.3 1.1.4 1.1.5 1.1.6 1.1.7 1.1.9 1.1.8 1.1.10 0.1.45 0.2.21 0.1.76 1.1.38 1.3.12 0.1.34 0.1.87 0.-1.-1 0.1.84 0.1.43 1.3.11 1.1.42 1.1.41 1.3.976 0.-1.-1 0.1.70 0.2.143 0.2.25 0.2.27 0.2.26

[15:49:14]	[Recv]	qslot 1 0.-1.-1 0.-1.-1 0.-1.-1 0.-1.-1 0.-1.-1 0.-1.-1 0.-1.-1 0.-1.-1 0.-1.-1 0.-1.-1 0.1.-1 0.1.-1 1.1.41 1.1.42 0.-1.-1 7.7.-1 7.7.-1 7.7.-1 7.7.-1 0.-1.-1 0.-1.-1 0.-1.-1 0.-1.-1 0.-1.-1 0.-1.-1 0.-1.-1 0.-1.-1 0.-1.-1 0.-1.-1 0.-1.-1

[15:49:14]	[Recv]	ct 1 2073308 3 5023388 -1 -1 1122

[15:49:14]	[Recv]	cond 2 4988592 0 0 15

[15:49:14]	[Recv]	bf 3 5023388 0.4110.80 99

[15:49:14]	[Recv]	eff 3 5023388 0

[15:49:14]	[Recv]	su 1 2073308 3 5023388 1122 150 41 4268 0 0 0 0 99965 3 0 0 116032

[15:49:14]	[Recv]	in 3 2371 5023639 39 52 2 100 100 0 0 0 -1 0 0 -1 - 0 -1 0 0 0 0 0 0 0 0 0 0 0 0

[15:49:14]	[Recv]	guri 31 1 2073308 39 52

[15:49:14]	[Recv]	lev 99 0 99 0 2140719000 5991794 66993052 2 0 90 917705181 0

[15:49:14]	[Recv]	mslot 1125 -1

[15:49:14]	[Recv]	qset 0 8 1.1.11.0

[15:49:14]	[Recv]	out 2 4988518

[15:49:14]	[Recv]	out 2 4988542

[15:49:14]	[Recv]	out 2 4988552

[15:49:14]	[Recv]	sayi 1 2073308 20 22 3 1027 0 0 0

[15:49:14]	[Recv]	bf 1 2073308 0.1027.0 99

[15:49:14]	[Recv]	ct 3 5023385 2 4988552 -1 -1 0

[15:49:14]	[Recv]	su 3 5023385 3 5023385 0 10 11 4789 0 0 1 81 0 2 0 90547 110907

[15:49:14]	[Send]	suctl 5443 1 4988603 3 5023388
[15:49:14]	[Recv]	die 3 5023639 3 5023639

[15:49:15]	[Send]	ncif 3 5023391
[15:49:15]	[Send]	mtlist 1 2 4988603 
[15:49:15]	[Send]	u_s 11 3 5023391
[15:49:15]	[Recv]	st 3 5023391 99 0 100 100 13880 2828 13880 2828 0

[15:49:15]	[Recv]	ct 3 5023392 2 4988592 -1 -1 0

[15:49:15]	[Recv]	su 3 5023392 2 4988592 0 10 11 4789 0 0 1 83 254 0 0 48242 57771

[15:49:15]	[Recv]	ct 3 5023387 2 4988592 -1 -1 0

[15:49:15]	[Recv]	su 3 5023387 2 4988592 0 10 11 4789 0 0 1 83 242 0 0 48000 57771

[15:49:15]	[Recv]	st 2 5022311 95 0 100 100 92286 184572 92286 184572 0

[15:49:15]	[Send]	ptctl 5443 1 4988592 41 50 4988592 15
[15:49:15]	[Recv]	ms_c 0

[15:49:15]	[Recv]	qslot 0 1.1.1 1.1.2 1.1.3 1.1.4 1.1.5 1.1.6 1.1.7 1.1.9 1.1.8 1.1.10 0.1.45 0.2.21 0.1.76 1.1.38 1.3.12 0.1.34 0.1.87 0.-1.-1 0.1.84 0.1.43 1.3.11 1.1.42 1.1.41 1.3.976 0.-1.-1 0.1.70 0.2.143 0.2.25 0.2.27 0.2.26

[15:49:15]	[Recv]	qslot 1 0.-1.-1 0.-1.-1 0.-1.-1 0.-1.-1 0.-1.-1 0.-1.-1 0.-1.-1 0.-1.-1 0.-1.-1 0.-1.-1 0.1.-1 0.1.-1 1.1.41 1.1.42 0.-1.-1 7.7.-1 7.7.-1 7.7.-1 7.7.-1 0.-1.-1 0.-1.-1 0.-1.-1 0.-1.-1 0.-1.-1 0.-1.-1 0.-1.-1 0.-1.-1 0.-1.-1 0.-1.-1 0.-1.-1

[15:49:15]	[Recv]	ct 3 5023393 2 4988592 -1 -1 0

[15:49:15]	[Recv]	su 3 5023393 2 4988592 0 10 11 4789 0 0 1 82 258 3 0 47742 57771

[15:49:15]	[Recv]	ct 1 2073308 3 5023391 -1 -1 1125

[15:49:15]	[Recv]	cond 1 2073308 0 0 22

[15:49:15]	[Recv]	bf 1 2073308 0.576.20 99

[15:49:15]	[Recv]	sayi 1 2073308 20 26 3 576 0 0 0

[15:49:15]	[Recv]	su 1 2073308 3 5023391 1125 3 22 4272 0 0 0 0 114467 3 0 0 13880

[15:49:15]	[Recv]	in 3 2371 5023640 41 53 2 100 100 0 0 0 -1 0 0 -1 - 0 -1 0 0 0 0 0 0 0 0 0 0 0 0

[15:49:15]	[Recv]	guri 31 1 2073308 41 53

[15:49:15]	[Recv]	lev 99 0 99 0 2140719000 5991794 66993052 2 0 90 917705181 0

[15:49:15]	[Recv]	mslot 1126 -1

[15:49:15]	[Recv]	qset 0 8 1.1.12.0

[15:49:15]	[Recv]	cond 2 4988592 0 0 15

[15:49:15]	[Send]	suctl 5443 1 4988592 3 5023391
[15:49:15]	[Recv]	st 2 5022310 95 0 100 100 92286 184572 92286 184572 0

[15:49:15]	[Recv]	st 2 5022309 95 0 100 100 92286 184572 92286 184572 0

[15:49:15]	[Send]	mtlist 1 3 5023640 
[15:49:15]	[Send]	u_s 12 3 5023391
[15:49:15]	[Recv]	sr 11

[15:49:15]	[Recv]	die 3 5023640 3 5023640

[15:49:15]	[Recv]	cancel 0 12 -1

[15:49:15]	[Send]	mtlist 0 
[15:49:15]	[Send]	u_s 12 3 5023391
[15:49:15]	[Send]	ptctl 5443 2 4988603 41 46 4988592 41 45 4988603 15
[15:49:16]	[Recv]	cancel 0 12 -1

[15:49:16]	[Send]	ptctl 5443 2 4988603 42 44 4988592 43 44 4988603 15
[15:49:16]	[Recv]	sc_p 170 1548 4988592 96 558 24138742 0 0 1889 2049 1289 19 90 9 975 627 958 627 866 3 90 90 110 80 47742 57771 18100 18100 1 84982200 0 @ 0 0 6 60 1831 1798 0 100

[15:49:16]	[Recv]	cond 2 4988603 0 0 15

[15:49:16]	[Recv]	cond 2 4988592 0 0 15

[15:49:16]	[Recv]	cond 1 2073308 0 0 22

[15:49:16]	[Recv]	cond 1 2073308 0 0 22

[15:49:16]	[Recv]	cond 2 4988603 0 0 15

[15:49:16]	[Recv]	cond 2 4988592 0 0 15

[15:49:16]	[Send]	ncif 3 5023386
[15:49:16]	[Send]	ptctl 5443 1 4988592 40 50 4988592 15
[15:49:16]	[Send]	mtlist 0 
[15:49:16]	[Send]	u_s 12 3 5023386
[15:49:16]	[Recv]	st 3 5023386 99 0 100 100 13880 2828 13880 2828 0

[15:49:16]	[Send]	ptctl 5443 1 4988603 41 45 4988603 15
[15:49:16]	[Send]	suctl 5443 1 4988603 3 5023386
[15:49:16]	[Recv]	cond 2 4988592 0 0 15

[15:49:16]	[Recv]	cond 1 2073308 0 0 22

[15:49:16]	[Recv]	cond 1 2073308 0 0 22

[15:49:17]	[Recv]	ct 3 5023386 2 5022310 -1 -1 0

[15:49:17]	[Recv]	su 3 5023386 2 5022310 0 25 11 7200 0 0 1 97 2191 0 0 90095 92286

[15:49:17]	[Send]	ptctl 5443 2 4988603 40 50 4988592 42 52 4988603 15
[15:49:17]	[Recv]	ms_c 0

[15:49:17]	[Recv]	qslot 0 1.1.1 1.1.2 1.1.3 1.1.4 1.1.5 1.1.6 1.1.7 1.1.9 1.1.8 1.1.10 0.1.45 0.2.21 0.1.76 1.1.38 1.3.12 0.1.34 0.1.87 0.-1.-1 0.1.84 0.1.43 1.3.11 1.1.42 1.1.41 1.3.976 0.-1.-1 0.1.70 0.2.143 0.2.25 0.2.27 0.2.26

[15:49:17]	[Recv]	qslot 1 0.-1.-1 0.-1.-1 0.-1.-1 0.-1.-1 0.-1.-1 0.-1.-1 0.-1.-1 0.-1.-1 0.-1.-1 0.-1.-1 0.1.-1 0.1.-1 1.1.41 1.1.42 0.-1.-1 7.7.-1 7.7.-1 7.7.-1 7.7.-1 0.-1.-1 0.-1.-1 0.-1.-1 0.-1.-1 0.-1.-1 0.-1.-1 0.-1.-1 0.-1.-1 0.-1.-1 0.-1.-1 0.-1.-1

[15:49:17]	[Recv]	st 2 5022311 95 0 100 100 92286 184572 92286 184572 0

[15:49:17]	[Recv]	eff 2 5022311 7739

[15:49:17]	[Recv]	ct 1 2073308 3 5023386 -1 -1 1126

[15:49:17]	[Recv]	su 1 2073308 3 5023386 1126 3 26 4273 0 0 0 0 110568 3 0 0 13880

[15:49:17]	[Recv]	lev 99 0 99 0 2140719000 5991794 66993052 2 0 90 917705181 0

[15:49:17]	[Recv]	cond 1 2073308 0 0 23

[15:49:17]	[Recv]	bf 1 2073308 0.567.400 99

[15:49:17]	[Recv]	eff 1 2073308 0

[15:49:17]	[Recv]	sayi 1 2073308 20 26 3 567 0 0 0

[15:49:17]	[Recv]	mslot 1125 -1

[15:49:17]	[Recv]	qset 0 8 1.1.11.0

[15:49:17]	[Recv]	cond 2 4988603 0 0 15

[15:49:17]	[Send]	ptctl 5443 2 4988603 41 51 4988592 40 52 4988603 15
[15:49:17]	[Recv]	cond 1 2073308 0 0 20

[15:49:17]	[Recv]	sayi 1 2073308 20 22 3 576 0 0 0

[15:49:17]	[Recv]	bf 1 2073308 0.576.0 99

[15:49:17]	[Recv]	ct 3 5023392 2 4988592 -1 -1 0

[15:49:17]	[Recv]	su 3 5023392 2 4988592 0 10 11 4789 0 0 1 82 50 0 0 47692 57771

[15:49:17]	[Recv]	ct 3 5023387 2 4988603 -1 -1 0

[15:49:17]	[Recv]	su 3 5023387 2 4988603 0 10 11 4789 0 0 1 97 115 3 0 18881 19451

[15:49:17]	[Recv]	cond 2 4988603 0 0 15

[15:49:17]	[Recv]	cond 2 4988592 0 0 15

[15:49:17]	[Send]	ptctl 5443 2 4988603 41 52 4988592 38 53 4988603 15
[15:49:17]	[Recv]	sr 12

[15:49:17]	[Recv]	cond 1 2073308 0 0 20

[15:49:17]	[Recv]	cond 1 2073308 0 0 20

[15:49:17]	[Send]	ptctl 5443 2 4988603 39 53 4988592 38 54 4988603 15
[15:49:17]	[Recv]	ct 3 5023393 2 4988603 -1 -1 0

[15:49:17]	[Recv]	su 3 5023393 2 4988603 0 10 11 4789 0 0 1 96 113 0 0 18768 19451

[15:49:17]	[Recv]	st 2 5022310 95 0 97 100 90095 184572 92286 184572 0

[15:49:17]	[Recv]	eff 2 5022310 7739

[15:49:17]	[Recv]	st 2 5022309 95 0 100 100 92286 184572 92286 184572 0

[15:49:17]	[Recv]	eff 2 5022309 7739

[15:49:17]	[Recv]	cond 2 4988603 0 0 15

[15:49:17]	[Recv]	cond 2 4988592 0 0 15

[15:49:17]	[Recv]	cond 2 4988603 0 0 15

[15:49:17]	[Recv]	cond 2 4988592 0 0 15

[15:49:17]	[Recv]	cond 2 4988603 0 0 15

[15:49:17]	[Recv]	cond 2 4988592 0 0 15

[15:49:17]	[Send]	ptctl 5443 2 4988603 36 50 4988592 36 51 4988603 15
[15:49:17]	[Recv]	cond 1 2073308 0 0 20

[15:49:17]	[Recv]	cond 1 2073308 0 0 20

[15:49:18]	[Recv]	cond 2 4988603 0 0 15

[15:49:18]	[Recv]	cond 2 4988592 0 0 15

[15:49:18]	[Recv]	cond 1 2073308 0 0 20

[15:49:18]	[Recv]	cond 1 2073308 0 0 20

[15:49:18]	[Send]	ptctl 5443 2 4988603 35 50 4988592 35 51 4988603 15
[15:49:18]	[Recv]	sr 1

[15:49:18]	[Recv]	cond 1 2073308 0 0 20

[15:49:18]	[Recv]	cond 1 2073308 0 0 20

[15:49:18]	[Recv]	cond 2 4988603 0 0 15

[15:49:18]	[Recv]	cond 2 4988592 0 0 15

[15:49:18]	[Send]	ncif 3 5023383
[15:49:18]	[Send]	ptctl 5443 1 4988592 32 51 4988592 15
[15:49:18]	[Send]	mtlist 0 
[15:49:18]	[Send]	u_s 11 3 5023383
[15:49:18]	[Recv]	sp 414112 1000000 0 10000

[15:49:18]	[Recv]	st 3 5023383 99 0 90 100 100246 2828 110907 2828 0

[15:49:18]	[Recv]	eff 1 2073308 869

[15:49:18]	[Recv]	cond 2 4988592 0 0 15

[15:49:18]	[Recv]	cond 1 2073308 0 0 20

[15:49:18]	[Recv]	cond 1 2073308 0 0 20

[15:49:19]	[Send]	ptctl 5443 1 4988603 30 50 4988603 15
[15:49:19]	[Recv]	ms_c 0

[15:49:19]	[Recv]	qslot 0 1.1.1 1.1.2 1.1.3 1.1.4 1.1.5 1.1.6 1.1.7 1.1.9 1.1.8 1.1.10 0.1.45 0.2.21 0.1.76 1.1.38 1.3.12 0.1.34 0.1.87 0.-1.-1 0.1.84 0.1.43 1.3.11 1.1.42 1.1.41 1.3.976 0.-1.-1 0.1.70 0.2.143 0.2.25 0.2.27 0.2.26

[15:49:19]	[Recv]	qslot 1 0.-1.-1 0.-1.-1 0.-1.-1 0.-1.-1 0.-1.-1 0.-1.-1 0.-1.-1 0.-1.-1 0.-1.-1 0.-1.-1 0.1.-1 0.1.-1 1.1.41 1.1.42 0.-1.-1 7.7.-1 7.7.-1 7.7.-1 7.7.-1 0.-1.-1 0.-1.-1 0.-1.-1 0.-1.-1 0.-1.-1 0.-1.-1 0.-1.-1 0.-1.-1 0.-1.-1 0.-1.-1 0.-1.-1

[15:49:19]	[Recv]	ct 1 2073308 3 5023383 -1 -1 1125

[15:49:19]	[Recv]	cond 1 2073308 0 0 23

[15:49:19]	[Recv]	bf 1 2073308 0.576.20 99

[15:49:19]	[Recv]	sayi 1 2073308 20 26 3 576 0 0 0

[15:49:19]	[Recv]	eff 1 2073308 15

[15:49:19]	[Recv]	su 1 2073308 3 5023383 1125 3 22 4272 0 0 1 41 54463 3 0 45783 110907

[15:49:19]	[Recv]	bf 3 5023383 0.571.20 99

[15:49:19]	[Recv]	mslot 1126 -1

[15:49:19]	[Recv]	qset 0 8 1.1.12.0

[15:49:19]	[Recv]	cond 2 4988603 0 0 15

[15:49:19]	[Send]	ptctl 5443 1 4988603 33 50 4988603 15
[15:49:19]	[Send]	suctl 5443 1 4988603 3 5023383
[15:49:19]	[Recv]	st 2 5022311 95 0 100 100 92286 184572 92286 184572 0

[15:49:19]	[Recv]	cond 2 4988603 0 0 15

[15:49:19]	[Send]	ncif 3 5023392
[15:49:19]	[Send]	mtlist 0 
[15:49:19]	[Send]	u_s 12 3 5023383
[15:49:19]	[Recv]	sr 11

[15:49:19]	[Recv]	eff 2 4988603 5005

[15:49:19]	[Send]	ptctl 5443 1 4988592 37 49 4988592 15
[15:49:19]	[Recv]	st 3 5023392 99 0 100 100 110907 2828 110907 2828 0

[15:49:19]	[Recv]	st 2 5022310 95 0 98 100 91017 184572 92286 184572 0

[15:49:19]	[Recv]	st 2 5022309 95 0 100 100 92286 184572 92286 184572 0

[15:49:19]	[Recv]	ms_c 0

[15:49:19]	[Recv]	qslot 0 1.1.1 1.1.2 1.1.3 1.1.4 1.1.5 1.1.6 1.1.7 1.1.9 1.1.8 1.1.10 0.1.45 0.2.21 0.1.76 1.1.38 1.3.12 0.1.34 0.1.87 0.-1.-1 0.1.84 0.1.43 1.3.11 1.1.42 1.1.41 1.3.976 0.-1.-1 0.1.70 0.2.143 0.2.25 0.2.27 0.2.26

[15:49:19]	[Recv]	qslot 1 0.-1.-1 0.-1.-1 0.-1.-1 0.-1.-1 0.-1.-1 0.-1.-1 0.-1.-1 0.-1.-1 0.-1.-1 0.-1.-1 0.1.-1 0.1.-1 1.1.41 1.1.42 0.-1.-1 7.7.-1 7.7.-1 7.7.-1 7.7.-1 0.-1.-1 0.-1.-1 0.-1.-1 0.-1.-1 0.-1.-1 0.-1.-1 0.-1.-1 0.-1.-1 0.-1.-1 0.-1.-1 0.-1.-1

[15:49:19]	[Recv]	ct 2 4988603 3 5023383 -1 -1 0

[15:49:19]	[Recv]	su 2 4988603 3 5023383 0 12 11 8360 0 0 1 33 8509 0 0 37274 110907

[15:49:19]	[Recv]	ct 1 2073308 3 5023383 -1 -1 1126

[15:49:19]	[Recv]	su 1 2073308 3 5023383 1126 3 26 4273 0 0 1 7 28931 0 0 8343 110907

[15:49:19]	[Recv]	cond 1 2073308 0 0 22

[15:49:19]	[Recv]	bf 1 2073308 0.567.0 99

[15:49:19]	[Recv]	cond 1 2073308 0 0 24

[15:49:19]	[Recv]	bf 1 2073308 0.568.400 99

[15:49:19]	[Recv]	eff 1 2073308 0

[15:49:19]	[Recv]	sayi 1 2073308 20 26 3 568 0 0 0

[15:49:19]	[Recv]	mslot 1125 -1

[15:49:19]	[Recv]	qset 0 8 1.1.11.0

[15:49:19]	[Recv]	bf 1 2073308 0.4126.100 99

[15:49:19]	[Recv]	sayi 1 2073308 20 26 3 4126 0 0 0

[15:49:19]	[Recv]	cond 2 4988592 0 0 15

[15:49:20]	[Send]	mtlist 1 2 4988592 
[15:49:20]	[Send]	u_s 11 3 5023392
[15:49:20]	[Recv]	sr 12

[15:49:20]	[Recv]	ct 3 5023392 2 4988592 -1 -1 0

[15:49:20]	[Recv]	su 3 5023392 2 4988592 0 10 11 4789 0 0 1 82 51 0 0 47641 57771

[15:49:20]	[Recv]	ms_c 0

[15:49:20]	[Recv]	qslot 0 1.1.1 1.1.2 1.1.3 1.1.4 1.1.5 1.1.6 1.1.7 1.1.9 1.1.8 1.1.10 0.1.45 0.2.21 0.1.76 1.1.38 1.3.12 0.1.34 0.1.87 0.-1.-1 0.1.84 0.1.43 1.3.11 1.1.42 1.1.41 1.3.976 0.-1.-1 0.1.70 0.2.143 0.2.25 0.2.27 0.2.26

[15:49:20]	[Recv]	qslot 1 0.-1.-1 0.-1.-1 0.-1.-1 0.-1.-1 0.-1.-1 0.-1.-1 0.-1.-1 0.-1.-1 0.-1.-1 0.-1.-1 0.1.-1 0.1.-1 1.1.41 1.1.42 0.-1.-1 7.7.-1 7.7.-1 7.7.-1 7.7.-1 0.-1.-1 0.-1.-1 0.-1.-1 0.-1.-1 0.-1.-1 0.-1.-1 0.-1.-1 0.-1.-1 0.-1.-1 0.-1.-1 0.-1.-1

[15:49:20]	[Recv]	ct 1 2073308 3 5023392 -1 -1 1125

[15:49:20]	[Recv]	bf 1 2073308 0.576.20 99

[15:49:20]	[Recv]	su 1 2073308 3 5023392 1125 3 22 4272 0 0 1 79 22305 3 0 88602 110907

[15:49:20]	[Recv]	bf 3 5023392 0.571.20 99

[15:49:20]	[Send]	ncif 3 5023392
[15:49:20]	[Recv]	ct 3 5023393 2 4988592 -1 -1 0

[15:49:20]	[Recv]	su 3 5023393 2 4988592 0 10 11 4789 0 0 1 82 257 0 0 47384 57771

[15:49:20]	[Recv]	ct 3 5023387 2 4988592 -1 -1 0

[15:49:20]	[Recv]	su 3 5023387 2 4988592 0 10 11 4789 0 0 1 82 50 0 0 47334 57771

[15:49:20]	[Send]	suctl 5443 1 4988592 3 5023392
[15:49:20]	[Recv]	st 3 5023392 99 0 79 100 88602 2828 110907 2828 0 571.99

[15:49:20]	[Send]	mtlist 2 3 5023387 2 4988592 
[15:49:20]	[Send]	u_s 11 3 5023392
[15:49:20]	[Send]	suctl 5443 1 4988603 3 5023392
[15:49:20]	[Recv]	sr 11

[15:49:20]	[Recv]	eff 2 4988592 5005

[15:49:20]	[Recv]	ms_c 0

[15:49:20]	[Recv]	cancel 0 11 -1

[15:49:20]	[Send]	u_s 0 3 5023392
[15:49:20]	[Recv]	eff 2 4988603 5005

[15:49:21]	[Recv]	ct 2 4988592 3 5023392 -1 -1 0

[15:49:21]	[Recv]	su 2 4988592 3 5023392 0 10 11 0 0 0 1 62 19262 3 0 69340 110907

[15:49:21]	[Recv]	ct 1 2073308 3 5023392 -1 -1 1114

[15:49:21]	[Recv]	bf 3 5023392 0.4110.80 99

[15:49:21]	[Recv]	eff 3 5023392 0

[15:49:21]	[Recv]	eff 1 2073308 15

[15:49:21]	[Recv]	su 1 2073308 3 5023392 1114 7 11 4260 0 0 0 0 76104 0 0 0 110907

[15:49:21]	[Recv]	lev 99 0 99 0 2140719000 5991794 66993052 2 0 90 917705181 0

[15:49:21]	[Recv]	bf 1 2073308 0.4126.100 99

[15:49:21]	[Send]	ncif 3 5023383
[15:49:21]	[Recv]	ct 2 4988603 3 5023392 -1 -1 0

[15:49:21]	[Recv]	su 2 4988603 2 4988603 0 12 11 8360 0 0 1 96 0 2 0 18768 19451

[15:49:21]	[Recv]	st 2 5022311 95 0 100 100 92286 184572 92286 184572 0

[15:49:21]	[Recv]	st 3 5023383 99 0 7 100 8343 2828 110907 2828 0

[15:49:21]	[Send]	ptctl 5443 1 4988592 32 49 4988592 15
[15:49:21]	[Recv]	st 2 5022310 95 0 99 100 91939 184572 92286 184572 0

[15:49:21]	[Recv]	st 2 5022309 95 0 100 100 92286 184572 92286 184572 0

[15:49:21]	[Recv]	cond 2 4988592 0 0 15

[15:49:21]	[Send]	suctl 5443 1 4988603 3 5023383
[15:49:21]	[Recv]	sr 0

[15:49:21]	[Recv]	eff 2 4988603 5005

[15:49:22]	[Send]	u_s 1 3 5023383
[15:49:22]	[Recv]	ct 3 5023384 2 4988592 -1 -1 767

[15:49:22]	[Recv]	in 3 804 5023654 28 48 2 100 100 0 0 0 -1 0 0 -1 - 0 -1 0 0 0 0 0 0 0 0 0 0 0 0

[15:49:22]	[Recv]	su 3 5023384 3 5023384 767 100 11 7287 0 0 1 87 0 -1 0 110847 126282

[15:49:22]	[Recv]	ms_c 0

[15:49:22]	[Recv]	qslot 0 1.1.1 1.1.2 1.1.3 1.1.4 1.1.5 1.1.6 1.1.7 1.1.9 1.1.8 1.1.10 0.1.45 0.2.21 0.1.76 1.1.38 1.3.12 0.1.34 0.1.87 0.-1.-1 0.1.84 0.1.43 1.3.11 1.1.42 1.1.41 1.3.976 0.-1.-1 0.1.70 0.2.143 0.2.25 0.2.27 0.2.26

[15:49:22]	[Recv]	qslot 1 0.-1.-1 0.-1.-1 0.-1.-1 0.-1.-1 0.-1.-1 0.-1.-1 0.-1.-1 0.-1.-1 0.-1.-1 0.-1.-1 0.1.-1 0.1.-1 1.1.41 1.1.42 0.-1.-1 7.7.-1 7.7.-1 7.7.-1 7.7.-1 0.-1.-1 0.-1.-1 0.-1.-1 0.-1.-1 0.-1.-1 0.-1.-1 0.-1.-1 0.-1.-1 0.-1.-1 0.-1.-1 0.-1.-1

[15:49:22]	[Recv]	ct 1 2073308 3 5023383 14 4263 1115

[15:49:22]	[Send]	ncif 3 5023383
[15:49:22]	[Recv]	eff 2 5022311 7739

[15:49:22]	[Recv]	cond 1 2073308 0 0 21

[15:49:22]	[Recv]	sayi 1 2073308 20 22 3 576 0 0 0

[15:49:22]	[Recv]	bf 1 2073308 0.576.0 99

[15:49:22]	[Recv]	st 3 5023383 99 0 7 100 8343 2828 110907 2828 0

[15:49:22]	[Recv]	eff 1 2073308 15

[15:49:22]	[Recv]	su 1 2073308 3 5023383 1115 70 12 4264 0 0 0 0 75946 0 0 0 110907

[15:49:22]	[Recv]	lev 99 0 99 0 2140719000 5991794 66993052 2 0 90 917705181 0

[15:49:22]	[Send]	ptctl 5443 1 4988592 27 49 4988592 15
[15:49:22]	[Recv]	in 3 700 5023655 6 43 5 100 100 0 0 0 -1 0 0 -1 - 0 -1 0 0 0 0 0 0 0 0 0 0 0 0

[15:49:22]	[Recv]	msgi 0 679 0 0 0 0 0

[15:49:22]	[Recv]	in 3 710 5023656 7 41 2 100 100 0 0 0 -1 0 0 -1 - 0 -1 0 0 0 0 0 0 0 0 0 0 0 0

[15:49:22]	[Recv]	msgi 0 679 0 0 0 0 0

[15:49:22]	[Recv]	in 3 775 5023657 7 42 1 100 100 0 0 0 -1 0 0 -1 - 0 -1 0 0 0 0 0 0 0 0 0 0 0 0

[15:49:22]	[Recv]	msgi 0 679 0 0 0 0 0

[15:49:22]	[Recv]	in 3 710 5023658 8 39 2 100 100 0 0 0 -1 0 0 -1 - 0 -1 0 0 0 0 0 0 0 0 0 0 0 0

[15:49:22]	[Recv]	msgi 0 679 0 0 0 0 0

[15:49:22]	[Recv]	in 3 700 5023659 8 42 7 100 100 0 0 0 -1 0 0 -1 - 0 -1 0 0 0 0 0 0 0 0 0 0 0 0

[15:49:22]	[Recv]	msgi 0 679 0 0 0 0 0

[15:49:22]	[Recv]	in 3 760 5023660 37 5 6 100 100 0 0 0 -1 0 0 -1 - 0 -1 0 0 0 0 0 0 0 0 0 0 0 0

[15:49:22]	[Recv]	msgi 0 679 0 0 0 0 0

[15:49:22]	[Recv]	in 3 700 5023661 37 7 0 100 100 0 0 0 -1 0 0 -1 - 0 -1 0 0 0 0 0 0 0 0 0 0 0 0

[15:49:22]	[Recv]	msgi 0 679 0 0 0 0 0

[15:49:22]	[Recv]	in 3 775 5023662 39 6 1 100 100 0 0 0 -1 0 0 -1 - 0 -1 0 0 0 0 0 0 0 0 0 0 0 0

[15:49:22]	[Recv]	msgi 0 679 0 0 0 0 0

[15:49:22]	[Recv]	in 3 700 5023663 40 8 4 100 100 0 0 0 -1 0 0 -1 - 0 -1 0 0 0 0 0 0 0 0 0 0 0 0

[15:49:22]	[Recv]	msgi 0 679 0 0 0 0 0

[15:49:22]	[Recv]	in 3 785 5023664 41 6 2 100 100 0 0 0 -1 0 0 -1 - 0 -1 0 0 0 0 0 0 0 0 0 0 0 0

[15:49:22]	[Recv]	msgi 0 679 0 0 0 0 0

[15:49:22]	[Recv]	in 3 760 5023665 43 6 6 100 100 0 0 0 -1 0 0 -1 - 0 -1 0 0 0 0 0 0 0 0 0 0 0 0

[15:49:22]	[Recv]	msgi 0 679 0 0 0 0 0

[15:49:22]	[Recv]	in 3 700 5023666 43 8 3 100 100 0 0 0 -1 0 0 -1 - 0 -1 0 0 0 0 0 0 0 0 0 0 0 0

[15:49:22]	[Recv]	msgi 0 679 0 0 0 0 0

[15:49:22]	[Recv]	in 3 710 5023667 44 5 6 100 100 0 0 0 -1 0 0 -1 - 0 -1 0 0 0 0 0 0 0 0 0 0 0 0

[15:49:22]	[Recv]	msgi 0 679 0 0 0 0 0

[15:49:22]	[Recv]	in 3 700 5023668 45 7 5 100 100 0 0 0 -1 0 0 -1 - 0 -1 0 0 0 0 0 0 0 0 0 0 0 0

[15:49:22]	[Recv]	msgi 0 679 0 0 0 0 0

[15:49:22]	[Recv]	in 3 700 5023669 71 38 6 100 100 0 0 0 -1 0 0 -1 - 0 -1 0 0 0 0 0 0 0 0 0 0 0 0

[15:49:22]	[Recv]	msgi 0 679 0 0 0 0 0

[15:49:22]	[Recv]	in 3 700 5023670 71 41 1 100 100 0 0 0 -1 0 0 -1 - 0 -1 0 0 0 0 0 0 0 0 0 0 0 0

[15:49:22]	[Recv]	msgi 0 679 0 0 0 0 0

[15:49:22]	[Recv]	in 3 710 5023671 72 39 3 100 100 0 0 0 -1 0 0 -1 - 0 -1 0 0 0 0 0 0 0 0 0 0 0 0

[15:49:22]	[Recv]	msgi 0 679 0 0 0 0 0

[15:49:22]	[Recv]	in 3 775 5023672 73 38 7 100 100 0 0 0 -1 0 0 -1 - 0 -1 0 0 0 0 0 0 0 0 0 0 0 0

[15:49:22]	[Recv]	msgi 0 679 0 0 0 0 0

[15:49:22]	[Recv]	in 3 710 5023673 73 39 6 100 100 0 0 0 -1 0 0 -1 - 0 -1 0 0 0 0 0 0 0 0 0 0 0 0

[15:49:22]	[Recv]	msgi 0 679 0 0 0 0 0

[15:49:22]	[Recv]	eff 3 5023669 5000

[15:49:22]	[Recv]	eff 3 5023665 5000

[15:49:22]	[Recv]	eff 3 5023662 5000

[15:49:22]	[Recv]	eff 3 5023658 5000

[15:49:22]	[Recv]	eff 2 5022310 7739

[15:49:22]	[Recv]	eff 2 5022309 7739

[15:49:22]	[Send]	ptctl 5443 2 4988603 28 50 4988592 26 49 4988603 15
[15:49:22]	[Recv]	cond 2 4988592 0 0 15

[15:49:22]	[Recv]	ct 3 5023393 2 4988603 -1 -1 0

[15:49:22]	[Recv]	su 3 5023393 2 4988603 0 10 11 4789 0 0 1 96 113 0 0 18655 19451

[15:49:22]	[Recv]	cond 1 2073308 0 0 21

[15:49:22]	[Recv]	cond 1 2073308 0 0 21

[15:49:22]	[Send]	ncif 3 5023385
[15:49:23]	[Recv]	cond 2 4988603 0 0 15

[15:49:23]	[Recv]	cond 2 4988592 0 0 15

[15:49:23]	[Recv]	st 3 5023385 99 0 81 100 90547 2828 110907 2828 0

[15:49:23]	[Send]	ptctl 5443 1 4988592 23 51 4988592 15
[15:49:23]	[Send]	ptctl 5443 1 4988603 29 50 4988603 15
[15:49:23]	[Send]	suctl 5443 1 4988603 3 5023385
[15:49:23]	[Recv]	ct 3 5023384 2 4988603 -1 -1 0

[15:49:23]	[Recv]	su 3 5023384 2 4988603 0 5 11 1061 0 0 1 95 114 0 0 18541 19451

[15:49:23]	[Recv]	st 2 5022311 95 0 100 100 92286 184572 92286 184572 0

[15:49:23]	[Recv]	cond 2 4988592 0 0 15

[15:49:23]	[Send]	u_s 0 3 5023385
[15:49:23]	[Recv]	cond 2 4988603 0 0 15

[15:49:23]	[Recv]	eff 2 4988603 5005

[15:49:23]	[Recv]	cond 1 2073308 0 0 21

[15:49:23]	[Recv]	cond 1 2073308 0 0 21

[15:49:23]	[Send]	ptctl 5443 1 4988592 23 53 4988592 15
[15:49:23]	[Recv]	sp 414102 1000000 0 10000

[15:49:23]	[Recv]	st 2 5022310 95 0 100 100 92286 184572 92286 184572 0

[15:49:23]	[Recv]	st 2 5022309 95 0 100 100 92286 184572 92286 184572 0

[15:49:23]	[Recv]	ct 1 2073308 3 5023385 -1 -1 1114

[15:49:23]	[Recv]	su 1 2073308 3 5023385 1114 7 11 4260 0 0 1 81 0 4 0 90547 110907

[15:49:23]	[Recv]	eff 1 2073308 869

[15:49:23]	[Recv]	cond 2 4988592 0 0 15

[15:49:23]	[Recv]	ct 2 4988603 3 5023385 -1 -1 0

[15:49:23]	[Recv]	su 2 4988603 3 5023385 0 12 11 8360 0 0 1 73 8563 0 0 81984 110907

[15:49:23]	[Send]	ncif 3 5023385
[15:49:24]	[Recv]	st 3 5023385 99 0 73 100 81984 2828 110907 2828 0

[15:49:24]	[Recv]	team_cool 1 0

[15:49:24]	[Send]	u_ts 758 15 47
[15:49:24]	[Recv]	ct 3 5023387 2 4988603 -1 -1 0

[15:49:24]	[Recv]	su 3 5023387 2 4988603 0 10 11 4789 0 0 1 94 113 0 0 18428 19451

[15:49:24]	[Recv]	ct 3 5023385 2 4988592 -1 -1 0

[15:49:24]	[Recv]	su 3 5023385 2 4988592 0 10 11 4789 0 0 1 81 50 0 0 47284 57771

[15:49:24]	[Recv]	ct 3 5023384 2 4988603 -1 -1 0

[15:49:24]	[Recv]	su 3 5023384 2 4988603 0 5 11 1061 0 0 1 94 114 0 0 18314 19451

[15:49:24]	[Recv]	sr 0

[15:49:24]	[Recv]	cond 2 4988602 0 0 12

[15:49:24]	[Recv]	c_mode 2 4988602 2343 0 0

[15:49:24]	[Recv]	sc_n 4 2640 4988602 94 1000 473672 991.2.4 996.0.10 317.0.5 321.0.5 0 0 1 4 566 686 820 9 160 10 201 555 264 555 248 3 7 7 110 2 17310 17310 10544 10544 0 291503800 @ 2343 0 4812.100 1318.3 1319.3 1320.7 2138 3 0

[15:49:24]	[Recv]	out 2 4988602

[15:49:24]	[Recv]	in 2 2640 4988602 17 47 2 100 100 0 0 3 2073308 1 0 2343 @ 1 4 0 0 0 0 0 0 0 0 2138 0 3 0

[15:49:24]	[Recv]	pinit 2 2|4988603|0|94|@|-1|3206|1|2723|0|0 2|4988592|1|96|@|-1|1548|0|0|0|60


[15:49:24]	[Recv]	in 2 2640 4988602 17 47 2 100 100 0 0 3 2073308 0 0 2343 @ 1 4 0 0 0 0 0 0 0 0 2138 0 3 0

[15:49:24]	[Recv]	ctl 2 4988602 0 1

[15:49:24]	[Recv]	in 2 822 4988567 13 47 2 100 100 0 0 3 2073308 0 0 -1 @ 1 3 0 0 0 0 0 0 0 0 0 0 4 0

[15:49:24]	[Recv]	ctl 2 4988567 0 1

[15:49:24]	[Recv]	cond 2 4988487 0 0 12

[15:49:24]	[Recv]	c_mode 2 4988487 2323 0 0

[15:49:24]	[Recv]	sc_n 2 319 4988487 99 1000 398653210 990.4.5 997.5.6 -1 -1 0 0 0 5 661 711 543 10 150 6 592 586 461 586 372 2 9 15 9 11 38176 38176 11281 11281 0 428143800 Kliff 2323 0 4809.100 1299.2 1300.4 1301.7 2127 1 0

[15:49:24]	[Recv]	out 2 4988487

[15:49:24]	[Recv]	in 2 319 4988487 17 48 2 100 100 0 0 3 2073308 1 0 2323 Kliff 1 2 0 0 0 0 0 0 0 0 2127 0 1 0

[15:49:24]	[Recv]	pinit 2 2|4988603|0|94|@|-1|3206|1|2723|0|0 2|4988592|1|96|@|-1|1548|0|0|0|60


[15:49:24]	[Recv]	in 2 319 4988487 17 48 2 100 100 0 0 3 2073308 0 0 2323 Kliff 1 2 0 0 0 0 0 0 0 0 2127 0 1 0

[15:49:24]	[Recv]	ctl 2 4988487 0 1

[15:49:24]	[Recv]	cond 2 4988486 0 0 11

[15:49:24]	[Recv]	c_mode 2 4988486 2367 0 0

[15:49:24]	[Recv]	sc_n 0 317 4988486 94 1000 202328 991.2.4 -1 -1 -1 0 0 1 4 558 678 801 9 160 0 88 214 107 214 79 2 1 5 1 1 16921 16921 6757 6757 0 291503800 Bob 2367 0 8239.0 0.0 0.0 0.0 2181 2 0

[15:49:24]	[Recv]	out 2 4988486

[15:49:24]	[Recv]	in 2 317 4988486 14 46 2 100 100 0 0 3 2073308 1 0 2367 Bob 1 0 0 0 0 0 0 0 0 0 2181 0 2 0

[15:49:24]	[Recv]	pinit 2 2|4988603|0|94|@|-1|3206|1|2723|0|0 2|4988592|1|96|@|-1|1548|0|0|0|60


[15:49:24]	[Recv]	in 2 317 4988486 14 46 2 100 100 0 0 3 2073308 0 0 2367 Bob 1 0 0 0 0 0 0 0 0 0 2181 0 2 0

[15:49:24]	[Recv]	ctl 2 4988486 0 1

[15:49:24]	[Recv]	bf 1 2073308 0.1025.200 99

[15:49:24]	[Recv]	sayi 1 2073308 20 26 3 1025 0 0 0

[15:49:24]	[Recv]	team_cool 0 900

[15:49:24]	[Send]	ptctl 5443 2 4988603 33 49 4988592 28 53 4988603 15
[15:49:24]	[Recv]	msgi2 0 905 14 Nikus666 3027 

[15:49:24]	[Recv]	su 2 4988567 2 4988567 0 6 11 3601 0 0 1 100 0 2 0 18613 18613

[15:49:24]	[Recv]	cond 1 2073308 0 0 21

[15:49:24]	[Recv]	cond 1 2073308 0 0 21

[15:49:24]	[Send]	ptctl 5443 1 4988592 22 54 4988592 15
[15:49:24]	[Recv]	cond 2 4988603 0 0 15

[15:49:24]	[Recv]	cond 2 4988592 0 0 15

[15:49:24]	[Send]	u_s 0 3 5023385
[15:49:24]	[Recv]	cond 2 4988592 0 0 15

[15:49:24]	[Send]	ptctl 5443 1 4988603 31 50 4988603 15
[15:49:24]	[Send]	suctl 5443 1 4988603 3 5023385
[15:49:24]	[Recv]	cond 1 2073308 0 0 21

[15:49:24]	[Recv]	cond 1 2073308 0 0 21

[15:49:24]	[Send]	ncif 3 5023385
[15:49:25]	[Recv]	ct 2 4988486 3 5023659 -1 -1 0

[15:49:25]	[Recv]	ct 1 2073308 3 5023385 -1 -1 1114

[15:49:25]	[Recv]	su 1 2073308 3 5023385 1114 7 11 4260 0 0 0 0 96411 3 0 0 110907

[15:49:25]	[Recv]	lev 99 0 99 0 2140719000 5991794 66993052 2 0 90 917705181 0

[15:49:25]	[Recv]	cond 2 4988603 0 0 15

[15:49:25]	[Recv]	eff 2 4988486 15

[15:49:25]	[Recv]	su 2 4988486 3 5023659 0 6 11 7130 0 0 1 100 1 0 0 110906 110907

[15:49:25]	[Recv]	st 2 5022311 95 0 100 100 92286 184572 92286 184572 0

[15:49:25]	[Send]	ptctl 5443 2 4988603 36 51 4988592 27 54 4988603 15
[15:49:25]	[Send]	ptctl 5443 1 4988603 36 52 4988603 15
[15:49:25]	[Recv]	ct 2 4988567 3 5023656 -1 -1 0

[15:49:25]	[Recv]	ct 2 4988602 3 5023657 -1 -1 0

[15:49:25]	[Recv]	su 2 4988602 3 5023657 0 11 11 4085 0 0 1 95 4890 0 0 111142 116032

[15:49:25]	[Recv]	cond 1 2073308 0 0 21

[15:49:25]	[Recv]	cond 1 2073308 0 0 21

[15:49:25]	[Recv]	cond 2 4988603 0 0 15

[15:49:25]	[Recv]	cond 2 4988592 0 0 15

[15:49:25]	[Send]	ptctl 5443 2 4988603 37 52 4988592 28 54 4988603 15
[15:49:25]	[Recv]	ct 3 5023393 2 4988603 -1 -1 0

[15:49:25]	[Recv]	su 3 5023393 2 4988603 0 10 11 4789 0 0 1 93 113 0 0 18201 19451

[15:49:25]	[Recv]	ct 3 5023384 1 2073308 -1 -1 0

[15:49:25]	[Recv]	su 3 5023384 1 2073308 0 5 11 1061 0 0 1 99 447 0 0 95850 96297

[15:49:25]	[Recv]	su 2 4988567 3 5023656 0 6 11 3601 0 0 1 97 3868 0 0 122414 126282

[15:49:25]	[Recv]	st 2 5022310 95 0 100 100 92286 184572 92286 184572 0

[15:49:25]	[Recv]	st 2 5022309 95 0 100 100 92286 184572 92286 184572 0

[15:49:25]	[Recv]	cond 1 2073308 0 0 21

[15:49:25]	[Recv]	cond 1 2073308 0 0 21

[15:49:25]	[Recv]	cond 2 4988603 0 0 15

[15:49:25]	[Recv]	ct 3 5023659 2 4988486 -1 -1 0

[15:49:25]	[Recv]	su 3 5023659 2 4988486 0 10 11 4789 0 0 1 91 1485 0 0 15436 16921

[15:49:25]	[Recv]	sr 0

[15:49:25]	[Recv]	cond 2 4988603 0 0 15

[15:49:25]	[Recv]	cond 2 4988592 0 0 15

[15:49:26]	[Recv]	ct 3 5023656 2 4988567 -1 -1 767

[15:49:26]	[Recv]	in 3 804 5023678 12 46 2 100 100 0 0 0 -1 0 0 -1 - 0 -1 0 0 0 0 0 0 0 0 0 0 0 0

[15:49:26]	[Recv]	su 3 5023656 3 5023656 767 100 11 7287 0 0 1 97 0 -1 0 122414 126282

[15:49:26]	[Recv]	ct 2 4988486 3 5023659 -1 -1 0

[15:49:26]	[Send]	ncif 3 5023384
[15:49:26]	[Recv]	su 2 4988486 3 5023659 0 6 11 7130 0 0 1 100 0 4 0 110906 110907

[15:49:26]	[Recv]	sc_p 170 1548 4988592 96 557 24139302 0 0 1889 2049 1289 19 90 9 975 627 958 627 866 3 90 90 110 80 47284 57771 18100 18100 1 84982200 0 @ 0 0 6 60 1831 1798 0 100

[15:49:26]	[Recv]	st 3 5023384 99 0 87 100 110847 2828 126282 2828 0

[15:49:26]	[Send]	suctl 5443 1 4988603 3 5023384
[15:49:26]	[Send]	ptctl 5443 2 4988603 33 50 4988592 27 49 4988603 15
[15:49:26]	[Recv]	eff 2 4988603 5005

[15:49:26]	[Recv]	ct 2 4988487 3 5023658 -1 -1 0

[15:49:26]	[Recv]	ct 2 4988567 3 5023656 -1 -1 0

[15:49:26]	[Recv]	cond 1 2073308 0 0 21

[15:49:26]	[Recv]	cond 1 2073308 0 0 21

[15:49:26]	[Send]	u_s 0 3 5023384
[15:49:26]	[Recv]	cond 2 4988603 0 0 15

[15:49:26]	[Recv]	cond 2 4988592 0 0 15

[15:49:26]	[Recv]	ct 3 5023387 2 4988603 -1 -1 0

[15:49:26]	[Recv]	su 3 5023387 2 4988603 0 10 11 4789 0 0 1 93 114 0 0 18087 19451

[15:49:26]	[Recv]	su 2 4988487 3 5023658 0 6 11 4035 0 0 1 100 0 1 0 126282 126282

[15:49:26]	[Recv]	su 2 4988567 3 5023656 0 6 11 3601 0 0 1 97 0 4 0 122414 126282

[15:49:26]	[Recv]	ct 2 4988603 3 5023384 -1 -1 0

[15:49:26]	[Recv]	su 2 4988603 3 5023384 0 12 11 8360 0 0 1 80 8760 0 0 102087 126282

[15:49:26]	[Recv]	cond 1 2073308 0 0 21

[15:49:26]	[Recv]	cond 1 2073308 0 0 21

[15:49:26]	[Send]	ptctl 5443 2 4988603 32 55 4988592 27 56 4988603 15
[15:49:26]	[Recv]	eff 3 5023665 4799

[15:49:26]	[Recv]	ct 3 5023384 2 4988592 -1 -1 0

[15:49:26]	[Recv]	su 3 5023384 2 4988592 0 5 11 1061 0 0 1 81 199 0 0 47085 57771

[15:49:26]	[Recv]	ct 2 4988602 3 5023657 -1 -1 0

[15:49:26]	[Recv]	su 2 4988602 3 5023657 0 11 11 4085 0 0 1 85 12334 3 0 98808 116032

[15:49:26]	[Recv]	ct 1 2073308 3 5023384 -1 -1 1114

[15:49:26]	[Recv]	eff 1 2073308 15

[15:49:26]	[Recv]	rc 1 2073308 200 0

[15:49:26]	[Recv]	su 1 2073308 3 5023384 1114 7 11 4260 0 0 1 17 80063 0 0 22024 126282

[15:49:26]	[Recv]	cond 2 4988603 0 0 15

[15:49:26]	[Recv]	cond 2 4988592 0 0 15

[15:49:26]	[Send]	ptctl 5443 2 4988603 31 53 4988592 29 57 4988603 15
[15:49:27]	[Recv]	ct 3 5023658 2 4988487 -1 -1 767

[15:49:27]	[Recv]	in 3 804 5023805 16 44 2 100 100 0 0 0 -1 0 0 -1 - 0 -1 0 0 0 0 0 0 0 0 0 0 0 0

[15:49:27]	[Recv]	su 3 5023658 3 5023658 767 100 11 7287 0 0 1 100 0 -1 0 126282 126282

[15:49:27]	[Recv]	cond 1 2073308 0 0 21

[15:49:27]	[Recv]	cond 1 2073308 0 0 21

[15:49:27]	[Recv]	cond 2 4988603 0 0 15

[15:49:27]	[Recv]	cond 2 4988592 0 0 15

[15:49:27]	[Send]	ncif 3 5023384
[15:49:27]	[Send]	ptctl 5443 2 4988603 32 54 4988592 28 56 4988603 15
[15:49:27]	[Recv]	eff 3 5023805 5000

[15:49:27]	[Recv]	ct 3 5023656 2 4988567 -1 -1 0

[15:49:27]	[Recv]	su 3 5023656 2 4988567 0 5 11 1061 0 0 1 95 862 0 0 17751 18613

[15:49:27]	[Recv]	st 2 5022311 95 0 100 100 92286 184572 92286 184572 0

[15:49:27]	[Recv]	eff 2 5022311 7739

[15:49:27]	[Recv]	cond 1 2073308 0 0 21

[15:49:27]	[Recv]	cond 1 2073308 0 0 21

[15:49:27]	[Recv]	st 3 5023384 99 0 17 100 22024 2828 126282 2828 0

[15:49:27]	[Recv]	eff 3 5023660 4799

[15:49:27]	[Recv]	ct 2 4988487 3 5023658 -1 -1 0

[15:49:27]	[Recv]	ct 2 4988567 3 5023656 -1 -1 0

[15:49:27]	[Recv]	cond 2 4988603 0 0 15

[15:49:27]	[Recv]	cond 2 4988592 0 0 15

[15:49:27]	[Recv]	sr 0

[15:49:27]	[Send]	u_s 0 3 5023654
[15:49:27]	[Recv]	su 2 4988487 3 5023658 0 6 11 4035 0 0 1 100 0 1 0 126282 126282

[15:49:27]	[Recv]	eff 2 4988567 15

[15:49:27]	[Recv]	su 2 4988567 3 5023656 0 6 11 3601 0 0 1 93 4788 0 0 117626 126282

[15:49:27]	[Recv]	st 2 5022310 95 0 100 100 92286 184572 92286 184572 0

[15:49:27]	[Recv]	eff 2 5022310 7739

[15:49:27]	[Recv]	st 2 5022309 95 0 100 100 92286 184572 92286 184572 0

[15:49:27]	[Recv]	eff 2 5022309 7739

[15:49:27]	[Send]	ptctl 5443 1 4988603 34 52 4988603 15
[15:49:27]	[Send]	suctl 5443 1 4988603 3 5023654
[15:49:27]	[Send]	ncif 3 5023654
[15:49:27]	[Recv]	cond 1 2073308 0 0 21

[15:49:27]	[Recv]	cond 1 2073308 0 0 21

[15:49:27]	[Send]	ptctl 5443 1 4988592 27 57 4988592 15
[15:49:27]	[Recv]	ct 1 2073308 3 5023654 -1 -1 1114

[15:49:27]	[Recv]	eff 1 2073308 15

[15:49:27]	[Recv]	rc 1 2073308 200 0

[15:49:27]	[Recv]	su 1 2073308 3 5023654 1114 7 11 4260 0 0 0 0 327071 3 0 0 5170

[15:49:27]	[Recv]	lev 99 0 99 0 2140719000 5991794 66993052 2 0 90 917705181 0

[15:49:27]	[Recv]	cond 2 4988603 0 0 15

[15:49:28]	[Send]	ptctl 5443 2 4988603 36 57 4988592 32 57 4988603 15
[15:49:28]	[Recv]	ct 3 5023659 2 4988486 -1 -1 0

[15:49:28]	[Recv]	su 3 5023659 2 4988486 0 10 11 4789 0 0 1 82 1562 3 0 13874 16921

[15:49:28]	[Recv]	ct 2 4988486 3 5023659 -1 -1 0

[15:49:28]	[Send]	ptctl 5443 2 4988603 36 58 4988592 33 57 4988603 15
[15:49:28]	[Recv]	ct 3 5023658 2 4988487 -1 -1 0

[15:49:28]	[Recv]	su 3 5023658 2 4988487 0 5 11 1061 0 0 1 98 639 0 0 37537 38176

[15:49:28]	[Recv]	eff 3 5023654 3617

[15:49:28]	[Recv]	su 2 4988486 3 5023659 0 6 11 7130 0 0 1 100 0 4 0 110906 110907

[15:49:28]	[Recv]	ct 2 4988602 3 5023657 -1 -1 0

[15:49:28]	[Recv]	su 2 4988602 3 5023657 0 11 11 4085 0 0 1 80 4943 0 0 93865 116032

[15:49:28]	[Recv]	cond 2 4988592 0 0 15

[15:49:28]	[Recv]	cond 1 2073308 0 0 21

[15:49:28]	[Recv]	cond 1 2073308 0 0 21

[15:49:28]	[Recv]	ct 3 5023678 2 4988602 -1 -1 779

[15:49:28]	[Recv]	ct 3 5023656 2 4988567 -1 -1 0

[15:49:28]	[Recv]	su 3 5023656 2 4988567 0 5 11 1061 0 0 1 91 818 0 0 16933 18613

[15:49:28]	[Recv]	ct 2 4988487 3 5023658 -1 -1 0

[15:49:28]	[Recv]	ct 2 4988567 3 5023656 -1 -1 0

[15:49:28]	[Recv]	cond 2 4988603 0 0 15

[15:49:28]	[Recv]	cond 2 4988592 0 0 15

[15:49:28]	[Send]	ncif 3 5023384
[15:49:28]	[Recv]	cond 2 4988603 0 0 15

[15:49:28]	[Recv]	cond 2 4988592 0 0 15

[15:49:28]	[Recv]	sp 414092 1000000 0 10000

[15:49:28]	[Recv]	ct 3 5023393 2 4988603 -1 -1 0

[15:49:28]	[Recv]	su 3 5023393 2 4988603 0 10 11 4789 0 0 1 92 114 0 0 17973 19451

[15:49:28]	[Recv]	ct 3 5023384 2 4988603 -1 -1 0

[15:49:28]	[Recv]	su 3 5023384 2 4988603 0 5 11 1061 0 0 1 92 114 0 0 17859 19451

[15:49:28]	[Recv]	su 2 4988487 3 5023658 0 6 11 4035 0 0 1 96 4960 0 0 121322 126282

[15:49:28]	[Recv]	eff 2 4988567 15

[15:49:28]	[Recv]	su 2 4988567 3 5023656 0 6 11 3601 0 0 1 89 4810 0 0 112816 126282

[15:49:28]	[Recv]	sr 0

[15:49:28]	[Recv]	st 3 5023384 99 0 17 100 22024 2828 126282 2828 0

[15:49:28]	[Send]	u_s 0 3 5023384
[15:49:28]	[Send]	ptctl 5443 1 4988592 31 52 4988592 15
[15:49:28]	[Recv]	eff 1 2073308 869

[15:49:28]	[Recv]	cond 1 2073308 0 0 21

[15:49:28]	[Recv]	cond 1 2073308 0 0 21

[15:49:28]	[Recv]	ct 1 2073308 3 5023384 -1 -1 1114

[15:49:28]	[Recv]	eff 1 2073308 15

[15:49:28]	[Recv]	rc 1 2073308 47 0

[15:49:28]	[Recv]	su 1 2073308 3 5023384 1114 7 11 4260 0 0 0 0 272046 3 0 0 126282

[15:49:28]	[Recv]	lev 99 0 99 0 2140719000 5991794 66993052 2 0 90 917705181 0

[15:49:28]	[Recv]	cond 2 4988592 0 0 15

[15:49:28]	[Send]	suctl 5443 1 4988603 3 5023384
[15:49:29]	[Send]	ptctl 5443 2 4988603 41 58 4988592 37 56 4988603 15
[15:49:29]	[Recv]	ct 2 4988486 3 5023659 -1 -1 0

[15:49:29]	[Send]	ptctl 5443 2 4988603 42 58 4988592 38 56 4988603 15
[15:49:29]	[Recv]	su 2 4988486 3 5023659 0 6 11 7130 0 0 1 100 1 0 0 110905 110907

[15:49:29]	[Recv]	st 2 5022311 95 0 100 100 92286 184572 92286 184572 0

[15:49:29]	[Recv]	cond 1 2073308 0 0 21

[15:49:29]	[Recv]	cond 1 2073308 0 0 21

[15:49:29]	[Send]	ptctl 5443 1 4988592 39 56 4988592 15
[15:49:29]	[Recv]	cond 2 4988603 0 0 15

[15:49:29]	[Recv]	cond 2 4988592 0 0 15

[15:49:29]	[Recv]	ct 3 5023658 2 4988487 -1 -1 0

[15:49:29]	[Recv]	su 3 5023658 2 4988487 0 5 11 1061 0 0 1 96 624 0 0 36913 38176

[15:49:29]	[Recv]	ct 2 4988487 3 5023658 -1 -1 0

[15:49:29]	[Recv]	ct 2 4988567 3 5023656 -1 -1 0

[15:49:29]	[Recv]	sr 1

[15:49:29]	[Recv]	cond 1 2073308 0 0 21

[15:49:29]	[Recv]	cond 1 2073308 0 0 21

[15:49:29]	[Recv]	sr 8

[15:49:29]	[Recv]	cond 2 4988603 0 0 15

[15:49:29]	[Recv]	cond 2 4988592 0 0 15

[15:49:29]	[Recv]	ct 3 5023656 2 4988567 -1 -1 0

[15:49:29]	[Recv]	su 3 5023656 2 4988567 0 5 11 1061 0 0 1 86 836 0 0 16097 18613

[15:49:29]	[Recv]	ct 3 5023387 2 4988592 -1 -1 0

[15:49:29]	[Recv]	su 3 5023387 2 4988592 0 10 11 4789 0 0 1 81 255 0 0 46830 57771

[15:49:29]	[Recv]	su 2 4988487 3 5023658 0 6 11 4035 0 0 1 96 0 1 0 121322 126282

[15:49:29]	[Recv]	su 2 4988567 3 5023656 0 6 11 3601 0 0 1 89 0 4 0 112816 126282

[15:49:29]	[Recv]	ct 2 4988602 3 5023657 -1 -1 0

[15:49:29]	[Recv]	su 2 4988602 3 5023657 0 11 11 4085 0 0 1 80 0 4 0 93865 116032

[15:49:29]	[Recv]	st 2 5022310 95 0 100 100 92286 184572 92286 184572 0

[15:49:29]	[Recv]	st 2 5022309 95 0 100 100 92286 184572 92286 184572 0

[15:49:29]	[Recv]	sr 0

[15:49:29]	[Recv]	cond 2 4988592 0 0 15

[15:49:30]	[Recv]	ct 2 4988486 3 5023659 -1 -1 0

[15:49:30]	[Send]	ptctl 5443 1 4988603 47 58 4988603 15
[15:49:30]	[Send]	ptctl 5443 1 4988592 44 56 4988592 15
[15:49:30]	[Recv]	su 3 5023678 2 4988602 779 30 11 3617 0 0 1 94 983 0 0 16327 17310

[15:49:30]	[Recv]	dm 2 4988602 3000 1

[15:49:30]	[Recv]	ct 3 5023659 2 4988486 -1 -1 0

[15:49:30]	[Recv]	su 3 5023659 2 4988486 0 10 11 4789 0 0 1 74 1316 0 0 12558 16921

[15:49:30]	[Recv]	su 2 4988486 3 5023659 0 6 11 7130 0 0 1 97 2719 0 0 108186 110907

[15:49:30]	[Recv]	cond 2 4988603 0 0 15

[15:49:30]	[Send]	u_ts 759 60 55
[15:49:30]	[Send]	ptctl 5443 2 4988603 40 55 4988592 40 53 4988603 15
[15:49:30]	[Recv]	cond 2 4988592 0 0 15

[15:49:30]	[Send]	ptctl 5443 2 4988603 49 58 4988592 45 55 4988603 15
[15:49:30]	[Recv]	die 3 5023678 3 5023678

[15:49:30]	[Recv]	ct 2 4988487 3 5023658 -1 -1 0

[15:49:30]	[Recv]	ct 2 4988567 3 5023656 -1 -1 0

[15:49:30]	[Recv]	cond 1 2073308 0 0 21

[15:49:30]	[Recv]	cond 1 2073308 0 0 21

[15:49:30]	[Recv]	in 2 2709 4988615 60 53 2 100 100 0 0 3 2073308 0 0 -1 @ 2 -1 0 0 0 0 0 0 7549 0 0 0 8 4

[15:49:30]	[Recv]	ctl 2 4988615 0 1

[15:49:30]	[Recv]	in 2 2708 4988614 59 57 2 100 100 0 0 3 2073308 0 0 -1 Oso^polar^Grunidos 2 -1 0 0 0 0 0 0 0 0 0 0 6 3

[15:49:30]	[Recv]	ctl 2 4988614 0 1

[15:49:30]	[Recv]	in 2 670 4988544 60 54 2 100 100 0 0 3 2073308 0 0 -1 Fibi^Friggus 2 -1 0 0 0 0 0 0 0 0 0 0 5 3

[15:49:30]	[Recv]	ctl 2 4988544 0 1

[15:49:30]	[Recv]	in 2 567 4988523 61 55 2 100 100 0 0 3 2073308 0 0 -1 Hada^oval 2 -1 0 0 0 0 0 0 0 0 0 0 7 3

[15:49:30]	[Recv]	ctl 2 4988523 0 1

[15:49:30]	[Recv]	bf 1 2073308 0.1026.200 99

[15:49:30]	[Recv]	sayi 1 2073308 20 26 3 1026 0 0 0

[15:49:30]	[Recv]	team_cool 1 900

[15:49:30]	[Send]	ncif 3 5023671
[15:49:30]	[Recv]	ct 3 5023658 2 4988487 -1 -1 0

[15:49:30]	[Recv]	su 3 5023658 2 4988487 0 5 11 1061 0 0 1 95 609 0 0 36304 38176

[15:49:30]	[Recv]	sc_p 7 670 4988544 97 2987 19789695 2 2 1093 1265 70 4 70 8 559 604 523 604 576 2 67 87 77 67 50845 50845 31831 31831 0 92185200 1 Fibi^Friggus 0 5 3 30 1798 1825 0 1080

[15:49:30]	[Recv]	eff 2 4988544 3007

[15:49:30]	[Recv]	sc_p 6 2708 4988614 94 2979 150447 0 1 908 1116 696 14 90 4 460 550 428 550 375 3 65 65 75 55 38913 38913 5790 5790 0 72875950 0 Oso^polar^Grunidos 0 6 3 20 1797 1818 11 500

[15:49:30]	[Recv]	sc_p 0 2709 4988615 94 1790 11595282 1 0 1086 1264 1063 14 240 0 539 627 565 627 516 0 32 32 32 32 28975 28975 12890 12890 0 72875950 0 @ 0 8 4 28 1818 1825 201 930

[15:49:30]	[Recv]	su 2 4988487 3 5023658 0 6 11 4035 0 0 1 96 0 1 0 121322 126282

[15:49:30]	[Recv]	su 2 4988567 3 5023656 0 6 11 3601 0 0 1 89 0 4 0 112816 126282

[15:49:30]	[Recv]	cond 2 4988603 0 0 15

[15:49:30]	[Recv]	cond 2 4988592 0 0 15

[15:49:30]	[Recv]	cond 2 4988603 0 0 15

[15:49:30]	[Recv]	cond 2 4988592 0 0 15

[15:49:30]	[Send]	u_s 0 3 5023671
[15:49:30]	[Send]	ptctl 5443 1 4988603 47 58 4988603 15
[15:49:30]	[Send]	suctl 5443 1 4988603 3 5023671
[15:49:30]	[Send]	ptctl 5443 1 4988592 48 55 4988592 15
[15:49:30]	[Recv]	eff 3 5023678 3617

[15:49:30]	[Recv]	ct 3 5023656 2 4988567 -1 -1 0

[15:49:30]	[Recv]	su 3 5023656 2 4988567 0 5 11 1061 0 0 1 82 824 0 0 15273 18613

[15:49:30]	[Recv]	cond 1 2073308 0 0 21

[15:49:30]	[Recv]	cond 1 2073308 0 0 21

[15:49:30]	[Recv]	st 3 5023671 99 0 100 100 126282 2828 126282 2828 0

[15:49:31]	[Recv]	ct 2 4988486 3 5023659 -1 -1 0

[15:49:31]	[Recv]	ct 2 4988602 3 5023657 -1 -1 0

[15:49:31]	[Recv]	su 2 4988602 3 5023657 0 11 11 4085 0 0 1 80 0 4 0 93865 116032

[15:49:31]	[Recv]	sayi 1 2073308 20 22 3 4126 0 0 0

[15:49:31]	[Recv]	bf 1 2073308 0.4126.0 99

[15:49:31]	[Recv]	cond 1 2073308 0 0 21

[15:49:31]	[Recv]	cond 1 2073308 0 0 21

[15:49:31]	[Recv]	ct 2 4988523 3 5023673 -1 -1 0

[15:49:31]	[Recv]	ct 2 4988615 3 5023670 -1 -1 0

[15:49:31]	[Recv]	su 2 4988615 3 5023670 0 10 11 7548 0 0 1 96 4018 0 0 106889 110907

[15:49:31]	[Recv]	su 2 4988486 3 5023659 0 6 11 7130 0 0 1 97 0 4 0 108186 110907

[15:49:31]	[Recv]	st 2 5022311 95 0 100 100 92286 184572 92286 184572 0

[15:49:31]	[Recv]	ct 1 2073308 3 5023671 -1 -1 1114

[15:49:31]	[Recv]	eff 1 2073308 15

[15:49:31]	[Recv]	su 1 2073308 3 5023671 1114 7 11 4260 0 0 1 35 81816 0 0 44466 126282

[15:49:31]	[Recv]	cond 2 4988603 0 0 15

[15:49:31]	[Recv]	eff 2 4988603 5005

[15:49:31]	[Send]	ptctl 5443 2 4988603 49 60 4988592 49 58 4988603 15
[15:49:31]	[Recv]	su 2 4988523 3 5023673 0 10 11 4742 0 0 1 100 1 0 0 126281 126282

[15:49:31]	[Recv]	ct 2 4988487 3 5023658 -1 -1 0

[15:49:31]	[Recv]	ct 2 4988567 3 5023656 -1 -1 0

[15:49:31]	[Recv]	cond 2 4988592 0 0 15

[15:49:31]	[Recv]	cond 1 2073308 0 0 21

[15:49:31]	[Recv]	cond 1 2073308 0 0 21

[15:49:31]	[Send]	ncif 3 5023671
[15:49:31]	[Recv]	ct 2 4988544 3 5023672 -1 -1 0

[15:49:31]	[Recv]	su 2 4988487 3 5023658 0 6 11 4035 0 0 1 92 4963 0 0 116359 126282

[15:49:31]	[Recv]	su 2 4988567 3 5023656 0 6 11 3601 0 0 1 86 3811 0 0 109005 126282

[15:49:31]	[Recv]	ct 2 4988603 3 5023671 -1 -1 0

[15:49:31]	[Recv]	su 2 4988603 3 5023671 0 12 11 8360 0 0 1 28 8745 0 0 35721 126282

[15:49:31]	[Recv]	st 2 5022310 95 0 100 100 92286 184572 92286 184572 0

[15:49:31]	[Recv]	st 2 5022309 95 0 100 100 92286 184572 92286 184572 0

[15:49:31]	[Recv]	cond 2 4988603 0 0 15

[15:49:31]	[Recv]	cond 2 4988592 0 0 15

[15:49:31]	[Send]	ptctl 5443 1 4988592 53 57 4988592 15
[15:49:31]	[Recv]	st 3 5023671 99 0 28 100 35721 2828 126282 2828 0

[15:49:31]	[Recv]	eff 3 5023665 4799

[15:49:31]	[Recv]	ct 3 5023658 2 4988487 -1 -1 0

[15:49:31]	[Recv]	su 3 5023658 2 4988487 0 5 11 1061 0 0 1 93 625 0 0 35679 38176

[15:49:31]	[Recv]	su 2 4988544 3 5023672 0 2 11 4398 0 0 1 95 4860 0 0 111172 116032

[15:49:31]	[Recv]	cond 2 4988592 0 0 15

[15:49:31]	[Send]	u_s 0 3 5023671
[15:49:31]	[Recv]	sr 0

[15:49:31]	[Recv]	cond 1 2073308 0 0 21

[15:49:31]	[Recv]	cond 1 2073308 0 0 21

[15:49:32]	[Recv]	ct 3 5023656 2 4988567 -1 -1 0

[15:49:32]	[Recv]	su 3 5023656 2 4988567 0 5 11 1061 0 0 1 77 837 0 0 14436 18613

[15:49:32]	[Recv]	ct 2 4988486 3 5023659 -1 -1 0

[15:49:32]	[Send]	suctl 5443 1 4988603 3 5023671
[15:49:32]	[Recv]	ct 1 2073308 3 5023671 -1 -1 1114

[15:49:32]	[Recv]	eff 1 2073308 15

[15:49:32]	[Recv]	su 1 2073308 3 5023671 1114 7 11 4260 0 0 0 0 82157 0 0 0 126282

[15:49:32]	[Recv]	lev 99 0 99 0 2140719000 5991794 66993052 2 0 90 917705181 0

[15:49:32]	[Recv]	ct 3 5023673 2 4988523 -1 -1 767

[15:49:32]	[Recv]	in 3 804 5023829 61 57 2 100 100 0 0 0 -1 0 0 -1 - 0 -1 0 0 0 0 0 0 0 0 0 0 0 0

[15:49:32]	[Recv]	su 3 5023673 3 5023673 767 100 11 7287 0 0 1 100 0 -1 0 126281 126282

[15:49:32]	[Recv]	su 2 4988486 3 5023659 0 6 11 7130 0 0 1 97 1 0 0 108185 110907

[15:49:32]	[Recv]	eff 2 5022311 7739

[15:49:32]	[Recv]	eff 3 5023660 4799

[15:49:32]	[Recv]	ct 3 5023659 2 4988486 -1 -1 0

[15:49:32]	[Recv]	su 3 5023659 2 4988486 0 10 11 4789 0 0 1 64 1594 3 0 10964 16921

[15:49:32]	[Recv]	ct 2 4988487 3 5023658 -1 -1 0

[15:49:32]	[Recv]	ct 2 4988567 3 5023656 -1 -1 0

[15:49:32]	[Recv]	ct 2 4988602 3 5023657 -1 -1 0

[15:49:32]	[Recv]	su 2 4988602 3 5023657 0 11 11 4085 0 0 1 80 0 4 0 93865 116032

[15:49:32]	[Send]	ptctl 5443 2 4988603 54 60 4988592 57 57 4988603 15
[15:49:32]	[Recv]	ct 3 5023670 2 4988615 -1 -1 0

[15:49:32]	[Recv]	su 3 5023670 2 4988615 0 10 11 4789 0 0 1 96 964 0 0 28011 28975

[15:49:32]	[Recv]	ct 2 4988544 3 5023672 -1 -1 0

[15:49:32]	[Recv]	su 2 4988487 3 5023658 0 6 11 4035 0 0 1 82 12607 3 0 103752 126282

[15:49:32]	[Recv]	su 2 4988567 3 5023656 0 6 11 3601 0 0 1 83 3891 0 0 105114 126282

[15:49:32]	[Recv]	eff 2 5022310 7739

[15:49:32]	[Recv]	eff 2 5022309 7739

[15:49:32]	[Recv]	cond 1 2073308 0 0 21

[15:49:32]	[Recv]	cond 1 2073308 0 0 21

[15:49:32]	[Recv]	cond 2 4988603 0 0 15

[15:49:32]	[Recv]	cond 2 4988592 0 0 15

[15:49:32]	[Send]	ncif 3 5023673
[15:49:32]	[Recv]	su 2 4988544 3 5023672 0 10 11 4398 0 0 1 91 4771 0 0 106401 116032

[15:49:32]	[Recv]	sr 0

[15:49:32]	[Recv]	st 3 5023673 99 0 100 100 126281 2828 126282 2828 0

[15:49:33]	[Recv]	ct 3 5023658 2 4988487 -1 -1 0

[15:49:33]	[Recv]	su 3 5023658 2 4988487 0 5 11 1061 0 0 1 91 645 0 0 35034 38176

[15:49:33]	[Recv]	ct 2 4988486 3 5023659 -1 -1 0

[15:49:33]	[Send]	u_s 1 3 5023673
[15:49:33]	[Recv]	ct 3 5023656 2 4988567 -1 -1 0

[15:49:33]	[Recv]	su 3 5023656 2 4988567 0 5 11 1061 0 0 1 73 856 0 0 13580 18613

[15:49:33]	[Recv]	su 2 4988486 3 5023659 0 6 11 7130 0 0 1 95 2704 0 0 105481 110907

[15:49:33]	[Recv]	st 2 5022311 95 0 100 100 92286 184572 92286 184572 0

[15:49:33]	[Recv]	cond 1 2073308 0 0 21

[15:49:33]	[Recv]	cond 1 2073308 0 0 21

[15:49:33]	[Recv]	ct 3 5023673 2 4988523 -1 -1 0

[15:49:33]	[Recv]	su 3 5023673 2 4988523 0 5 11 1061 0 0 1 66 1505 0 0 2863 4368

[15:49:33]	[Recv]	ct 2 4988615 3 5023670 -1 -1 0

[15:49:33]	[Recv]	su 2 4988615 3 5023670 0 12 11 7548 0 0 1 83 14764 3 0 92125 110907

[15:49:33]	[Recv]	ct 2 4988487 3 5023658 -1 -1 0

[15:49:33]	[Recv]	ct 2 4988567 3 5023656 -1 -1 0

[15:49:33]	[Recv]	ms_c 0

[15:49:33]	[Recv]	qslot 0 1.1.1 1.1.2 1.1.3 1.1.4 1.1.5 1.1.6 1.1.7 1.1.9 1.1.8 1.1.10 0.1.45 0.2.21 0.1.76 1.1.38 1.3.12 0.1.34 0.1.87 0.-1.-1 0.1.84 0.1.43 1.3.11 1.1.42 1.1.41 1.3.976 0.-1.-1 0.1.70 0.2.143 0.2.25 0.2.27 0.2.26

[15:49:33]	[Recv]	qslot 1 0.-1.-1 0.-1.-1 0.-1.-1 0.-1.-1 0.-1.-1 0.-1.-1 0.-1.-1 0.-1.-1 0.-1.-1 0.-1.-1 0.1.-1 0.1.-1 1.1.41 1.1.42 0.-1.-1 7.7.-1 7.7.-1 7.7.-1 7.7.-1 0.-1.-1 0.-1.-1 0.-1.-1 0.-1.-1 0.-1.-1 0.-1.-1 0.-1.-1 0.-1.-1 0.-1.-1 0.-1.-1 0.-1.-1

[15:49:33]	[Send]	ptctl 5443 2 4988603 55 60 4988592 62 58 4988603 15
[15:49:33]	[Send]	suctl 5443 1 4988603 3 5023673
[15:49:33]	[Send]	pulse 6900 0
[15:49:33]	[Recv]	ct 1 2073308 3 5023673 14 4263 1115

[15:49:33]	[Recv]	cond 2 4988603 0 0 15

[15:49:33]	[Recv]	cond 2 4988592 0 0 15

[15:49:33]	[Recv]	umi 5060.339 5676.-1 5797.-1 13459.-2

[15:49:33]	[Recv]	ct 2 4988523 3 5023673 -1 -1 0

[15:49:33]	[Recv]	ct 2 4988614 3 5023829 -1 -1 0

[15:49:33]	[Recv]	su 2 4988614 3 5023829 0 7 11 7538 0 0 0 0 7299 0 0 0 5170

[15:49:33]	[Recv]	lev 99 0 99 0 2140719000 5991794 66993052 2 0 90 917705181 0

[15:49:33]	[Recv]	su 2 4988487 3 5023658 0 6 11 4035 0 0 1 78 4952 0 0 98800 126282

[15:49:33]	[Recv]	su 2 4988567 3 5023656 0 6 11 3601 0 0 1 83 0 4 0 105114 126282

[15:49:33]	[Recv]	st 2 5022310 95 0 100 100 92286 184572 92286 184572 0

[15:49:33]	[Recv]	st 2 5022309 95 0 100 100 92286 184572 92286 184572 0

[15:49:33]	[Recv]	eff 2 4988603 5005

[15:49:33]	[Recv]	eff 1 2073308 869

[15:49:33]	[Send]	ncif 3 5023673
[15:49:33]	[Recv]	su 2 4988523 3 5023673 0 11 11 4742 0 0 1 100 0 4 0 126281 126282

[15:49:33]	[Recv]	ct 2 4988602 3 5023657 -1 -1 0

[15:49:33]	[Recv]	su 2 4988602 3 5023657 0 11 11 4085 0 0 1 76 4937 0 0 88928 116032

[15:49:33]	[Recv]	eff 1 2073308 15

[15:49:33]	[Recv]	su 1 2073308 3 5023673 1115 70 12 4264 0 0 0 0 275825 3 0 0 126282

[15:49:33]	[Recv]	in 3 2371 5023984 51 59 2 100 100 0 0 0 -1 0 0 -1 - 0 -1 0 0 0 0 0 0 0 0 0 0 0 0

[15:49:33]	[Recv]	guri 31 1 2073308 51 59

[15:49:33]	[Recv]	lev 99 0 99 0 2140719000 5991794 66993052 2 0 90 917705181 0

[15:49:33]	[Recv]	mslot 1127 -1

[15:49:33]	[Recv]	qset 0 0 1.1.13.0

[15:49:34]	[Recv]	eff 3 5023829 3617

[15:49:34]	[Recv]	ct 2 4988486 3 5023659 -1 -1 0

[15:49:34]	[Recv]	ct 2 4988603 3 5023673 -1 -1 0

[15:49:34]	[Recv]	su 2 4988603 2 4988603 0 12 11 8360 0 0 1 92 0 2 0 17859 19451

[15:49:34]	[Send]	suctl 5443 1 4988592 3 5023673
[15:49:34]	[Recv]	ct 3 5023658 2 4988487 -1 -1 0

[15:49:34]	[Recv]	su 3 5023658 2 4988487 0 5 11 1061 0 0 1 90 645 0 0 34389 38176

[15:49:34]	[Recv]	su 2 4988486 3 5023659 0 6 11 7130 0 0 1 95 0 4 0 105481 110907

[15:49:34]	[Send]	ncif 3 5023672
[15:49:34]	[Send]	u_s 13 3 5023672
[15:49:34]	[Recv]	ct 3 5023656 2 4988567 -1 -1 0

[15:49:34]	[Recv]	su 3 5023656 2 4988567 0 5 11 1061 0 0 1 68 823 0 0 12757 18613

[15:49:34]	[Recv]	ct 2 4988487 3 5023658 -1 -1 0

[15:49:34]	[Recv]	ct 2 4988567 3 5023656 -1 -1 0

[15:49:34]	[Recv]	st 3 5023672 99 0 91 100 106401 2828 116032 2828 0

[15:49:34]	[Recv]	sp 414080 1000000 0 10000

[15:49:34]	[Recv]	ct 3 5023659 2 4988486 -1 -1 0

[15:49:34]	[Recv]	su 3 5023659 2 4988486 0 10 11 4789 0 0 1 57 1268 0 0 9696 16921

[15:49:34]	[Recv]	su 2 4988487 3 5023658 0 6 11 4035 0 0 1 74 4960 0 0 93840 126282

[15:49:34]	[Recv]	eff 2 4988567 15

[15:49:34]	[Recv]	su 2 4988567 3 5023656 0 6 11 3601 0 0 1 79 4816 0 0 100298 126282

[15:49:34]	[Recv]	ms_c 0

[15:49:34]	[Recv]	qslot 0 1.1.1 1.1.2 1.1.3 1.1.4 1.1.5 1.1.6 1.1.7 1.1.9 1.1.8 1.1.10 0.1.45 0.2.21 0.1.76 1.1.38 1.3.12 0.1.34 0.1.87 0.-1.-1 0.1.84 0.1.43 1.3.11 1.1.42 1.1.41 1.3.976 0.-1.-1 0.1.70 0.2.143 0.2.25 0.2.27 0.2.26

[15:49:34]	[Recv]	qslot 1 0.-1.-1 0.-1.-1 0.-1.-1 0.-1.-1 0.-1.-1 0.-1.-1 0.-1.-1 0.-1.-1 0.-1.-1 0.-1.-1 0.1.-1 0.1.-1 1.1.41 1.1.42 0.-1.-1 7.7.-1 7.7.-1 7.7.-1 7.7.-1 0.-1.-1 0.-1.-1 0.-1.-1 0.-1.-1 0.-1.-1 0.-1.-1 0.-1.-1 0.-1.-1 0.-1.-1 0.-1.-1 0.-1.-1

[15:49:34]	[Recv]	sr 5

[15:49:34]	[Recv]	ct 1 2073308 3 5023672 -1 -1 1127

[15:49:34]	[Recv]	su 1 2073308 3 5023672 1127 100 22 4284 0 0 1 66 29063 0 0 77338 116032

[15:49:34]	[Recv]	bf 3 5023672 0.572.120 99

[15:49:34]	[Recv]	bf 1 2073308 0.4126.100 99

[15:49:34]	[Recv]	sayi 1 2073308 20 26 3 4126 0 0 0

[15:49:34]	[Send]	suctl 5443 1 4988603 3 5023672
[15:49:34]	[Recv]	die 3 5023984 3 5023984

[15:49:34]	[Recv]	ct 3 5023670 2 4988615 -1 -1 0

[15:49:34]	[Recv]	su 3 5023670 2 4988615 0 10 11 4789 0 0 1 93 969 3 0 27042 28975

[15:49:34]	[Recv]	sc_p 8 567 4988523 1 2977 0 1 0 461 468 254 10 150 0 198 31 197 31 193 2 12 12 12 12 2863 4368 4224 4224 0 15 0 Hada^oval 0 7 3 30 1819 1797 0 1080

[15:49:34]	[Recv]	eff 2 4988603 5005

[15:49:35]	[Send]	u_s 13 3 5023672
[15:49:35]	[Recv]	ct 2 4988486 3 5023659 -1 -1 0

[15:49:35]	[Send]	ptctl 5443 2 4988603 50 62 4988592 57 58 4988603 15
[15:49:35]	[Recv]	cancel 0 13 -1

[15:49:35]	[Send]	u_s 0 3 5023672
[15:49:35]	[Recv]	su 2 4988486 3 5023659 0 6 11 7130 0 0 1 92 2692 0 0 102789 110907

[15:49:35]	[Recv]	st 2 5022311 95 0 100 100 92286 184572 92286 184572 0

[15:49:35]	[Recv]	cond 2 4988603 0 0 15

[15:49:35]	[Recv]	cond 2 4988592 0 0 15

[15:49:35]	[Send]	ptctl 5443 1 4988592 60 57 4988592 15
[15:49:35]	[Send]	ncif 3 5023672
[15:49:35]	[Recv]	ct 3 5023658 2 4988487 -1 -1 0

[15:49:35]	[Recv]	su 3 5023658 2 4988487 0 5 11 1061 0 0 1 88 612 0 0 33777 38176

[15:49:35]	[Recv]	ct 2 4988544 3 5023672 -1 -1 0

[15:49:35]	[Recv]	ct 2 4988487 3 5023658 -1 -1 0

[15:49:35]	[Recv]	ct 2 4988567 3 5023656 -1 -1 0

[15:49:35]	[Recv]	ct 1 2073308 3 5023672 -1 -1 1114

[15:49:35]	[Recv]	su 1 2073308 3 5023672 1114 7 11 4260 0 0 0 0 99751 3 0 0 116032

[15:49:35]	[Recv]	lev 99 0 99 0 2140719000 5991794 66993052 2 0 90 917705181 0

[15:49:35]	[Recv]	cond 2 4988592 0 0 15

[15:49:35]	[Send]	suctl 5443 1 4988592 3 5023672
[15:49:35]	[Recv]	ct 3 5023656 2 4988567 -1 -1 0

[15:49:35]	[Recv]	su 3 5023656 2 4988567 0 5 11 1061 0 0 1 64 845 0 0 11912 18613

[15:49:35]	[Recv]	su 2 4988544 2 4988544 0 10 11 4398 0 0 1 100 0 2 0 50845 50845

[15:49:35]	[Recv]	eff 2 4988544 3007

[15:49:35]	[Recv]	su 2 4988487 3 5023658 0 6 11 4035 0 0 1 74 0 1 0 93840 126282

[15:49:35]	[Recv]	su 2 4988567 3 5023656 0 6 11 3601 0 0 1 79 0 4 0 100298 126282

[15:49:35]	[Recv]	ct 2 4988602 3 5023657 -1 -1 0

[15:49:35]	[Recv]	su 2 4988602 3 5023657 0 11 11 4085 0 0 1 72 4938 0 0 83990 116032

[15:49:35]	[Recv]	st 2 5022310 95 0 100 100 92286 184572 92286 184572 0

[15:49:35]	[Recv]	st 2 5022309 95 0 100 100 92286 184572 92286 184572 0

[15:49:35]	[Send]	ptctl 5443 2 4988603 49 61 4988592 55 59 4988603 15
[15:49:35]	[Recv]	cond 1 2073308 0 0 21

[15:49:35]	[Recv]	cond 1 2073308 0 0 21

[15:49:35]	[Send]	ptctl 5443 2 4988603 51 63 4988592 54 57 4988603 15
[15:49:36]	[Recv]	cond 2 4988603 0 0 15

[15:49:36]	[Recv]	cond 2 4988592 0 0 15

[15:49:36]	[Recv]	ct 2 4988615 3 5023670 -1 -1 0

[15:49:36]	[Recv]	su 2 4988615 3 5023670 0 12 11 7548 0 0 1 83 1 0 0 92124 110907

[15:49:36]	[Recv]	ct 2 4988486 3 5023659 -1 -1 0

[15:49:36]	[Recv]	cond 2 4988603 0 0 15

[15:49:36]	[Recv]	cond 2 4988592 0 0 15

[15:49:36]	[Send]	ncif 3 5023393
[15:49:36]	[Recv]	sr 0

[15:49:36]	[Recv]	st 3 5023393 99 0 100 100 110907 2828 110907 2828 0

[15:49:36]	[Recv]	su 2 4988486 3 5023659 0 6 11 7130 0 0 1 90 2691 0 0 100098 110907

[15:49:36]	[Recv]	sc_p 170 1548 4988592 96 556 24139864 0 0 1889 2049 1289 19 90 9 975 627 958 627 866 3 90 90 110 80 46830 57771 18100 18100 1 84982200 0 @ 0 0 6 60 1831 1798 0 100

[15:49:36]	[Send]	u_s 0 3 5023393
[15:49:36]	[Send]	suctl 5443 1 4988603 3 5023393
[15:49:36]	[Recv]	ct 2 4988614 3 5023669 -1 -1 0

[15:49:36]	[Recv]	su 2 4988614 3 5023669 0 15 11 7538 0 0 1 100 0 1 0 110907 110907

[15:49:36]	[Recv]	ct 2 4988487 3 5023658 -1 -1 0

[15:49:36]	[Recv]	ct 2 4988567 3 5023656 -1 -1 0

[15:49:36]	[Recv]	cond 1 2073308 0 0 21

[15:49:36]	[Recv]	cond 1 2073308 0 0 21

[15:49:36]	[Recv]	ct 3 5023658 2 4988487 -1 -1 0

[15:49:36]	[Recv]	su 3 5023658 2 4988487 0 5 11 1061 0 0 1 87 626 0 0 33151 38176

[15:49:36]	[Recv]	ct 2 4988523 3 5023670 -1 -1 0

[15:49:36]	[Recv]	su 2 4988487 3 5023658 0 6 11 4035 0 0 1 74 0 1 0 93840 126282

[15:49:36]	[Recv]	su 2 4988567 3 5023656 0 6 11 3601 0 0 1 79 0 4 0 100298 126282

[15:49:36]	[Recv]	ct 1 2073308 3 5023393 -1 -1 1114

[15:49:36]	[Recv]	su 1 2073308 3 5023393 1114 7 11 4260 0 0 1 100 0 4 0 110907 110907

[15:49:36]	[Recv]	eff 2 4988603 5005

[15:49:36]	[Send]	ptctl 5443 1 4988592 49 55 4988592 15
[15:49:36]	[Send]	ptctl 5443 2 4988603 46 63 4988592 48 57 4988603 15
[15:49:36]	[Recv]	ct 3 5023669 2 4988614 -1 -1 0

[15:49:36]	[Recv]	su 3 5023669 2 4988614 0 10 11 4789 0 0 1 98 437 0 0 38476 38913

[15:49:36]	[Recv]	eff 3 5023665 4799

[15:49:36]	[Recv]	ct 3 5023659 2 4988486 -1 -1 0

[15:49:36]	[Recv]	su 3 5023659 2 4988486 0 10 11 4789 0 0 1 49 1374 0 0 8322 16921

[15:49:36]	[Recv]	ct 3 5023657 2 5022309 -1 -1 0

[15:49:36]	[Recv]	su 3 5023657 2 5022309 0 15 11 4806 0 0 1 99 598 0 0 91688 92286

[15:49:36]	[Recv]	ct 3 5023656 2 4988567 -1 -1 0

[15:49:36]	[Recv]	su 3 5023656 2 4988567 0 5 11 1061 0 0 1 59 849 0 0 11063 18613

[15:49:36]	[Recv]	su 2 4988523 3 5023670 0 11 11 4742 0 0 1 83 1 0 0 92123 110907

[15:49:36]	[Recv]	cond 2 4988592 0 0 15

[15:49:36]	[Recv]	cond 1 2073308 0 0 21

[15:49:36]	[Recv]	cond 1 2073308 0 0 21

[15:49:37]	[Send]	ptctl 5443 2 4988603 45 63 4988592 47 57 4988603 15
[15:49:37]	[Recv]	ct 3 5023670 2 4988615 -1 -1 0

[15:49:37]	[Recv]	su 3 5023670 2 4988615 0 10 11 4789 0 0 1 90 931 0 0 26111 28975

[15:49:37]	[Recv]	ct 2 4988486 3 5023659 -1 -1 0

[15:49:37]	[Recv]	ct 2 4988602 3 5023657 -1 -1 0

[15:49:37]	[Recv]	su 2 4988602 3 5023657 0 11 11 4085 0 0 1 68 4933 0 0 79057 116032

[15:49:37]	[Recv]	ct 2 4988603 3 5023393 -1 -1 0

[15:49:37]	[Recv]	eff 2 4988603 15

[15:49:37]	[Recv]	su 2 4988603 3 5023393 0 12 11 8360 0 0 1 86 14512 0 0 96395 110907

[15:49:37]	[Recv]	cond 2 4988603 0 0 15

[15:49:37]	[Recv]	cond 2 4988592 0 0 15

[15:49:37]	[Send]	ncif 3 5023393
[15:49:37]	[Recv]	cond 2 4988603 0 0 15

[15:49:37]	[Recv]	cond 2 4988592 0 0 15

[15:49:37]	[Recv]	su 2 4988486 3 5023659 0 6 11 7130 0 0 1 87 2716 0 0 97382 110907

[15:49:37]	[Recv]	st 2 5022311 95 0 100 100 92286 184572 92286 184572 0

[15:49:37]	[Recv]	eff 2 5022311 7739

[15:49:37]	[Recv]	st 3 5023393 99 0 86 100 96395 2828 110907 2828 0

[15:49:37]	[Send]	u_s 0 3 5023393
[15:49:37]	[Send]	ptctl 5443 1 4988592 50 55 4988592 15
[15:49:37]	[Recv]	sr 0

[15:49:37]	[Recv]	eff 3 5023660 4799

[15:49:37]	[Recv]	ct 3 5023393 2 4988592 -1 -1 0

[15:49:37]	[Recv]	su 3 5023393 2 4988592 0 10 11 4789 0 0 1 81 49 0 0 46781 57771

[15:49:37]	[Recv]	ct 3 5023387 2 4988592 -1 -1 0

[15:49:37]	[Recv]	su 3 5023387 2 4988592 0 10 11 4789 0 0 1 80 254 0 0 46527 57771

[15:49:37]	[Recv]	ct 2 4988487 3 5023658 -1 -1 0

[15:49:37]	[Recv]	ct 2 4988567 3 5023656 -1 -1 0

[15:49:37]	[Recv]	cond 1 2073308 0 0 21

[15:49:37]	[Recv]	cond 1 2073308 0 0 21

[15:49:37]	[Recv]	su 2 4988487 3 5023658 0 6 11 4035 0 0 1 70 4950 0 0 88890 126282

[15:49:37]	[Recv]	su 2 4988567 3 5023656 0 6 11 3601 0 0 1 76 3870 0 0 96428 126282

[15:49:37]	[Recv]	st 2 5022310 95 0 100 100 92286 184572 92286 184572 0

[15:49:37]	[Recv]	eff 2 5022310 7739

[15:49:37]	[Recv]	st 2 5022309 95 0 99 100 91688 184572 92286 184572 0

[15:49:37]	[Recv]	eff 2 5022309 7739

[15:49:37]	[Recv]	ct 1 2073308 3 5023393 -1 -1 1114

[15:49:37]	[Recv]	eff 1 2073308 15

[15:49:37]	[Recv]	su 1 2073308 3 5023393 1114 7 11 4260 0 0 0 0 251202 3 0 0 110907

[15:49:37]	[Recv]	lev 99 0 99 0 2140719000 5991794 66993052 2 0 90 917705181 0

[15:49:37]	[Recv]	cond 2 4988592 0 0 15

[15:49:37]	[Send]	ptctl 5443 1 4988603 49 63 4988603 15
[15:49:37]	[Send]	suctl 5443 1 4988603 3 5023393
[15:49:37]	[Send]	suctl 5443 1 4988592 3 5023393
[15:49:37]	[Recv]	ct 3 5023658 2 4988487 -1 -1 0

[15:49:37]	[Recv]	su 3 5023658 2 4988487 0 5 11 1061 0 0 1 85 631 0 0 32520 38176

[15:49:37]	[Recv]	ct 2 4988544 3 5023669 -1 -1 0

[15:49:37]	[Recv]	cond 2 4988603 0 0 15

[15:49:38]	[Send]	ptctl 5443 2 4988603 44 62 4988592 46 58 4988603 15
[15:49:38]	[Recv]	ct 3 5023656 2 4988567 -1 -1 0

[15:49:38]	[Recv]	su 3 5023656 2 4988567 0 5 11 1061 0 0 1 54 862 0 0 10201 18613

[15:49:38]	[Recv]	ct 3 5023655 2 5022309 -1 -1 0

[15:49:38]	[Recv]	su 3 5023655 2 5022309 0 10 11 4789 0 0 1 99 502 0 0 91784 92286

[15:49:38]	[Recv]	su 2 4988544 3 5023669 0 10 11 4398 0 0 1 95 5160 0 0 105747 110907

[15:49:38]	[Recv]	ct 2 4988486 3 5023659 -1 -1 0

[15:49:38]	[Recv]	cond 1 2073308 0 0 21

[15:49:38]	[Recv]	cond 1 2073308 0 0 21

[15:49:38]	[Send]	ptctl 5443 2 4988603 43 62 4988592 45 58 4988603 15
[15:49:38]	[Recv]	ct 3 5023664 1 2073308 -1 -1 0

[15:49:38]	[Recv]	su 3 5023664 1 2073308 0 10 11 7200 0 0 1 100 0 4 0 96297 96297

[15:49:38]	[Recv]	su 2 4988486 3 5023659 0 6 11 7130 0 0 1 87 0 4 0 97382 110907

[15:49:38]	[Recv]	cond 2 4988603 0 0 15

[15:49:38]	[Recv]	cond 2 4988592 0 0 15

[15:49:38]	[Recv]	sr 0

[15:49:38]	[Recv]	cond 2 4988603 0 0 15

[15:49:38]	[Recv]	cond 2 4988592 0 0 15

[15:49:38]	[Recv]	ct 2 4988487 3 5023658 -1 -1 0

[15:49:38]	[Recv]	ct 2 4988567 3 5023656 -1 -1 0

[15:49:38]	[Recv]	ct 2 4988602 3 5023657 -1 -1 0

[15:49:38]	[Recv]	su 2 4988602 3 5023657 0 11 11 4085 0 0 1 63 4970 0 0 74087 116032

[15:49:38]	[Recv]	eff 3 5023661 5000

[15:49:38]	[Recv]	ct 2 4988615 3 5023670 -1 -1 0

[15:49:38]	[Recv]	su 2 4988615 3 5023670 0 12 11 7548 0 0 1 79 3925 0 0 88198 110907

[15:49:38]	[Recv]	su 2 4988487 3 5023658 0 6 11 4035 0 0 1 70 0 1 0 88890 126282

[15:49:38]	[Recv]	su 2 4988567 3 5023656 0 6 11 3601 0 0 1 73 3828 0 0 92600 126282

[15:49:38]	[Recv]	eff 1 2073308 869

[15:49:38]	[Send]	ptctl 5443 2 4988603 39 63 4988592 41 57 4988603 15
[15:49:38]	[Recv]	cond 1 2073308 0 0 21

[15:49:38]	[Recv]	cond 1 2073308 0 0 21

[15:49:39]	[Recv]	ct 3 5023669 2 4988614 -1 -1 0

[15:49:39]	[Recv]	su 3 5023669 2 4988614 0 10 11 4789 0 0 1 96 1020 0 0 37456 38913

[15:49:39]	[Recv]	ct 3 5023659 2 4988486 -1 -1 0

[15:49:39]	[Recv]	su 3 5023659 2 4988486 0 10 11 4789 0 0 1 40 1503 0 0 6819 16921

[15:49:39]	[Recv]	ct 3 5023658 2 4988487 -1 -1 0

[15:49:39]	[Recv]	su 3 5023658 2 4988487 0 5 11 1061 0 0 1 83 637 0 0 31883 38176

[15:49:39]	[Recv]	ct 2 4988486 3 5023659 -1 -1 0

[15:49:39]	[Recv]	cond 2 4988603 0 0 15

[15:49:39]	[Recv]	cond 2 4988592 0 0 15

[15:49:39]	[Send]	ncif 3 5023657
[15:49:39]	[Recv]	ct 3 5023670 2 4988523 -1 -1 0

[15:49:39]	[Recv]	su 3 5023670 2 4988523 0 10 11 4789 0 0 1 9 2473 0 0 390 4368

[15:49:39]	[Recv]	ct 3 5023656 2 4988567 -1 -1 0

[15:49:39]	[Recv]	su 3 5023656 2 4988567 0 5 11 1061 0 0 1 50 800 0 0 9401 18613

[15:49:39]	[Recv]	ct 2 4988523 3 5023670 -1 -1 0

[15:49:39]	[Recv]	su 2 4988486 3 5023659 0 6 11 7130 0 0 1 85 2733 0 0 94649 110907

[15:49:39]	[Recv]	st 2 5022311 95 0 100 100 92286 184572 92286 184572 0

[15:49:39]	[Recv]	st 3 5023657 99 0 63 100 74087 2828 116032 2828 0

[15:49:39]	[Recv]	su 2 4988523 3 5023670 0 11 11 4742 0 0 1 79 0 4 0 88198 110907

[15:49:39]	[Recv]	ct 2 4988487 3 5023658 -1 -1 0

[15:49:39]	[Recv]	ct 2 4988567 3 5023656 -1 -1 0

[15:49:39]	[Send]	ptctl 5443 1 4988592 36 57 4988592 15
[15:49:39]	[Recv]	sp 414070 1000000 0 10000

[15:49:39]	[Recv]	ct 2 4988614 3 5023669 -1 -1 0

[15:49:39]	[Recv]	su 2 4988614 3 5023669 0 15 11 7538 0 0 1 87 8508 0 0 97239 110907

[15:49:39]	[Recv]	su 2 4988487 3 5023658 0 6 11 4035 0 0 1 70 0 1 0 88890 126282

[15:49:39]	[Recv]	su 2 4988567 3 5023656 0 6 11 3601 0 0 1 73 0 4 0 92600 126282

[15:49:39]	[Recv]	st 2 5022310 95 0 100 100 92286 184572 92286 184572 0

[15:49:39]	[Recv]	st 2 5022309 95 0 99 100 91784 184572 92286 184572 0

[15:49:39]	[Recv]	sayi 1 2073308 20 22 3 3097 0 0 0

[15:49:39]	[Recv]	bf 1 2073308 0.3097.0 99

[15:49:39]	[Recv]	cond 2 4988592 0 0 15

[15:49:39]	[Send]	ptctl 5443 1 4988603 34 63 4988603 15
[15:49:39]	[Recv]	bf 1 2073308 0.3097.3000 94

[15:49:39]	[Recv]	sayi 1 2073308 20 26 3 3097 0 0 0

[15:49:39]	[Recv]	eff_t 2 4988603 1 2073308 4766

[15:49:39]	[Recv]	ct 2 4988602 3 5023657 -1 -1 0

[15:49:39]	[Recv]	su 2 4988602 3 5023657 0 11 11 4085 0 0 1 59 4914 0 0 69173 116032

[15:49:39]	[Recv]	cond 2 4988603 0 0 15

[15:49:40]	[Send]	ptctl 5443 1 4988592 33 57 4988592 15
[15:49:40]	[Recv]	ct 2 4988486 3 5023659 -1 -1 0

[15:49:40]	[Recv]	cond 1 2073308 0 0 21

[15:49:40]	[Recv]	cond 1 2073308 0 0 21

[15:49:40]	[Send]	u_s 0 3 5023657
[15:49:40]	[Recv]	cond 2 4988592 0 0 15

[15:49:40]	[Send]	ncif 3 5023657
[15:49:40]	[Recv]	ct 3 5023658 2 4988487 -1 -1 0

[15:49:40]	[Recv]	su 3 5023658 2 4988487 0 5 11 1061 0 0 1 82 639 0 0 31244 38176

[15:49:40]	[Recv]	ct 3 5023655 2 5022309 -1 -1 0

[15:49:40]	[Recv]	su 3 5023655 2 5022309 0 10 11 4789 0 0 1 99 532 0 0 91754 92286

[15:49:40]	[Recv]	ct 2 4988544 3 5023669 -1 -1 0

[15:49:40]	[Recv]	su 2 4988486 3 5023659 0 6 11 7130 0 0 1 85 1 0 0 94648 110907

[15:49:40]	[Recv]	cond 1 2073308 0 0 21

[15:49:40]	[Recv]	cond 1 2073308 0 0 21

[15:49:40]	[Recv]	ct 3 5023656 2 4988567 -1 -1 0

[15:49:40]	[Recv]	su 3 5023656 2 4988567 0 5 11 1061 0 0 1 45 860 0 0 8541 18613

[15:49:40]	[Recv]	su 2 4988544 3 5023669 0 10 11 4398 0 0 1 83 5182 0 0 92057 110907

[15:49:40]	[Recv]	ct 2 4988487 3 5023658 -1 -1 0

[15:49:40]	[Recv]	ct 2 4988567 3 5023656 -1 -1 0

[15:49:40]	[Recv]	ct 1 2073308 3 5023657 -1 -1 1114

[15:49:40]	[Recv]	eff 1 2073308 15

[15:49:40]	[Recv]	su 1 2073308 3 5023657 1114 7 11 4260 0 0 0 0 246826 3 0 0 116032

[15:49:40]	[Recv]	lev 99 0 99 0 2140719000 5991794 66993052 2 0 90 917705181 0

[15:49:40]	[Send]	ptctl 5443 1 4988603 31 65 4988603 15
[15:49:40]	[Send]	ptctl 5443 2 4988603 38 63 4988592 40 57 4988603 15
[15:49:40]	[Recv]	sc_p 7 670 4988544 97 2986 19789695 2 2 1093 1265 70 4 70 8 559 604 523 604 576 2 67 87 77 67 50845 50845 31831 31831 0 92185200 1 Fibi^Friggus 0 5 3 30 1798 1825 0 1080

[15:49:40]	[Recv]	eff 2 4988544 3007

[15:49:40]	[Recv]	sc_p 6 2708 4988614 94 2978 150447 0 1 908 1116 696 14 90 4 460 550 428 550 375 3 65 65 75 55 37456 38913 5790 5790 0 72875950 0 Oso^polar^Grunidos 0 6 3 20 1797 1818 11 500

[15:49:40]	[Recv]	sc_p 0 2709 4988615 94 1789 11595282 1 0 1086 1264 1063 14 240 0 539 627 565 627 516 0 32 32 32 32 26111 28975 12890 12890 0 72875950 0 @ 0 8 4 28 1818 1825 201 930

[15:49:40]	[Recv]	su 2 4988487 3 5023658 0 6 11 4035 0 0 1 70 0 1 0 88890 126282

[15:49:40]	[Recv]	su 2 4988567 3 5023656 0 6 11 3601 0 0 1 70 3881 0 0 88719 126282

[15:49:40]	[Recv]	cond 2 4988603 0 0 15

[15:49:40]	[Send]	ptctl 5443 2 4988603 38 61 4988592 41 58 4988603 15
[15:49:40]	[Recv]	cond 1 2073308 0 0 21

[15:49:40]	[Recv]	cond 1 2073308 0 0 21

[15:49:40]	[Recv]	sr 1

[15:49:40]	[Recv]	cond 2 4988603 0 0 15

[15:49:40]	[Recv]	cond 2 4988592 0 0 15

[15:49:40]	[Recv]	cond 1 2073308 0 0 21

[15:49:40]	[Recv]	cond 1 2073308 0 0 21

[15:49:41]	[Recv]	ct 3 5023664 1 2073308 -1 -1 0

[15:49:41]	[Recv]	su 3 5023664 1 2073308 0 10 11 7200 0 0 1 100 0 4 0 96297 96297

[15:49:41]	[Recv]	ct 2 4988486 3 5023659 -1 -1 0

[15:49:41]	[Recv]	cond 2 4988603 0 0 15

[15:49:41]	[Recv]	cond 2 4988592 0 0 15

[15:49:41]	[Send]	u_s 5 1 2073308
[15:49:41]	[Recv]	sr 0

[15:49:41]	[Recv]	ct 3 5023669 2 4988614 -1 -1 0

[15:49:41]	[Recv]	su 3 5023669 2 4988614 0 10 11 4789 0 0 1 96 0 1 0 37456 38913

[15:49:41]	[Recv]	ct 3 5023659 2 4988486 -1 -1 0

[15:49:41]	[Recv]	su 3 5023659 2 4988486 0 10 11 4789 0 0 1 40 0 1 0 6819 16921

[15:49:41]	[Recv]	ct 2 4988615 3 5023670 -1 -1 0

[15:49:41]	[Recv]	su 2 4988615 3 5023670 0 12 11 7548 0 0 1 79 0 4 0 88198 110907

[15:49:41]	[Recv]	su 2 4988486 3 5023659 0 6 11 7130 0 0 1 85 0 4 0 94648 110907

[15:49:41]	[Recv]	st 2 5022311 95 0 100 100 92286 184572 92286 184572 0

[15:49:41]	[Recv]	cond 1 2073308 0 0 21

[15:49:41]	[Recv]	cond 1 2073308 0 0 21

[15:49:41]	[Recv]	ms_c 0

[15:49:41]	[Recv]	qslot 0 1.1.1 1.1.2 1.1.3 1.1.4 1.1.5 1.1.6 1.1.7 1.1.9 1.1.8 1.1.10 0.1.45 0.2.21 0.1.76 1.1.38 1.3.12 0.1.34 0.1.87 0.-1.-1 0.1.84 0.1.43 1.3.11 1.1.42 1.1.41 1.3.976 0.-1.-1 0.1.70 0.2.143 0.2.25 0.2.27 0.2.26

[15:49:41]	[Recv]	qslot 1 0.-1.-1 0.-1.-1 0.-1.-1 0.-1.-1 0.-1.-1 0.-1.-1 0.-1.-1 0.-1.-1 0.-1.-1 0.-1.-1 0.1.-1 0.1.-1 1.1.41 1.1.42 0.-1.-1 7.7.-1 7.7.-1 7.7.-1 7.7.-1 0.-1.-1 0.-1.-1 0.-1.-1 0.-1.-1 0.-1.-1 0.-1.-1 0.-1.-1 0.-1.-1 0.-1.-1 0.-1.-1 0.-1.-1

[15:49:41]	[Recv]	ct 3 5023670 2 4988523 -1 -1 0

[15:49:41]	[Recv]	su 3 5023670 2 4988523 0 10 11 4789 0 0 0 0 2385 0 0 0 4368

[15:49:41]	[Recv]	ct 3 5023658 2 4988487 -1 -1 0

[15:49:41]	[Recv]	su 3 5023658 2 4988487 0 5 11 1061 0 0 1 80 622 0 0 30622 38176

[15:49:41]	[Recv]	ct 3 5023387 2 4988592 -1 -1 0

[15:49:41]	[Recv]	su 3 5023387 2 4988592 0 10 11 4789 0 0 1 80 259 0 0 46268 57771

[15:49:41]	[Recv]	ct 2 4988487 3 5023658 -1 -1 0

[15:49:41]	[Recv]	ct 2 4988567 3 5023656 -1 -1 0

[15:49:41]	[Recv]	ct 1 2073308 1 2073308 -1 -1 1119

[15:49:41]	[Recv]	bf 1 2073308 0.561.3000 99

[15:49:41]	[Recv]	bf 1 2073308 0.578.1200 99

[15:49:41]	[Recv]	bf 1 2073308 0.941.0 99

[15:49:41]	[Recv]	bf 1 2073308 0.830.60 99

[15:49:41]	[Recv]	eff 1 2073308 0

[15:49:41]	[Recv]	sayi 1 2073308 20 26 3 830 0 0 0

[15:49:41]	[Recv]	su 1 2073308 1 2073308 1119 600 25 4265 0 0 1 100 0 -1 0 96297 96297

[15:49:41]	[Recv]	ct 3 5023656 2 4988567 -1 -1 0

[15:49:41]	[Recv]	su 3 5023656 2 4988567 0 5 11 1061 0 0 1 41 810 0 0 7731 18613

[15:49:41]	[Recv]	su 2 4988487 3 5023658 0 6 11 4035 0 0 1 66 4958 0 0 83932 126282

[15:49:41]	[Recv]	su 2 4988567 3 5023656 0 6 11 3601 0 0 1 67 3828 0 0 84891 126282

[15:49:41]	[Recv]	ct 2 4988602 3 5023659 -1 -1 0

[15:49:41]	[Recv]	su 2 4988602 3 5023659 0 11 11 4085 0 0 1 82 2943 0 0 91705 110907

[15:49:41]	[Recv]	st 2 5022310 95 0 100 100 92286 184572 92286 184572 0

[15:49:41]	[Recv]	st 2 5022309 95 0 99 100 91754 184572 92286 184572 0

[15:49:41]	[Send]	ptctl 5443 1 4988603 41 58 4988603 15
[15:49:41]	[Recv]	cond 2 4988603 0 0 15

[15:49:41]	[Send]	ptctl 5443 1 4988592 42 59 4988592 15
[15:49:41]	[Recv]	eff 3 5023665 4799

[15:49:41]	[Recv]	cond 2 4988592 0 0 15

[15:49:42]	[Recv]	ct 2 4988486 3 5023659 -1 -1 0

[15:49:42]	[Recv]	su 2 4988486 3 5023659 0 6 11 7130 0 0 1 80 2702 0 0 89003 110907

[15:49:42]	[Recv]	eff 2 5022311 7739

[15:49:42]	[Recv]	eff 3 5023660 4799

[15:49:42]	[Recv]	ct 3 5023655 2 5022309 -1 -1 0

[15:49:42]	[Recv]	su 3 5023655 2 5022309 0 10 11 4789 0 0 1 99 684 3 0 91602 92286

[15:49:42]	[Recv]	ct 2 4988487 3 5023658 -1 -1 0

[15:49:42]	[Recv]	ct 2 4988567 3 5023656 -1 -1 0

[15:49:42]	[Send]	u_as 7 23 62
[15:49:42]	[Send]	ptctl 5443 2 4988603 36 60 4988592 36 60 4988603 15
[15:49:42]	[Recv]	ct 3 5023805 2 4988603 -1 -1 779

[15:49:42]	[Recv]	ct 3 5023658 2 4988487 -1 -1 0

[15:49:42]	[Recv]	su 3 5023658 2 4988487 0 5 11 1061 0 0 1 78 616 0 0 30006 38176

[15:49:42]	[Recv]	ct 2 4988544 3 5023669 -1 -1 0

[15:49:42]	[Recv]	su 2 4988487 3 5023658 0 6 11 4035 0 0 1 66 0 1 0 83932 126282

[15:49:42]	[Recv]	su 2 4988567 3 5023656 0 6 11 3601 0 0 1 67 0 4 0 84891 126282

[15:49:42]	[Recv]	eff 2 5022310 7739

[15:49:42]	[Recv]	eff 2 5022309 7739

[15:49:42]	[Recv]	ms_c 0

[15:49:42]	[Recv]	qslot 0 1.1.1 1.1.2 1.1.3 1.1.4 1.1.5 1.1.6 1.1.7 1.1.9 1.1.8 1.1.10 0.1.45 0.2.21 0.1.76 1.1.38 1.3.12 0.1.34 0.1.87 0.-1.-1 0.1.84 0.1.43 1.3.11 1.1.42 1.1.41 1.3.976 0.-1.-1 0.1.70 0.2.143 0.2.25 0.2.27 0.2.26

[15:49:42]	[Recv]	qslot 1 0.-1.-1 0.-1.-1 0.-1.-1 0.-1.-1 0.-1.-1 0.-1.-1 0.-1.-1 0.-1.-1 0.-1.-1 0.-1.-1 0.1.-1 0.1.-1 1.1.41 1.1.42 0.-1.-1 7.7.-1 7.7.-1 7.7.-1 7.7.-1 0.-1.-1 0.-1.-1 0.-1.-1 0.-1.-1 0.-1.-1 0.-1.-1 0.-1.-1 0.-1.-1 0.-1.-1 0.-1.-1 0.-1.-1

[15:49:42]	[Recv]	ct 3 5023656 2 4988567 -1 -1 0

[15:49:42]	[Recv]	su 3 5023656 2 4988567 0 5 11 1061 0 0 1 36 857 0 0 6874 18613

[15:49:42]	[Recv]	su 2 4988544 3 5023669 0 10 11 4398 0 0 1 78 5207 0 0 86850 110907

[15:49:42]	[Recv]	ct 2 4988614 3 5023669 -1 -1 0

[15:49:42]	[Recv]	su 2 4988614 3 5023669 0 15 11 7538 0 0 1 78 0 1 0 86850 110907

[15:49:42]	[Recv]	ct_n 1 2073308 3 -1 -1 -1 1121

[15:49:42]	[Recv]	cond 2 4988603 0 0 15

[15:49:42]	[Recv]	cond 2 4988592 0 0 15

[15:49:42]	[Recv]	bs 1 2073308 23 62 1121 120 45 4276 0 0 1 1 0 0 0

[15:49:42]	[Recv]	eff 1 2073308 15

[15:49:42]	[Recv]	su 1 2073308 3 5023655 1121 120 45 4276 0 0 0 0 295306 6 0 0 110907

[15:49:42]	[Recv]	lev 99 0 99 0 2140719000 5991794 66993052 2 0 90 917705181 0

[15:49:43]	[Send]	ptctl 5443 2 4988603 43 59 4988592 44 59 4988603 15
[15:49:43]	[Recv]	out 2 4988523

[15:49:43]	[Recv]	ct 2 4988486 3 5023659 -1 -1 0

[15:49:43]	[Recv]	ct 2 4988602 3 5023659 -1 -1 0

[15:49:43]	[Recv]	su 2 4988602 3 5023659 0 11 11 4085 0 0 1 77 2930 0 0 86073 110907

[15:49:43]	[Recv]	cond 1 2073308 0 0 21

[15:49:43]	[Recv]	cond 1 2073308 0 0 21

[15:49:43]	[Recv]	cond 2 4988603 0 0 15

[15:49:43]	[Recv]	cond 2 4988592 0 0 15

[15:49:43]	[Send]	ptctl 5443 2 4988603 44 59 4988592 45 59 4988603 15
[15:49:43]	[Recv]	ct 3 5023664 1 2073308 -1 -1 0

[15:49:43]	[Recv]	su 3 5023664 1 2073308 0 10 11 7200 0 0 1 100 0 4 0 96297 96297

[15:49:43]	[Recv]	su 2 4988486 3 5023659 0 6 11 7130 0 0 1 75 2758 0 0 83315 110907

[15:49:43]	[Recv]	st 2 5022311 95 0 100 100 92286 184572 92286 184572 0

[15:49:43]	[Recv]	cond 1 2073308 0 0 21

[15:49:43]	[Recv]	cond 1 2073308 0 0 21

[15:49:43]	[Send]	ptctl 5443 2 4988603 45 59 4988592 46 60 4988603 15
[15:49:43]	[Recv]	cond 2 4988603 0 0 15

[15:49:43]	[Recv]	cond 2 4988592 0 0 15

[15:49:43]	[Send]	ptctl 5443 2 4988603 46 59 4988592 45 61 4988603 15
[15:49:43]	[Recv]	ct 3 5023669 2 4988614 -1 -1 0

[15:49:43]	[Recv]	su 3 5023669 2 4988614 0 10 11 4789 0 0 1 93 1008 0 0 36448 38913

[15:49:43]	[Recv]	ct 3 5023659 2 4988486 -1 -1 0

[15:49:43]	[Recv]	su 3 5023659 2 4988486 0 10 11 4789 0 0 1 31 1460 0 0 5359 16921

[15:49:43]	[Recv]	ct 2 4988487 3 5023658 -1 -1 0

[15:49:43]	[Recv]	ct 2 4988567 3 5023656 -1 -1 0

[15:49:43]	[Recv]	cond 2 4988603 0 0 15

[15:49:43]	[Recv]	cond 2 4988592 0 0 15

[15:49:43]	[Recv]	cond 2 4988603 0 0 15

[15:49:43]	[Recv]	cond 2 4988592 0 0 15

[15:49:43]	[Recv]	ct 3 5023670 2 4988615 -1 -1 0

[15:49:43]	[Recv]	su 3 5023670 2 4988615 0 10 11 4789 0 0 1 89 181 0 0 25930 28975

[15:49:43]	[Recv]	su 2 4988487 3 5023658 0 6 11 4035 0 0 1 66 0 1 0 83932 126282

[15:49:43]	[Recv]	su 2 4988567 3 5023656 0 6 11 3601 0 0 1 59 9431 3 0 75460 126282

[15:49:43]	[Recv]	st 2 5022310 95 0 100 100 92286 184572 92286 184572 0

[15:49:43]	[Recv]	st 2 5022309 95 0 99 100 91602 184572 92286 184572 0

[15:49:43]	[Recv]	eff 1 2073308 869

[15:49:43]	[Recv]	ct 3 5023658 2 4988487 -1 -1 0

[15:49:43]	[Recv]	su 3 5023658 2 4988487 0 5 11 1061 0 0 1 77 636 0 0 29370 38176

[15:49:43]	[Recv]	ct 2 4988615 3 5023670 -1 -1 0

[15:49:43]	[Recv]	su 2 4988615 3 5023670 0 12 11 7548 0 0 1 76 3859 0 0 84339 110907

[15:49:43]	[Send]	ncif 3 5023664
[15:49:44]	[Recv]	ct 3 5023656 2 4988567 -1 -1 0

[15:49:44]	[Recv]	su 3 5023656 2 4988567 0 5 11 1061 0 0 1 32 814 0 0 6060 18613

[15:49:44]	[Recv]	ct 3 5023387 2 4988603 -1 -1 0

[15:49:44]	[Recv]	su 3 5023387 2 4988603 0 10 11 4789 0 0 1 91 113 0 0 17746 19451

[15:49:44]	[Recv]	ct 2 4988486 3 5023659 -1 -1 0

[15:49:44]	[Recv]	st 3 5023664 99 0 100 100 13880 2828 13880 2828 0

[15:49:44]	[Send]	ptctl 5443 1 4988592 41 58 4988592 15
[15:49:44]	[Recv]	su 2 4988486 3 5023659 0 6 11 7130 0 0 1 72 2688 0 0 80627 110907

[15:49:44]	[Send]	u_s 0 3 5023664
[15:49:44]	[Send]	suctl 5443 1 4988603 3 5023664
[15:49:44]	[Recv]	cond 2 4988592 0 0 15

[15:49:44]	[Recv]	su 3 5023805 2 4988603 779 30 11 3617 0 0 1 87 752 0 0 16994 19451

[15:49:44]	[Recv]	dm 2 4988603 3000 1

[15:49:44]	[Recv]	ct 2 4988487 3 5023658 -1 -1 0

[15:49:44]	[Recv]	ct 2 4988567 3 5023656 -1 -1 0

[15:49:44]	[Recv]	ct 2 4988602 3 5023659 -1 -1 0

[15:49:44]	[Recv]	su 2 4988602 3 5023659 0 11 11 4085 0 0 1 59 14161 3 0 66466 110907

[15:49:44]	[Recv]	cond 2 4988486 0 0 11

[15:49:44]	[Recv]	c_mode 2 4988486 1100 0 0

[15:49:44]	[Recv]	sc_n 0 317 4988486 94 1000 202328 991.2.4 -1 -1 -1 0 0 1 4 558 678 801 9 160 0 88 214 107 214 79 0 0 0 0 0 5359 16921 6757 6757 0 291503800 Bob 1100 0 8239.0 0.0 0.0 0.0 0 2 0

[15:49:44]	[Recv]	out 2 4988486

[15:49:44]	[Recv]	in 2 317 4988486 12 48 2 31 100 0 0 3 2073308 1 0 1100 Bob 1 0 0 0 0 0 0 0 0 0 0 0 2 0

[15:49:44]	[Recv]	pinit 2 2|4988603|0|94|@|-1|3206|1|2723|0|0 2|4988592|1|96|@|-1|1548|0|0|0|60


[15:49:44]	[Recv]	psd 10

[15:49:44]	[Recv]	out 2 4988486

[15:49:44]	[Recv]	cond 2 4988487 0 0 11

[15:49:44]	[Recv]	c_mode 2 4988487 1102 0 0

[15:49:44]	[Recv]	sc_n 2 319 4988487 99 1000 398653210 990.4.5 997.5.6 -1 -1 0 0 0 5 661 711 543 10 150 6 592 586 461 586 372 0 5 5 5 5 29370 38176 11281 11281 0 428143800 Kliff 1102 0 4809.100 1299.2 1300.4 1301.7 0 1 0

[15:49:44]	[Recv]	out 2 4988487

[15:49:44]	[Recv]	in 2 319 4988487 13 42 2 76 100 0 0 3 2073308 1 0 1102 Kliff 1 2 0 0 0 0 0 0 0 0 0 0 1 0

[15:49:44]	[Recv]	pinit 2 2|4988603|0|94|@|-1|3206|1|2723|0|0 2|4988592|1|96|@|-1|1548|0|0|0|60


[15:49:44]	[Recv]	psd 10

[15:49:44]	[Recv]	out 2 4988487

[15:49:44]	[Recv]	out 2 4988567

[15:49:44]	[Recv]	cond 2 4988602 0 0 11

[15:49:44]	[Recv]	c_mode 2 4988602 -1 0 0

[15:49:44]	[Recv]	sc_n 4 2640 4988602 94 1000 473672 991.2.4 996.0.10 317.0.5 321.0.5 0 0 1 4 566 686 820 9 160 10 201 555 264 555 248 1 0 0 96 0 13327 17310 10544 10544 0 291503800 @ -1 0 4812.100 1318.3 1319.3 1320.7 0 3 0

[15:49:44]	[Recv]	out 2 4988602

[15:49:44]	[Recv]	in 2 2640 4988602 17 52 2 76 100 0 0 3 2073308 1 0 -1 @ 1 4 0 0 0 0 0 0 0 0 0 0 3 0

[15:49:44]	[Recv]	pinit 2 2|4988603|0|94|@|-1|3206|1|2723|0|0 2|4988592|1|96|@|-1|1548|0|0|0|60


[15:49:44]	[Recv]	psd 10

[15:49:44]	[Recv]	out 2 4988602

[15:49:44]	[Recv]	sayi 1 2073308 20 22 3 1025 0 0 0

[15:49:44]	[Recv]	bf 1 2073308 0.1025.0 99

[15:49:44]	[Recv]	cond 1 2073308 0 0 21

[15:49:44]	[Recv]	cond 1 2073308 0 0 21

[15:49:44]	[Recv]	sp 414060 1000000 0 10000

[15:49:44]	[Recv]	die 3 5023805 3 5023805

[15:49:44]	[Recv]	ct 1 2073308 3 5023664 -1 -1 1114

[15:49:44]	[Recv]	eff 1 2073308 15

[15:49:44]	[Recv]	su 1 2073308 3 5023664 1114 7 11 4260 0 0 0 0 87083 0 0 0 13880

[15:49:44]	[Recv]	lev 99 0 99 0 2140719000 5991794 66993052 2 0 90 917705181 0

[15:49:44]	[Recv]	sayi 1 2073308 20 22 3 4126 0 0 0

[15:49:44]	[Recv]	bf 1 2073308 0.4126.0 99

[15:49:44]	[Recv]	sr 13

[15:49:44]	[Send]	ptctl 5443 2 4988603 43 56 4988592 44 57 4988603 15
[15:49:44]	[Recv]	ct 3 5023667 2 4988544 -1 -1 767

[15:49:44]	[Recv]	in 3 804 5024166 50 49 2 100 100 0 0 0 -1 0 0 -1 - 0 -1 0 0 0 0 0 0 0 0 0 0 0 0

[15:49:44]	[Recv]	su 3 5023667 3 5023667 767 100 11 7287 0 0 1 100 0 -1 0 126282 126282

[15:49:44]	[Recv]	cond 1 2073308 0 0 21

[15:49:44]	[Recv]	cond 1 2073308 0 0 21

[15:49:45]	[Recv]	eff 3 5023805 3617

[15:49:45]	[Recv]	ct 2 4988544 3 5023669 -1 -1 0

[15:49:45]	[Recv]	cond 2 4988603 0 0 15

[15:49:45]	[Recv]	cond 2 4988592 0 0 15

[15:49:45]	[Send]	ncif 3 5023662
[15:49:45]	[Recv]	st 3 5023662 99 0 100 100 116032 2828 116032 2828 0

[15:49:45]	[Recv]	ct 3 5023663 2 4988614 -1 -1 0

[15:49:45]	[Recv]	su 3 5023663 2 4988614 0 10 11 4789 0 0 1 92 431 0 0 36017 38913

[15:49:45]	[Recv]	su 2 4988544 3 5023669 0 10 11 4398 0 0 1 73 5163 0 0 81687 110907

[15:49:45]	[Recv]	st 2 5022311 95 0 100 100 92286 184572 92286 184572 0

[15:49:45]	[Recv]	cond 2 4988523 0 0 6

[15:49:45]	[Recv]	petski 334 1831 1798

[15:49:45]	[Recv]	pet_cool2  0 0 0

[15:49:45]	[Recv]	pinit 2 2|4988603|0|94|@|-1|3206|1|2723|0|0 2|4988592|1|96|@|-1|1548|0|0|0|60

[15:49:45]	[Send]	u_s 1 3 5023662
[15:49:45]	[Recv]	sr 0

[15:49:45]	[Recv]	cond 1 2073308 0 0 21

[15:49:45]	[Recv]	cond 1 2073308 0 0 21

[15:49:45]	[Send]	ptctl 5443 1 4988592 42 53 4988592 15
[15:49:45]	[Recv]	ms_c 0

[15:49:45]	[Recv]	qslot 0 1.1.1 1.1.2 1.1.3 1.1.4 1.1.5 1.1.6 1.1.7 1.1.9 1.1.8 1.1.10 0.1.45 0.2.21 0.1.76 1.1.38 1.3.12 0.1.34 0.1.87 0.-1.-1 0.1.84 0.1.43 1.3.11 1.1.42 1.1.41 1.3.976 0.-1.-1 0.1.70 0.2.143 0.2.25 0.2.27 0.2.26

[15:49:45]	[Recv]	qslot 1 0.-1.-1 0.-1.-1 0.-1.-1 0.-1.-1 0.-1.-1 0.-1.-1 0.-1.-1 0.-1.-1 0.-1.-1 0.-1.-1 0.1.-1 0.1.-1 1.1.41 1.1.42 0.-1.-1 7.7.-1 7.7.-1 7.7.-1 7.7.-1 0.-1.-1 0.-1.-1 0.-1.-1 0.-1.-1 0.-1.-1 0.-1.-1 0.-1.-1 0.-1.-1 0.-1.-1 0.-1.-1 0.-1.-1

[15:49:45]	[Recv]	ct 1 2073308 3 5023662 14 4263 1115

[15:49:45]	[Recv]	cond 2 4988592 0 0 15

[15:49:45]	[Send]	suctl 5443 1 4988603 3 5023662
[15:49:45]	[Recv]	ct 3 5023669 2 4988614 -1 -1 0

[15:49:45]	[Recv]	su 3 5023669 2 4988614 0 10 11 4789 0 0 1 91 437 0 0 35580 38913

[15:49:45]	[Recv]	eff 2 4988544 3007

[15:49:45]	[Recv]	st 2 5022310 95 0 100 100 92286 184572 92286 184572 0

[15:49:45]	[Recv]	st 2 5022309 95 0 100 100 92286 184572 92286 184572 0

[15:49:45]	[Recv]	eff 2 4988603 5005

[15:49:45]	[Recv]	ct 3 5023670 2 4988615 -1 -1 0

[15:49:45]	[Recv]	su 3 5023670 2 4988615 0 10 11 4789 0 0 1 89 0 1 0 25930 28975

[15:49:45]	[Recv]	eff 1 2073308 15

[15:49:45]	[Recv]	su 1 2073308 3 5023662 1115 70 12 4264 0 0 0 0 252154 3 0 0 116032

[15:49:45]	[Recv]	lev 99 0 99 0 2140719000 5991794 66993052 2 0 90 917705181 0

[15:49:45]	[Recv]	eff 1 2073308 15

[15:49:45]	[Recv]	su 1 2073308 3 5023661 1115 70 12 4264 0 0 1 57 46941 5 0 63966 110907

[15:49:45]	[Recv]	su 1 2073308 3 5023660 1115 70 12 4264 0 0 0 0 115979 6 0 0 13880

[15:49:45]	[Recv]	lev 99 0 99 0 2140719000 5991794 66993052 2 0 90 917705181 0

[15:49:45]	[Recv]	mslot 1127 -1

[15:49:45]	[Recv]	qset 0 0 1.1.13.0

[15:49:46]	[Recv]	ct 3 5023667 2 4988544 -1 -1 0

[15:49:46]	[Recv]	su 3 5023667 2 4988544 0 5 11 1061 0 0 1 100 41 0 0 50804 50845

[15:49:46]	[Recv]	ct 2 4988614 3 5023669 -1 -1 0

[15:49:46]	[Recv]	su 2 4988614 3 5023669 0 15 11 7538 0 0 1 73 0 1 0 81687 110907

[15:49:46]	[Recv]	ct 2 4988603 3 5023662 -1 -1 0

[15:49:46]	[Recv]	su 2 4988603 2 4988603 0 12 11 8360 0 0 1 72 0 2 0 13994 19451

[15:49:46]	[Send]	ptctl 5443 1 4988592 40 51 4988592 15
[15:49:46]	[Send]	ptctl 5443 2 4988603 45 57 4988592 44 56 4988603 15
[15:49:46]	[Recv]	ct 3 5023387 2 4988603 -1 -1 0

[15:49:46]	[Recv]	su 3 5023387 2 4988603 0 10 11 4789 0 0 1 71 113 0 0 13881 19451

[15:49:46]	[Recv]	sc_p 170 1548 4988592 96 555 24140704 0 0 1889 2049 1289 19 90 9 975 627 958 627 866 3 90 90 110 80 46268 57771 18100 18100 1 84982200 0 @ 0 0 6 60 1831 1798 0 100

[15:49:46]	[Recv]	cond 2 4988592 0 0 15

[15:49:46]	[Recv]	ct 3 5023661 2 4988592 -1 -1 0

[15:49:46]	[Recv]	su 3 5023661 2 4988592 0 10 11 4789 0 0 1 80 49 0 0 46219 57771

[15:49:46]	[Recv]	ct 2 4988615 3 5023670 -1 -1 0

[15:49:46]	[Recv]	su 2 4988615 3 5023670 0 12 11 7548 0 0 1 76 1 3 0 84338 110907

[15:49:46]	[Recv]	cond 1 2073308 0 0 21

[15:49:46]	[Recv]	cond 1 2073308 0 0 21

[15:49:46]	[Send]	ptctl 5443 2 4988603 44 51 4988592 43 49 4988603 15
[15:49:46]	[Recv]	cond 2 4988603 0 0 15

[15:49:46]	[Recv]	cond 2 4988592 0 0 15

[15:49:46]	[Recv]	cond 1 2073308 0 0 21

[15:49:46]	[Recv]	cond 1 2073308 0 0 21

[15:49:46]	[Recv]	cond 2 4988603 0 0 15

[15:49:46]	[Recv]	cond 2 4988592 0 0 15

[15:49:46]	[Send]	ptctl 5443 1 4988592 45 51 4988592 15
[15:49:46]	[Recv]	eff 3 5023665 4799

[15:49:46]	[Recv]	cond 1 2073308 0 0 21

[15:49:46]	[Recv]	cond 1 2073308 0 0 21

[15:49:47]	[Recv]	ct 3 5023665 2 5022310 -1 -1 0

[15:49:47]	[Recv]	su 3 5023665 2 5022310 0 25 11 7200 0 0 1 97 2198 0 0 90088 92286

[15:49:47]	[Recv]	cond 2 4988592 0 0 15

[15:49:47]	[Send]	ncif 3 5023665
[15:49:47]	[Send]	ptctl 5443 1 4988603 44 54 4988603 15
[15:49:47]	[Send]	suctl 5443 1 4988603 3 5023665
[15:49:47]	[Recv]	ct 3 5023667 2 4988544 -1 -1 0

[15:49:47]	[Recv]	su 3 5023667 2 4988544 0 5 11 1061 0 0 1 99 407 0 0 50397 50845

[15:49:47]	[Recv]	st 2 5022311 95 0 100 100 92286 184572 92286 184572 0

[15:49:47]	[Recv]	eff 2 5022311 7739

[15:49:47]	[Recv]	st 3 5023665 99 0 100 100 13880 2828 13880 2828 0

[15:49:47]	[Send]	ptctl 5443 1 4988592 44 52 4988592 15
[15:49:47]	[Send]	u_s 13 3 5023665
[15:49:47]	[Recv]	cond 2 4988603 0 0 15

[15:49:47]	[Recv]	ct 3 5023663 2 4988614 -1 -1 0

[15:49:47]	[Recv]	su 3 5023663 2 4988614 0 10 11 4789 0 0 1 88 1071 3 0 34509 38913

[15:49:47]	[Recv]	ct 2 4988544 3 5023669 -1 -1 0

[15:49:47]	[Recv]	sayi 1 2073308 20 22 3 830 0 0 0

[15:49:47]	[Recv]	bf 1 2073308 0.830.0 99

[15:49:47]	[Recv]	bf 1 2073308 0.941.3000 99

[15:49:47]	[Recv]	sayi 1 2073308 20 26 3 941 0 0 0

[15:49:47]	[Recv]	eff 2 4988603 5005

[15:49:47]	[Recv]	cond 2 4988592 0 0 15

[15:49:47]	[Send]	suctl 5443 1 4988592 3 5023665
[15:49:47]	[Recv]	su 2 4988544 3 5023669 0 10 11 4398 0 0 1 68 5282 0 0 76405 110907

[15:49:47]	[Recv]	st 2 5022310 95 0 97 100 90088 184572 92286 184572 0

[15:49:47]	[Recv]	eff 2 5022310 7739

[15:49:47]	[Recv]	st 2 5022309 95 0 100 100 92286 184572 92286 184572 0

[15:49:47]	[Recv]	eff 2 5022309 7739

[15:49:47]	[Recv]	cond 1 2073308 0 0 21

[15:49:47]	[Recv]	cond 1 2073308 0 0 21

[15:49:47]	[Recv]	ms_c 0

[15:49:47]	[Recv]	qslot 0 1.1.1 1.1.2 1.1.3 1.1.4 1.1.5 1.1.6 1.1.7 1.1.9 1.1.8 1.1.10 0.1.45 0.2.21 0.1.76 1.1.38 1.3.12 0.1.34 0.1.87 0.-1.-1 0.1.84 0.1.43 1.3.11 1.1.42 1.1.41 1.3.976 0.-1.-1 0.1.70 0.2.143 0.2.25 0.2.27 0.2.26

[15:49:47]	[Recv]	qslot 1 0.-1.-1 0.-1.-1 0.-1.-1 0.-1.-1 0.-1.-1 0.-1.-1 0.-1.-1 0.-1.-1 0.-1.-1 0.-1.-1 0.1.-1 0.1.-1 1.1.41 1.1.42 0.-1.-1 7.7.-1 7.7.-1 7.7.-1 7.7.-1 0.-1.-1 0.-1.-1 0.-1.-1 0.-1.-1 0.-1.-1 0.-1.-1 0.-1.-1 0.-1.-1 0.-1.-1 0.-1.-1 0.-1.-1

[15:49:47]	[Recv]	ct 3 5023669 2 4988614 -1 -1 0

[15:49:47]	[Recv]	su 3 5023669 2 4988614 0 10 11 4789 0 0 1 85 1085 0 0 33424 38913

[15:49:47]	[Recv]	ct 2 4988603 3 5023665 -1 -1 0

[15:49:47]	[Recv]	su 2 4988603 3 5023665 0 12 11 8360 0 0 1 33 9208 0 0 4672 13880

[15:49:47]	[Recv]	ct 1 2073308 3 5023665 -1 -1 1127

[15:49:47]	[Recv]	su 1 2073308 3 5023665 1127 100 22 4284 0 0 0 0 35677 0 0 0 13880

[15:49:47]	[Recv]	lev 99 0 99 0 2140719000 5991794 66993052 2 0 90 917705181 0

[15:49:47]	[Recv]	su 1 2073308 3 5023661 1127 100 22 4284 0 0 1 57 0 4 0 63966 110907

[15:49:47]	[Recv]	su 1 2073308 3 5023387 1127 100 22 4284 0 0 0 0 111745 6 0 0 110907

[15:49:47]	[Recv]	lev 99 0 99 0 2140719000 5991794 66993052 2 0 90 917705181 0

[15:49:47]	[Send]	ptctl 5443 2 4988603 44 59 4988592 44 57 4988603 15
[15:49:48]	[Recv]	ct 3 5023670 2 4988615 -1 -1 0

[15:49:48]	[Recv]	su 3 5023670 2 4988615 0 10 11 4789 0 0 1 86 939 0 0 24991 28975

[15:49:48]	[Recv]	cond 1 2073308 0 0 21

[15:49:48]	[Recv]	cond 1 2073308 0 0 21

[15:49:48]	[Recv]	cond 2 4988603 0 0 15

[15:49:48]	[Recv]	cond 2 4988592 0 0 15

[15:49:48]	[Send]	ptctl 5443 2 4988603 39 56 4988592 39 54 4988603 15
[15:49:48]	[Recv]	cond 1 2073308 0 0 21

[15:49:48]	[Recv]	cond 1 2073308 0 0 21

[15:49:48]	[Send]	ptctl 5443 2 4988603 39 55 4988592 38 55 4988603 15
[15:49:48]	[Send]	ptctl 5443 1 4988592 38 54 4988592 15
[15:49:48]	[Recv]	cond 2 4988603 0 0 15

[15:49:48]	[Recv]	cond 2 4988592 0 0 15

[15:49:48]	[Send]	ptctl 5443 1 4988592 38 55 4988592 15
[15:49:48]	[Recv]	ct 3 5023667 2 4988544 -1 -1 0

[15:49:48]	[Recv]	su 3 5023667 2 4988544 0 5 11 1061 0 0 1 98 396 0 0 50001 50845

[15:49:48]	[Recv]	cond 1 2073308 0 0 21

[15:49:48]	[Recv]	cond 1 2073308 0 0 21

[15:49:48]	[Recv]	cond 2 4988603 0 0 15

[15:49:48]	[Recv]	cond 2 4988592 0 0 15

[15:49:48]	[Send]	ncif 3 5023666
[15:49:48]	[Recv]	ct 3 5023661 2 4988592 -1 -1 0

[15:49:48]	[Recv]	su 3 5023661 2 4988592 0 10 11 4789 0 0 1 79 259 0 0 45960 57771

[15:49:48]	[Recv]	cond 2 4988592 0 0 15

[15:49:48]	[Recv]	eff 1 2073308 869

[15:49:48]	[Recv]	cond 1 2073308 0 0 21

[15:49:48]	[Recv]	cond 1 2073308 0 0 21

[15:49:48]	[Send]	u_s 0 3 5023666
[15:49:48]	[Send]	ptctl 5443 1 4988592 34 54 4988592 15
[15:49:48]	[Recv]	cond 2 4988592 0 0 15

[15:49:48]	[Recv]	st 3 5023666 99 0 100 100 110907 2828 110907 2828 0

[15:49:49]	[Recv]	ct 2 4988615 3 5023670 -1 -1 0

[15:49:49]	[Recv]	su 2 4988615 3 5023670 0 12 11 7548 0 0 1 62 14754 3 0 69584 110907

[15:49:49]	[Recv]	cond 1 2073308 0 0 21

[15:49:49]	[Recv]	cond 1 2073308 0 0 21

[15:49:49]	[Send]	ptctl 5443 1 4988592 33 54 4988592 15
[15:49:49]	[Send]	ptctl 5443 1 4988603 36 55 4988603 15
[15:49:49]	[Recv]	ct 2 4988614 3 5023669 -1 -1 0

[15:49:49]	[Recv]	su 2 4988614 3 5023669 0 15 11 7538 0 0 1 61 8451 0 0 67954 110907

[15:49:49]	[Recv]	st 2 5022311 95 0 100 100 92286 184572 92286 184572 0

[15:49:49]	[Recv]	ct 1 2073308 3 5023666 -1 -1 1114

[15:49:49]	[Recv]	su 1 2073308 3 5023666 1114 7 11 4260 0 0 1 74 28772 0 0 82135 110907

[15:49:49]	[Recv]	cond 2 4988592 0 0 15

[15:49:49]	[Send]	ptctl 5443 1 4988592 32 54 4988592 15
[15:49:49]	[Recv]	cond 2 4988592 0 0 15

[15:49:49]	[Recv]	ct 3 5024166 2 4988615 -1 -1 779

[15:49:49]	[Recv]	cond 2 4988603 0 0 15

[15:49:49]	[Recv]	cond 1 2073308 0 0 21

[15:49:49]	[Recv]	cond 1 2073308 0 0 21

[15:49:49]	[Send]	ncif 3 5023666
[15:49:49]	[Recv]	sp 414050 1000000 0 10000

[15:49:49]	[Recv]	ct 3 5023667 2 4988544 -1 -1 0

[15:49:49]	[Recv]	su 3 5023667 2 4988544 0 5 11 1061 0 0 1 98 40 0 0 49961 50845

[15:49:49]	[Recv]	ct 3 5023663 2 4988614 -1 -1 0

[15:49:49]	[Recv]	su 3 5023663 2 4988614 0 10 11 4789 0 0 1 83 1102 0 0 32322 38913

[15:49:49]	[Recv]	st 2 5022310 95 0 98 100 91010 184572 92286 184572 0

[15:49:49]	[Recv]	st 2 5022309 95 0 100 100 92286 184572 92286 184572 0

[15:49:49]	[Recv]	cond 2 4988592 0 0 15

[15:49:49]	[Send]	ptctl 5443 1 4988592 29 54 4988592 15
[15:49:49]	[Recv]	st 3 5023666 99 0 74 100 82135 2828 110907 2828 0

[15:49:49]	[Recv]	ct 2 4988544 3 5023669 -1 -1 0

[15:49:49]	[Recv]	cond 2 4988592 0 0 15

[15:49:49]	[Send]	u_s 8 3 5023656
[15:49:49]	[Send]	ptctl 5443 1 4988592 28 54 4988592 15
[15:49:49]	[Recv]	sr 0

[15:49:49]	[Recv]	cond 1 2073308 0 0 21

[15:49:49]	[Recv]	cond 1 2073308 0 0 21

[15:49:50]	[Recv]	ct 3 5023669 2 4988614 -1 -1 0

[15:49:50]	[Recv]	su 3 5023669 2 4988614 0 10 11 4789 0 0 1 80 1113 0 0 31209 38913

[15:49:50]	[Recv]	ct 3 5023666 2 5022309 -1 -1 0

[15:49:50]	[Recv]	su 3 5023666 2 5022309 0 10 11 4789 0 0 1 99 503 0 0 91783 92286

[15:49:50]	[Recv]	su 2 4988544 3 5023669 0 10 11 4398 0 0 1 56 5212 0 0 62742 110907

[15:49:50]	[Recv]	ms_c 0

[15:49:50]	[Recv]	qslot 0 1.1.1 1.1.2 1.1.3 1.1.4 1.1.5 1.1.6 1.1.7 1.1.9 1.1.8 1.1.10 0.1.45 0.2.21 0.1.76 1.1.38 1.3.12 0.1.34 0.1.87 0.-1.-1 0.1.84 0.1.43 1.3.11 1.1.42 1.1.41 1.3.976 0.-1.-1 0.1.70 0.2.143 0.2.25 0.2.27 0.2.26

[15:49:50]	[Recv]	qslot 1 0.-1.-1 0.-1.-1 0.-1.-1 0.-1.-1 0.-1.-1 0.-1.-1 0.-1.-1 0.-1.-1 0.-1.-1 0.-1.-1 0.1.-1 0.1.-1 1.1.41 1.1.42 0.-1.-1 7.7.-1 7.7.-1 7.7.-1 7.7.-1 0.-1.-1 0.-1.-1 0.-1.-1 0.-1.-1 0.-1.-1 0.-1.-1 0.-1.-1 0.-1.-1 0.-1.-1 0.-1.-1 0.-1.-1

[15:49:50]	[Recv]	ct 1 2073308 3 5023656 -1 -1 1122

[15:49:50]	[Recv]	cond 2 4988592 0 0 15

[15:49:50]	[Send]	ncif 3 5023656
[15:49:50]	[Send]	ptctl 5443 1 4988603 31 55 4988603 15
[15:49:50]	[Recv]	ct 3 5023670 2 4988615 -1 -1 0

[15:49:50]	[Recv]	su 3 5023670 2 4988615 0 10 11 4789 0 0 1 83 911 0 0 24080 28975

[15:49:50]	[Recv]	eff 1 2073308 15

[15:49:50]	[Recv]	su 1 2073308 3 5023656 1122 150 41 4268 0 0 0 0 83066 0 0 0 126282

[15:49:50]	[Recv]	lev 99 0 99 0 2140719000 5991794 66993052 2 0 90 917705181 0

[15:49:50]	[Recv]	mslot 1125 -1

[15:49:50]	[Recv]	qset 0 8 1.1.11.0

[15:49:50]	[Send]	ptctl 5443 1 4988592 26 56 4988592 15
[15:49:50]	[Send]	ptctl 5443 1 4988603 34 55 4988603 15
[15:49:50]	[Send]	suctl 5443 1 4988603 3 5023656
[15:49:50]	[Recv]	cond 2 4988603 0 0 15

[15:49:50]	[Recv]	cond 2 4988592 0 0 15

[15:49:50]	[Recv]	out 2 4988544

[15:49:50]	[Recv]	out 2 4988614

[15:49:50]	[Recv]	out 2 4988615

[15:49:50]	[Recv]	sayi 1 2073308 20 22 3 1026 0 0 0

[15:49:50]	[Recv]	bf 1 2073308 0.1026.0 99

[15:49:50]	[Recv]	cond 2 4988603 0 0 15

[15:49:50]	[Recv]	ct 3 5023658 2 4988592 -1 -1 767

[15:49:50]	[Recv]	in 3 804 5024175 24 53 2 100 100 0 0 0 -1 0 0 -1 - 0 -1 0 0 0 0 0 0 0 0 0 0 0 0

[15:49:50]	[Recv]	su 3 5023658 3 5023658 767 100 11 7287 0 0 1 66 0 -1 0 83932 126282

[15:49:50]	[Send]	ptctl 5443 2 4988603 29 53 4988592 26 50 4988603 15
[15:49:50]	[Recv]	cond 1 2073308 0 0 21

[15:49:50]	[Recv]	cond 1 2073308 0 0 21

[15:49:50]	[Recv]	eff 3 5024175 5000

[15:49:50]	[Recv]	ct 3 5023668 2 5022311 -1 -1 0

[15:49:50]	[Recv]	su 3 5023668 2 5022311 0 10 11 4789 0 0 1 99 606 3 0 91680 92286

[15:49:50]	[Recv]	cond 2 4988603 0 0 15

[15:49:50]	[Recv]	cond 2 4988592 0 0 15

[15:49:51]	[Send]	ncif 3 5023658
[15:49:51]	[Send]	mtlist 1 2 4988603 
[15:49:51]	[Send]	u_s 11 3 5023658
[15:49:51]	[Recv]	su 3 5024166 3 5024166 779 30 11 3617 0 0 1 100 0 2 0 5138 5170

[15:49:51]	[Recv]	st 2 5022311 95 0 99 100 91680 184572 92286 184572 0

[15:49:51]	[Recv]	st 3 5023658 99 0 66 100 83932 2828 126282 2828 0

[15:49:51]	[Recv]	cond 1 2073308 0 0 21

[15:49:51]	[Recv]	cond 1 2073308 0 0 21

[15:49:51]	[Send]	ptctl 5443 1 4988592 26 51 4988592 15
[15:49:51]	[Recv]	ms_c 0

[15:49:51]	[Recv]	qslot 0 1.1.1 1.1.2 1.1.3 1.1.4 1.1.5 1.1.6 1.1.7 1.1.9 1.1.8 1.1.10 0.1.45 0.2.21 0.1.76 1.1.38 1.3.12 0.1.34 0.1.87 0.-1.-1 0.1.84 0.1.43 1.3.11 1.1.42 1.1.41 1.3.976 0.-1.-1 0.1.70 0.2.143 0.2.25 0.2.27 0.2.26

[15:49:51]	[Recv]	qslot 1 0.-1.-1 0.-1.-1 0.-1.-1 0.-1.-1 0.-1.-1 0.-1.-1 0.-1.-1 0.-1.-1 0.-1.-1 0.-1.-1 0.1.-1 0.1.-1 1.1.41 1.1.42 0.-1.-1 7.7.-1 7.7.-1 7.7.-1 7.7.-1 0.-1.-1 0.-1.-1 0.-1.-1 0.-1.-1 0.-1.-1 0.-1.-1 0.-1.-1 0.-1.-1 0.-1.-1 0.-1.-1 0.-1.-1

[15:49:51]	[Send]	ptctl 5443 1 4988603 28 52 4988603 15
[15:49:51]	[Send]	suctl 5443 1 4988603 3 5023658
[15:49:51]	[Recv]	st 2 5022310 95 0 99 100 91932 184572 92286 184572 0

[15:49:51]	[Recv]	st 2 5022309 95 0 99 100 91783 184572 92286 184572 0

[15:49:51]	[Recv]	ct 1 2073308 3 5023658 -1 -1 1125

[15:49:51]	[Recv]	cond 1 2073308 0 0 24

[15:49:51]	[Recv]	bf 1 2073308 0.576.20 99

[15:49:51]	[Recv]	sayi 1 2073308 20 26 3 576 0 0 0

[15:49:51]	[Recv]	su 1 2073308 3 5023658 1125 3 22 4272 0 0 0 0 108267 3 0 0 126282

[15:49:51]	[Recv]	lev 99 0 99 0 2140719000 5991794 66993052 2 0 90 917705181 0

[15:49:51]	[Recv]	mslot 1126 -1

[15:49:51]	[Recv]	qset 0 8 1.1.12.0

[15:49:51]	[Recv]	cond 2 4988592 0 0 15

[15:49:51]	[Recv]	cond 2 4988603 0 0 15

[15:49:51]	[Send]	suctl 5443 1 4988592 3 5023658
[15:49:51]	[Send]	mtlist 1 3 5024175 
[15:49:51]	[Send]	u_s 12 3 5023658
[15:49:51]	[Recv]	sr 11

[15:49:52]	[Send]	ncif 3 5024175
[15:49:52]	[Recv]	cancel 0 12 -1

[15:49:52]	[Send]	mtlist 1 3 5024175 
[15:49:52]	[Send]	u_s 12 3 5023658
[15:49:52]	[Recv]	ct 3 5024175 2 4988603 -1 -1 779

[15:49:52]	[Recv]	ct 3 5023666 2 5022309 -1 -1 0

[15:49:52]	[Recv]	su 3 5023666 2 5022309 0 10 11 4789 0 0 1 99 501 0 0 91785 92286

[15:49:52]	[Recv]	eff 2 5022311 7739

[15:49:52]	[Recv]	st 3 5024175 90 0 100 100 5162 2369 5170 2369 0

[15:49:52]	[Recv]	cancel 0 12 -1

[15:49:52]	[Send]	mtlist 0 
[15:49:52]	[Send]	u_s 12 3 5024175
[15:49:52]	[Recv]	in 3 700 5024179 6 43 3 100 100 0 0 0 -1 0 0 -1 - 0 -1 0 0 0 0 0 0 0 0 0 0 0 0

[15:49:52]	[Recv]	msgi 0 679 0 0 0 0 0

[15:49:52]	[Recv]	in 3 710 5024180 7 41 3 100 100 0 0 0 -1 0 0 -1 - 0 -1 0 0 0 0 0 0 0 0 0 0 0 0

[15:49:52]	[Recv]	msgi 0 679 0 0 0 0 0

[15:49:52]	[Recv]	in 3 775 5024181 7 42 0 100 100 0 0 0 -1 0 0 -1 - 0 -1 0 0 0 0 0 0 0 0 0 0 0 0

[15:49:52]	[Recv]	msgi 0 679 0 0 0 0 0

[15:49:52]	[Recv]	in 3 710 5024182 8 39 6 100 100 0 0 0 -1 0 0 -1 - 0 -1 0 0 0 0 0 0 0 0 0 0 0 0

[15:49:52]	[Recv]	msgi 0 679 0 0 0 0 0

[15:49:52]	[Recv]	in 3 700 5024183 8 42 5 100 100 0 0 0 -1 0 0 -1 - 0 -1 0 0 0 0 0 0 0 0 0 0 0 0

[15:49:52]	[Recv]	msgi 0 679 0 0 0 0 0

[15:49:52]	[Recv]	in 3 760 5024184 37 5 7 100 100 0 0 0 -1 0 0 -1 - 0 -1 0 0 0 0 0 0 0 0 0 0 0 0

[15:49:52]	[Recv]	msgi 0 679 0 0 0 0 0

[15:49:52]	[Recv]	in 3 700 5024185 37 7 4 100 100 0 0 0 -1 0 0 -1 - 0 -1 0 0 0 0 0 0 0 0 0 0 0 0

[15:49:52]	[Recv]	msgi 0 679 0 0 0 0 0

[15:49:52]	[Recv]	in 3 775 5024186 39 6 4 100 100 0 0 0 -1 0 0 -1 - 0 -1 0 0 0 0 0 0 0 0 0 0 0 0

[15:49:52]	[Recv]	msgi 0 679 0 0 0 0 0

[15:49:52]	[Recv]	in 3 700 5024187 40 8 0 100 100 0 0 0 -1 0 0 -1 - 0 -1 0 0 0 0 0 0 0 0 0 0 0 0

[15:49:52]	[Recv]	msgi 0 679 0 0 0 0 0

[15:49:52]	[Recv]	in 3 785 5024188 41 6 0 100 100 0 0 0 -1 0 0 -1 - 0 -1 0 0 0 0 0 0 0 0 0 0 0 0

[15:49:52]	[Recv]	msgi 0 679 0 0 0 0 0

[15:49:52]	[Recv]	in 3 760 5024189 43 6 0 100 100 0 0 0 -1 0 0 -1 - 0 -1 0 0 0 0 0 0 0 0 0 0 0 0

[15:49:52]	[Recv]	msgi 0 679 0 0 0 0 0

[15:49:52]	[Recv]	in 3 700 5024190 43 8 7 100 100 0 0 0 -1 0 0 -1 - 0 -1 0 0 0 0 0 0 0 0 0 0 0 0

[15:49:52]	[Recv]	msgi 0 679 0 0 0 0 0

[15:49:52]	[Recv]	in 3 710 5024191 44 5 6 100 100 0 0 0 -1 0 0 -1 - 0 -1 0 0 0 0 0 0 0 0 0 0 0 0

[15:49:52]	[Recv]	msgi 0 679 0 0 0 0 0

[15:49:52]	[Recv]	in 3 700 5024192 45 7 0 100 100 0 0 0 -1 0 0 -1 - 0 -1 0 0 0 0 0 0 0 0 0 0 0 0

[15:49:52]	[Recv]	msgi 0 679 0 0 0 0 0

[15:49:52]	[Recv]	in 3 700 5024193 71 38 1 100 100 0 0 0 -1 0 0 -1 - 0 -1 0 0 0 0 0 0 0 0 0 0 0 0

[15:49:52]	[Recv]	msgi 0 679 0 0 0 0 0

[15:49:52]	[Recv]	in 3 700 5024194 71 41 1 100 100 0 0 0 -1 0 0 -1 - 0 -1 0 0 0 0 0 0 0 0 0 0 0 0

[15:49:52]	[Recv]	msgi 0 679 0 0 0 0 0

[15:49:52]	[Recv]	in 3 710 5024195 72 39 5 100 100 0 0 0 -1 0 0 -1 - 0 -1 0 0 0 0 0 0 0 0 0 0 0 0

[15:49:52]	[Recv]	msgi 0 679 0 0 0 0 0

[15:49:52]	[Recv]	in 3 775 5024196 73 38 4 100 100 0 0 0 -1 0 0 -1 - 0 -1 0 0 0 0 0 0 0 0 0 0 0 0

[15:49:52]	[Recv]	msgi 0 679 0 0 0 0 0

[15:49:52]	[Recv]	in 3 710 5024197 73 39 7 100 100 0 0 0 -1 0 0 -1 - 0 -1 0 0 0 0 0 0 0 0 0 0 0 0

[15:49:52]	[Recv]	msgi 0 679 0 0 0 0 0

[15:49:52]	[Recv]	eff 3 5024197 5000

[15:49:52]	[Recv]	eff 3 5024193 5000

[15:49:52]	[Recv]	eff 3 5024189 5000

[15:49:52]	[Recv]	eff 3 5024187 5000

[15:49:52]	[Recv]	eff 3 5024184 5000

[15:49:52]	[Recv]	eff 3 5024180 5000

[15:49:52]	[Recv]	eff 2 5022310 7739

[15:49:52]	[Recv]	eff 2 5022309 7739

[15:49:52]	[Recv]	ms_c 0

[15:49:52]	[Recv]	qslot 0 1.1.1 1.1.2 1.1.3 1.1.4 1.1.5 1.1.6 1.1.7 1.1.9 1.1.8 1.1.10 0.1.45 0.2.21 0.1.76 1.1.38 1.3.12 0.1.34 0.1.87 0.-1.-1 0.1.84 0.1.43 1.3.11 1.1.42 1.1.41 1.3.976 0.-1.-1 0.1.70 0.2.143 0.2.25 0.2.27 0.2.26

[15:49:52]	[Recv]	qslot 1 0.-1.-1 0.-1.-1 0.-1.-1 0.-1.-1 0.-1.-1 0.-1.-1 0.-1.-1 0.-1.-1 0.-1.-1 0.-1.-1 0.1.-1 0.1.-1 1.1.41 1.1.42 0.-1.-1 7.7.-1 7.7.-1 7.7.-1 7.7.-1 0.-1.-1 0.-1.-1 0.-1.-1 0.-1.-1 0.-1.-1 0.-1.-1 0.-1.-1 0.-1.-1 0.-1.-1 0.-1.-1 0.-1.-1

[15:49:52]	[Recv]	sr 1

[15:49:52]	[Recv]	ct 1 2073308 3 5024175 -1 -1 1126

[15:49:52]	[Recv]	su 1 2073308 3 5024175 1126 3 26 4273 0 0 0 0 43033 0 0 0 5170

[15:49:52]	[Recv]	lev 99 0 99 0 2140719000 5991794 66993052 2 0 90 917705181 0

[15:49:52]	[Recv]	bf 1 2073308 0.568.400 99

[15:49:52]	[Recv]	mslot 1125 -1

[15:49:52]	[Recv]	qset 0 8 1.1.11.0

[15:49:52]	[Recv]	cond 1 2073308 0 0 24

[15:49:52]	[Recv]	bf 1 2073308 0.4254.80 99

[15:49:52]	[Recv]	sayi 1 2073308 20 26 3 4254 0 0 0

[15:49:52]	[Recv]	sayi 1 2073308 20 23 3 4254 0 0 0

[15:49:52]	[Send]	ptctl 5443 1 4988592 26 52 4988592 15
[15:49:52]	[Send]	suctl 5443 1 4988603 3 5024175
[15:49:53]	[Recv]	ct 3 5023668 2 5022311 -1 -1 0

[15:49:53]	[Recv]	su 3 5023668 2 5022311 0 10 11 4789 0 0 1 99 519 0 0 91767 92286

[15:49:53]	[Recv]	cond 2 4988592 0 0 15

[15:49:53]	[Send]	mtlist 1 2 4988592 
[15:49:53]	[Send]	u_s 11 3 5024175
[15:49:53]	[Send]	suctl 5443 1 4988592 3 5024175
[15:49:53]	[Recv]	sr 12

[15:49:53]	[Send]	ncif 3 5023666
[15:49:53]	[Recv]	eff 3 5024175 3617

[15:49:53]	[Recv]	st 2 5022311 95 0 99 100 91767 184572 92286 184572 0

[15:49:53]	[Recv]	cancel 0 11 -1

[15:49:53]	[Send]	mtlist 1 2 4988592 
[15:49:53]	[Send]	u_s 11 3 5024175
[15:49:53]	[Recv]	cond 1 2073308 0 0 21

[15:49:53]	[Recv]	sayi 1 2073308 20 22 3 576 0 0 0

[15:49:53]	[Recv]	bf 1 2073308 0.576.0 99

[15:49:53]	[Recv]	st 3 5023666 99 0 74 100 82135 2828 110907 2828 0

[15:49:53]	[Recv]	ct 3 5023661 1 2073308 -1 -1 0

[15:49:53]	[Recv]	su 3 5023661 1 2073308 0 10 11 4789 0 0 1 99 449 0 0 95848 96297

[15:49:53]	[Recv]	st 2 5022310 95 0 100 100 92286 184572 92286 184572 0

[15:49:53]	[Recv]	st 2 5022309 95 0 99 100 91785 184572 92286 184572 0

[15:49:53]	[Recv]	eff 1 2073308 869

[15:49:53]	[Recv]	sayi 1 2073308 11 2065 0 0 0 0 0

[15:49:53]	[Recv]	psd 0

[15:49:53]	[Recv]	sayi 1 2073308 11 2065 0 0 0 0 0

[15:49:53]	[Recv]	psd 0

[15:49:53]	[Recv]	sayi 1 2073308 11 2065 0 0 0 0 0

[15:49:53]	[Recv]	psd 0

[15:49:53]	[Recv]	cancel 0 11 -1

[15:49:53]	[Send]	mtlist 0 
[15:49:53]	[Send]	u_s 11 3 5023666
[15:49:54]	[Recv]	ms_c 0

[15:49:54]	[Recv]	qslot 0 1.1.1 1.1.2 1.1.3 1.1.4 1.1.5 1.1.6 1.1.7 1.1.9 1.1.8 1.1.10 0.1.45 0.2.21 0.1.76 1.1.38 1.3.12 0.1.34 0.1.87 0.-1.-1 0.1.84 0.1.43 1.3.11 1.1.42 1.1.41 1.3.976 0.-1.-1 0.1.70 0.2.143 0.2.25 0.2.27 0.2.26

[15:49:54]	[Recv]	qslot 1 0.-1.-1 0.-1.-1 0.-1.-1 0.-1.-1 0.-1.-1 0.-1.-1 0.-1.-1 0.-1.-1 0.-1.-1 0.-1.-1 0.1.-1 0.1.-1 1.1.41 1.1.42 0.-1.-1 7.7.-1 7.7.-1 7.7.-1 7.7.-1 0.-1.-1 0.-1.-1 0.-1.-1 0.-1.-1 0.-1.-1 0.-1.-1 0.-1.-1 0.-1.-1 0.-1.-1 0.-1.-1 0.-1.-1

[15:49:54]	[Send]	ncif 3 5023666
[15:49:54]	[Send]	ptctl 5443 1 4988592 26 57 4988592 15
[15:49:54]	[Recv]	ct 1 2073308 3 5023666 -1 -1 1125

[15:49:54]	[Recv]	cond 1 2073308 0 0 24

[15:49:54]	[Recv]	bf 1 2073308 0.576.20 99

[15:49:54]	[Recv]	sayi 1 2073308 20 26 3 576 0 0 0

[15:49:54]	[Recv]	bf 3 5023666 0.4110.80 99

[15:49:54]	[Recv]	eff 3 5023666 0

[15:49:54]	[Recv]	eff 1 2073308 15

[15:49:54]	[Recv]	rc 1 2073308 200 0

[15:49:54]	[Recv]	su 1 2073308 3 5023666 1125 3 22 4272 0 0 0 0 264727 3 0 0 110907

[15:49:54]	[Recv]	in 3 2371 5024200 29 60 2 100 100 0 0 0 -1 0 0 -1 - 0 -1 0 0 0 0 0 0 0 0 0 0 0 0

[15:49:54]	[Recv]	guri 31 1 2073308 29 60

[15:49:54]	[Recv]	lev 99 0 99 0 2140719000 5991794 66993052 2 0 90 917705181 0

[15:49:54]	[Recv]	mslot 1126 -1

[15:49:54]	[Recv]	qset 0 8 1.1.12.0

[15:49:54]	[Send]	suctl 5443 1 4988603 3 5023666
[15:49:54]	[Recv]	cond 2 4988592 0 0 15

[15:49:54]	[Send]	mtlist 1 3 5024200 
[15:49:54]	[Send]	u_s 12 3 5023666
[15:49:54]	[Recv]	sr 11

[15:49:54]	[Send]	ptctl 5443 2 4988603 33 52 4988592 31 55 4988603 15
[15:49:54]	[Recv]	sp 414040 1000000 0 10000

[15:49:54]	[Recv]	ct 3 5023659 2 5022309 -1 -1 0

[15:49:54]	[Recv]	su 3 5023659 2 5022309 0 10 11 4789 0 0 1 99 500 0 0 91786 92286

[15:49:54]	[Recv]	cancel 0 12 -1

[15:49:54]	[Send]	ptctl 5443 2 4988603 34 52 4988592 32 55 4988603 15
[15:49:54]	[Recv]	die 3 5024200 3 5024200

[15:49:54]	[Recv]	cond 2 4988603 0 0 15

[15:49:54]	[Recv]	cond 2 4988592 0 0 15

[15:49:54]	[Recv]	sr 7

[15:49:54]	[Recv]	cond 2 4988603 0 0 15

[15:49:54]	[Recv]	cond 2 4988592 0 0 15

[15:49:55]	[Send]	ptctl 5443 2 4988603 36 52 4988592 34 55 4988603 15
[15:49:55]	[Recv]	cond 1 2073308 0 0 24

[15:49:55]	[Recv]	cond 1 2073308 0 0 24

[15:49:55]	[Recv]	ct 3 5023668 2 5022311 -1 -1 0

[15:49:55]	[Recv]	su 3 5023668 2 5022311 0 10 11 4789 0 0 1 99 560 0 0 91726 92286

[15:49:55]	[Recv]	st 2 5022311 95 0 99 100 91726 184572 92286 184572 0

[15:49:55]	[Recv]	cond 2 4988603 0 0 15

[15:49:55]	[Recv]	cond 2 4988592 0 0 15

[15:49:55]	[Send]	ncif 3 5023667
[15:49:55]	[Send]	ptctl 5443 1 4988592 36 55 4988592 15
[15:49:55]	[Recv]	team_cool 4 0

[15:49:55]	[Recv]	st 3 5023667 99 0 100 100 126282 2828 126282 2828 0

[15:49:55]	[Recv]	cond 2 4988592 0 0 15

[15:49:55]	[Recv]	st 2 5022310 95 0 100 100 92286 184572 92286 184572 0

[15:49:55]	[Recv]	st 2 5022309 95 0 99 100 91786 184572 92286 184572 0

[15:49:55]	[Send]	ptctl 5443 1 4988592 38 55 4988592 15
[15:49:55]	[Send]	mtlist 0 
[15:49:55]	[Send]	u_s 12 3 5023667
[15:49:55]	[Recv]	ct 3 5023661 2 4988592 -1 -1 0

[15:49:55]	[Recv]	su 3 5023661 2 4988592 0 10 11 4789 0 0 1 79 49 0 0 45911 57771

[15:49:55]	[Recv]	cond 2 4988592 0 0 15

[15:49:55]	[Recv]	cond 1 2073308 0 0 24

[15:49:55]	[Recv]	cond 1 2073308 0 0 24

[15:49:55]	[Send]	ptctl 5443 1 4988603 41 52 4988603 15
[15:49:56]	[Send]	ptctl 5443 1 4988592 40 55 4988592 15
[15:49:56]	[Recv]	cond 1 2073308 0 0 21

[15:49:56]	[Recv]	sayi 1 2073308 20 22 3 576 0 0 0

[15:49:56]	[Recv]	bf 1 2073308 0.576.0 99

[15:49:56]	[Recv]	ms_c 0

[15:49:56]	[Recv]	qslot 0 1.1.1 1.1.2 1.1.3 1.1.4 1.1.5 1.1.6 1.1.7 1.1.9 1.1.8 1.1.10 0.1.45 0.2.21 0.1.76 1.1.38 1.3.12 0.1.34 0.1.87 0.-1.-1 0.1.84 0.1.43 1.3.11 1.1.42 1.1.41 1.3.976 0.-1.-1 0.1.70 0.2.143 0.2.25 0.2.27 0.2.26

[15:49:56]	[Recv]	qslot 1 0.-1.-1 0.-1.-1 0.-1.-1 0.-1.-1 0.-1.-1 0.-1.-1 0.-1.-1 0.-1.-1 0.-1.-1 0.-1.-1 0.1.-1 0.1.-1 1.1.41 1.1.42 0.-1.-1 7.7.-1 7.7.-1 7.7.-1 7.7.-1 0.-1.-1 0.-1.-1 0.-1.-1 0.-1.-1 0.-1.-1 0.-1.-1 0.-1.-1 0.-1.-1 0.-1.-1 0.-1.-1 0.-1.-1

[15:49:56]	[Recv]	sc_p 170 1548 4988592 96 554 24141405 0 0 1889 2049 1289 19 90 9 975 627 958 627 866 3 90 90 110 80 45911 57771 18100 18100 1 84982200 0 @ 0 0 6 60 1831 1798 0 100

[15:49:56]	[Recv]	ct 1 2073308 3 5023667 -1 -1 1126

[15:49:56]	[Recv]	rc 1 2073308 200 0

[15:49:56]	[Recv]	su 1 2073308 3 5023667 1126 3 26 4273 0 0 1 14 108532 3 0 17750 126282

[15:49:56]	[Recv]	bf 1 2073308 0.568.400 99

[15:49:56]	[Recv]	mslot 1125 -1

[15:49:56]	[Recv]	qset 0 8 1.1.11.0

[15:49:56]	[Recv]	cond 2 4988603 0 0 15

[15:49:56]	[Recv]	cond 2 4988592 0 0 15

[15:49:56]	[Send]	ncif 3 5023667
[15:49:56]	[Recv]	st 3 5023667 99 0 14 100 17750 2828 126282 2828 0

[15:49:56]	[Recv]	team_cool 3 0

[15:49:56]	[Recv]	sr 12

[15:49:56]	[Recv]	eff 3 5024189 4799

[15:49:56]	[Recv]	ct 3 5023667 2 5022311 -1 -1 0

[15:49:56]	[Recv]	su 3 5023667 2 5022311 0 5 11 1061 0 0 1 99 500 0 0 91786 92286

[15:49:56]	[Recv]	ct 3 5023663 2 4988603 -1 -1 0

[15:49:56]	[Recv]	su 3 5023663 2 4988603 0 10 11 4789 0 0 1 70 113 0 0 13768 19451

[15:49:56]	[Recv]	cond 1 2073308 0 0 21

[15:49:56]	[Recv]	cond 1 2073308 0 0 21

[15:49:56]	[Send]	ptctl 5443 1 4988603 46 52 4988603 15
[15:49:56]	[Recv]	ct 3 5023669 2 4988592 -1 -1 0

[15:49:56]	[Recv]	su 3 5023669 2 4988592 0 10 11 4789 0 0 1 79 245 0 0 45666 57771

[15:49:56]	[Recv]	ct 3 5023659 2 5022309 -1 -1 0

[15:49:56]	[Recv]	su 3 5023659 2 5022309 0 10 11 4789 0 0 1 99 718 3 0 91568 92286

[15:49:56]	[Recv]	cond 2 4988603 0 0 15

[15:49:57]	[Send]	ptctl 5443 1 4988592 45 55 4988592 15
[15:49:57]	[Recv]	cond 2 4988592 0 0 15

[15:49:57]	[Send]	mtlist 0 
[15:49:57]	[Send]	u_s 11 3 5023667
[15:49:57]	[Recv]	eff 3 5024184 4799

[15:49:57]	[Recv]	st 2 5022311 95 0 99 100 91786 184572 92286 184572 0

[15:49:57]	[Recv]	eff 2 5022311 7739

[15:49:57]	[Send]	ncif 3 5023667
[15:49:57]	[Send]	suctl 5443 1 4988603 3 5023667
[15:49:57]	[Recv]	ct 3 5023668 2 5022311 -1 -1 0

[15:49:57]	[Recv]	su 3 5023668 2 5022311 0 10 11 4789 0 0 1 99 590 0 0 91696 92286

[15:49:57]	[Recv]	ms_c 0

[15:49:57]	[Recv]	qslot 0 1.1.1 1.1.2 1.1.3 1.1.4 1.1.5 1.1.6 1.1.7 1.1.9 1.1.8 1.1.10 0.1.45 0.2.21 0.1.76 1.1.38 1.3.12 0.1.34 0.1.87 0.-1.-1 0.1.84 0.1.43 1.3.11 1.1.42 1.1.41 1.3.976 0.-1.-1 0.1.70 0.2.143 0.2.25 0.2.27 0.2.26

[15:49:57]	[Recv]	qslot 1 0.-1.-1 0.-1.-1 0.-1.-1 0.-1.-1 0.-1.-1 0.-1.-1 0.-1.-1 0.-1.-1 0.-1.-1 0.-1.-1 0.1.-1 0.1.-1 1.1.41 1.1.42 0.-1.-1 7.7.-1 7.7.-1 7.7.-1 7.7.-1 0.-1.-1 0.-1.-1 0.-1.-1 0.-1.-1 0.-1.-1 0.-1.-1 0.-1.-1 0.-1.-1 0.-1.-1 0.-1.-1 0.-1.-1

[15:49:57]	[Recv]	ct 1 2073308 3 5023667 -1 -1 1125

[15:49:57]	[Recv]	cond 1 2073308 0 0 24

[15:49:57]	[Recv]	bf 1 2073308 0.576.20 99

[15:49:57]	[Recv]	sayi 1 2073308 20 26 3 576 0 0 0

[15:49:57]	[Recv]	rc 1 2073308 49 0

[15:49:57]	[Recv]	su 1 2073308 3 5023667 1125 3 22 4272 0 0 0 0 34523 0 0 0 126282

[15:49:57]	[Recv]	lev 99 0 99 0 2140719000 5991794 66993052 2 0 90 917705181 0

[15:49:57]	[Recv]	st 2 5022310 95 0 100 100 92286 184572 92286 184572 0

[15:49:57]	[Recv]	eff 2 5022310 7739

[15:49:57]	[Recv]	st 2 5022309 95 0 99 100 91568 184572 92286 184572 0

[15:49:57]	[Recv]	eff 2 5022309 7739

[15:49:57]	[Send]	u_ts 778 22 56
[15:49:57]	[Recv]	sr 11

[15:49:57]	[Recv]	sr 13

[15:49:57]	[Recv]	in 2 669 4988543 20 54 2 100 100 0 0 0 2073308 0 0 -1 @ 2 -1 0 0 0 0 0 0 0 0 0 0 19 4

[15:49:57]	[Recv]	ctl 2 4988543 0 1

[15:49:57]	[Recv]	in 2 643 4988539 20 55 2 100 100 0 0 3 2073308 0 0 -1 @ 2 -1 0 0 0 0 0 0 0 0 0 0 20 4

[15:49:57]	[Recv]	ctl 2 4988539 0 1

[15:49:57]	[Recv]	in 2 639 4988535 24 54 2 100 100 0 0 3 2073308 0 0 -1 @ 2 -1 0 0 0 0 0 0 0 0 0 0 18 4

[15:49:57]	[Recv]	ctl 2 4988535 0 1

[15:49:57]	[Recv]	in 2 638 4988534 21 55 2 100 100 0 0 0 2073308 0 0 -1 @ 2 -1 0 0 0 0 0 0 0 0 0 0 17 4

[15:49:57]	[Recv]	ctl 2 4988534 0 1

[15:49:57]	[Recv]	bf 1 2073308 0.1029.200 99

[15:49:57]	[Recv]	sayi 1 2073308 20 26 3 1029 0 0 0

[15:49:57]	[Recv]	team_cool 4 900

[15:49:57]	[Send]	ptctl 5443 1 4988592 49 57 4988592 15
[15:49:57]	[Recv]	cond 2 4988592 0 0 15

[15:49:58]	[Recv]	ct 3 5024166 2 5022311 -1 -1 779

[15:49:58]	[Recv]	ct 3 5023661 1 2073308 -1 -1 0

[15:49:58]	[Recv]	su 3 5023661 1 2073308 0 10 11 4789 0 0 1 100 0 1 0 96297 96297

[15:49:58]	[Send]	ptctl 5443 1 4988592 48 56 4988592 15
[15:49:58]	[Recv]	cond 2 4988592 0 0 15

[15:49:58]	[Recv]	ct 2 4988534 3 5024183 -1 -1 0

[15:49:58]	[Recv]	sc_p 80 638 4988534 1 2984 0 2 0 144 201 70 4 70 0 27 35 29 35 25 3 60 50 80 50 501 501 220 220 0 15 0 @ 0 17 4 1 0 0 0 90

[15:49:58]	[Recv]	eff 3 5024183 6003

[15:49:58]	[Recv]	su 2 4988534 3 5024183 0 11 11 4948 0 0 1 100 1 0 0 110906 110907

[15:49:58]	[Recv]	ct 2 4988543 3 5024182 -1 -1 0

[15:49:58]	[Recv]	su 2 4988543 3 5024182 0 11 11 4948 0 0 1 100 1 0 0 126281 126282

[15:49:58]	[Send]	u_ts 777 21 56
[15:49:58]	[Send]	ptctl 5443 2 4988603 42 54 4988592 43 56 4988603 15
[15:49:58]	[Recv]	msgi2 0 905 14 SuperLeiga 3028 

[15:49:58]	[Recv]	in 2 2731 4988617 21 58 2 100 100 0 0 3 2073308 0 0 -1 @ 2 -1 0 0 0 0 0 0 0 0 0 0 15 5

[15:49:58]	[Recv]	ctl 2 4988617 0 1

[15:49:58]	[Recv]	in 2 1538 4988590 21 57 2 100 100 0 0 3 2073308 0 0 -1 @ 2 -1 0 0 0 0 0 0 0 0 0 0 16 6

[15:49:58]	[Recv]	ctl 2 4988590 0 1

[15:49:58]	[Recv]	in 2 840 4988573 19 58 2 100 100 0 0 3 2073308 0 0 -1 @ 2 -1 0 0 0 0 0 0 0 0 0 0 14 4

[15:49:58]	[Recv]	ctl 2 4988573 0 1

[15:49:58]	[Recv]	in 2 64 4988460 21 56 2 100 100 0 0 3 2073308 0 0 -1 @ 2 -1 0 0 0 0 0 0 0 0 0 0 13 3

[15:49:58]	[Recv]	ctl 2 4988460 0 1

[15:49:58]	[Recv]	bf 1 2073308 0.1028.200 99

[15:49:58]	[Recv]	sayi 1 2073308 20 26 3 1028 0 0 0

[15:49:58]	[Recv]	team_cool 3 900

[15:49:58]	[Recv]	eff 1 2073308 869

[15:49:58]	[Recv]	cond 2 4988603 0 0 15

[15:49:58]	[Recv]	cond 2 4988592 0 0 15

[15:49:58]	[Send]	ptctl 5443 2 4988603 44 57 4988592 46 61 4988603 15
[15:49:58]	[Recv]	ct 3 5023663 2 4988603 -1 -1 0

[15:49:58]	[Recv]	su 3 5023663 2 4988603 0 10 11 4789 0 0 1 70 0 1 0 13768 19451

[15:49:58]	[Recv]	ct 2 4988460 3 5022943 -1 -1 0

[15:49:58]	[Recv]	cond 1 2073308 0 0 24

[15:49:58]	[Recv]	cond 1 2073308 0 0 24

[15:49:58]	[Send]	ptctl 5443 2 4988603 44 58 4988592 47 59 4988603 15
[15:49:58]	[Recv]	cond 2 4988603 0 0 15

[15:49:58]	[Recv]	cond 2 4988592 0 0 15

[15:49:59]	[Recv]	ct 3 5023669 2 4988603 -1 -1 0

[15:49:59]	[Recv]	su 3 5023669 2 4988603 0 10 11 4789 0 0 1 70 0 1 0 13768 19451

[15:49:59]	[Recv]	ct 3 5023659 2 5022309 -1 -1 0

[15:49:59]	[Recv]	su 3 5023659 2 5022309 0 10 11 4789 0 0 1 99 529 0 0 91757 92286

[15:49:59]	[Recv]	su 2 4988460 2 4988460 0 12 11 1007 0 0 1 101 0 2 0 4356 4356

[15:49:59]	[Recv]	cond 1 2073308 0 0 24

[15:49:59]	[Recv]	cond 1 2073308 0 0 24

[15:49:59]	[Send]	ptctl 5443 2 4988603 49 54 4988592 51 58 4988603 15
[15:49:59]	[Recv]	cond 2 4988603 0 0 15

[15:49:59]	[Recv]	cond 2 4988592 0 0 15

[15:49:59]	[Recv]	st 2 5022311 95 0 99 100 91696 184572 92286 184572 0

[15:49:59]	[Recv]	cond 1 2073308 0 0 24

[15:49:59]	[Recv]	cond 1 2073308 0 0 24

[15:49:59]	[Recv]	cond 2 4988603 0 0 15

[15:49:59]	[Recv]	cond 2 4988592 0 0 15

[15:49:59]	[Send]	ncif 3 5024195
[15:49:59]	[Recv]	ct 3 5024182 2 4988543 -1 -1 767

[15:49:59]	[Recv]	in 3 804 5024264 19 50 2 100 100 0 0 0 -1 0 0 -1 - 0 -1 0 0 0 0 0 0 0 0 0 0 0 0

[15:49:59]	[Recv]	su 3 5024182 3 5024182 767 100 11 7287 0 0 1 100 0 -1 0 126281 126282

[15:49:59]	[Recv]	cond 1 2073308 0 0 21

[15:49:59]	[Recv]	sayi 1 2073308 20 22 3 576 0 0 0

[15:49:59]	[Recv]	bf 1 2073308 0.576.0 99

[15:49:59]	[Recv]	st 3 5024195 99 0 100 100 126282 2828 126282 2828 0

[15:49:59]	[Send]	u_s 1 3 5024195
[15:49:59]	[Recv]	sp 414030 1000000 0 10000

[15:49:59]	[Recv]	ct 3 5023668 2 5022311 -1 -1 0

[15:49:59]	[Recv]	su 3 5023668 2 5022311 0 10 11 4789 0 0 1 99 581 0 0 91705 92286

[15:49:59]	[Recv]	sc_p 74 1538 4988590 1 2971 0 0 0 1330 1388 730 18 150 0 622 74 624 74 619 2 90 110 100 100 15441 15441 15070 15070 0 15 0 @ 0 16 6 60 1819 1831 0 100

[15:49:59]	[Recv]	sc_p 77 2731 4988617 1 2970 0 0 0 820 850 450 15 80 0 345 38 350 38 360 4 83 93 73 108 7621 7621 7260 7260 0 15 0 @ 0 15 5 40 1805 1820 3 2130

[15:49:59]	[Recv]	st 2 5022310 95 0 100 100 92286 184572 92286 184572 0

[15:49:59]	[Recv]	st 2 5022309 95 0 99 100 91757 184572 92286 184572 0

[15:49:59]	[Recv]	cond 1 2073308 0 0 21

[15:49:59]	[Recv]	cond 1 2073308 0 0 21

[15:49:59]	[Recv]	su 3 5024166 2 5022311 779 30 11 3617 0 0 1 96 2669 0 0 89036 92286

[15:49:59]	[Recv]	dm 2 5022311 3000 1

[15:49:59]	[Recv]	ms_c 0

[15:49:59]	[Recv]	qslot 0 1.1.1 1.1.2 1.1.3 1.1.4 1.1.5 1.1.6 1.1.7 1.1.9 1.1.8 1.1.10 0.1.45 0.2.21 0.1.76 1.1.38 1.3.12 0.1.34 0.1.87 0.-1.-1 0.1.84 0.1.43 1.3.11 1.1.42 1.1.41 1.3.976 0.-1.-1 0.1.70 0.2.143 0.2.25 0.2.27 0.2.26

[15:49:59]	[Recv]	qslot 1 0.-1.-1 0.-1.-1 0.-1.-1 0.-1.-1 0.-1.-1 0.-1.-1 0.-1.-1 0.-1.-1 0.-1.-1 0.-1.-1 0.1.-1 0.1.-1 1.1.41 1.1.42 0.-1.-1 7.7.-1 7.7.-1 7.7.-1 7.7.-1 0.-1.-1 0.-1.-1 0.-1.-1 0.-1.-1 0.-1.-1 0.-1.-1 0.-1.-1 0.-1.-1 0.-1.-1 0.-1.-1 0.-1.-1

[15:49:59]	[Send]	suctl 5443 1 4988603 3 5024195
[15:49:59]	[Recv]	ct 1 2073308 3 5024195 14 4263 1115

[15:50:00]	[Recv]	die 3 5024166 3 5024166

[15:50:00]	[Recv]	ct 2 4988535 3 5024181 -1 -1 0

[15:50:00]	[Recv]	su 2 4988535 3 5024181 0 2 11 4948 0 0 1 100 1 0 0 116031 116032

[15:50:00]	[Recv]	ct 2 4988539 3 5024180 -1 -1 0

[15:50:00]	[Recv]	su 2 4988539 3 5024180 0 2 11 4948 0 0 1 100 1 0 0 126281 126282

[15:50:00]	[Recv]	eff 2 4988603 5005

[15:50:00]	[Send]	ptctl 5443 1 4988592 55 56 4988592 15
[15:50:00]	[Recv]	eff 1 2073308 15

[15:50:00]	[Recv]	su 1 2073308 3 5024195 1115 70 12 4264 0 0 1 34 83206 0 0 43076 126282

[15:50:00]	[Recv]	mslot 1127 -1

[15:50:00]	[Recv]	qset 0 0 1.1.13.0

[15:50:00]	[Recv]	bf 1 2073308 0.4126.100 99

[15:50:00]	[Recv]	sayi 1 2073308 20 26 3 4126 0 0 0

[15:50:00]	[Recv]	cond 2 4988592 0 0 15

[15:50:00]	[Send]	ncif 3 5024195
[15:50:00]	[Send]	u_s 13 3 5024195
[15:50:00]	[Recv]	eff 3 5024166 3617

[15:50:00]	[Recv]	ct 2 4988590 3 5024183 -1 -1 0

[15:50:00]	[Recv]	su 2 4988590 3 5024183 0 10 11 4841 0 0 1 100 0 1 0 110906 110907

[15:50:00]	[Recv]	ct 2 4988617 3 5024182 -1 -1 0

[15:50:00]	[Recv]	su 2 4988617 3 5024182 0 10 11 8146 0 0 1 100 0 1 0 126281 126282

[15:50:00]	[Recv]	ct 2 4988603 3 5024195 -1 -1 0

[15:50:00]	[Recv]	su 2 4988603 3 5024195 0 12 11 8360 0 0 1 27 8756 0 0 34320 126282

[15:50:00]	[Recv]	st 3 5024195 99 0 27 100 34320 2828 126282 2828 0

[15:50:00]	[Recv]	ct 3 5024182 2 4988543 -1 -1 0

[15:50:00]	[Recv]	su 3 5024182 2 4988543 0 5 11 1061 0 0 0 0 1691 0 0 0 501

[15:50:00]	[Recv]	ct 3 5024180 2 4988539 -1 -1 767

[15:50:00]	[Recv]	in 3 804 5024266 21 45 2 100 100 0 0 0 -1 0 0 -1 - 0 -1 0 0 0 0 0 0 0 0 0 0 0 0

[15:50:00]	[Recv]	su 3 5024180 3 5024180 767 100 11 7287 0 0 1 100 0 -1 0 126281 126282

[15:50:00]	[Recv]	sc_p 81 639 4988535 1 2977 0 2 0 144 201 70 4 70 0 27 35 29 35 25 3 60 50 80 50 501 501 220 220 0 15 0 @ 0 18 4 1 0 0 0 90

[15:50:00]	[Recv]	ms_c 0

[15:50:00]	[Recv]	qslot 0 1.1.1 1.1.2 1.1.3 1.1.4 1.1.5 1.1.6 1.1.7 1.1.9 1.1.8 1.1.10 0.1.45 0.2.21 0.1.76 1.1.38 1.3.12 0.1.34 0.1.87 0.-1.-1 0.1.84 0.1.43 1.3.11 1.1.42 1.1.41 1.3.976 0.-1.-1 0.1.70 0.2.143 0.2.25 0.2.27 0.2.26

[15:50:00]	[Recv]	qslot 1 0.-1.-1 0.-1.-1 0.-1.-1 0.-1.-1 0.-1.-1 0.-1.-1 0.-1.-1 0.-1.-1 0.-1.-1 0.-1.-1 0.1.-1 0.1.-1 1.1.41 1.1.42 0.-1.-1 7.7.-1 7.7.-1 7.7.-1 7.7.-1 0.-1.-1 0.-1.-1 0.-1.-1 0.-1.-1 0.-1.-1 0.-1.-1 0.-1.-1 0.-1.-1 0.-1.-1 0.-1.-1 0.-1.-1

[15:50:00]	[Recv]	ct 1 2073308 3 5024195 -1 -1 1127

[15:50:00]	[Recv]	eff 1 2073308 15

[15:50:00]	[Recv]	su 1 2073308 3 5024195 1127 100 22 4284 0 0 0 0 91374 0 0 0 126282

[15:50:00]	[Recv]	lev 99 0 99 0 2140719000 5991794 66993052 2 0 90 917705181 0

[15:50:00]	[Recv]	cond 1 2073308 0 0 21

[15:50:00]	[Recv]	sayi 1 2073308 20 22 3 4254 0 0 0

[15:50:00]	[Recv]	bf 1 2073308 0.4254.0 99

[15:50:00]	[Recv]	ct 2 4988534 3 5024183 -1 -1 0

[15:50:00]	[Recv]	su 2 4988534 3 5024183 0 11 11 4948 0 0 1 100 1 0 0 110905 110907

[15:50:00]	[Recv]	ct 2 4988535 3 5024181 -1 -1 0

[15:50:00]	[Recv]	su 2 4988535 3 5024181 0 11 11 4948 0 0 1 100 1 0 0 116030 116032

[15:50:00]	[Recv]	ct 2 4988539 3 5024180 -1 -1 0

[15:50:00]	[Recv]	su 2 4988539 3 5024180 0 11 11 4948 0 0 1 100 1 0 0 126280 126282

[15:50:00]	[Send]	ptctl 5443 2 4988603 54 53 4988592 57 51 4988603 15
[15:50:00]	[Recv]	cond 1 2073308 0 0 21

[15:50:00]	[Recv]	cond 1 2073308 0 0 21

[15:50:01]	[Recv]	cond 2 4988603 0 0 15

[15:50:01]	[Recv]	cond 2 4988592 0 0 15

[15:50:01]	[Send]	ptctl 5443 2 4988603 54 50 4988592 55 49 4988603 15
[15:50:01]	[Send]	ncif 3 5024197
[15:50:01]	[Recv]	ct 3 5023659 2 5022309 -1 -1 0

[15:50:01]	[Recv]	su 3 5023659 2 5022309 0 10 11 4789 0 0 1 99 500 0 0 91786 92286

[15:50:01]	[Recv]	st 2 5022311 95 0 93 100 86036 184572 92286 184572 0

[15:50:01]	[Recv]	cond 1 2073308 0 0 21

[15:50:01]	[Recv]	cond 1 2073308 0 0 21

[15:50:01]	[Recv]	cond 2 4988603 0 0 15

[15:50:01]	[Recv]	cond 2 4988592 0 0 15

[15:50:01]	[Send]	ptctl 5443 1 4988592 56 50 4988592 15
[15:50:01]	[Send]	ptctl 5443 1 4988603 51 53 4988603 15
[15:50:01]	[Send]	suctl 5443 1 4988603 3 5024197
[15:50:01]	[Send]	u_s 0 3 5024197
[15:50:01]	[Recv]	st 3 5024197 99 0 100 100 126282 2828 126282 2828 0

[15:50:01]	[Recv]	cond 2 4988592 0 0 15

[15:50:01]	[Recv]	eff 3 5024189 4799

[15:50:01]	[Recv]	ct 2 4988460 3 5024179 -1 -1 0

[15:50:01]	[Recv]	sc_p 72 64 4988460 1 2983 0 0 0 442 475 237 4 100 0 205 31 194 31 193 0 -3 12 12 14 4356 4356 4210 4210 0 15 0 @ 0 13 3 30 1804 1798 0 1080

[15:50:01]	[Recv]	st 2 5022310 95 0 100 100 92286 184572 92286 184572 0

[15:50:01]	[Recv]	st 2 5022309 95 0 99 100 91786 184572 92286 184572 0

[15:50:01]	[Recv]	cond 2 4988603 0 0 15

[15:50:01]	[Recv]	eff 2 4988603 5005

[15:50:01]	[Recv]	ct 3 5024197 2 4988592 -1 -1 767

[15:50:01]	[Recv]	in 3 804 5024270 57 49 2 100 100 0 0 0 -1 0 0 -1 - 0 -1 0 0 0 0 0 0 0 0 0 0 0 0

[15:50:01]	[Recv]	su 3 5024197 3 5024197 767 100 11 7287 0 0 1 100 0 -1 0 126282 126282

[15:50:01]	[Recv]	ct 3 5024182 2 4988617 -1 -1 0

[15:50:01]	[Recv]	su 3 5024182 2 4988617 0 5 11 1061 0 0 1 99 70 0 0 7551 7621

[15:50:01]	[Recv]	ct 3 5024180 2 4988539 -1 -1 0

[15:50:01]	[Recv]	su 3 5024180 2 4988539 0 5 11 1061 0 0 0 0 1632 0 0 0 501

[15:50:01]	[Recv]	ct 3 5023668 2 5022311 -1 -1 0

[15:50:01]	[Recv]	su 3 5023668 2 5022311 0 10 11 4789 0 0 1 93 573 0 0 86385 92286

[15:50:01]	[Recv]	su 2 4988460 3 5024179 0 12 11 1007 0 0 1 100 1 0 0 110906 110907

[15:50:01]	[Recv]	ct 2 4988573 3 5024179 -1 -1 0

[15:50:01]	[Recv]	eff 3 5024179 6003

[15:50:01]	[Recv]	su 2 4988573 3 5024179 0 10 11 200 0 0 1 100 1 0 0 110905 110907

[15:50:01]	[Recv]	cond 1 2073308 0 0 21

[15:50:01]	[Recv]	cond 1 2073308 0 0 21

[15:50:01]	[Send]	ptctl 5443 2 4988603 51 58 4988592 53 54 4988603 15
[15:50:02]	[Recv]	ct 2 4988603 3 5024197 -1 -1 0

[15:50:02]	[Recv]	su 2 4988603 3 5024197 0 12 11 8360 0 0 1 93 8888 0 0 117394 126282

[15:50:02]	[Recv]	ct 1 2073308 3 5024197 -1 -1 1114

[15:50:02]	[Recv]	su 1 2073308 3 5024197 1114 7 11 4260 0 0 1 93 0 4 0 117394 126282

[15:50:02]	[Recv]	cond 2 4988603 0 0 15

[15:50:02]	[Recv]	cond 2 4988592 0 0 15

[15:50:02]	[Send]	ptctl 5443 2 4988603 49 58 4988592 54 55 4988603 15
[15:50:02]	[Send]	ptctl 5443 2 4988603 50 59 4988592 52 55 4988603 15
[15:50:02]	[Recv]	ct 3 5024193 2 4988592 -1 -1 0

[15:50:02]	[Recv]	su 3 5024193 2 4988592 0 10 11 4789 0 0 1 79 50 0 0 45616 57771

[15:50:02]	[Recv]	eff 3 5024184 4799

[15:50:02]	[Recv]	out 2 4988543

[15:50:02]	[Recv]	eff 2 5022311 7739

[15:50:02]	[Recv]	cond 1 2073308 0 0 21

[15:50:02]	[Recv]	cond 1 2073308 0 0 21

[15:50:02]	[Send]	ncif 3 5024197
[15:50:02]	[Recv]	cond 2 4988603 0 0 15

[15:50:02]	[Recv]	cond 2 4988592 0 0 15

[15:50:02]	[Send]	ptctl 5443 2 4988603 49 58 4988592 53 56 4988603 15
[15:50:02]	[Recv]	cond 2 4988603 0 0 15

[15:50:02]	[Recv]	cond 2 4988592 0 0 15

[15:50:02]	[Recv]	st 3 5024197 99 0 93 100 117394 2828 126282 2828 0

[15:50:02]	[Send]	ptctl 5443 1 4988592 56 50 4988592 15
[15:50:02]	[Recv]	ct 2 4988590 3 5024183 -1 -1 0

[15:50:02]	[Recv]	su 2 4988590 3 5024183 0 10 11 4841 0 0 1 100 1 0 0 110904 110907

[15:50:02]	[Recv]	ct 2 4988617 3 5024182 -1 -1 0

[15:50:02]	[Recv]	su 2 4988617 3 5024182 0 10 11 8146 0 0 1 100 1 0 0 126280 126282

[15:50:02]	[Recv]	eff 2 5022310 7739

[15:50:02]	[Recv]	eff 2 5022309 7739

[15:50:02]	[Recv]	cond 2 4988603 0 0 15

[15:50:02]	[Recv]	cond 2 4988592 0 0 15

[15:50:02]	[Send]	u_s 0 3 5024197
[15:50:02]	[Recv]	sr 0

[15:50:02]	[Recv]	cond 2 4988592 0 0 15

[15:50:02]	[Send]	ptctl 5443 1 4988603 51 54 4988603 15
[15:50:02]	[Send]	suctl 5443 1 4988603 3 5024197
[15:50:02]	[Recv]	cond 1 2073308 0 0 21

[15:50:02]	[Recv]	cond 1 2073308 0 0 21

[15:50:03]	[Recv]	ct 3 5024182 2 4988617 -1 -1 0

[15:50:03]	[Recv]	su 3 5024182 2 4988617 0 5 11 1061 0 0 1 94 347 0 0 7204 7621

[15:50:03]	[Recv]	ct 3 5023669 2 4988603 -1 -1 0

[15:50:03]	[Recv]	su 3 5023669 2 4988603 0 10 11 4789 0 0 1 70 114 0 0 13654 19451

[15:50:03]	[Recv]	ct 1 2073308 3 5024197 -1 -1 1114

[15:50:03]	[Recv]	eff 1 2073308 15

[15:50:03]	[Recv]	su 1 2073308 3 5024197 1114 7 11 4260 0 0 0 0 269436 3 0 0 126282

[15:50:03]	[Recv]	in 3 2371 5024274 52 58 2 100 100 0 0 0 -1 0 0 -1 - 0 -1 0 0 0 0 0 0 0 0 0 0 0 0

[15:50:03]	[Recv]	guri 31 1 2073308 52 58

[15:50:03]	[Recv]	lev 99 0 99 0 2140719000 5991794 66993052 2 0 90 917705181 0

[15:50:03]	[Recv]	cond 2 4988603 0 0 15

[15:50:03]	[Send]	ncif 3 5023669
[15:50:03]	[Recv]	ct 3 5023661 1 2073308 -1 -1 0

[15:50:03]	[Recv]	su 3 5023661 1 2073308 0 10 11 4789 0 0 1 100 0 1 0 96297 96297

[15:50:03]	[Recv]	ct 2 4988534 3 5024183 -1 -1 0

[15:50:03]	[Recv]	su 2 4988534 3 5024183 0 11 11 4948 0 0 1 100 1 0 0 110903 110907

[15:50:03]	[Recv]	ct 2 4988535 3 5024181 -1 -1 0

[15:50:03]	[Recv]	su 2 4988535 3 5024181 0 11 11 4948 0 0 1 100 1 0 0 116029 116032

[15:50:03]	[Recv]	st 2 5022311 95 0 93 100 86385 184572 92286 184572 0

[15:50:03]	[Recv]	st 3 5023669 99 0 56 100 62742 2828 110907 2828 0

[15:50:03]	[Send]	ptctl 5443 1 4988592 51 50 4988592 15
[15:50:03]	[Recv]	cond 2 4988592 0 0 15

[15:50:03]	[Send]	ptctl 5443 2 4988603 52 56 4988592 55 55 4988603 15
[15:50:03]	[Recv]	ct 3 5023659 2 5022309 -1 -1 0

[15:50:03]	[Recv]	su 3 5023659 2 5022309 0 10 11 4789 0 0 1 99 503 0 0 91783 92286

[15:50:03]	[Recv]	sc_p 78 840 4988573 1 2977 0 0 0 423 456 224 5 70 0 203 35 215 35 188 2 6 10 8 7 4021 4021 3740 3740 0 15 0 @ 0 14 4 23 1811 1797 629 630

[15:50:03]	[Recv]	out 2 4988539

[15:50:03]	[Send]	ptctl 5443 1 4988592 51 51 4988592 15
[15:50:03]	[Recv]	sayi2 1 -1  10 1992 17 ADuckOnQuack 918 

[15:50:03]	[Recv]	gcon 613441|1|0

[15:50:03]	[Recv]	cond 1 2073308 0 0 21

[15:50:03]	[Recv]	cond 1 2073308 0 0 21

[15:50:03]	[Send]	ptctl 5443 2 4988603 57 56 4988592 61 51 4988603 15
[15:50:03]	[Recv]	ct 3 5023663 1 2073308 -1 -1 0

[15:50:03]	[Recv]	su 3 5023663 1 2073308 0 10 11 4789 0 0 1 99 450 0 0 95847 96297

[15:50:03]	[Recv]	st 2 5022310 95 0 100 100 92286 184572 92286 184572 0

[15:50:03]	[Recv]	st 2 5022309 95 0 99 100 91783 184572 92286 184572 0

[15:50:03]	[Recv]	cond 2 4988603 0 0 15

[15:50:03]	[Recv]	cond 2 4988592 0 0 15

[15:50:03]	[Recv]	sr 0

[15:50:03]	[Recv]	eff 1 2073308 869

[15:50:03]	[Recv]	cond 2 4988592 0 0 15

[15:50:03]	[Send]	ncif 3 5024196
[15:50:03]	[Recv]	die 3 5024274 3 5024274

[15:50:03]	[Recv]	cond 1 2073308 0 0 21

[15:50:03]	[Recv]	cond 1 2073308 0 0 21

[15:50:03]	[Recv]	cond 2 4988603 0 0 15

[15:50:03]	[Recv]	cond 2 4988592 0 0 15

[15:50:03]	[Send]	u_s 0 3 5024196
[15:50:04]	[Send]	ptctl 5443 1 4988592 61 53 4988592 15
[15:50:04]	[Send]	ptctl 5443 1 4988603 54 56 4988603 15
[15:50:04]	[Send]	suctl 5443 1 4988603 3 5024196
[15:50:04]	[Recv]	ct 3 5023668 2 5022311 -1 -1 0

[15:50:04]	[Recv]	su 3 5023668 2 5022311 0 10 11 4789 0 0 1 94 522 0 0 86785 92286

[15:50:04]	[Recv]	ct 2 4988573 3 5024179 -1 -1 0

[15:50:04]	[Recv]	su 2 4988573 3 5024179 0 10 11 200 0 0 1 100 1 0 0 110904 110907

[15:50:04]	[Recv]	st 3 5024196 99 0 100 100 116032 2828 116032 2828 0

[15:50:04]	[Recv]	cond 1 2073308 0 0 21

[15:50:04]	[Recv]	cond 1 2073308 0 0 21

[15:50:04]	[Send]	ptctl 5443 1 4988592 61 54 4988592 15
[15:50:04]	[Recv]	ct 3 5024183 2 4988590 -1 -1 0

[15:50:04]	[Recv]	su 3 5024183 2 4988590 0 10 11 4789 0 0 1 98 346 0 0 15095 15441

[15:50:04]	[Recv]	ct 3 5024182 2 4988617 -1 -1 0

[15:50:04]	[Recv]	su 3 5024182 2 4988617 0 5 11 1061 0 0 1 90 348 0 0 6856 7621

[15:50:04]	[Recv]	ct 1 2073308 3 5024196 -1 -1 1114

[15:50:04]	[Recv]	eff 1 2073308 15

[15:50:04]	[Recv]	rc 1 2073308 200 0

[15:50:04]	[Recv]	su 1 2073308 3 5024196 1114 7 11 4260 0 0 0 0 250115 3 0 0 116032

[15:50:04]	[Recv]	lev 99 0 99 0 2140719000 5991794 66993052 2 0 90 917705181 0

[15:50:04]	[Recv]	cond 2 4988592 0 0 15

[15:50:04]	[Send]	ptctl 5443 1 4988592 60 55 4988592 15
[15:50:04]	[Recv]	ct 2 4988460 3 5024179 -1 -1 0

[15:50:04]	[Recv]	cond 2 4988543 0 0 9

[15:50:04]	[Recv]	petski 334 1831 1798

[15:50:04]	[Recv]	pet_cool2  0 0 0

[15:50:04]	[Recv]	pinit 2 2|4988603|0|94|@|-1|3206|1|2723|0|0 2|4988592|1|96|@|-1|1548|0|0|0|60

[15:50:04]	[Recv]	cond 2 4988603 0 0 15

[15:50:04]	[Send]	ptctl 5443 2 4988603 50 59 4988592 55 54 4988603 15
[15:50:04]	[Recv]	sp 414020 1000000 0 10000

[15:50:04]	[Recv]	su 2 4988460 3 5024179 0 12 11 1007 0 0 1 100 1 0 0 110903 110907

[15:50:04]	[Recv]	cond 2 4988592 0 0 15

[15:50:04]	[Recv]	cond 2 4988592 0 0 15

[15:50:04]	[Recv]	ct 2 4988590 3 5024183 -1 -1 0

[15:50:04]	[Recv]	su 2 4988590 3 5024183 0 10 11 4841 0 0 1 100 0 1 0 110903 110907

[15:50:04]	[Recv]	ct 2 4988617 3 5024182 -1 -1 0

[15:50:04]	[Recv]	su 2 4988617 3 5024182 0 10 11 8146 0 0 1 100 0 1 0 126280 126282

[15:50:04]	[Recv]	cond 1 2073308 0 0 21

[15:50:04]	[Recv]	cond 1 2073308 0 0 21

[15:50:04]	[Send]	ptctl 5443 2 4988603 48 59 4988592 53 54 4988603 15
[15:50:04]	[Recv]	cond 2 4988603 0 0 15

[15:50:04]	[Recv]	cond 2 4988592 0 0 15

[15:50:05]	[Recv]	sr 0

[15:50:05]	[Recv]	sayi 1 2073308 20 22 3 1676 0 0 0

[15:50:05]	[Recv]	bf 1 2073308 0.1676.0 99

[15:50:05]	[Recv]	cond 1 2073308 0 0 21

[15:50:05]	[Recv]	cond 1 2073308 0 0 21

[15:50:05]	[Recv]	cond 2 4988603 0 0 15

[15:50:05]	[Recv]	cond 2 4988592 0 0 15

[15:50:05]	[Send]	ncif 3 5023669
[15:50:05]	[Recv]	ct 3 5023669 2 4988603 -1 -1 0

[15:50:05]	[Recv]	su 3 5023669 2 4988603 0 10 11 4789 0 0 1 69 114 3 0 13540 19451

[15:50:05]	[Recv]	st 2 5022311 95 0 94 100 86785 184572 92286 184572 0

[15:50:05]	[Recv]	sr 8

[15:50:05]	[Recv]	st 3 5023669 99 0 56 100 62742 2828 110907 2828 0

[15:50:05]	[Send]	ptctl 5443 1 4988592 49 54 4988592 15
[15:50:05]	[Recv]	ct 3 5024182 2 4988617 -1 -1 0

[15:50:05]	[Recv]	su 3 5024182 2 4988617 0 5 11 1061 0 0 1 85 347 0 0 6509 7621

[15:50:05]	[Recv]	ct 3 5023661 2 4988603 -1 -1 0

[15:50:05]	[Recv]	su 3 5023661 2 4988603 0 10 11 4789 0 0 1 69 114 0 0 13426 19451

[15:50:05]	[Send]	suctl 5443 1 4988603 3 5023669
[15:50:05]	[Recv]	cond 2 4988592 0 0 15

[15:50:05]	[Recv]	ct 3 5023659 2 5022309 -1 -1 0

[15:50:05]	[Recv]	su 3 5023659 2 5022309 0 10 11 4789 0 0 1 99 504 0 0 91782 92286

[15:50:05]	[Recv]	ct 2 4988534 3 5024183 -1 -1 0

[15:50:05]	[Recv]	su 2 4988534 3 5024183 0 11 11 4948 0 0 1 100 1 0 0 110902 110907

[15:50:05]	[Recv]	st 2 5022310 95 0 100 100 92286 184572 92286 184572 0

[15:50:05]	[Recv]	st 2 5022309 95 0 99 100 91782 184572 92286 184572 0

[15:50:05]	[Recv]	cond 2 4988539 0 0 9

[15:50:05]	[Recv]	petski 334 1831 1798

[15:50:05]	[Recv]	pet_cool2  0 0 0

[15:50:05]	[Recv]	pinit 2 2|4988603|0|94|@|-1|3206|1|2723|0|0 2|4988592|1|96|@|-1|1548|0|0|0|60

[15:50:05]	[Recv]	eff 2 4988603 5005

[15:50:05]	[Send]	u_s 0 3 5023669
[15:50:06]	[Recv]	ct 3 5023670 2 5022309 -1 -1 0

[15:50:06]	[Recv]	su 3 5023670 2 5022309 0 10 11 4789 0 0 1 99 539 0 0 91747 92286

[15:50:06]	[Recv]	ct 3 5023663 2 4988603 -1 -1 0

[15:50:06]	[Recv]	su 3 5023663 2 4988603 0 10 11 4789 0 0 1 68 114 0 0 13312 19451

[15:50:06]	[Recv]	ct 2 4988603 3 5023669 -1 -1 0

[15:50:06]	[Recv]	su 2 4988603 3 5023669 0 12 11 8360 0 0 1 48 8519 0 0 54223 110907

[15:50:06]	[Recv]	ct 1 2073308 3 5023669 -1 -1 1114

[15:50:06]	[Recv]	rc 1 2073308 200 0

[15:50:06]	[Recv]	su 1 2073308 3 5023669 1114 7 11 4260 0 0 0 0 84076 3 0 0 110907

[15:50:06]	[Recv]	lev 99 0 99 0 2140719000 5991794 66993052 2 0 90 917705181 0

[15:50:06]	[Recv]	sayi 1 2073308 20 22 3 1647 0 0 0

[15:50:06]	[Recv]	bf 1 2073308 0.1647.0 99

[15:50:06]	[Recv]	ct 3 5023668 2 5022311 -1 -1 0

[15:50:06]	[Recv]	su 3 5023668 2 5022311 0 10 11 4789 0 0 1 94 540 0 0 87167 92286

[15:50:06]	[Recv]	ct 2 4988573 3 5024179 -1 -1 0

[15:50:06]	[Recv]	su 2 4988573 3 5024179 0 10 11 200 0 0 1 100 1 0 0 110902 110907

[15:50:06]	[Recv]	sc_p 170 1548 4988592 96 553 24142105 0 0 1889 2049 1289 19 90 9 975 627 958 627 866 3 90 90 110 80 45616 57771 18100 18100 1 84982200 0 @ 0 0 6 60 1831 1798 0 100

[15:50:06]	[Send]	ncif 3 5023668
[15:50:06]	[Recv]	finfo 3654050.0.Ambro420 4038466.1.*Boss95* 4032759.1.•Van_Heert•™ 6938689.0.LimitiMioPadre 4371592.0.STa®†a©R 6866129.0.Amnesya92 3393597.1.°Lordone24° 5527355.0.SugmaDeek 3988345.1.IMissYou 613441.1.ADuckOnQuack 6544388.0.SerowyNachoo 4351664.0.»Ja©k™ 1246372.0.!Ice! 3650626.0.DarkAngeeL 4286434.0.Salvanto2 5664515.0.Vixerin 3559057.0.~Frizz 7593876.0.Gang404 4368426.1.~Blackurio 957916.0.lusikill 2935710.0.#Rey1# 3467154.0.[St]Grippato 2939098.0.GorGoJo 3343263.0.Ansatsu 1638277.0.Memed 4357105.0.•Rosengarten 6623637.0.K?ndeer 1213513.0.Anny_ 7147719.0.Mortanciia 6680510.1.‡Ejzi‡ 2460434.0.Jon07 5635569.0.vladzio 2620775.0.·Tenzo 7163132.0.Frigus_One 1189318.0.VelveD 6973700.1.Douv 2360335.0.All730 4338026.0.redelfuoco9 5650090.0.Yoru_Sutoka 4304835.1.~DarkMrrn 7149833.1.Vistrooo 4074353.0.ImExelliuM

[15:50:06]	[Recv]	ct 3 5024183 2 4988590 -1 -1 0

[15:50:06]	[Recv]	su 3 5024183 2 4988590 0 10 11 4789 0 0 1 97 35 0 0 15060 15441

[15:50:06]	[Recv]	ct 2 4988535 3 5024181 -1 -1 0

[15:50:06]	[Recv]	su 2 4988535 3 5024181 0 11 11 4948 0 0 1 100 1 0 0 116028 116032

[15:50:06]	[Recv]	st 3 5023668 99 0 100 100 110907 2828 110907 2828 0

[15:50:06]	[Send]	ptctl 5443 1 4988592 49 59 4988592 15
[15:50:06]	[Recv]	eff 3 5024189 4799

[15:50:06]	[Recv]	ct 3 5024182 2 4988617 -1 -1 0

[15:50:06]	[Recv]	su 3 5024182 2 4988617 0 5 11 1061 0 0 1 81 347 0 0 6162 7621

[15:50:06]	[Recv]	cond 2 4988592 0 0 15

[15:50:06]	[Recv]	sr 0

[15:50:06]	[Send]	suctl 5443 1 4988603 3 5023668
[15:50:06]	[Send]	u_s 0 3 5023668
[15:50:06]	[Recv]	eff 2 4988603 5005

[15:50:07]	[Recv]	ct 2 4988590 3 5024183 -1 -1 0

[15:50:07]	[Recv]	su 2 4988590 3 5024183 0 10 11 4841 0 0 1 100 0 1 0 110902 110907

[15:50:07]	[Recv]	ct 2 4988617 3 5024182 -1 -1 0

[15:50:07]	[Recv]	su 2 4988617 3 5024182 0 10 11 8146 0 0 1 100 1 0 0 126279 126282

[15:50:07]	[Recv]	ct 1 2073308 3 5023668 -1 -1 1114

[15:50:07]	[Recv]	eff 1 2073308 15

[15:50:07]	[Recv]	rc 1 2073308 50 0

[15:50:07]	[Recv]	su 1 2073308 3 5023668 1114 7 11 4260 0 0 0 0 225393 3 0 0 110907

[15:50:07]	[Recv]	lev 99 0 99 0 2140719000 5991794 66993052 2 0 90 917705181 0

[15:50:07]	[Send]	ptctl 5443 2 4988603 43 59 4988592 44 58 4988603 15
[15:50:07]	[Recv]	eff 3 5024184 4799

[15:50:07]	[Recv]	ct 2 4988460 3 5024179 -1 -1 0

[15:50:07]	[Recv]	st 2 5022311 95 0 94 100 87167 184572 92286 184572 0

[15:50:07]	[Recv]	eff 2 5022311 7739

[15:50:07]	[Recv]	sr 1

[15:50:07]	[Recv]	cond 2 4988603 0 0 15

[15:50:07]	[Recv]	cond 2 4988592 0 0 15

[15:50:07]	[Send]	ptctl 5443 2 4988603 42 59 4988592 43 58 4988603 15
[15:50:07]	[Recv]	ct 3 5024181 2 5022309 -1 -1 0

[15:50:07]	[Recv]	su 3 5024181 2 5022309 0 15 11 4806 0 0 1 98 660 0 0 91087 92286

[15:50:07]	[Recv]	su 2 4988460 3 5024179 0 12 11 1007 0 0 1 100 1 0 0 110901 110907

[15:50:07]	[Recv]	cond 1 2073308 0 0 21

[15:50:07]	[Recv]	cond 1 2073308 0 0 21

[15:50:07]	[Send]	ptctl 5443 2 4988603 41 59 4988592 42 58 4988603 15
[15:50:07]	[Recv]	cond 2 4988603 0 0 15

[15:50:07]	[Recv]	cond 2 4988592 0 0 15

[15:50:07]	[Recv]	ct 3 5023661 2 4988592 -1 -1 0

[15:50:07]	[Recv]	su 3 5023661 2 4988592 0 10 11 4789 0 0 1 78 246 0 0 45370 57771

[15:50:07]	[Recv]	st 2 5022310 95 0 100 100 92286 184572 92286 184572 0

[15:50:07]	[Recv]	eff 2 5022310 7739

[15:50:07]	[Recv]	st 2 5022309 95 0 98 100 91087 184572 92286 184572 0

[15:50:07]	[Recv]	eff 2 5022309 7739

[15:50:07]	[Recv]	cond 1 2073308 0 0 21

[15:50:07]	[Recv]	cond 1 2073308 0 0 21

[15:50:07]	[Send]	ncif 3 5024264
[15:50:07]	[Recv]	cond 2 4988603 0 0 15

[15:50:07]	[Recv]	cond 2 4988592 0 0 15

[15:50:07]	[Recv]	ct 3 5024182 2 4988617 -1 -1 0

[15:50:07]	[Recv]	su 3 5024182 2 4988617 0 5 11 1061 0 0 1 76 348 0 0 5814 7621

[15:50:07]	[Recv]	sr 0

[15:50:07]	[Recv]	st 3 5024264 90 0 100 100 5128 2369 5170 2369 0

[15:50:08]	[Send]	ptctl 5443 1 4988592 39 62 4988592 15
[15:50:08]	[Send]	u_s 0 3 5024264
[15:50:08]	[Recv]	ct 2 4988534 3 5024183 -1 -1 0

[15:50:08]	[Recv]	su 2 4988534 3 5024183 0 11 11 4948 0 0 1 100 1 0 0 110901 110907

[15:50:08]	[Recv]	cond 2 4988592 0 0 15

[15:50:08]	[Recv]	cond 1 2073308 0 0 21

[15:50:08]	[Recv]	cond 1 2073308 0 0 21

[15:50:08]	[Send]	suctl 5443 1 4988603 3 5024264
[15:50:08]	[Recv]	ct 3 5023670 2 5022309 -1 -1 0

[15:50:08]	[Recv]	su 3 5023670 2 5022309 0 10 11 4789 0 0 1 99 503 0 0 91506 92286

[15:50:08]	[Recv]	ct 1 2073308 3 5024264 -1 -1 1114

[15:50:08]	[Recv]	bf 3 5024264 0.4110.80 99

[15:50:08]	[Recv]	eff 3 5024264 0

[15:50:08]	[Recv]	su 1 2073308 3 5024264 1114 7 11 4260 0 0 0 0 119407 3 0 0 5170

[15:50:08]	[Recv]	in 3 2371 5024280 47 56 2 100 100 0 0 0 -1 0 0 -1 - 0 -1 0 0 0 0 0 0 0 0 0 0 0 0

[15:50:08]	[Recv]	guri 31 1 2073308 47 56

[15:50:08]	[Recv]	lev 99 0 99 0 2140719000 5991794 66993052 2 0 90 917705181 0

[15:50:08]	[Send]	ptctl 5443 1 4988592 39 64 4988592 15
[15:50:08]	[Send]	ptctl 5443 2 4988603 36 59 4988592 36 60 4988603 15
[15:50:08]	[Recv]	ct 2 4988573 3 5024179 -1 -1 0

[15:50:08]	[Recv]	su 2 4988573 3 5024179 0 10 11 200 0 0 1 100 1 0 0 110900 110907

[15:50:08]	[Recv]	sc_p 80 638 4988534 1 2983 0 2 0 144 201 70 4 70 0 27 35 29 35 25 3 60 50 80 50 501 501 220 220 0 15 0 @ 0 17 4 1 0 0 0 90

[15:50:08]	[Recv]	cond 2 4988592 0 0 15

[15:50:08]	[Send]	ptctl 5443 1 4988603 35 59 4988603 15
[15:50:08]	[Recv]	eff 3 5024264 3617

[15:50:08]	[Recv]	eff 3 5024194 5000

[15:50:08]	[Recv]	eff 3 5024190 5000

[15:50:08]	[Recv]	eff 3 5024186 5000

[15:50:08]	[Recv]	ct 3 5024183 2 4988590 -1 -1 0

[15:50:08]	[Recv]	su 3 5024183 2 4988590 0 10 11 4789 0 0 1 95 347 0 0 14713 15441

[15:50:08]	[Recv]	ct 3 5023659 2 5022309 -1 -1 0

[15:50:08]	[Recv]	su 3 5023659 2 5022309 0 10 11 4789 0 0 1 98 502 0 0 91004 92286

[15:50:08]	[Recv]	cond 1 2073308 0 0 21

[15:50:08]	[Recv]	cond 1 2073308 0 0 21

[15:50:08]	[Recv]	eff 1 2073308 869

[15:50:08]	[Recv]	cond 2 4988603 0 0 15

[15:50:08]	[Recv]	cond 2 4988592 0 0 15

[15:50:08]	[Recv]	die 3 5024280 3 5024280

[15:50:08]	[Recv]	ct 2 4988535 3 5024181 -1 -1 0

[15:50:08]	[Recv]	su 2 4988535 3 5024181 0 11 11 4948 0 0 1 100 1 0 0 116027 116032

[15:50:08]	[Recv]	cond 2 4988603 0 0 15

[15:50:09]	[Recv]	ct 3 5024182 2 4988617 -1 -1 0

[15:50:09]	[Recv]	su 3 5024182 2 4988617 0 5 11 1061 0 0 1 71 346 0 0 5468 7621

[15:50:09]	[Recv]	sr 0

[15:50:09]	[Send]	ncif 3 5024180
[15:50:09]	[Recv]	st 3 5024180 99 0 100 100 126280 2828 126282 2828 0

[15:50:09]	[Send]	u_s 8 3 5024180
[15:50:09]	[Recv]	ct 2 4988590 3 5024183 -1 -1 0

[15:50:09]	[Recv]	su 2 4988590 3 5024183 0 10 11 4841 0 0 1 100 0 1 0 110901 110907

[15:50:09]	[Recv]	ct 2 4988617 3 5024182 -1 -1 0

[15:50:09]	[Recv]	su 2 4988617 3 5024182 0 10 11 8146 0 0 1 100 1 3 0 126278 126282

[15:50:09]	[Recv]	st 2 5022311 95 0 95 100 88089 184572 92286 184572 0

[15:50:09]	[Send]	ptctl 5443 1 4988592 36 55 4988592 15
[15:50:09]	[Recv]	cond 1 2073308 0 0 21

[15:50:09]	[Recv]	cond 1 2073308 0 0 21

[15:50:09]	[Recv]	ms_c 0

[15:50:09]	[Recv]	qslot 0 1.1.1 1.1.2 1.1.3 1.1.4 1.1.5 1.1.6 1.1.7 1.1.9 1.1.8 1.1.10 0.1.45 0.2.21 0.1.76 1.1.38 1.3.12 0.1.34 0.1.87 0.-1.-1 0.1.84 0.1.43 1.3.11 1.1.42 1.1.41 1.3.976 0.-1.-1 0.1.70 0.2.143 0.2.25 0.2.27 0.2.26

[15:50:09]	[Recv]	qslot 1 0.-1.-1 0.-1.-1 0.-1.-1 0.-1.-1 0.-1.-1 0.-1.-1 0.-1.-1 0.-1.-1 0.-1.-1 0.-1.-1 0.1.-1 0.1.-1 1.1.41 1.1.42 0.-1.-1 7.7.-1 7.7.-1 7.7.-1 7.7.-1 0.-1.-1 0.-1.-1 0.-1.-1 0.-1.-1 0.-1.-1 0.-1.-1 0.-1.-1 0.-1.-1 0.-1.-1 0.-1.-1 0.-1.-1

[15:50:09]	[Send]	ptctl 5443 1 4988603 34 59 4988603 15
[15:50:09]	[Send]	suctl 5443 1 4988603 3 5024180
[15:50:09]	[Recv]	ct 1 2073308 3 5024180 -1 -1 1122

[15:50:09]	[Recv]	cond 2 4988592 0 0 15

[15:50:09]	[Recv]	sp 414010 1000000 0 10000

[15:50:09]	[Recv]	sc_p 74 1538 4988590 1 2970 0 0 0 1330 1388 730 18 150 0 622 74 624 74 619 2 90 110 100 100 14713 15441 15070 15070 0 15 0 @ 0 16 6 60 1819 1831 0 100

[15:50:09]	[Recv]	sc_p 77 2731 4988617 1 2969 0 0 0 820 850 450 15 80 0 345 38 350 38 360 4 83 93 73 108 5468 7621 7260 7260 0 15 0 @ 0 15 5 40 1805 1820 3 2130

[15:50:09]	[Recv]	st 2 5022310 95 0 100 100 92286 184572 92286 184572 0

[15:50:09]	[Recv]	st 2 5022309 95 0 98 100 91004 184572 92286 184572 0

[15:50:09]	[Recv]	su 1 2073308 3 5024180 1122 150 41 4268 0 0 1 71 36217 0 0 90063 126282

[15:50:09]	[Recv]	cond 2 4988603 0 0 15

[15:50:09]	[Recv]	eff 2 4988603 5005

[15:50:09]	[Recv]	ct 3 5024188 1 2073308 -1 -1 0

[15:50:09]	[Recv]	su 3 5024188 1 2073308 0 10 11 7200 0 0 1 99 447 0 0 95850 96297

[15:50:09]	[Recv]	ct 3 5024180 2 4988592 -1 -1 0

[15:50:09]	[Recv]	su 3 5024180 2 4988592 0 5 11 1061 0 0 1 78 40 0 0 45330 57771

[15:50:09]	[Recv]	ct 3 5024179 2 4988573 -1 -1 0

[15:50:09]	[Recv]	su 3 5024179 2 4988573 0 10 11 4789 0 0 1 37 2507 0 0 1514 4021

[15:50:10]	[Recv]	ct 2 4988460 3 5024179 -1 -1 0

[15:50:10]	[Recv]	ct 2 4988603 3 5024180 -1 -1 0

[15:50:10]	[Recv]	eff 2 4988603 15

[15:50:10]	[Recv]	su 2 4988603 3 5024180 0 12 11 8360 0 0 1 59 14516 0 0 75547 126282

[15:50:10]	[Send]	ncif 3 5024180
[15:50:10]	[Recv]	sayi 1 2073308 20 22 3 4126 0 0 0

[15:50:10]	[Recv]	bf 1 2073308 0.4126.0 99

[15:50:10]	[Recv]	ct 3 5024182 2 4988617 -1 -1 0

[15:50:10]	[Recv]	su 3 5024182 2 4988617 0 5 11 1061 0 0 1 67 348 0 0 5120 7621

[15:50:10]	[Recv]	su 2 4988460 3 5024179 0 12 11 1007 0 0 1 100 0 1 0 110900 110907

[15:50:10]	[Recv]	st 3 5024180 99 0 59 100 75547 2828 126282 2828 0

[15:50:10]	[Send]	ptctl 5443 1 4988592 35 52 4988592 15
[15:50:10]	[Send]	ptctl 5443 2 4988603 35 58 4988592 36 59 4988603 15
[15:50:10]	[Recv]	cond 2 4988592 0 0 15

[15:50:10]	[Recv]	ct 3 5023670 2 5022309 -1 -1 0

[15:50:10]	[Recv]	su 3 5023670 2 5022309 0 10 11 4789 0 0 1 99 539 0 0 91387 92286

[15:50:10]	[Recv]	ct 3 5023663 1 2073308 -1 -1 0

[15:50:10]	[Recv]	su 3 5023663 1 2073308 0 10 11 4789 0 0 1 99 0 1 0 95850 96297

[15:50:10]	[Recv]	ct 2 4988534 3 5024183 -1 -1 0

[15:50:10]	[Recv]	su 2 4988534 3 5024183 0 11 11 4948 0 0 1 100 1 0 0 110900 110907

[15:50:10]	[Recv]	cond 1 2073308 0 0 21

[15:50:10]	[Recv]	cond 1 2073308 0 0 21

[15:50:10]	[Recv]	cond 2 4988603 0 0 15

[15:50:10]	[Recv]	cond 2 4988592 0 0 15

[15:50:10]	[Send]	ptctl 5443 1 4988592 35 52 4988592 15
[15:50:10]	[Recv]	ct 3 5024181 2 5022309 -1 -1 0

[15:50:10]	[Recv]	su 3 5024181 2 5022309 0 15 11 4806 0 0 1 98 642 0 0 90745 92286

[15:50:10]	[Recv]	ct 2 4988573 3 5024179 -1 -1 0

[15:50:10]	[Recv]	su 2 4988573 3 5024179 0 10 11 200 0 0 1 100 0 1 0 110900 110907

[15:50:10]	[Recv]	sc_p 81 639 4988535 1 2976 0 2 0 144 201 70 4 70 0 27 35 29 35 25 3 60 50 80 50 501 501 220 220 0 15 0 @ 0 18 4 1 0 0 0 90

[15:50:10]	[Send]	u_s 0 3 5024180
[15:50:10]	[Recv]	sr 13

[15:50:10]	[Recv]	cond 2 4988592 0 0 15

[15:50:10]	[Send]	suctl 5443 1 4988603 3 5024180
[15:50:10]	[Recv]	ct 3 5024183 2 4988590 -1 -1 0

[15:50:10]	[Recv]	su 3 5024183 2 4988590 0 10 11 4789 0 0 1 95 35 0 0 14678 15441

[15:50:10]	[Recv]	ct 3 5023659 2 5022309 -1 -1 0

[15:50:10]	[Recv]	su 3 5023659 2 5022309 0 10 11 4789 0 0 1 97 580 0 0 90165 92286

[15:50:10]	[Recv]	cond 1 2073308 0 0 21

[15:50:10]	[Recv]	cond 1 2073308 0 0 21

[15:50:11]	[Recv]	ct 1 2073308 3 5024180 -1 -1 1114

[15:50:11]	[Recv]	eff 1 2073308 15

[15:50:11]	[Recv]	rc 1 2073308 200 0

[15:50:11]	[Recv]	su 1 2073308 3 5024180 1114 7 11 4260 0 0 0 0 233871 3 0 0 126282

[15:50:11]	[Recv]	lev 99 0 99 0 2140719000 5991794 66993052 2 0 90 917705181 0

[15:50:11]	[Send]	ptctl 5443 2 4988603 30 58 4988592 34 58 4988603 15
[15:50:11]	[Recv]	ct 2 4988535 3 5024181 -1 -1 0

[15:50:11]	[Recv]	su 2 4988535 3 5024181 0 11 11 4948 0 0 1 100 1 0 0 116026 116032

[15:50:11]	[Recv]	st 2 5022311 95 0 96 100 89011 184572 92286 184572 0

[15:50:11]	[Recv]	cond 1 2073308 0 0 21

[15:50:11]	[Recv]	cond 1 2073308 0 0 21

[15:50:11]	[Send]	ptctl 5443 2 4988603 30 60 4988592 33 58 4988603 15
[15:50:11]	[Recv]	ct 3 5024182 2 4988617 -1 -1 0

[15:50:11]	[Recv]	su 3 5024182 2 4988617 0 5 11 1061 0 0 1 62 347 0 0 4773 7621

[15:50:11]	[Recv]	ct 3 5023661 1 2073308 -1 -1 0

[15:50:11]	[Recv]	su 3 5023661 1 2073308 0 10 11 4789 0 0 1 99 0 1 0 96050 96297

[15:50:11]	[Recv]	ct 2 4988590 3 5024183 -1 -1 0

[15:50:11]	[Recv]	su 2 4988590 3 5024183 0 10 11 4841 0 0 1 100 0 1 0 110900 110907

[15:50:11]	[Recv]	ct 2 4988617 3 5024182 -1 -1 0

[15:50:11]	[Recv]	su 2 4988617 3 5024182 0 10 11 8146 0 0 1 100 0 1 0 126278 126282

[15:50:11]	[Recv]	cond 2 4988603 0 0 15

[15:50:11]	[Recv]	cond 2 4988592 0 0 15

[15:50:11]	[Recv]	cond 1 2073308 0 0 21

[15:50:11]	[Recv]	cond 1 2073308 0 0 21

[15:50:11]	[Recv]	eff 3 5024189 4799

[15:50:11]	[Recv]	sc_p 72 64 4988460 1 2982 0 0 0 442 475 237 4 100 0 205 31 194 31 193 0 -3 12 12 14 4356 4356 4210 4210 0 15 0 @ 0 13 3 30 1804 1798 0 1080

[15:50:11]	[Recv]	st 2 5022310 95 0 100 100 92286 184572 92286 184572 0

[15:50:11]	[Recv]	st 2 5022309 95 0 97 100 90165 184572 92286 184572 0

[15:50:11]	[Recv]	cond 2 4988603 0 0 15

[15:50:11]	[Recv]	cond 2 4988592 0 0 15

[15:50:11]	[Send]	ncif 3 5024181
[15:50:11]	[Recv]	sr 0

[15:50:11]	[Send]	ptctl 5443 1 4988592 29 57 4988592 15
[15:50:11]	[Recv]	st 3 5024181 99 0 100 100 116026 2828 116032 2828 0

[15:50:11]	[Recv]	cond 2 4988592 0 0 15

[15:50:12]	[Recv]	ct 3 5024179 2 4988573 -1 -1 0

[15:50:12]	[Recv]	su 3 5024179 2 4988573 0 10 11 4789 0 0 1 4 1346 0 0 168 4021

[15:50:12]	[Send]	u_s 1 3 5024181
[15:50:12]	[Send]	ptctl 5443 1 4988603 29 61 4988603 15
[15:50:12]	[Send]	suctl 5443 1 4988603 3 5024181
[15:50:12]	[Recv]	eff 3 5024184 4799

[15:50:12]	[Recv]	eff 2 5022311 7739

[15:50:12]	[Recv]	cond 1 2073308 0 0 21

[15:50:12]	[Recv]	cond 1 2073308 0 0 21

[15:50:12]	[Recv]	ct 3 5024188 1 2073308 -1 -1 0

[15:50:12]	[Recv]	su 3 5024188 1 2073308 0 10 11 7200 0 0 1 99 0 4 0 96050 96297

[15:50:12]	[Recv]	ms_c 0

[15:50:12]	[Recv]	qslot 0 1.1.1 1.1.2 1.1.3 1.1.4 1.1.5 1.1.6 1.1.7 1.1.9 1.1.8 1.1.10 0.1.45 0.2.21 0.1.76 1.1.38 1.3.12 0.1.34 0.1.87 0.-1.-1 0.1.84 0.1.43 1.3.11 1.1.42 1.1.41 1.3.976 0.-1.-1 0.1.70 0.2.143 0.2.25 0.2.27 0.2.26

[15:50:12]	[Recv]	qslot 1 0.-1.-1 0.-1.-1 0.-1.-1 0.-1.-1 0.-1.-1 0.-1.-1 0.-1.-1 0.-1.-1 0.-1.-1 0.-1.-1 0.1.-1 0.1.-1 1.1.41 1.1.42 0.-1.-1 7.7.-1 7.7.-1 7.7.-1 7.7.-1 0.-1.-1 0.-1.-1 0.-1.-1 0.-1.-1 0.-1.-1 0.-1.-1 0.-1.-1 0.-1.-1 0.-1.-1 0.-1.-1 0.-1.-1

[15:50:12]	[Recv]	ct 1 2073308 3 5024181 14 4263 1115

[15:50:12]	[Recv]	cond 2 4988603 0 0 15

[15:50:12]	[Recv]	ct 3 5024182 2 4988617 -1 -1 0

[15:50:12]	[Recv]	su 3 5024182 2 4988617 0 5 11 1061 0 0 1 58 347 0 0 4426 7621

[15:50:12]	[Recv]	ct 3 5023670 2 5022309 -1 -1 0

[15:50:12]	[Recv]	su 3 5023670 2 5022309 0 10 11 4789 0 0 1 98 566 3 0 90521 92286

[15:50:12]	[Recv]	eff 2 5022310 7739

[15:50:12]	[Recv]	eff 2 5022309 7739

[15:50:12]	[Recv]	eff 2 4988603 5005

[15:50:12]	[Send]	ncif 3 5024181
[15:50:12]	[Recv]	ct 2 4988460 3 5024179 -1 -1 0

[15:50:12]	[Recv]	ct 2 4988573 3 5024179 -1 -1 0

[15:50:12]	[Recv]	su 2 4988573 3 5024179 0 10 11 200 0 0 1 100 0 1 0 110900 110907

[15:50:12]	[Recv]	ct 2 4988534 3 5024183 -1 -1 0

[15:50:12]	[Recv]	eff 3 5024183 6003

[15:50:12]	[Recv]	su 2 4988534 3 5024183 0 11 11 4948 0 0 1 99 1 0 0 110899 110907

[15:50:12]	[Recv]	rc 1 2073308 200 0

[15:50:12]	[Recv]	su 1 2073308 3 5024181 1115 70 12 4264 0 0 1 27 84392 3 0 31634 116032

[15:50:12]	[Recv]	su 1 2073308 3 5023659 1115 70 12 4264 0 0 1 32 30649 5 0 35817 110907

[15:50:12]	[Recv]	mslot 1127 -1

[15:50:12]	[Recv]	qset 0 0 1.1.13.0

[15:50:12]	[Recv]	st 3 5024181 99 0 27 100 31634 2828 116032 2828 0

[15:50:12]	[Send]	u_s 13 3 5024181
[15:50:12]	[Send]	ptctl 5443 1 4988592 25 59 4988592 15
[15:50:13]	[Recv]	ct 3 5024270 2 5022310 -1 -1 779

[15:50:13]	[Recv]	ct 3 5024183 2 4988590 -1 -1 0

[15:50:13]	[Recv]	su 3 5024183 2 4988590 0 10 11 4789 0 0 1 95 35 0 0 14643 15441

[15:50:13]	[Recv]	ct 3 5023659 2 5022309 -1 -1 0

[15:50:13]	[Recv]	su 3 5023659 2 5022309 0 10 11 4789 0 0 1 97 502 0 0 90019 92286

[15:50:13]	[Recv]	su 2 4988460 3 5024179 0 12 11 1007 0 0 1 100 0 1 0 110900 110907

[15:50:13]	[Recv]	ct 2 4988603 3 5024181 -1 -1 0

[15:50:13]	[Recv]	su 2 4988603 3 5024181 0 12 11 8360 0 0 1 18 9687 0 0 21947 116032

[15:50:13]	[Recv]	ms_c 0

[15:50:13]	[Recv]	qslot 0 1.1.1 1.1.2 1.1.3 1.1.4 1.1.5 1.1.6 1.1.7 1.1.9 1.1.8 1.1.10 0.1.45 0.2.21 0.1.76 1.1.38 1.3.12 0.1.34 0.1.87 0.-1.-1 0.1.84 0.1.43 1.3.11 1.1.42 1.1.41 1.3.976 0.-1.-1 0.1.70 0.2.143 0.2.25 0.2.27 0.2.26

[15:50:13]	[Recv]	qslot 1 0.-1.-1 0.-1.-1 0.-1.-1 0.-1.-1 0.-1.-1 0.-1.-1 0.-1.-1 0.-1.-1 0.-1.-1 0.-1.-1 0.1.-1 0.1.-1 1.1.41 1.1.42 0.-1.-1 7.7.-1 7.7.-1 7.7.-1 7.7.-1 0.-1.-1 0.-1.-1 0.-1.-1 0.-1.-1 0.-1.-1 0.-1.-1 0.-1.-1 0.-1.-1 0.-1.-1 0.-1.-1 0.-1.-1

[15:50:13]	[Recv]	gcon 613441|0|25070115

[15:50:13]	[Recv]	ginfo Sanguinarius Dante† 0 24 31085000 32210200 116 150 3 1 0 1 1 2 1 1 5kk^skladka/fees-^more^info^on^dc->^skladki/fees

[15:50:13]	[Recv]	ct 1 2073308 3 5024181 -1 -1 1127

[15:50:13]	[Recv]	rc 1 2073308 47 0

[15:50:13]	[Recv]	su 1 2073308 3 5024181 1127 100 22 4284 0 0 0 0 89175 3 0 0 116032

[15:50:13]	[Recv]	lev 99 0 99 0 2140719000 5991794 66993052 2 0 90 917705181 0

[15:50:13]	[Recv]	su 1 2073308 3 5023659 1127 100 22 4284 0 0 0 0 90933 6 0 0 110907

[15:50:13]	[Recv]	lev 99 0 99 0 2140719000 5991794 66993052 2 0 90 917705181 0

[15:50:13]	[Recv]	cond 2 4988592 0 0 15

[15:50:13]	[Recv]	ct 3 5024266 2 5022310 -1 -1 779

[15:50:13]	[Recv]	st 2 5022311 95 0 97 100 89933 184572 92286 184572 0

[15:50:13]	[Send]	u_s 13 3 5024181
[15:50:13]	[Recv]	sc_p 78 840 4988573 1 2976 0 0 0 423 456 224 5 70 0 203 35 215 35 188 2 6 10 8 7 168 4021 3740 3740 0 15 0 @ 0 14 4 23 1811 1797 629 630

[15:50:13]	[Recv]	cancel 0 13 -1

[15:50:13]	[Send]	suctl 5443 1 4988603 3 5024181
[15:50:13]	[Send]	ncif 3 5023663
[15:50:13]	[Recv]	ct 2 4988590 3 5024183 -1 -1 0

[15:50:13]	[Recv]	su 2 4988590 3 5024183 0 10 11 4841 0 0 1 99 0 1 0 110899 110907

[15:50:13]	[Recv]	ct 2 4988617 3 5024182 -1 -1 0

[15:50:13]	[Recv]	su 2 4988617 3 5024182 0 10 11 8146 0 0 1 100 0 1 0 126278 126282

[15:50:13]	[Recv]	st 2 5022310 95 0 100 100 92286 184572 92286 184572 0

[15:50:13]	[Recv]	st 2 5022309 95 0 97 100 90019 184572 92286 184572 0

[15:50:13]	[Send]	u_s 0 3 5023663
[15:50:13]	[Send]	ptctl 5443 1 4988592 29 60 4988592 15
[15:50:13]	[Recv]	eff 1 2073308 869

[15:50:13]	[Recv]	st 3 5023663 99 0 100 100 110907 2828 110907 2828 0

[15:50:13]	[Send]	ptctl 5443 1 4988603 34 61 4988603 15
[15:50:13]	[Recv]	ct 3 5024182 2 4988617 -1 -1 0

[15:50:13]	[Recv]	su 3 5024182 2 4988617 0 5 11 1061 0 0 1 53 346 0 0 4080 7621

[15:50:13]	[Recv]	cond 1 2073308 0 0 21

[15:50:13]	[Recv]	cond 1 2073308 0 0 21

[15:50:14]	[Recv]	ct 1 2073308 3 5023663 -1 -1 1114

[15:50:14]	[Recv]	bf 3 5023663 0.4110.80 99

[15:50:14]	[Recv]	eff 3 5023663 0

[15:50:14]	[Recv]	su 1 2073308 3 5023663 1114 7 11 4260 0 0 1 73 29867 0 0 81040 110907

[15:50:14]	[Recv]	cond 2 4988592 0 0 15

[15:50:14]	[Recv]	cond 2 4988603 0 0 15

[15:50:14]	[Send]	ptctl 5443 1 4988592 31 60 4988592 15
[15:50:14]	[Recv]	ct 3 5024179 2 4988573 -1 -1 0

[15:50:14]	[Recv]	su 3 5024179 2 4988573 0 10 11 4789 0 0 1 4 0 1 0 168 4021

[15:50:14]	[Recv]	ct 2 4988535 3 5024182 -1 -1 0

[15:50:14]	[Recv]	su 2 4988535 3 5024182 0 11 11 4948 0 0 1 100 1 0 0 126277 126282

[15:50:14]	[Recv]	cond 2 4988592 0 0 15

[15:50:14]	[Send]	ptctl 5443 2 4988603 37 61 4988592 32 60 4988603 15
[15:50:14]	[Recv]	ct 3 5023663 2 4988603 -1 -1 0

[15:50:14]	[Recv]	su 3 5023663 2 4988603 0 10 11 4789 0 0 1 68 113 0 0 13199 19451

[15:50:14]	[Recv]	ct 3 5023661 2 4988603 -1 -1 0

[15:50:14]	[Recv]	su 3 5023661 2 4988603 0 10 11 4789 0 0 1 67 114 0 0 13085 19451

[15:50:14]	[Recv]	cond 1 2073308 0 0 21

[15:50:14]	[Recv]	cond 1 2073308 0 0 21

[15:50:14]	[Send]	ptctl 5443 1 4988603 38 61 4988603 15
[15:50:14]	[Send]	ncif 3 5023663
[15:50:14]	[Recv]	cond 2 4988603 0 0 15

[15:50:14]	[Recv]	cond 2 4988592 0 0 15

[15:50:14]	[Recv]	sp 414000 1000000 0 10000

[15:50:14]	[Recv]	ct 3 5024188 1 2073308 -1 -1 0

[15:50:14]	[Recv]	su 3 5024188 1 2073308 0 10 11 7200 0 0 1 100 0 4 0 96297 96297

[15:50:14]	[Recv]	cond 2 4988603 0 0 15

[15:50:14]	[Send]	ptctl 5443 1 4988592 34 60 4988592 15
[15:50:14]	[Send]	u_s 0 3 5023663
[15:50:14]	[Recv]	sr 0

[15:50:14]	[Recv]	st 3 5023663 99 0 73 100 81040 2828 110907 2828 0 4110.99

[15:50:14]	[Send]	ptctl 5443 1 4988603 35 61 4988603 15
[15:50:14]	[Send]	suctl 5443 1 4988603 3 5023663
[15:50:14]	[Recv]	su 3 5024270 2 5022310 779 30 11 3617 0 0 1 97 2714 0 0 89572 92286

[15:50:14]	[Recv]	dm 2 5022310 3000 1

[15:50:14]	[Recv]	ct 3 5023670 2 5022309 -1 -1 0

[15:50:14]	[Recv]	su 3 5023670 2 5022309 0 10 11 4789 0 0 1 98 500 0 0 90441 92286

[15:50:14]	[Recv]	cond 2 4988592 0 0 15

[15:50:14]	[Send]	ptctl 5443 2 4988603 40 61 4988592 35 60 4988603 15
[15:50:14]	[Recv]	cond 1 2073308 0 0 21

[15:50:14]	[Recv]	cond 1 2073308 0 0 21

[15:50:15]	[Recv]	die 3 5024270 3 5024270

[15:50:15]	[Recv]	su 3 5024266 2 5022310 779 30 11 3617 0 0 1 90 2733 0 0 83839 92286

[15:50:15]	[Recv]	dm 2 5022310 3000 1

[15:50:15]	[Recv]	ct 3 5024182 2 4988617 -1 -1 0

[15:50:15]	[Recv]	su 3 5024182 2 4988617 0 5 11 1061 0 0 1 49 347 0 0 3733 7621

[15:50:15]	[Recv]	ct 2 4988573 3 5024179 -1 -1 0

[15:50:15]	[Recv]	su 2 4988573 3 5024179 0 10 11 200 0 0 1 99 1 0 0 110899 110907

[15:50:15]	[Recv]	ct 2 5022310 3 5024270 -1 -1 0

[15:50:15]	[Recv]	su 2 5022310 2 5022310 0 10 11 0 0 0 1 87 0 2 0 80839 92286

[15:50:15]	[Send]	ptctl 5443 2 4988603 41 61 4988592 36 60 4988603 15
[15:50:15]	[Recv]	ct 1 2073308 3 5023663 -1 -1 1114

[15:50:15]	[Recv]	su 1 2073308 3 5023663 1114 7 11 4260 0 0 1 56 18738 0 0 62302 110907

[15:50:15]	[Recv]	cond 1 2073308 0 0 21

[15:50:15]	[Recv]	bf 1 2073308 0.4254.80 99

[15:50:15]	[Recv]	sayi 1 2073308 20 26 3 4254 0 0 0

[15:50:15]	[Recv]	sayi 1 2073308 20 23 3 4254 0 0 0

[15:50:15]	[Recv]	cond 2 4988603 0 0 15

[15:50:15]	[Send]	ptctl 5443 2 4988603 42 60 4988592 37 60 4988603 15
[15:50:15]	[Recv]	die 3 5024266 3 5024266

[15:50:15]	[Recv]	ct 3 5024194 2 4988603 -1 -1 0

[15:50:15]	[Recv]	su 3 5024194 2 4988603 0 10 11 4789 0 0 1 66 113 0 0 12972 19451

[15:50:15]	[Recv]	ct 2 4988534 3 5024183 -1 -1 0

[15:50:15]	[Recv]	su 2 4988534 3 5024183 0 11 11 4948 0 0 1 99 1 0 0 110898 110907

[15:50:15]	[Recv]	st 2 5022311 95 0 98 100 90855 184572 92286 184572 0

[15:50:15]	[Recv]	eff 2 4988603 5005

[15:50:15]	[Send]	ptctl 5443 2 4988603 42 61 4988592 38 60 4988603 15
[15:50:15]	[Recv]	cond 2 4988603 0 0 15

[15:50:15]	[Recv]	cond 2 4988592 0 0 15

[15:50:15]	[Recv]	eff 3 5024270 3617

[15:50:15]	[Recv]	cond 2 4988603 0 0 15

[15:50:15]	[Recv]	cond 2 4988592 0 0 15

[15:50:15]	[Send]	ptctl 5443 1 4988603 43 59 4988603 15
[15:50:15]	[Send]	ncif 3 5023663
[15:50:15]	[Recv]	cond 1 2073308 0 0 21

[15:50:15]	[Recv]	cond 1 2073308 0 0 21

[15:50:15]	[Recv]	eff 3 5024266 3617

[15:50:15]	[Recv]	ct 2 4988460 3 5024179 -1 -1 0

[15:50:15]	[Recv]	ct 2 4988603 3 5023663 -1 -1 0

[15:50:15]	[Recv]	su 2 4988603 3 5023663 0 12 11 8360 0 0 1 48 9061 0 0 53241 110907

[15:50:15]	[Recv]	st 2 5022310 95 0 87 100 80839 184572 92286 184572 0

[15:50:15]	[Recv]	st 2 5022309 95 0 98 100 90441 184572 92286 184572 0

[15:50:15]	[Recv]	cond 2 4988603 0 0 15

[15:50:15]	[Recv]	cond 2 4988592 0 0 15

[15:50:15]	[Send]	ptctl 5443 2 4988603 40 56 4988592 39 56 4988603 15
[15:50:15]	[Recv]	cond 1 2073308 0 0 21

[15:50:15]	[Recv]	cond 1 2073308 0 0 21

[15:50:15]	[Recv]	su 2 4988460 3 5024179 0 12 11 1007 0 0 1 99 0 1 0 110899 110907

[15:50:15]	[Recv]	ct 2 4988590 3 5024183 -1 -1 0

[15:50:15]	[Recv]	su 2 4988590 3 5024183 0 10 11 4841 0 0 1 99 0 1 0 110898 110907

[15:50:15]	[Recv]	ct 2 4988617 3 5024182 -1 -1 0

[15:50:15]	[Recv]	su 2 4988617 3 5024182 0 10 11 8146 0 0 1 100 0 1 0 126277 126282

[15:50:15]	[Recv]	sr 0

[15:50:15]	[Recv]	cond 2 4988603 0 0 15

[15:50:15]	[Recv]	cond 2 4988592 0 0 15

[15:50:15]	[Send]	ptctl 5443 2 4988603 42 56 4988592 41 57 4988603 15
[15:50:15]	[Recv]	cond 1 2073308 0 0 21

[15:50:15]	[Recv]	cond 1 2073308 0 0 21

[15:50:16]	[Recv]	cond 2 4988603 0 0 15

[15:50:16]	[Recv]	st 3 5023663 99 0 48 100 53241 2828 110907 2828 0 4110.99

[15:50:16]	[Send]	ncif 3 5024191
[15:50:16]	[Recv]	ct 3 5024182 2 4988617 -1 -1 0

[15:50:16]	[Recv]	su 3 5024182 2 4988617 0 5 11 1061 0 0 1 44 348 0 0 3385 7621

[15:50:16]	[Recv]	sc_p 170 1548 4988592 96 552 24142666 0 0 1889 2049 1289 19 90 9 975 627 958 627 866 3 90 90 110 80 45330 57771 18100 18100 1 84982200 0 @ 0 0 6 60 1831 1798 0 100

[15:50:16]	[Recv]	cond 1 2073308 0 0 21

[15:50:16]	[Recv]	cond 1 2073308 0 0 21

[15:50:16]	[Recv]	cond 2 4988603 0 0 15

[15:50:16]	[Recv]	cond 2 4988592 0 0 15

[15:50:16]	[Recv]	finfo 3654050.0.Ambro420 4038466.1.*Boss95* 4032759.1.•Van_Heert•™ 6938689.0.LimitiMioPadre 4371592.0.STa®†a©R 6866129.0.Amnesya92 3393597.1.°Lordone24° 5527355.0.SugmaDeek 3988345.1.IMissYou 613441.0.ADuckOnQuack 6544388.0.SerowyNachoo 4351664.0.»Ja©k™ 1246372.0.!Ice! 3650626.0.DarkAngeeL 4286434.0.Salvanto2 5664515.0.Vixerin 3559057.0.~Frizz 7593876.0.Gang404 4368426.1.~Blackurio 957916.0.lusikill 2935710.0.#Rey1# 3467154.0.[St]Grippato 2939098.0.GorGoJo 3343263.0.Ansatsu 1638277.0.Memed 4357105.0.•Rosengarten 6623637.0.K?ndeer 1213513.0.Anny_ 7147719.0.Mortanciia 6680510.1.‡Ejzi‡ 2460434.0.Jon07 5635569.0.vladzio 2620775.0.·Tenzo 7163132.0.Frigus_One 1189318.0.VelveD 6973700.1.Douv 2360335.0.All730 4338026.0.redelfuoco9 5650090.0.Yoru_Sutoka 4304835.1.~DarkMrrn 7149833.1.Vistrooo 4074353.0.ImExelliuM

[15:50:16]	[Recv]	ct 3 5024193 2 4988592 -1 -1 0

[15:50:16]	[Recv]	su 3 5024193 2 4988592 0 10 11 4789 0 0 1 78 247 0 0 45083 57771

[15:50:16]	[Recv]	ct 3 5024179 2 4988573 -1 -1 0

[15:50:16]	[Recv]	su 3 5024179 2 4988573 0 10 11 4789 0 0 0 0 2386 0 0 0 4021

[15:50:16]	[Recv]	cond 1 2073308 0 0 21

[15:50:16]	[Recv]	cond 1 2073308 0 0 21

[15:50:16]	[Send]	u_s 0 3 5024191
[15:50:16]	[Send]	ptctl 5443 1 4988592 45 56 4988592 15
[15:50:16]	[Recv]	cond 2 4988603 0 0 15

[15:50:16]	[Recv]	cond 2 4988592 0 0 15

[15:50:16]	[Recv]	eff 3 5024189 4799

[15:50:16]	[Recv]	ct 3 5023663 2 4988592 -1 -1 0

[15:50:16]	[Recv]	su 3 5023663 2 4988592 0 10 11 4789 0 0 1 78 49 0 0 45034 57771

[15:50:16]	[Recv]	ct 3 5023661 2 4988603 -1 -1 0

[15:50:16]	[Recv]	su 3 5023661 2 4988603 0 10 11 4789 0 0 1 66 113 0 0 12859 19451

[15:50:16]	[Recv]	ct 2 4988535 3 5024182 -1 -1 0

[15:50:16]	[Recv]	su 2 4988535 3 5024182 0 11 11 4948 0 0 1 100 1 0 0 126276 126282

[15:50:16]	[Recv]	st 3 5024191 99 0 100 100 126282 2828 126282 2828 0

[15:50:16]	[Recv]	cond 1 2073308 0 0 21

[15:50:16]	[Recv]	cond 1 2073308 0 0 21

[15:50:16]	[Recv]	ct 3 5024189 2 5022310 -1 -1 0

[15:50:16]	[Recv]	su 3 5024189 2 5022310 0 25 11 7200 0 0 1 86 2188 0 0 79573 92286

[15:50:16]	[Recv]	ct 3 5024188 1 2073308 -1 -1 0

[15:50:16]	[Recv]	su 3 5024188 1 2073308 0 10 11 7200 0 0 1 99 449 0 0 95848 96297

[15:50:16]	[Recv]	ct 3 5024187 2 4988603 -1 -1 0

[15:50:16]	[Recv]	su 3 5024187 2 4988603 0 10 11 4789 0 0 1 65 113 0 0 12746 19451

[15:50:16]	[Recv]	ct 1 2073308 3 5024191 -1 -1 1114

[15:50:16]	[Recv]	bf 3 5024191 0.4110.80 99

[15:50:16]	[Recv]	eff 3 5024191 0

[15:50:16]	[Recv]	rc 1 2073308 200 0

[15:50:16]	[Recv]	su 1 2073308 3 5024191 1114 7 11 4260 0 0 1 23 96121 3 0 30161 126282

[15:50:16]	[Recv]	su 1 2073308 3 5024191 -1 0 -1 7922 -1 -1 1 1 67284 0 1

[15:50:16]	[Recv]	bf 1 2073308 0.948.80 99

[15:50:16]	[Recv]	sayi 1 2073308 20 26 3 948 0 0 0

[15:50:16]	[Recv]	cond 2 4988592 0 0 15

[15:50:16]	[Send]	ptctl 5443 1 4988603 40 58 4988603 15
[15:50:16]	[Send]	suctl 5443 1 4988603 3 5024191
[15:50:17]	[Recv]	ct 3 5023670 2 5022309 -1 -1 0

[15:50:17]	[Recv]	su 3 5023670 2 5022309 0 10 11 4789 0 0 1 98 561 3 0 90802 92286

[15:50:17]	[Recv]	cond 2 4988603 0 0 15

[15:50:17]	[Recv]	eff 2 4988603 5005

[15:50:17]	[Send]	ptctl 5443 2 4988603 45 59 4988592 44 61 4988603 15
[15:50:17]	[Send]	ncif 3 5024191
[15:50:17]	[Recv]	ct 3 5024184 2 5022310 -1 -1 0

[15:50:17]	[Recv]	su 3 5024184 2 5022310 0 25 11 7200 0 0 1 83 2199 0 0 77374 92286

[15:50:17]	[Recv]	eff 3 5024184 4799

[15:50:17]	[Recv]	st 2 5022311 95 0 99 100 91777 184572 92286 184572 0

[15:50:17]	[Recv]	eff 2 5022311 7739

[15:50:17]	[Recv]	cond 1 2073308 0 0 21

[15:50:17]	[Recv]	cond 1 2073308 0 0 21

[15:50:17]	[Recv]	cond 2 4988603 0 0 15

[15:50:17]	[Recv]	cond 2 4988592 0 0 15

[15:50:17]	[Send]	ptctl 5443 1 4988592 46 56 4988592 15
[15:50:17]	[Recv]	ct 3 5024194 2 4988603 -1 -1 0

[15:50:17]	[Recv]	su 3 5024194 2 4988603 0 10 11 4789 0 0 1 65 114 0 0 12632 19451

[15:50:17]	[Recv]	ct 3 5024191 2 4988592 -1 -1 767

[15:50:17]	[Recv]	in 3 804 5024318 48 54 2 100 100 0 0 0 -1 0 0 -1 - 0 -1 0 0 0 0 0 0 0 0 0 0 0 0

[15:50:17]	[Recv]	su 3 5024191 3 5024191 767 100 11 7287 0 0 1 1 0 -1 0 1 126282

[15:50:17]	[Recv]	ct 3 5024182 2 4988617 -1 -1 0

[15:50:17]	[Recv]	su 3 5024182 2 4988617 0 5 11 1061 0 0 1 43 70 0 0 3315 7621

[15:50:17]	[Recv]	ct 2 4988603 3 5024191 -1 -1 0

[15:50:17]	[Recv]	su 2 4988603 3 5024191 0 12 11 8360 0 0 0 0 9451 0 0 0 126282

[15:50:17]	[Recv]	lev 99 0 99 0 2140719000 5991794 66993052 2 0 90 917705181 0

[15:50:17]	[Recv]	cond 2 4988592 0 0 15

[15:50:17]	[Send]	u_s 0 3 5024191
[15:50:17]	[Send]	ptctl 5443 1 4988592 41 59 4988592 15
[15:50:17]	[Recv]	ct 2 4988534 3 5024183 -1 -1 0

[15:50:17]	[Recv]	su 2 4988534 3 5024183 0 11 11 4948 0 0 1 99 1 0 0 110897 110907

[15:50:17]	[Recv]	st 2 5022310 95 0 83 100 77374 184572 92286 184572 0

[15:50:17]	[Recv]	eff 2 5022310 7739

[15:50:17]	[Recv]	st 2 5022309 95 0 98 100 90802 184572 92286 184572 0

[15:50:17]	[Recv]	eff 2 5022309 7739

[15:50:17]	[Recv]	sr 0

[15:50:17]	[Recv]	cond 1 2073308 0 0 21

[15:50:17]	[Recv]	cond 1 2073308 0 0 21

[15:50:17]	[Send]	ncif 3 5024193
[15:50:17]	[Recv]	cancel 0 0 -1

[15:50:17]	[Recv]	out 2 4988534

[15:50:17]	[Recv]	out 2 4988535

[15:50:17]	[Recv]	sayi 1 2073308 20 22 3 1029 0 0 0

[15:50:17]	[Recv]	bf 1 2073308 0.1029.0 99

[15:50:17]	[Recv]	cond 2 4988592 0 0 15

[15:50:17]	[Send]	suctl 5443 1 4988592 3 5024193
[15:50:17]	[Recv]	st 3 5024193 99 0 100 100 110907 2828 110907 2828 0

[15:50:17]	[Send]	ptctl 5443 2 4988603 46 61 4988592 46 59 4988603 15
[15:50:18]	[Recv]	out 2 4988573

[15:50:18]	[Recv]	ct 2 4988590 3 5024183 -1 -1 0

[15:50:18]	[Recv]	su 2 4988590 3 5024183 0 10 11 4841 0 0 1 99 1 0 0 110896 110907

[15:50:18]	[Recv]	ct 2 4988617 3 5024182 -1 -1 0

[15:50:18]	[Recv]	su 2 4988617 3 5024182 0 10 11 8146 0 0 1 100 0 1 0 126276 126282

[15:50:18]	[Recv]	eff 2 4988592 5005

[15:50:18]	[Recv]	cond 1 2073308 0 0 21

[15:50:18]	[Recv]	cond 1 2073308 0 0 21

[15:50:18]	[Recv]	cond 2 4988603 0 0 15

[15:50:18]	[Recv]	cond 2 4988592 0 0 15

[15:50:18]	[Send]	ptctl 5443 2 4988603 47 54 4988592 48 55 4988603 15
[15:50:18]	[Recv]	ct 2 4988460 3 5024179 -1 -1 0

[15:50:18]	[Recv]	ct 2 4988592 3 5024193 -1 -1 0

[15:50:18]	[Recv]	su 2 4988592 3 5024193 0 10 11 0 0 0 1 87 13493 0 0 97414 110907

[15:50:18]	[Recv]	cond 1 2073308 0 0 21

[15:50:18]	[Recv]	cond 1 2073308 0 0 21

[15:50:18]	[Send]	ncif 3 5024318
[15:50:18]	[Recv]	ct 3 5024193 2 4988592 -1 -1 0

[15:50:18]	[Recv]	su 3 5024193 2 4988592 0 10 11 4789 0 0 1 77 51 0 0 44983 57771

[15:50:18]	[Recv]	ct 3 5024182 2 4988617 -1 -1 0

[15:50:18]	[Recv]	su 3 5024182 2 4988617 0 5 11 1061 0 0 1 39 349 0 0 2966 7621

[15:50:18]	[Recv]	ct 3 5024179 2 4988460 -1 -1 0

[15:50:18]	[Recv]	su 3 5024179 2 4988460 0 10 11 4789 0 0 1 46 2347 0 0 2009 4356

[15:50:18]	[Recv]	su 2 4988460 3 5024179 0 12 11 1007 0 0 1 99 0 1 0 110899 110907

[15:50:18]	[Recv]	out 2 4988460

[15:50:18]	[Recv]	out 2 4988590

[15:50:18]	[Recv]	out 2 4988617

[15:50:18]	[Recv]	sayi 1 2073308 20 22 3 1028 0 0 0

[15:50:18]	[Recv]	bf 1 2073308 0.1028.0 99

[15:50:18]	[Recv]	cond 2 4988603 0 0 15

[15:50:18]	[Recv]	cond 2 4988592 0 0 15

[15:50:18]	[Recv]	eff 1 2073308 869

[15:50:18]	[Recv]	st 3 5024318 90 0 100 100 5164 2369 5170 2369 0

[15:50:18]	[Send]	u_s 0 3 5024318
[15:50:18]	[Recv]	ct 3 5024183 2 4988590 -1 -1 0

[15:50:18]	[Recv]	su 3 5024183 3 5024183 0 10 11 4789 0 0 1 99 0 2 0 110896 110907

[15:50:18]	[Send]	ptctl 5443 2 4988603 45 54 4988592 45 54 4988603 15
[15:50:18]	[Recv]	cond 1 2073308 0 0 21

[15:50:18]	[Recv]	cond 1 2073308 0 0 21

[15:50:19]	[Recv]	ct 1 2073308 3 5024318 -1 -1 1114

[15:50:19]	[Recv]	eff 1 2073308 15

[15:50:19]	[Recv]	rc 1 2073308 200 0

[15:50:19]	[Recv]	su 1 2073308 3 5024318 1114 7 11 4260 0 0 0 0 237792 3 0 0 5170

[15:50:19]	[Recv]	lev 99 0 99 0 2140719000 5991794 66993052 2 0 90 917705181 0

[15:50:19]	[Recv]	cond 2 4988603 0 0 15

[15:50:19]	[Recv]	cond 2 4988592 0 0 15

[15:50:19]	[Recv]	ct 3 5024188 1 2073308 -1 -1 0

[15:50:19]	[Recv]	su 3 5024188 1 2073308 0 10 11 7200 0 0 1 100 0 4 0 96248 96297

[15:50:19]	[Recv]	ct 3 5023670 2 5022309 -1 -1 0

[15:50:19]	[Recv]	su 3 5023670 2 5022309 0 10 11 4789 0 0 1 98 571 0 0 91153 92286

[15:50:19]	[Recv]	st 2 5022311 95 0 100 100 92286 184572 92286 184572 0

[15:50:19]	[Send]	ptctl 5443 2 4988603 40 56 4988592 39 58 4988603 15
[15:50:19]	[Recv]	eff 3 5024318 3617

[15:50:19]	[Recv]	ct 3 5023661 1 2073308 -1 -1 0

[15:50:19]	[Recv]	su 3 5023661 1 2073308 0 10 11 4789 0 0 1 100 0 1 0 96248 96297

[15:50:19]	[Recv]	cond 1 2073308 0 0 21

[15:50:19]	[Recv]	cond 1 2073308 0 0 21

[15:50:19]	[Send]	ncif 3 5024184
[15:50:19]	[Recv]	sp 413990 1000000 0 10000

[15:50:19]	[Recv]	ct 3 5024187 1 2073308 -1 -1 0

[15:50:19]	[Recv]	su 3 5024187 1 2073308 0 10 11 4789 0 0 1 99 450 0 0 95798 96297

[15:50:19]	[Recv]	st 2 5022310 95 0 84 100 78296 184572 92286 184572 0

[15:50:19]	[Recv]	st 2 5022309 95 0 98 100 91153 184572 92286 184572 0

[15:50:19]	[Recv]	cond 2 4988603 0 0 15

[15:50:19]	[Recv]	cond 2 4988592 0 0 15

[15:50:19]	[Recv]	st 3 5024184 99 0 100 100 13880 2828 13880 2828 0

[15:50:19]	[Send]	ptctl 5443 1 4988592 39 55 4988592 15
[15:50:19]	[Recv]	ct 3 5024190 1 2073308 -1 -1 0

[15:50:19]	[Recv]	su 3 5024190 1 2073308 0 10 11 4789 0 0 1 99 450 0 0 95348 96297

[15:50:19]	[Recv]	sr 0

[15:50:19]	[Recv]	sr 1

[15:50:19]	[Send]	u_s 0 3 5024184
[15:50:19]	[Send]	ptctl 5443 1 4988603 41 55 4988603 15
[15:50:19]	[Send]	suctl 5443 1 4988603 3 5024184
[15:50:19]	[Recv]	cond 2 4988592 0 0 15

[15:50:20]	[Recv]	cond 1 2073308 0 0 21

[15:50:20]	[Recv]	cond 1 2073308 0 0 21

[15:50:20]	[Recv]	cond 2 4988573 0 0 10

[15:50:20]	[Recv]	petski 334 1831 1798

[15:50:20]	[Recv]	pet_cool2  0 0 0

[15:50:20]	[Recv]	pinit 2 2|4988603|0|94|@|-1|3206|1|2723|0|0 2|4988592|1|96|@|-1|1548|0|0|0|60

[15:50:20]	[Recv]	ct 1 2073308 3 5024184 -1 -1 1114

[15:50:20]	[Recv]	sayi 1 2073308 10 639 0 0 0 0 0

[15:50:20]	[Recv]	ivn 2 117.2083.314.0

[15:50:20]	[Recv]	eff 1 2073308 15

[15:50:20]	[Recv]	rc 1 2073308 200 0

[15:50:20]	[Recv]	su 1 2073308 3 5024184 1114 7 11 4260 0 0 0 0 253047 3 0 0 13880

[15:50:20]	[Recv]	lev 99 0 99 0 2140719000 5991794 66993052 2 0 90 917705181 0

[15:50:20]	[Recv]	bf 1 2073308 0.4254.80 99

[15:50:20]	[Recv]	cond 2 4988603 0 0 15

[15:50:20]	[Send]	ptctl 5443 2 4988603 42 60 4988592 42 60 4988603 15
[15:50:20]	[Recv]	ct 3 5024194 1 2073308 -1 -1 0

[15:50:20]	[Recv]	su 3 5024194 1 2073308 0 10 11 4789 0 0 1 99 0 1 0 95548 96297

[15:50:20]	[Recv]	ct 3 5023663 2 4988603 -1 -1 0

[15:50:20]	[Recv]	su 3 5023663 2 4988603 0 10 11 4789 0 0 1 64 113 3 0 12519 19451

[15:50:20]	[Recv]	cond 1 2073308 0 0 21

[15:50:20]	[Recv]	cond 1 2073308 0 0 21

[15:50:20]	[Send]	ncif 3 5024186
[15:50:20]	[Recv]	cond 2 4988603 0 0 15

[15:50:20]	[Recv]	cond 2 4988592 0 0 15

[15:50:20]	[Recv]	st 3 5024186 99 0 100 100 116032 2828 116032 2828 0

[15:50:20]	[Send]	ptctl 5443 1 4988592 40 61 4988592 15
[15:50:20]	[Recv]	ct 3 5024193 2 4988592 -1 -1 0

[15:50:20]	[Recv]	su 3 5024193 2 4988592 0 10 11 4789 0 0 1 77 49 0 0 44934 57771

[15:50:20]	[Recv]	cond 2 4988592 0 0 15

[15:50:20]	[Send]	u_s 1 3 5024186
[15:50:20]	[Recv]	sr 0

[15:50:21]	[Recv]	ct 3 5024185 2 5022309 -1 -1 0

[15:50:21]	[Recv]	su 3 5024185 2 5022309 0 10 11 4789 0 0 1 99 501 0 0 91574 92286

[15:50:21]	[Recv]	cond 1 2073308 0 0 21

[15:50:21]	[Recv]	cond 1 2073308 0 0 21

[15:50:21]	[Recv]	ms_c 0

[15:50:21]	[Recv]	qslot 0 1.1.1 1.1.2 1.1.3 1.1.4 1.1.5 1.1.6 1.1.7 1.1.9 1.1.8 1.1.10 0.1.45 0.2.21 0.1.76 1.1.38 1.3.12 0.1.34 0.1.87 0.-1.-1 0.1.84 0.1.43 1.3.11 1.1.42 1.1.41 1.3.976 0.-1.-1 0.1.70 0.2.143 0.2.25 0.2.27 0.2.26

[15:50:21]	[Recv]	qslot 1 0.-1.-1 0.-1.-1 0.-1.-1 0.-1.-1 0.-1.-1 0.-1.-1 0.-1.-1 0.-1.-1 0.-1.-1 0.-1.-1 0.1.-1 0.1.-1 1.1.41 1.1.42 0.-1.-1 7.7.-1 7.7.-1 7.7.-1 7.7.-1 0.-1.-1 0.-1.-1 0.-1.-1 0.-1.-1 0.-1.-1 0.-1.-1 0.-1.-1 0.-1.-1 0.-1.-1 0.-1.-1 0.-1.-1

[15:50:21]	[Send]	ptctl 5443 1 4988592 40 62 4988592 15
[15:50:21]	[Send]	ptctl 5443 1 4988603 43 61 4988603 15
[15:50:21]	[Send]	suctl 5443 1 4988603 3 5024186
[15:50:21]	[Recv]	st 2 5022311 95 0 100 100 92286 184572 92286 184572 0

[15:50:21]	[Recv]	ct 1 2073308 3 5024186 14 4263 1115

[15:50:21]	[Recv]	cond 2 4988592 0 0 15

[15:50:21]	[Recv]	cond 2 4988603 0 0 15

[15:50:21]	[Recv]	ct 3 5024192 2 5022311 -1 -1 0

[15:50:21]	[Recv]	su 3 5024192 2 5022311 0 10 11 4789 0 0 1 99 500 0 0 91786 92286

[15:50:21]	[Recv]	ct 3 5024188 1 2073308 -1 -1 0

[15:50:21]	[Recv]	su 3 5024188 1 2073308 0 10 11 7200 0 0 1 98 450 3 0 95098 96297

[15:50:21]	[Recv]	ct 3 5023670 2 5022309 -1 -1 0

[15:50:21]	[Recv]	su 3 5023670 2 5022309 0 10 11 4789 0 0 1 98 502 0 0 91072 92286

[15:50:21]	[Recv]	eff 2 4988603 5005

[15:50:21]	[Send]	ncif 3 5024186
[15:50:21]	[Recv]	eff 1 2073308 15

[15:50:21]	[Recv]	rc 1 2073308 200 0

[15:50:21]	[Recv]	su 1 2073308 3 5024186 1115 70 12 4264 0 0 1 35 74641 0 0 41391 116032

[15:50:21]	[Send]	ptctl 5443 1 4988592 40 63 4988592 15
[15:50:21]	[Recv]	eff 3 5024189 4799

[15:50:21]	[Recv]	ct 3 5023661 1 2073308 -1 -1 0

[15:50:21]	[Recv]	su 3 5023661 1 2073308 0 10 11 4789 0 0 1 98 448 0 0 94850 96297

[15:50:21]	[Recv]	st 2 5022310 95 0 85 100 79218 184572 92286 184572 0

[15:50:21]	[Recv]	st 2 5022309 95 0 98 100 91072 184572 92286 184572 0

[15:50:21]	[Recv]	st 3 5024186 99 0 35 100 41391 2828 116032 2828 0

[15:50:21]	[Send]	suctl 5443 1 4988592 3 5024186
[15:50:21]	[Recv]	cond 2 4988592 0 0 15

[15:50:21]	[Recv]	ct 3 5024187 1 2073308 -1 -1 0

[15:50:21]	[Recv]	su 3 5024187 1 2073308 0 10 11 4789 0 0 1 98 0 1 0 94850 96297

[15:50:21]	[Recv]	ct 2 4988603 3 5024186 -1 -1 0

[15:50:21]	[Recv]	eff 2 4988603 15

[15:50:21]	[Recv]	su 2 4988603 3 5024186 0 12 11 8360 0 0 1 21 16458 0 0 24933 116032

[15:50:21]	[Recv]	eff 2 4988592 5005

[15:50:22]	[Recv]	ct 3 5024190 1 2073308 -1 -1 0

[15:50:22]	[Recv]	su 3 5024190 1 2073308 0 10 11 4789 0 0 1 98 0 1 0 94850 96297

[15:50:22]	[Recv]	ct 3 5024189 2 5022310 -1 -1 0

[15:50:22]	[Recv]	su 3 5024189 2 5022310 0 25 11 7200 0 0 1 84 2201 0 0 77939 92286

[15:50:22]	[Recv]	ct 2 4988592 3 5024186 -1 -1 0

[15:50:22]	[Recv]	su 2 4988592 3 5024186 0 10 11 0 0 0 1 14 7700 0 0 17233 116032

[15:50:22]	[Recv]	eff 2 5022311 7739

[15:50:22]	[Send]	u_s 0 3 5024186
[15:50:22]	[Send]	ncif 3 5024186
[15:50:22]	[Send]	suctl 5443 1 4988603 3 5024186
[15:50:22]	[Recv]	ct 1 2073308 3 5024186 -1 -1 1114

[15:50:22]	[Recv]	rc 1 2073308 200 0

[15:50:22]	[Recv]	su 1 2073308 3 5024186 1114 7 11 4260 0 0 0 0 85831 3 0 0 116032

[15:50:22]	[Recv]	lev 99 0 99 0 2140719000 5991794 66993052 2 0 90 917705181 0

[15:50:22]	[Recv]	in 3 700 5024327 6 43 4 100 100 0 0 0 -1 0 0 -1 - 0 -1 0 0 0 0 0 0 0 0 0 0 0 0

[15:50:22]	[Recv]	msgi 0 679 0 0 0 0 0

[15:50:22]	[Recv]	in 3 710 5024328 7 41 0 100 100 0 0 0 -1 0 0 -1 - 0 -1 0 0 0 0 0 0 0 0 0 0 0 0

[15:50:22]	[Recv]	msgi 0 679 0 0 0 0 0

[15:50:22]	[Recv]	in 3 775 5024329 7 42 6 100 100 0 0 0 -1 0 0 -1 - 0 -1 0 0 0 0 0 0 0 0 0 0 0 0

[15:50:22]	[Recv]	msgi 0 679 0 0 0 0 0

[15:50:22]	[Recv]	in 3 710 5024330 8 39 5 100 100 0 0 0 -1 0 0 -1 - 0 -1 0 0 0 0 0 0 0 0 0 0 0 0

[15:50:22]	[Recv]	msgi 0 679 0 0 0 0 0

[15:50:22]	[Recv]	in 3 700 5024331 8 42 5 100 100 0 0 0 -1 0 0 -1 - 0 -1 0 0 0 0 0 0 0 0 0 0 0 0

[15:50:22]	[Recv]	msgi 0 679 0 0 0 0 0

[15:50:22]	[Recv]	in 3 760 5024332 37 5 5 100 100 0 0 0 -1 0 0 -1 - 0 -1 0 0 0 0 0 0 0 0 0 0 0 0

[15:50:22]	[Recv]	msgi 0 679 0 0 0 0 0

[15:50:22]	[Recv]	in 3 700 5024333 37 7 2 100 100 0 0 0 -1 0 0 -1 - 0 -1 0 0 0 0 0 0 0 0 0 0 0 0

[15:50:22]	[Recv]	msgi 0 679 0 0 0 0 0

[15:50:22]	[Recv]	in 3 775 5024334 39 6 1 100 100 0 0 0 -1 0 0 -1 - 0 -1 0 0 0 0 0 0 0 0 0 0 0 0

[15:50:22]	[Recv]	msgi 0 679 0 0 0 0 0

[15:50:22]	[Recv]	in 3 700 5024335 40 8 0 100 100 0 0 0 -1 0 0 -1 - 0 -1 0 0 0 0 0 0 0 0 0 0 0 0

[15:50:22]	[Recv]	msgi 0 679 0 0 0 0 0

[15:50:22]	[Recv]	in 3 785 5024336 41 6 0 100 100 0 0 0 -1 0 0 -1 - 0 -1 0 0 0 0 0 0 0 0 0 0 0 0

[15:50:22]	[Recv]	msgi 0 679 0 0 0 0 0

[15:50:22]	[Recv]	in 3 760 5024337 43 6 4 100 100 0 0 0 -1 0 0 -1 - 0 -1 0 0 0 0 0 0 0 0 0 0 0 0

[15:50:22]	[Recv]	msgi 0 679 0 0 0 0 0

[15:50:22]	[Recv]	in 3 700 5024338 43 8 3 100 100 0 0 0 -1 0 0 -1 - 0 -1 0 0 0 0 0 0 0 0 0 0 0 0

[15:50:22]	[Recv]	msgi 0 679 0 0 0 0 0

[15:50:22]	[Recv]	in 3 710 5024339 44 5 7 100 100 0 0 0 -1 0 0 -1 - 0 -1 0 0 0 0 0 0 0 0 0 0 0 0

[15:50:22]	[Recv]	msgi 0 679 0 0 0 0 0

[15:50:22]	[Recv]	in 3 700 5024340 45 7 1 100 100 0 0 0 -1 0 0 -1 - 0 -1 0 0 0 0 0 0 0 0 0 0 0 0

[15:50:22]	[Recv]	msgi 0 679 0 0 0 0 0

[15:50:22]	[Recv]	in 3 700 5024341 71 38 4 100 100 0 0 0 -1 0 0 -1 - 0 -1 0 0 0 0 0 0 0 0 0 0 0 0

[15:50:22]	[Recv]	msgi 0 679 0 0 0 0 0

[15:50:22]	[Recv]	in 3 700 5024342 71 41 4 100 100 0 0 0 -1 0 0 -1 - 0 -1 0 0 0 0 0 0 0 0 0 0 0 0

[15:50:22]	[Recv]	msgi 0 679 0 0 0 0 0

[15:50:22]	[Recv]	in 3 710 5024343 72 39 0 100 100 0 0 0 -1 0 0 -1 - 0 -1 0 0 0 0 0 0 0 0 0 0 0 0

[15:50:22]	[Recv]	msgi 0 679 0 0 0 0 0

[15:50:22]	[Recv]	in 3 775 5024344 73 38 1 100 100 0 0 0 -1 0 0 -1 - 0 -1 0 0 0 0 0 0 0 0 0 0 0 0

[15:50:22]	[Recv]	msgi 0 679 0 0 0 0 0

[15:50:22]	[Recv]	in 3 710 5024345 73 39 1 100 100 0 0 0 -1 0 0 -1 - 0 -1 0 0 0 0 0 0 0 0 0 0 0 0

[15:50:22]	[Recv]	msgi 0 679 0 0 0 0 0

[15:50:22]	[Recv]	eff 3 5024342 5000

[15:50:22]	[Recv]	eff 3 5024338 5000

[15:50:22]	[Recv]	eff 3 5024335 5000

[15:50:22]	[Recv]	eff 3 5024331 5000

[15:50:22]	[Recv]	eff 3 5024328 5000

[15:50:22]	[Recv]	ct 3 5024194 1 2073308 -1 -1 0

[15:50:22]	[Recv]	su 3 5024194 1 2073308 0 10 11 4789 0 0 1 98 448 0 0 94602 96297

[15:50:22]	[Recv]	eff 2 5022310 7739

[15:50:22]	[Recv]	eff 2 5022309 7739

[15:50:22]	[Send]	ptctl 5443 2 4988603 38 61 4988592 36 62 4988603 15
[15:50:22]	[Send]	ptctl 5443 2 4988603 37 61 4988592 34 61 4988603 15
[15:50:23]	[Recv]	cond 1 2073308 0 0 21

[15:50:23]	[Recv]	cond 1 2073308 0 0 21

[15:50:23]	[Send]	ncif 3 5024186
[15:50:23]	[Recv]	ct 3 5024193 1 2073308 -1 -1 0

[15:50:23]	[Recv]	su 3 5024193 1 2073308 0 10 11 4789 0 0 1 98 0 1 0 94602 96297

[15:50:23]	[Recv]	cond 2 4988603 0 0 15

[15:50:23]	[Recv]	cond 2 4988592 0 0 15

[15:50:23]	[Recv]	sr 13

[15:50:23]	[Recv]	cond 1 2073308 0 0 21

[15:50:23]	[Recv]	cond 1 2073308 0 0 21

[15:50:23]	[Recv]	ct 3 5024185 2 5022309 -1 -1 0

[15:50:23]	[Recv]	su 3 5024185 2 5022309 0 10 11 4789 0 0 1 99 544 0 0 91450 92286

[15:50:23]	[Recv]	st 2 5022311 95 0 99 100 91786 184572 92286 184572 0

[15:50:23]	[Recv]	sr 0

[15:50:23]	[Recv]	cond 2 4988603 0 0 15

[15:50:23]	[Recv]	cond 2 4988592 0 0 15

[15:50:23]	[Send]	ptctl 5443 2 4988603 34 61 4988592 33 61 4988603 15
[15:50:23]	[Recv]	ct 3 5023663 2 4988603 -1 -1 0

[15:50:23]	[Recv]	su 3 5023663 2 4988603 0 10 11 4789 0 0 1 63 113 0 0 12406 19451

[15:50:23]	[Recv]	cond 1 2073308 0 0 21

[15:50:23]	[Recv]	cond 1 2073308 0 0 21

[15:50:23]	[Send]	ncif 3 5024182
[15:50:23]	[Recv]	ct 3 5024192 2 5022311 -1 -1 0

[15:50:23]	[Recv]	su 3 5024192 2 5022311 0 10 11 4789 0 0 1 99 567 0 0 91719 92286

[15:50:23]	[Recv]	ct 3 5024188 1 2073308 -1 -1 0

[15:50:23]	[Recv]	su 3 5024188 1 2073308 0 10 11 7200 0 0 1 98 0 4 0 94602 96297

[15:50:23]	[Recv]	ct 3 5023670 2 5022309 -1 -1 0

[15:50:23]	[Recv]	su 3 5023670 2 5022309 0 10 11 4789 0 0 1 98 602 0 0 90848 92286

[15:50:23]	[Recv]	st 2 5022310 95 0 84 100 77939 184572 92286 184572 0

[15:50:23]	[Recv]	st 2 5022309 95 0 98 100 90848 184572 92286 184572 0

[15:50:23]	[Recv]	cond 2 4988603 0 0 15

[15:50:23]	[Recv]	cond 2 4988592 0 0 15

[15:50:23]	[Recv]	eff 1 2073308 869

[15:50:23]	[Recv]	st 3 5024182 99 0 100 100 126276 2828 126282 2828 0

[15:50:23]	[Send]	u_s 0 3 5024182
[15:50:23]	[Send]	ptctl 5443 1 4988592 30 61 4988592 15
[15:50:23]	[Send]	ptctl 5443 1 4988603 36 61 4988603 15
[15:50:23]	[Send]	suctl 5443 1 4988603 3 5024182
[15:50:24]	[Recv]	cond 1 2073308 0 0 21

[15:50:24]	[Recv]	cond 1 2073308 0 0 21

[15:50:24]	[Recv]	ct 1 2073308 3 5024182 -1 -1 1114

[15:50:24]	[Recv]	rc 1 2073308 200 0

[15:50:24]	[Recv]	su 1 2073308 3 5024182 1114 7 11 4260 0 0 1 72 34311 0 0 91965 126282

[15:50:24]	[Recv]	su 1 2073308 3 5024182 -1 0 -1 7922 -1 -1 1 53 24017 0 1

[15:50:24]	[Recv]	bf 1 2073308 0.948.80 99

[15:50:24]	[Recv]	in 3 2371 5024350 41 60 2 100 100 0 0 0 -1 0 0 -1 - 0 -1 0 0 0 0 0 0 0 0 0 0 0 0

[15:50:24]	[Recv]	guri 31 1 2073308 41 60

[15:50:24]	[Recv]	sr 0

[15:50:24]	[Recv]	eff 1 2073308 4013

[15:50:24]	[Recv]	cond 2 4988592 0 0 15

[15:50:24]	[Recv]	cond 2 4988603 0 0 15

[15:50:24]	[Send]	ptctl 5443 2 4988603 41 61 4988592 37 62 4988603 15
[15:50:24]	[Recv]	eff 2 4988603 5005

[15:50:24]	[Send]	ptctl 5443 2 4988603 42 61 4988592 38 62 4988603 15
[15:50:24]	[Recv]	ct 3 5024182 2 4988592 -1 -1 767

[15:50:24]	[Recv]	in 3 804 5024351 29 60 2 100 100 0 0 0 -1 0 0 -1 - 0 -1 0 0 0 0 0 0 0 0 0 0 0 0

[15:50:24]	[Recv]	su 3 5024182 3 5024182 767 100 11 7287 0 0 1 53 0 -1 0 67948 126282

[15:50:24]	[Recv]	ct 3 5023661 1 2073308 -1 -1 0

[15:50:24]	[Recv]	su 3 5023661 1 2073308 0 10 11 4789 0 0 1 98 0 1 0 94802 96297

[15:50:24]	[Recv]	cond 1 2073308 0 0 21

[15:50:24]	[Recv]	cond 1 2073308 0 0 21

[15:50:24]	[Recv]	team_cool 2 0

[15:50:24]	[Recv]	cond 2 4988603 0 0 15

[15:50:24]	[Recv]	cond 2 4988592 0 0 15

[15:50:24]	[Recv]	sp 413980 1000000 0 10000

[15:50:24]	[Recv]	ct 2 4988603 3 5024182 -1 -1 0

[15:50:24]	[Recv]	su 2 4988603 3 5024182 0 12 11 8360 0 0 1 46 8796 0 0 59152 126282

[15:50:24]	[Recv]	sr 8

[15:50:24]	[Recv]	cond 1 2073308 0 0 21

[15:50:24]	[Recv]	cond 1 2073308 0 0 21

[15:50:24]	[Send]	ncif 3 5024182
[15:50:24]	[Send]	ptctl 5443 1 4988592 31 62 4988592 15
[15:50:24]	[Recv]	guri 31 1 2073308 41 60

[15:50:24]	[Recv]	su 3 5024350 3 5024182 -1 0 -1 4260 -1 -1 1 33 17155 0 0

[15:50:24]	[Recv]	cond 2 4988603 0 0 15

[15:50:24]	[Recv]	cond 2 4988592 0 0 15

[15:50:24]	[Send]	u_s 0 3 5024182
[15:50:24]	[Recv]	die 3 5024350 3 5024350

[15:50:24]	[Recv]	st 3 5024182 99 0 33 100 41997 2828 126282 2828 0

[15:50:24]	[Recv]	cond 2 4988592 0 0 15

[15:50:25]	[Recv]	ct 3 5024190 2 4988603 -1 -1 0

[15:50:25]	[Recv]	su 3 5024190 2 4988603 0 10 11 4789 0 0 1 63 114 0 0 12292 19451

[15:50:25]	[Recv]	ct 3 5024187 2 4988603 -1 -1 0

[15:50:25]	[Recv]	su 3 5024187 2 4988603 0 10 11 4789 0 0 1 62 114 0 0 12178 19451

[15:50:25]	[Recv]	cond 1 2073308 0 0 21

[15:50:25]	[Recv]	cond 1 2073308 0 0 21

[15:50:25]	[Send]	ptctl 5443 1 4988603 39 61 4988603 15
[15:50:25]	[Send]	suctl 5443 1 4988603 3 5024182
[15:50:25]	[Recv]	ct 3 5024193 2 4988603 -1 -1 0

[15:50:25]	[Recv]	su 3 5024193 2 4988603 0 10 11 4789 0 0 1 62 113 0 0 12065 19451

[15:50:25]	[Recv]	st 2 5022311 95 0 99 100 91719 184572 92286 184572 0

[15:50:25]	[Recv]	ct 1 2073308 3 5024182 -1 -1 1114

[15:50:25]	[Recv]	eff 1 2073308 15

[15:50:25]	[Recv]	rc 1 2073308 200 0

[15:50:25]	[Recv]	su 1 2073308 3 5024182 1114 7 11 4260 0 0 0 0 247101 3 0 0 126282

[15:50:25]	[Recv]	in 3 2371 5024361 40 55 2 100 100 0 0 0 -1 0 0 -1 - 0 -1 0 0 0 0 0 0 0 0 0 0 0 0

[15:50:25]	[Recv]	guri 31 1 2073308 40 55

[15:50:25]	[Recv]	lev 99 0 99 0 2140719000 5991794 66993052 2 0 90 917705181 0

[15:50:25]	[Send]	suctl 5443 1 4988592 3 5024182
[15:50:25]	[Recv]	cond 2 4988603 0 0 15

[15:50:25]	[Recv]	ct 3 5024194 1 2073308 -1 -1 0

[15:50:25]	[Recv]	su 3 5024194 1 2073308 0 10 11 4789 0 0 1 98 0 1 0 95002 96297

[15:50:25]	[Recv]	ct 3 5024185 2 5022309 -1 -1 0

[15:50:25]	[Recv]	su 3 5024185 2 5022309 0 10 11 4789 0 0 1 98 574 0 0 91196 92286

[15:50:25]	[Send]	ptctl 5443 2 4988603 44 61 4988592 36 62 4988603 15
[15:50:25]	[Recv]	ct 3 5023663 2 4988603 -1 -1 0

[15:50:25]	[Recv]	su 3 5023663 2 4988603 0 10 11 4789 0 0 1 61 113 0 0 11952 19451

[15:50:25]	[Recv]	st 2 5022310 95 0 85 100 78861 184572 92286 184572 0

[15:50:25]	[Recv]	st 2 5022309 95 0 98 100 91196 184572 92286 184572 0

[15:50:25]	[Recv]	cond 1 2073308 0 0 21

[15:50:25]	[Recv]	cond 1 2073308 0 0 21

[15:50:25]	[Recv]	cond 2 4988603 0 0 15

[15:50:25]	[Recv]	cond 2 4988592 0 0 15

[15:50:25]	[Send]	ncif 3 5024189
[15:50:25]	[Recv]	die 3 5024361 3 5024361

[15:50:25]	[Recv]	ct 3 5024192 2 5022311 -1 -1 0

[15:50:25]	[Recv]	su 3 5024192 2 5022311 0 10 11 4789 0 0 1 99 546 0 0 91740 92286

[15:50:25]	[Recv]	ct 3 5024188 1 2073308 -1 -1 0

[15:50:25]	[Recv]	su 3 5024188 1 2073308 0 10 11 7200 0 0 1 98 0 4 0 95002 96297

[15:50:25]	[Recv]	ct 3 5023670 2 5022309 -1 -1 0

[15:50:25]	[Recv]	su 3 5023670 2 5022309 0 10 11 4789 0 0 1 99 718 3 0 91400 92286

[15:50:25]	[Recv]	sr 0

[15:50:25]	[Recv]	st 3 5024189 99 0 100 100 13880 2828 13880 2828 0

[15:50:26]	[Send]	u_s 0 3 5024189
[15:50:26]	[Recv]	cond 1 2073308 0 0 21

[15:50:26]	[Recv]	cond 1 2073308 0 0 21

[15:50:26]	[Recv]	sc_p 170 1548 4988592 96 551 24143227 0 0 1889 2049 1289 19 90 9 975 627 958 627 866 3 90 90 110 80 44934 57771 18100 18100 1 84982200 0 @ 0 0 6 60 1831 1798 0 100

[15:50:26]	[Send]	ptctl 5443 1 4988592 39 58 4988592 15
[15:50:26]	[Recv]	ct 1 2073308 3 5024189 -1 -1 1114

[15:50:26]	[Recv]	su 1 2073308 3 5024189 -1 0 -1 7687 -1 -1 1 88 1683 0 0

[15:50:26]	[Recv]	bf 3 5024189 0.1921.100 99

[15:50:26]	[Recv]	eff 3 5024189 0

[15:50:26]	[Recv]	rc 1 2073308 200 0

[15:50:26]	[Recv]	su 1 2073308 3 5024189 1114 7 11 4260 0 0 0 0 35145 0 0 0 13880

[15:50:26]	[Recv]	lev 99 0 99 0 2140719000 5991794 66993052 2 0 90 917705181 0

[15:50:26]	[Send]	ptctl 5443 1 4988603 46 63 4988603 15
[15:50:26]	[Recv]	cond 2 4988592 0 0 15

[15:50:26]	[Send]	ptctl 5443 1 4988603 45 62 4988603 15
[15:50:26]	[Send]	suctl 5443 1 4988603 3 5024189
[15:50:26]	[Recv]	cond 2 4988603 0 0 15

[15:50:26]	[Send]	ptctl 5443 2 4988603 40 62 4988592 35 65 4988603 15
[15:50:26]	[Recv]	cond 2 4988603 0 0 15

[15:50:26]	[Send]	ptctl 5443 2 4988603 39 62 4988592 34 66 4988603 15
[15:50:26]	[Recv]	cond 1 2073308 0 0 21

[15:50:26]	[Recv]	cond 1 2073308 0 0 21

[15:50:26]	[Recv]	cond 2 4988603 0 0 15

[15:50:26]	[Recv]	cond 2 4988592 0 0 15

[15:50:27]	[Send]	ncif 3 5024351
[15:50:27]	[Recv]	eff 3 5024337 4799

[15:50:27]	[Recv]	ct 3 5023661 2 4988592 -1 -1 0

[15:50:27]	[Recv]	su 3 5023661 2 4988592 0 10 11 4789 0 0 1 77 248 0 0 44686 57771

[15:50:27]	[Recv]	sr 0

[15:50:27]	[Recv]	cond 1 2073308 0 0 21

[15:50:27]	[Recv]	cond 1 2073308 0 0 21

[15:50:27]	[Send]	u_s 0 3 5024351
[15:50:27]	[Recv]	cond 2 4988603 0 0 15

[15:50:27]	[Recv]	cond 2 4988592 0 0 15

[15:50:27]	[Send]	ptctl 5443 1 4988592 34 64 4988592 15
[15:50:27]	[Recv]	ct 3 5024190 2 4988603 -1 -1 0

[15:50:27]	[Recv]	su 3 5024190 2 4988603 0 10 11 4789 0 0 1 61 114 0 0 11838 19451

[15:50:27]	[Recv]	ct 3 5024187 2 4988603 -1 -1 0

[15:50:27]	[Recv]	su 3 5024187 2 4988603 0 10 11 4789 0 0 1 60 114 0 0 11724 19451

[15:50:27]	[Recv]	st 2 5022311 95 0 99 100 91740 184572 92286 184572 0

[15:50:27]	[Recv]	eff 2 5022311 7739

[15:50:27]	[Recv]	st 3 5024351 90 0 100 100 5156 2369 5170 2369 0

[15:50:27]	[Recv]	cond 1 2073308 0 0 21

[15:50:27]	[Recv]	cond 1 2073308 0 0 21

[15:50:27]	[Recv]	ct 3 5024351 1 2073308 -1 -1 779

[15:50:27]	[Recv]	eff 3 5024332 4799

[15:50:27]	[Recv]	ct 3 5024193 2 4988603 -1 -1 0

[15:50:27]	[Recv]	su 3 5024193 2 4988603 0 10 11 4789 0 0 1 60 0 1 0 11724 19451

[15:50:27]	[Recv]	ct 1 2073308 3 5024351 -1 -1 1114

[15:50:27]	[Recv]	rc 1 2073308 200 0

[15:50:27]	[Recv]	su 1 2073308 3 5024351 1114 7 11 4260 0 0 0 0 48247 0 0 0 5170

[15:50:27]	[Recv]	lev 99 0 99 0 2140719000 5991794 66993052 2 0 90 917705181 0

[15:50:27]	[Recv]	cond 2 4988592 0 0 15

[15:50:27]	[Send]	ncif 3 5024193
[15:50:27]	[Recv]	ct 3 5024194 1 2073308 -1 -1 0

[15:50:27]	[Recv]	su 3 5024194 1 2073308 0 10 11 4789 0 0 1 98 450 0 0 94952 96297

[15:50:27]	[Recv]	ct 3 5024185 2 5022309 -1 -1 0

[15:50:27]	[Recv]	su 3 5024185 2 5022309 0 10 11 4789 0 0 1 98 502 0 0 90898 92286

[15:50:27]	[Recv]	st 2 5022310 95 0 86 100 79783 184572 92286 184572 0

[15:50:27]	[Recv]	eff 2 5022310 7739

[15:50:27]	[Recv]	st 2 5022309 95 0 98 100 90898 184572 92286 184572 0

[15:50:27]	[Recv]	eff 2 5022309 7739

[15:50:27]	[Recv]	st 3 5024193 99 0 87 100 97414 2828 110907 2828 0

[15:50:27]	[Send]	ptctl 5443 1 4988603 34 62 4988603 15
[15:50:27]	[Send]	ptctl 5443 1 4988592 37 60 4988592 15
[15:50:27]	[Recv]	cond 2 4988603 0 0 15

[15:50:27]	[Send]	ptctl 5443 1 4988603 37 62 4988603 15
[15:50:27]	[Send]	suctl 5443 1 4988603 3 5024193
[15:50:27]	[Recv]	eff 3 5024351 3617

[15:50:27]	[Recv]	ct 3 5023663 2 4988603 -1 -1 0

[15:50:27]	[Recv]	su 3 5023663 2 4988603 0 10 11 4789 0 0 1 59 114 0 0 11610 19451

[15:50:27]	[Recv]	cond 2 4988592 0 0 15

[15:50:27]	[Send]	ptctl 5443 2 4988603 32 63 4988592 32 65 4988603 15
[15:50:27]	[Recv]	cond 2 4988603 0 0 15

[15:50:28]	[Recv]	ct 3 5024192 2 5022311 -1 -1 0

[15:50:28]	[Recv]	su 3 5024192 2 5022311 0 10 11 4789 0 0 1 99 504 0 0 91782 92286

[15:50:28]	[Recv]	ct 3 5023670 2 5022309 -1 -1 0

[15:50:28]	[Recv]	su 3 5023670 2 5022309 0 10 11 4789 0 0 1 98 558 0 0 91262 92286

[15:50:28]	[Recv]	eff 2 4988603 5005

[15:50:28]	[Send]	ptctl 5443 2 4988603 41 62 4988592 38 64 4988603 15
[15:50:28]	[Recv]	cond 1 2073308 0 0 21

[15:50:28]	[Recv]	sayi 1 2073308 20 22 3 4254 0 0 0

[15:50:28]	[Recv]	bf 1 2073308 0.4254.0 99

[15:50:28]	[Recv]	cond 1 2073308 0 0 21

[15:50:28]	[Recv]	cond 1 2073308 0 0 21

[15:50:28]	[Recv]	ct 3 5024188 1 2073308 -1 -1 0

[15:50:28]	[Recv]	su 3 5024188 1 2073308 0 10 11 7200 0 0 1 98 0 4 0 94952 96297

[15:50:28]	[Recv]	sr 0

[15:50:28]	[Recv]	cond 2 4988603 0 0 15

[15:50:28]	[Recv]	cond 2 4988592 0 0 15

[15:50:28]	[Send]	ncif 3 5024192
[15:50:28]	[Recv]	cond 1 2073308 0 0 21

[15:50:28]	[Recv]	cond 1 2073308 0 0 21

[15:50:28]	[Send]	ptctl 5443 1 4988592 40 64 4988592 15
[15:50:28]	[Recv]	ct 2 4988603 3 5024193 -1 -1 0

[15:50:28]	[Recv]	su 2 4988603 3 5024193 0 12 11 8360 0 0 1 80 8595 0 0 88819 110907

[15:50:28]	[Recv]	cond 2 4988603 0 0 15

[15:50:28]	[Recv]	cond 2 4988592 0 0 15

[15:50:28]	[Recv]	sr 1

[15:50:28]	[Recv]	st 3 5024192 99 0 100 100 110907 2828 110907 2828 0

[15:50:28]	[Recv]	cond 2 4988592 0 0 15

[15:50:28]	[Recv]	eff 1 2073308 869

[15:50:28]	[Send]	ptctl 5443 2 4988603 44 62 4988592 43 64 4988603 15
[15:50:28]	[Recv]	cond 1 2073308 0 0 21

[15:50:28]	[Recv]	cond 1 2073308 0 0 21

[15:50:29]	[Recv]	cond 2 4988603 0 0 15

[15:50:29]	[Recv]	cond 2 4988592 0 0 15

[15:50:29]	[Send]	ptctl 5443 1 4988592 45 64 4988592 15
[15:50:29]	[Recv]	ct 3 5023661 2 4988603 -1 -1 0

[15:50:29]	[Recv]	su 3 5023661 2 4988603 0 10 11 4789 0 0 1 59 113 0 0 11497 19451

[15:50:29]	[Recv]	st 2 5022311 95 0 99 100 91782 184572 92286 184572 0

[15:50:29]	[Recv]	cond 1 2073308 0 0 21

[15:50:29]	[Recv]	cond 1 2073308 0 0 21

[15:50:29]	[Recv]	cond 2 4988592 0 0 15

[15:50:29]	[Recv]	ct 3 5024190 2 4988603 -1 -1 0

[15:50:29]	[Recv]	su 3 5024190 2 4988603 0 10 11 4789 0 0 1 58 114 0 0 11383 19451

[15:50:29]	[Recv]	ct 3 5024187 2 4988603 -1 -1 0

[15:50:29]	[Recv]	su 3 5024187 2 4988603 0 10 11 4789 0 0 1 58 114 0 0 11269 19451

[15:50:29]	[Send]	ptctl 5443 2 4988603 45 60 4988592 47 62 4988603 15
[15:50:29]	[Recv]	sp 413970 1000000 0 10000

[15:50:29]	[Recv]	ct 3 5024193 2 4988603 -1 -1 0

[15:50:29]	[Recv]	su 3 5024193 2 4988603 0 10 11 4789 0 0 1 57 114 0 0 11155 19451

[15:50:29]	[Recv]	st 2 5022310 95 0 87 100 80705 184572 92286 184572 0

[15:50:29]	[Recv]	st 2 5022309 95 0 98 100 91262 184572 92286 184572 0

[15:50:29]	[Recv]	cond 1 2073308 0 0 21

[15:50:29]	[Recv]	cond 1 2073308 0 0 21

[15:50:29]	[Recv]	ct 3 5024194 2 4988603 -1 -1 0

[15:50:29]	[Recv]	su 3 5024194 2 4988603 0 10 11 4789 0 0 1 56 113 3 0 11042 19451

[15:50:29]	[Recv]	ct 3 5024185 2 5022309 -1 -1 0

[15:50:29]	[Recv]	su 3 5024185 2 5022309 0 10 11 4789 0 0 1 99 525 0 0 91659 92286

[15:50:29]	[Recv]	cond 2 4988603 0 0 15

[15:50:29]	[Recv]	cond 2 4988592 0 0 15

[15:50:30]	[Recv]	ct 3 5024192 2 5022311 -1 -1 0

[15:50:30]	[Recv]	su 3 5024192 2 5022311 0 10 11 4789 0 0 1 99 589 0 0 91697 92286

[15:50:30]	[Recv]	ct 3 5023670 2 5022309 -1 -1 0

[15:50:30]	[Recv]	su 3 5023670 2 5022309 0 10 11 4789 0 0 1 98 562 0 0 91097 92286

[15:50:30]	[Send]	ptctl 5443 1 4988603 49 56 4988603 15
[15:50:30]	[Send]	ptctl 5443 1 4988592 51 58 4988592 15
[15:50:30]	[Recv]	msgi2 0 905 14 #Devil_Boy# 2034 

[15:50:30]	[Recv]	cond 2 4988603 0 0 15

[15:50:30]	[Send]	ptctl 5443 2 4988603 46 59 4988592 48 61 4988603 15
[15:50:30]	[Recv]	cond 2 4988592 0 0 15

[15:50:30]	[Send]	u_ts 776 43 59
[15:50:30]	[Send]	ptctl 5443 2 4988603 50 56 4988592 51 57 4988603 15
[15:50:30]	[Recv]	ct 3 5023663 2 4988603 -1 -1 0

[15:50:30]	[Recv]	su 3 5023663 2 4988603 0 10 11 4789 0 0 1 56 114 0 0 10928 19451

[15:50:30]	[Recv]	cond 2 4988603 0 0 15

[15:50:30]	[Recv]	cond 2 4988592 0 0 15

[15:50:30]	[Recv]	in 2 754 4988552 43 61 2 100 100 0 0 3 2073308 0 0 -1 @ 2 -1 0 0 0 0 0 0 0 0 0 0 10 2

[15:50:30]	[Recv]	ctl 2 4988552 0 1

[15:50:30]	[Recv]	in 2 668 4988542 44 57 2 100 100 0 0 3 2073308 0 0 -1 @ 2 -1 0 0 0 0 0 0 0 0 0 0 9 3

[15:50:30]	[Recv]	ctl 2 4988542 0 1

[15:50:30]	[Recv]	in 2 478 4988518 41 59 2 100 100 0 0 3 2073308 0 0 -1 @ 2 -1 0 0 0 0 0 0 0 0 0 0 11 2

[15:50:30]	[Recv]	ctl 2 4988518 0 1

[15:50:30]	[Recv]	in 2 181 4988472 42 60 2 100 100 0 0 0 2073308 0 0 -1 @ 2 -1 0 0 0 0 0 0 0 0 0 0 12 2

[15:50:30]	[Recv]	ctl 2 4988472 0 1

[15:50:30]	[Recv]	bf 1 2073308 0.1027.200 99

[15:50:30]	[Recv]	sayi 1 2073308 20 26 3 1027 0 0 0

[15:50:30]	[Recv]	team_cool 2 900

[15:50:30]	[Send]	ptctl 5443 2 4988603 42 59 4988592 43 60 4988603 15
[15:50:31]	[Recv]	cond 2 4988603 0 0 15

[15:50:31]	[Recv]	cond 2 4988592 0 0 15

[15:50:31]	[Recv]	cond 1 2073308 0 0 21

[15:50:31]	[Recv]	cond 1 2073308 0 0 21

[15:50:31]	[Recv]	ct 3 5024343 1 2073308 -1 -1 767

[15:50:31]	[Recv]	in 3 804 5024409 58 49 2 100 100 0 0 0 -1 0 0 -1 - 0 -1 0 0 0 0 0 0 0 0 0 0 0 0

[15:50:31]	[Recv]	su 3 5024343 3 5024343 767 100 11 7287 0 0 1 100 0 -1 0 126282 126282

[15:50:31]	[Recv]	st 2 5022311 95 0 99 100 91697 184572 92286 184572 0

[15:50:31]	[Recv]	cond 2 4988603 0 0 15

[15:50:31]	[Recv]	cond 2 4988592 0 0 15

[15:50:31]	[Send]	ptctl 5443 2 4988603 41 63 4988592 41 60 4988603 15
[15:50:31]	[Recv]	ct 3 5024179 2 5022311 -1 -1 0

[15:50:31]	[Recv]	su 3 5024179 2 5022311 0 10 11 4789 0 0 1 99 530 0 0 91756 92286

[15:50:31]	[Recv]	cond 1 2073308 0 0 21

[15:50:31]	[Recv]	cond 1 2073308 0 0 21

[15:50:31]	[Recv]	cond 2 4988603 0 0 15

[15:50:31]	[Recv]	cond 2 4988592 0 0 15

[15:50:31]	[Recv]	ct 2 4988552 3 5024190 -1 -1 0

[15:50:31]	[Recv]	su 2 4988552 3 5024190 0 9 11 1047 0 0 1 97 2431 0 0 108476 110907

[15:50:31]	[Recv]	st 2 5022310 95 0 88 100 81627 184572 92286 184572 0

[15:50:31]	[Recv]	st 2 5022309 95 0 98 100 91097 184572 92286 184572 0

[15:50:31]	[Send]	ptctl 5443 2 4988603 48 61 4988592 48 60 4988603 15
[15:50:31]	[Recv]	ct 3 5024193 2 4988592 -1 -1 0

[15:50:31]	[Recv]	su 3 5024193 2 4988592 0 10 11 4789 0 0 1 77 253 0 0 44433 57771

[15:50:31]	[Recv]	ct 3 5024190 1 2073308 -1 -1 0

[15:50:31]	[Recv]	su 3 5024190 1 2073308 0 10 11 4789 0 0 1 98 0 1 0 94952 96297

[15:50:31]	[Recv]	ct 3 5024187 1 2073308 -1 -1 0

[15:50:31]	[Recv]	su 3 5024187 1 2073308 0 10 11 4789 0 0 1 98 0 1 0 94952 96297

[15:50:31]	[Recv]	cond 1 2073308 0 0 21

[15:50:31]	[Recv]	cond 1 2073308 0 0 21

[15:50:32]	[Recv]	cond 2 4988603 0 0 15

[15:50:32]	[Recv]	cond 2 4988592 0 0 15

[15:50:32]	[Send]	ncif 3 5024343
[15:50:32]	[Recv]	eff 3 5024337 4799

[15:50:32]	[Recv]	ct 3 5024194 2 4988592 -1 -1 0

[15:50:32]	[Recv]	su 3 5024194 2 4988592 0 10 11 4789 0 0 1 76 253 3 0 44180 57771

[15:50:32]	[Recv]	ct 3 5024188 1 2073308 -1 -1 0

[15:50:32]	[Recv]	su 3 5024188 1 2073308 0 10 11 7200 0 0 1 98 0 4 0 94952 96297

[15:50:32]	[Recv]	ct 3 5024185 2 5022309 -1 -1 0

[15:50:32]	[Recv]	su 3 5024185 2 5022309 0 10 11 4789 0 0 1 99 723 3 0 91296 92286

[15:50:32]	[Recv]	ct 2 4988518 3 5024194 -1 -1 0

[15:50:32]	[Recv]	su 2 4988518 3 5024194 0 2 11 4720 0 0 1 100 0 1 0 110907 110907

[15:50:32]	[Recv]	sayi 1 2073308 20 22 3 948 0 0 0

[15:50:32]	[Recv]	bf 1 2073308 0.948.0 99

[15:50:32]	[Send]	u_s 1 3 5024343
[15:50:32]	[Send]	ptctl 5443 1 4988592 50 57 4988592 15
[15:50:32]	[Recv]	st 3 5024343 99 0 100 100 126282 2828 126282 2828 0

[15:50:32]	[Recv]	ct 3 5024345 1 2073308 -1 -1 767

[15:50:32]	[Recv]	in 3 804 5024413 55 50 2 100 100 0 0 0 -1 0 0 -1 - 0 -1 0 0 0 0 0 0 0 0 0 0 0 0

[15:50:32]	[Recv]	su 3 5024345 3 5024345 767 100 11 7287 0 0 1 100 0 -1 0 126282 126282

[15:50:32]	[Recv]	eff 2 5022311 7739

[15:50:32]	[Recv]	cond 1 2073308 0 0 21

[15:50:32]	[Recv]	cond 1 2073308 0 0 21

[15:50:32]	[Recv]	ms_c 0

[15:50:32]	[Recv]	qslot 0 1.1.1 1.1.2 1.1.3 1.1.4 1.1.5 1.1.6 1.1.7 1.1.9 1.1.8 1.1.10 0.1.45 0.2.21 0.1.76 1.1.38 1.3.12 0.1.34 0.1.87 0.-1.-1 0.1.84 0.1.43 1.3.11 1.1.42 1.1.41 1.3.976 0.-1.-1 0.1.70 0.2.143 0.2.25 0.2.27 0.2.26

[15:50:32]	[Recv]	qslot 1 0.-1.-1 0.-1.-1 0.-1.-1 0.-1.-1 0.-1.-1 0.-1.-1 0.-1.-1 0.-1.-1 0.-1.-1 0.-1.-1 0.1.-1 0.1.-1 1.1.41 1.1.42 0.-1.-1 7.7.-1 7.7.-1 7.7.-1 7.7.-1 0.-1.-1 0.-1.-1 0.-1.-1 0.-1.-1 0.-1.-1 0.-1.-1 0.-1.-1 0.-1.-1 0.-1.-1 0.-1.-1 0.-1.-1

[15:50:32]	[Recv]	eff 3 5024332 4799

[15:50:32]	[Recv]	ct 3 5024192 2 5022311 -1 -1 0

[15:50:32]	[Recv]	su 3 5024192 2 5022311 0 10 11 4789 0 0 1 98 553 0 0 91203 92286

[15:50:32]	[Recv]	ct 3 5023670 2 5022309 -1 -1 0

[15:50:32]	[Recv]	su 3 5023670 2 5022309 0 10 11 4789 0 0 1 98 503 0 0 90793 92286

[15:50:32]	[Recv]	ct 2 4988472 3 5024188 -1 -1 0

[15:50:32]	[Recv]	su 2 4988472 3 5024188 0 9 11 1006 0 0 1 100 0 1 0 13880 13880

[15:50:32]	[Recv]	ct 1 2073308 3 5024343 14 4263 1115

[15:50:32]	[Recv]	cond 2 4988592 0 0 15

[15:50:32]	[Send]	ptctl 5443 1 4988603 53 61 4988603 15
[15:50:32]	[Recv]	sc_p 63 478 4988518 60 2979 0 0 0 639 803 452 17 150 0 295 341 336 341 287 2 24 36 49 27 21388 21388 3531 3531 0 1371320 0 @ 0 11 2 20 1811 1818 0 500

[15:50:32]	[Recv]	sc_p 68 668 4988542 52 2977 0 0 0 952 1077 502 6 120 0 329 286 343 286 322 0 37 37 37 37 16600 16600 5077 5077 0 678201 0 @ 0 9 3 30 1826 1818 0 1080

[15:50:32]	[Recv]	sc_p 69 754 4988552 53 2976 0 0 0 542 634 617 9 165 0 263 301 280 301 250 2 38 38 38 38 41888 41888 3307 3307 0 733605 0 @ 0 10 2 20 1825 1797 0 500

[15:50:32]	[Recv]	eff 2 5022310 7739

[15:50:32]	[Recv]	eff 2 5022309 7739

[15:50:32]	[Recv]	rc 1 2073308 200 0

[15:50:32]	[Recv]	su 1 2073308 3 5024343 1115 70 12 4264 0 0 1 25 94055 3 0 32227 126282

[15:50:32]	[Recv]	su 1 2073308 3 5024413 1115 70 12 4264 0 0 0 0 119551 6 0 0 5170

[15:50:32]	[Recv]	lev 99 0 99 0 2140719000 5991794 66993052 2 0 90 917705181 0

[15:50:32]	[Recv]	eff 1 2073308 15

[15:50:32]	[Recv]	su 1 2073308 3 5024345 1115 70 12 4264 0 0 0 0 239162 6 0 0 126282

[15:50:32]	[Recv]	lev 99 0 99 0 2140719000 5991794 66993052 2 0 90 917705181 0

[15:50:32]	[Recv]	su 1 2073308 3 5024342 1115 70 12 4264 0 0 1 71 31073 5 0 79834 110907

[15:50:32]	[Recv]	su 1 2073308 3 5024342 -1 0 -1 7922 -1 -1 1 52 21751 0 1

[15:50:32]	[Recv]	bf 1 2073308 0.948.80 99

[15:50:32]	[Recv]	sayi 1 2073308 20 26 3 948 0 0 0

[15:50:32]	[Recv]	mslot 1127 -1

[15:50:32]	[Recv]	qset 0 0 1.1.13.0

[15:50:32]	[Recv]	cond 2 4988603 0 0 15

[15:50:32]	[Send]	u_s 13 3 5024343
[15:50:32]	[Recv]	ct 2 4988518 3 5024194 -1 -1 0

[15:50:32]	[Recv]	su 2 4988518 3 5024194 0 9 11 4720 0 0 1 100 0 1 0 110907 110907

[15:50:32]	[Recv]	ms_c 0

[15:50:32]	[Recv]	qslot 0 1.1.1 1.1.2 1.1.3 1.1.4 1.1.5 1.1.6 1.1.7 1.1.9 1.1.8 1.1.10 0.1.45 0.2.21 0.1.76 1.1.38 1.3.12 0.1.34 0.1.87 0.-1.-1 0.1.84 0.1.43 1.3.11 1.1.42 1.1.41 1.3.976 0.-1.-1 0.1.70 0.2.143 0.2.25 0.2.27 0.2.26

[15:50:32]	[Recv]	qslot 1 0.-1.-1 0.-1.-1 0.-1.-1 0.-1.-1 0.-1.-1 0.-1.-1 0.-1.-1 0.-1.-1 0.-1.-1 0.-1.-1 0.1.-1 0.1.-1 1.1.41 1.1.42 0.-1.-1 7.7.-1 7.7.-1 7.7.-1 7.7.-1 0.-1.-1 0.-1.-1 0.-1.-1 0.-1.-1 0.-1.-1 0.-1.-1 0.-1.-1 0.-1.-1 0.-1.-1 0.-1.-1 0.-1.-1

[15:50:33]	[Send]	ncif 3 5024343
[15:50:33]	[Recv]	eff 3 5024413 3617

[15:50:33]	[Recv]	ct 1 2073308 3 5024343 -1 -1 1127

[15:50:33]	[Recv]	eff 1 2073308 15

[15:50:33]	[Recv]	rc 1 2073308 200 0

[15:50:33]	[Recv]	su 1 2073308 3 5024343 1127 100 22 4284 0 0 0 0 257400 3 0 0 126282

[15:50:33]	[Recv]	lev 99 0 99 0 2140719000 5991794 66993052 2 0 90 917705181 0

[15:50:33]	[Recv]	bf 3 5024409 0.4110.80 99

[15:50:33]	[Recv]	eff 3 5024409 0

[15:50:33]	[Recv]	eff 1 2073308 15

[15:50:33]	[Recv]	su 1 2073308 3 5024409 1127 100 22 4284 0 0 0 0 317907 6 0 0 5170

[15:50:33]	[Recv]	lev 99 0 99 0 2140719000 5991794 66993052 2 0 90 917705181 0

[15:50:33]	[Recv]	su 1 2073308 3 5024342 1127 100 22 4284 0 0 1 21 33840 5 0 24243 110907

[15:50:33]	[Recv]	sr 13

[15:50:33]	[Recv]	eff 1 2073308 4013

[15:50:33]	[Send]	ptctl 5443 1 4988592 54 53 4988592 15
[15:50:33]	[Recv]	st 2 5022311 95 0 98 100 91203 184572 92286 184572 0

[15:50:33]	[Send]	u_s 13 3 5024343
[15:50:33]	[Send]	suctl 5443 1 4988603 3 5024343
[15:50:33]	[Recv]	cond 2 4988592 0 0 15

[15:50:33]	[Send]	ptctl 5443 1 4988592 54 54 4988592 15
[15:50:33]	[Recv]	eff 3 5024409 3617

[15:50:33]	[Recv]	cancel 0 13 -1

[15:50:33]	[Send]	u_s 0 3 5024343
[15:50:33]	[Send]	pulse 6960 0
[15:50:33]	[Send]	ncif 3 5024409
[15:50:33]	[Recv]	umi 5060.339 5676.-1 5797.-1 13459.-2

[15:50:33]	[Recv]	ct 3 5024342 2 4988592 -1 -1 0

[15:50:33]	[Recv]	su 3 5024342 2 4988592 0 10 11 4789 0 0 1 76 51 0 0 44129 57771

[15:50:33]	[Recv]	ct 3 5024179 2 5022311 -1 -1 0

[15:50:33]	[Recv]	su 3 5024179 2 5022311 0 10 11 4789 0 0 1 99 526 0 0 91599 92286

[15:50:33]	[Recv]	ct 2 4988552 3 5024190 -1 -1 0

[15:50:33]	[Recv]	su 2 4988552 3 5024190 0 11 11 1047 0 0 1 95 2456 0 0 106020 110907

[15:50:33]	[Recv]	st 2 5022310 95 0 89 100 82549 184572 92286 184572 0

[15:50:33]	[Recv]	st 2 5022309 95 0 98 100 90793 184572 92286 184572 0

[15:50:33]	[Recv]	cond 2 4988592 0 0 15

[15:50:33]	[Send]	ptctl 5443 1 4988592 53 55 4988592 15
[15:50:33]	[Send]	ptctl 5443 2 4988603 48 61 4988592 48 55 4988603 15
[15:50:33]	[Recv]	eff 1 2073308 869

[15:50:33]	[Recv]	cancel 0 0 -1

[15:50:33]	[Send]	ptctl 5443 2 4988603 46 61 4988592 47 55 4988603 15
[15:50:34]	[Recv]	ct 3 5024190 2 4988552 -1 -1 0

[15:50:34]	[Recv]	su 3 5024190 2 4988552 0 10 11 4789 0 0 1 100 0 1 0 41888 41888

[15:50:34]	[Recv]	cond 2 4988592 0 0 15

[15:50:34]	[Recv]	cond 2 4988603 0 0 15

[15:50:34]	[Recv]	cond 2 4988592 0 0 15

[15:50:34]	[Send]	ptctl 5443 2 4988603 45 61 4988592 45 55 4988603 15
[15:50:34]	[Recv]	ct 3 5024194 2 4988518 -1 -1 0

[15:50:34]	[Recv]	su 3 5024194 2 4988518 0 10 11 4789 0 0 1 92 1643 0 0 19745 21388

[15:50:34]	[Recv]	ct 3 5024188 1 2073308 -1 -1 0

[15:50:34]	[Recv]	su 3 5024188 1 2073308 0 10 11 7200 0 0 1 99 0 4 0 95352 96297

[15:50:34]	[Recv]	ct 3 5024185 2 5022309 -1 -1 0

[15:50:34]	[Recv]	su 3 5024185 2 5022309 0 10 11 4789 0 0 1 98 588 0 0 91127 92286

[15:50:34]	[Recv]	cond 1 2073308 0 0 21

[15:50:34]	[Recv]	cond 1 2073308 0 0 21

[15:50:34]	[Recv]	cond 2 4988603 0 0 15

[15:50:34]	[Recv]	cond 2 4988592 0 0 15

[15:50:34]	[Recv]	ct 3 5023661 2 4988603 -1 -1 0

[15:50:34]	[Recv]	su 3 5023661 2 4988603 0 10 11 4789 0 0 1 55 114 0 0 10814 19451

[15:50:34]	[Recv]	cond 1 2073308 0 0 21

[15:50:34]	[Recv]	cond 1 2073308 0 0 21

[15:50:34]	[Recv]	cond 2 4988603 0 0 15

[15:50:34]	[Recv]	cond 2 4988592 0 0 15

[15:50:34]	[Recv]	ct 3 5024193 2 4988592 -1 -1 0

[15:50:34]	[Recv]	su 3 5024193 2 4988592 0 10 11 4789 0 0 1 76 51 3 0 44078 57771

[15:50:34]	[Recv]	ct 3 5024192 2 5022311 -1 -1 0

[15:50:34]	[Recv]	su 3 5024192 2 5022311 0 10 11 4789 0 0 1 98 531 0 0 91068 92286

[15:50:34]	[Recv]	ct 3 5024183 2 5022311 -1 -1 0

[15:50:34]	[Recv]	su 3 5024183 2 5022311 0 10 11 4789 0 0 1 98 556 0 0 90512 92286

[15:50:34]	[Recv]	ct 3 5023670 2 5022309 -1 -1 0

[15:50:34]	[Recv]	su 3 5023670 2 5022309 0 10 11 4789 0 0 1 98 503 0 0 90624 92286

[15:50:34]	[Send]	ptctl 5443 2 4988603 42 61 4988592 43 55 4988603 15
[15:50:34]	[Recv]	cond 1 2073308 0 0 21

[15:50:34]	[Recv]	cond 1 2073308 0 0 21

[15:50:34]	[Recv]	ct 3 5024187 2 4988592 -1 -1 0

[15:50:34]	[Recv]	su 3 5024187 2 4988592 0 10 11 4789 0 0 1 75 254 0 0 43824 57771

[15:50:34]	[Recv]	ct 2 4988518 3 5024194 10 -1 509

[15:50:34]	[Recv]	cond 2 4988603 0 0 15

[15:50:34]	[Recv]	cond 2 4988592 0 0 15

[15:50:35]	[Recv]	ct 3 5023663 2 4988603 -1 -1 0

[15:50:35]	[Recv]	su 3 5023663 2 4988603 0 10 11 4789 0 0 1 55 114 0 0 10700 19451

[15:50:35]	[Recv]	su 2 4988518 3 5024194 509 10 12 4721 0 0 1 97 2754 0 0 108153 110907

[15:50:35]	[Recv]	su 2 4988518 3 5024190 509 10 12 4721 0 0 1 93 2754 5 0 103266 110907

[15:50:35]	[Recv]	su 2 4988518 3 5024188 509 10 12 4721 0 0 1 74 3597 5 0 10283 13880

[15:50:35]	[Recv]	ct 2 4988542 3 5024193 -1 -1 0

[15:50:35]	[Recv]	su 2 4988542 3 5024193 0 2 11 4755 0 0 1 78 1956 0 0 86863 110907

[15:50:35]	[Recv]	st 2 5022311 95 0 98 100 90512 184572 92286 184572 0

[15:50:35]	[Send]	ncif 3 5024329
[15:50:35]	[Send]	ptctl 5443 1 4988603 37 61 4988603 15
[15:50:35]	[Recv]	st 3 5024329 99 0 100 100 116032 2828 116032 2828 0

[15:50:35]	[Send]	ptctl 5443 1 4988592 37 56 4988592 15
[15:50:35]	[Recv]	cond 2 4988603 0 0 15

[15:50:35]	[Recv]	sp 413958 1000000 0 10000

[15:50:35]	[Recv]	st 2 5022310 95 0 90 100 83471 184572 92286 184572 0

[15:50:35]	[Recv]	st 2 5022309 95 0 98 100 90624 184572 92286 184572 0

[15:50:35]	[Recv]	cond 2 4988592 0 0 15

[15:50:35]	[Recv]	cond 1 2073308 0 0 21

[15:50:35]	[Recv]	cond 1 2073308 0 0 21

[15:50:35]	[Recv]	ct 3 5024179 2 5022311 -1 -1 0

[15:50:35]	[Recv]	su 3 5024179 2 5022311 0 10 11 4789 0 0 1 98 526 0 0 90908 92286

[15:50:35]	[Send]	mtlist 0 
[15:50:35]	[Send]	u_s 10 3 5024329
[15:50:35]	[Send]	ptctl 5443 1 4988592 35 56 4988592 15
[15:50:36]	[Recv]	ct 3 5024328 2 4988592 -1 -1 767

[15:50:36]	[Recv]	in 3 804 5024431 32 54 2 100 100 0 0 0 -1 0 0 -1 - 0 -1 0 0 0 0 0 0 0 0 0 0 0 0

[15:50:36]	[Recv]	su 3 5024328 3 5024328 767 100 11 7287 0 0 1 100 0 -1 0 126282 126282

[15:50:36]	[Recv]	sc_p 62 181 4988472 55 2975 0 0 0 578 754 422 6 160 0 257 301 261 301 250 3 19 14 34 -6 12013 12013 3369 3369 0 850664 0 @ 0 12 2 20 1811 1825 0 500

[15:50:36]	[Recv]	ct 2 4988552 3 5024190 -1 -1 0

[15:50:36]	[Recv]	su 2 4988552 3 5024190 0 11 11 1047 0 0 1 93 0 1 0 103266 110907

[15:50:36]	[Recv]	cond 1 2073308 0 0 21

[15:50:36]	[Recv]	cond 1 2073308 0 0 21

[15:50:36]	[Recv]	cond 1 2073308 0 0 19

[15:50:36]	[Recv]	sayi 1 2073308 20 22 3 568 0 0 0

[15:50:36]	[Recv]	bf 1 2073308 0.568.0 99

[15:50:36]	[Recv]	ct 3 5024190 2 4988518 -1 -1 0

[15:50:36]	[Recv]	su 3 5024190 2 4988518 0 10 11 4789 0 0 1 85 1432 0 0 18313 21388

[15:50:36]	[Recv]	sc_p 170 1548 4988592 96 550 24143650 0 0 1889 2049 1289 19 90 9 975 627 958 627 866 3 90 90 110 80 43824 57771 18100 18100 1 84982200 0 @ 0 0 6 60 1831 1798 0 100

[15:50:36]	[Recv]	ms_c 0

[15:50:36]	[Recv]	qslot 0 1.1.1 1.1.2 1.1.3 1.1.4 1.1.5 1.1.6 1.1.7 1.1.9 1.1.8 1.1.10 0.1.45 0.2.21 0.1.76 1.1.38 1.3.12 0.1.34 0.1.87 0.-1.-1 0.1.84 0.1.43 1.3.11 1.1.42 1.1.41 1.3.976 0.-1.-1 0.1.70 0.2.143 0.2.25 0.2.27 0.2.26

[15:50:36]	[Recv]	qslot 1 0.-1.-1 0.-1.-1 0.-1.-1 0.-1.-1 0.-1.-1 0.-1.-1 0.-1.-1 0.-1.-1 0.-1.-1 0.-1.-1 0.1.-1 0.1.-1 1.1.41 1.1.42 0.-1.-1 7.7.-1 7.7.-1 7.7.-1 7.7.-1 0.-1.-1 0.-1.-1 0.-1.-1 0.-1.-1 0.-1.-1 0.-1.-1 0.-1.-1 0.-1.-1 0.-1.-1 0.-1.-1 0.-1.-1

[15:50:36]	[Send]	ptctl 5443 1 4988592 33 56 4988592 15
[15:50:36]	[Send]	ncif 3 5024329
[15:50:36]	[Recv]	ct 1 2073308 3 5024329 21 4267 1124

[15:50:36]	[Recv]	cond 2 4988592 0 0 15

[15:50:36]	[Send]	ptctl 5443 1 4988603 32 61 4988603 15
[15:50:36]	[Recv]	ct 3 5024194 2 4988518 -1 -1 0

[15:50:36]	[Recv]	su 3 5024194 2 4988518 0 10 11 4789 0 0 1 78 1642 0 0 16671 21388

[15:50:36]	[Recv]	ct 3 5024185 2 5022309 -1 -1 0

[15:50:36]	[Recv]	su 3 5024185 2 5022309 0 10 11 4789 0 0 1 98 500 0 0 91046 92286

[15:50:36]	[Recv]	cond 2 4988592 0 0 15

[15:50:36]	[Recv]	st 3 5024329 99 0 100 100 116032 2828 116032 2828 0

[15:50:36]	[Recv]	cond 2 4988603 0 0 15

[15:50:36]	[Recv]	ct 3 5024329 2 5022309 -1 -1 0

[15:50:36]	[Recv]	su 3 5024329 2 5022309 0 15 11 4806 0 0 1 97 841 3 0 90205 92286

[15:50:36]	[Recv]	ct 3 5024327 2 4988592 -1 -1 0

[15:50:36]	[Recv]	su 3 5024327 2 4988592 0 10 11 4789 0 0 1 75 243 0 0 43581 57771

[15:50:36]	[Recv]	ct 3 5024193 2 4988542 -1 -1 0

[15:50:36]	[Recv]	su 3 5024193 2 4988542 0 10 11 4789 0 0 1 91 1343 0 0 15257 16600

[15:50:36]	[Recv]	ct 3 5024192 2 5022311 -1 -1 0

[15:50:36]	[Recv]	su 3 5024192 2 5022311 0 10 11 4789 0 0 1 98 541 0 0 90367 92286

[15:50:36]	[Recv]	ct 3 5024183 2 5022311 -1 -1 0

[15:50:36]	[Recv]	su 3 5024183 2 5022311 0 10 11 4789 0 0 1 97 503 0 0 89864 92286

[15:50:36]	[Recv]	ct 3 5023670 2 5022309 -1 -1 0

[15:50:36]	[Recv]	su 3 5023670 2 5022309 0 10 11 4789 0 0 1 97 503 0 0 89702 92286

[15:50:36]	[Recv]	ct 2 4988542 3 5024193 -1 -1 0

[15:50:36]	[Recv]	su 2 4988542 3 5024193 0 10 11 4755 0 0 1 78 0 1 0 86863 110907

[15:50:37]	[Recv]	eff 3 5024337 4799

[15:50:37]	[Recv]	ct 3 5024188 1 2073308 -1 -1 0

[15:50:37]	[Recv]	su 3 5024188 1 2073308 0 10 11 7200 0 0 1 99 0 4 0 95352 96297

[15:50:37]	[Recv]	ct 2 4988518 3 5024194 -1 -1 0

[15:50:37]	[Recv]	su 2 4988518 3 5024194 0 9 11 4720 0 0 1 97 0 1 0 108153 110907

[15:50:37]	[Send]	ptctl 5443 2 4988603 30 61 4988592 28 56 4988603 15
[15:50:37]	[Recv]	ct 3 5024328 2 4988592 -1 -1 0

[15:50:37]	[Recv]	su 3 5024328 2 4988592 0 5 11 1061 0 0 1 75 199 0 0 43382 57771

[15:50:37]	[Recv]	ct 2 4988472 3 5024188 -1 -1 0

[15:50:37]	[Recv]	su 2 4988472 3 5024188 0 9 11 1006 0 0 1 74 0 1 0 10283 13880

[15:50:37]	[Recv]	st 2 5022311 95 0 97 100 89864 184572 92286 184572 0

[15:50:37]	[Recv]	eff 2 5022311 7739

[15:50:37]	[Recv]	eff 1 2073308 15

[15:50:37]	[Recv]	rc 1 2073308 200 0

[15:50:37]	[Recv]	su 1 2073308 3 5024329 1124 500 42 4261 0 0 1 22 89815 0 0 26217 116032

[15:50:37]	[Recv]	in 3 2371 5024432 39 64 2 100 100 0 0 0 -1 0 0 -1 - 0 -1 0 0 0 0 0 0 0 0 0 0 0 0

[15:50:37]	[Recv]	guri 31 1 2073308 39 64

[15:50:37]	[Recv]	bf 3 5024329 0.571.20 99

[15:50:37]	[Recv]	bf 3 5024329 0.575.60 99

[15:50:37]	[Recv]	cond 1 2073308 0 0 19

[15:50:37]	[Recv]	bf 1 2073308 0.4254.80 99

[15:50:37]	[Recv]	sayi 1 2073308 20 26 3 4254 0 0 0

[15:50:37]	[Recv]	sr 10

[15:50:37]	[Recv]	eff 1 2073308 4013

[15:50:37]	[Recv]	sayi 1 2073308 20 23 3 4254 0 0 0

[15:50:37]	[Send]	ncif 3 5024329
[15:50:37]	[Recv]	cond 2 4988603 0 0 15

[15:50:37]	[Recv]	cond 2 4988592 0 0 15

[15:50:37]	[Send]	suctl 5443 1 4988603 3 5024329
[15:50:37]	[Recv]	ct 3 5024341 2 5022311 -1 -1 0

[15:50:37]	[Recv]	su 3 5024341 2 5022311 0 10 11 4789 0 0 1 97 580 0 0 90206 92286

[15:50:37]	[Recv]	eff 3 5024332 4799

[15:50:37]	[Recv]	ct 3 5024331 2 4988592 -1 -1 0

[15:50:37]	[Recv]	su 3 5024331 2 4988592 0 10 11 4789 0 0 1 74 255 0 0 43127 57771

[15:50:37]	[Recv]	st 3 5024329 99 0 22 100 26217 2828 116032 2828 0 575.99 571.99

[15:50:37]	[Recv]	eff 2 4988603 5005

[15:50:37]	[Recv]	st 2 5022310 95 0 91 100 84393 184572 92286 184572 0

[15:50:37]	[Recv]	eff 2 5022310 7739

[15:50:37]	[Recv]	st 2 5022309 95 0 97 100 89702 184572 92286 184572 0

[15:50:37]	[Recv]	eff 2 5022309 7739

[15:50:37]	[Recv]	guri 31 1 2073308 39 64

[15:50:37]	[Recv]	su 3 5024432 3 5024329 -1 0 -1 4261 -1 -1 1 1 44907 0 0

[15:50:37]	[Recv]	die 3 5024432 3 5024432

[15:50:37]	[Recv]	ct 2 4988603 3 5024329 -1 -1 0

[15:50:37]	[Recv]	eff 2 4988603 15

[15:50:37]	[Recv]	su 2 4988603 3 5024329 0 12 11 8360 0 0 0 0 16249 0 0 0 116032

[15:50:37]	[Recv]	lev 99 0 99 0 2140719000 5991794 66993052 2 0 90 917705181 0

[15:50:37]	[Send]	ncif 3 5024330
[15:50:37]	[Send]	ptctl 5443 1 4988592 33 56 4988592 15
[15:50:38]	[Recv]	st 3 5024330 99 0 100 100 126282 2828 126282 2828 0

[15:50:38]	[Recv]	ct 3 5024179 2 5022311 -1 -1 0

[15:50:38]	[Recv]	su 3 5024179 2 5022311 0 10 11 4789 0 0 1 97 511 0 0 89695 92286

[15:50:38]	[Recv]	cond 2 4988592 0 0 15

[15:50:38]	[Send]	ptctl 5443 1 4988592 34 56 4988592 15
[15:50:38]	[Recv]	cond 2 4988592 0 0 15

[15:50:38]	[Send]	u_s 8 3 5024330
[15:50:38]	[Recv]	ms_c 0

[15:50:38]	[Recv]	qslot 0 1.1.1 1.1.2 1.1.3 1.1.4 1.1.5 1.1.6 1.1.7 1.1.9 1.1.8 1.1.10 0.1.45 0.2.21 0.1.76 1.1.38 1.3.12 0.1.34 0.1.87 0.-1.-1 0.1.84 0.1.43 1.3.11 1.1.42 1.1.41 1.3.976 0.-1.-1 0.1.70 0.2.143 0.2.25 0.2.27 0.2.26

[15:50:38]	[Recv]	qslot 1 0.-1.-1 0.-1.-1 0.-1.-1 0.-1.-1 0.-1.-1 0.-1.-1 0.-1.-1 0.-1.-1 0.-1.-1 0.-1.-1 0.1.-1 0.1.-1 1.1.41 1.1.42 0.-1.-1 7.7.-1 7.7.-1 7.7.-1 7.7.-1 0.-1.-1 0.-1.-1 0.-1.-1 0.-1.-1 0.-1.-1 0.-1.-1 0.-1.-1 0.-1.-1 0.-1.-1 0.-1.-1 0.-1.-1

[15:50:38]	[Recv]	ct 1 2073308 3 5024330 -1 -1 1122

[15:50:38]	[Recv]	ct 3 5024328 2 4988592 -1 -1 0

[15:50:38]	[Recv]	su 3 5024328 2 4988592 0 5 11 1061 0 0 1 74 198 0 0 42929 57771

[15:50:38]	[Recv]	ct 3 5024190 2 4988518 -1 -1 0

[15:50:38]	[Recv]	su 3 5024190 2 4988518 0 10 11 4789 0 0 1 70 1607 3 0 15064 21388

[15:50:38]	[Recv]	ct 2 4988552 3 5024190 -1 -1 0

[15:50:38]	[Recv]	su 2 4988552 3 5024190 0 11 11 1047 0 0 1 90 2420 0 0 100846 110907

[15:50:38]	[Recv]	eff 1 2073308 15

[15:50:38]	[Recv]	rc 1 2073308 200 0

[15:50:38]	[Recv]	su 1 2073308 3 5024330 1122 150 41 4268 0 0 1 28 90894 0 0 35388 126282

[15:50:38]	[Recv]	bf 3 5024330 0.574.80 99

[15:50:38]	[Recv]	mslot 1125 -1

[15:50:38]	[Recv]	qset 0 8 1.1.11.0

[15:50:38]	[Recv]	sr 8

[15:50:38]	[Recv]	eff 1 2073308 4013

[15:50:38]	[Send]	mtlist 0 
[15:50:38]	[Send]	u_s 11 3 5024330
[15:50:38]	[Send]	ncif 3 5024330
[15:50:38]	[Recv]	ct 3 5024194 2 4988518 -1 -1 0

[15:50:38]	[Recv]	su 3 5024194 2 4988518 0 10 11 4789 0 0 1 62 1700 3 0 13364 21388

[15:50:38]	[Recv]	ct 3 5024185 2 5022309 -1 -1 0

[15:50:38]	[Recv]	su 3 5024185 2 5022309 0 10 11 4789 0 0 1 97 524 0 0 90100 92286

[15:50:38]	[Send]	suctl 5443 1 4988603 3 5024330
[15:50:38]	[Recv]	eff 1 2073308 869

[15:50:38]	[Recv]	ms_c 0

[15:50:38]	[Recv]	qslot 0 1.1.1 1.1.2 1.1.3 1.1.4 1.1.5 1.1.6 1.1.7 1.1.9 1.1.8 1.1.10 0.1.45 0.2.21 0.1.76 1.1.38 1.3.12 0.1.34 0.1.87 0.-1.-1 0.1.84 0.1.43 1.3.11 1.1.42 1.1.41 1.3.976 0.-1.-1 0.1.70 0.2.143 0.2.25 0.2.27 0.2.26

[15:50:38]	[Recv]	qslot 1 0.-1.-1 0.-1.-1 0.-1.-1 0.-1.-1 0.-1.-1 0.-1.-1 0.-1.-1 0.-1.-1 0.-1.-1 0.-1.-1 0.1.-1 0.1.-1 1.1.41 1.1.42 0.-1.-1 7.7.-1 7.7.-1 7.7.-1 7.7.-1 0.-1.-1 0.-1.-1 0.-1.-1 0.-1.-1 0.-1.-1 0.-1.-1 0.-1.-1 0.-1.-1 0.-1.-1 0.-1.-1 0.-1.-1

[15:50:38]	[Recv]	ct 3 5024330 2 4988592 -1 -1 767

[15:50:38]	[Recv]	ct 1 2073308 3 5024330 -1 -1 1125

[15:50:38]	[Recv]	cond 1 2073308 0 0 22

[15:50:38]	[Recv]	bf 1 2073308 0.576.20 99

[15:50:38]	[Recv]	sayi 1 2073308 20 26 3 576 0 0 0

[15:50:38]	[Recv]	rc 1 2073308 200 0

[15:50:38]	[Recv]	su 1 2073308 3 5024330 1125 3 22 4272 0 0 0 0 97645 3 0 0 126282

[15:50:38]	[Recv]	lev 99 0 99 0 2140719000 5991794 66993052 2 0 90 917705181 0

[15:50:38]	[Recv]	mslot 1126 -1

[15:50:38]	[Recv]	qset 0 8 1.1.12.0

[15:50:39]	[Recv]	ct 3 5024193 2 4988542 -1 -1 0

[15:50:39]	[Recv]	su 3 5024193 2 4988542 0 10 11 4789 0 0 1 83 1314 0 0 13943 16600

[15:50:39]	[Recv]	ct 3 5024192 2 5022311 -1 -1 0

[15:50:39]	[Recv]	su 3 5024192 2 5022311 0 10 11 4789 0 0 1 96 500 0 0 89195 92286

[15:50:39]	[Recv]	ct 3 5024183 2 5022311 -1 -1 0

[15:50:39]	[Recv]	su 3 5024183 2 5022311 0 10 11 4789 0 0 1 96 502 0 0 88693 92286

[15:50:39]	[Recv]	ct 3 5023670 2 5022309 -1 -1 0

[15:50:39]	[Recv]	su 3 5023670 2 5022309 0 10 11 4789 0 0 1 97 500 0 0 89600 92286

[15:50:39]	[Recv]	ct 2 4988518 3 5024190 -1 -1 0

[15:50:39]	[Recv]	su 2 4988518 3 5024190 0 9 11 4720 0 0 1 90 0 1 0 100846 110907

[15:50:39]	[Recv]	ct 2 4988542 3 5024193 -1 -1 0

[15:50:39]	[Recv]	su 2 4988542 3 5024193 0 10 11 4755 0 0 1 78 0 1 0 86863 110907

[15:50:39]	[Send]	ptctl 5443 1 4988592 34 54 4988592 15
[15:50:39]	[Send]	mtlist 2 3 5024431 2 4988592 
[15:50:39]	[Send]	u_s 12 3 5024328
[15:50:39]	[Recv]	sr 11

[15:50:39]	[Recv]	cond 2 4988592 0 0 15

[15:50:39]	[Send]	ncif 3 5024328
[15:50:39]	[Recv]	ct 3 5024344 2 5022311 -1 -1 0

[15:50:39]	[Recv]	su 3 5024344 2 5022311 0 15 11 4806 0 0 1 95 658 0 0 88035 92286

[15:50:39]	[Recv]	ct 3 5024327 2 4988592 -1 -1 0

[15:50:39]	[Recv]	su 3 5024327 2 4988592 0 10 11 4789 0 0 1 74 52 3 0 42877 57771

[15:50:39]	[Recv]	ct 3 5024188 1 2073308 -1 -1 0

[15:50:39]	[Recv]	su 3 5024188 1 2073308 0 10 11 7200 0 0 1 99 450 0 0 95502 96297

[15:50:39]	[Recv]	ct 2 4988472 3 5024188 -1 -1 0

[15:50:39]	[Recv]	su 2 4988472 3 5024188 0 9 11 1006 0 0 1 39 4808 0 0 5475 13880

[15:50:39]	[Recv]	st 2 5022311 95 0 95 100 88035 184572 92286 184572 0

[15:50:39]	[Recv]	ms_c 0

[15:50:39]	[Recv]	qslot 0 1.1.1 1.1.2 1.1.3 1.1.4 1.1.5 1.1.6 1.1.7 1.1.9 1.1.8 1.1.10 0.1.45 0.2.21 0.1.76 1.1.38 1.3.12 0.1.34 0.1.87 0.-1.-1 0.1.84 0.1.43 1.3.11 1.1.42 1.1.41 1.3.976 0.-1.-1 0.1.70 0.2.143 0.2.25 0.2.27 0.2.26

[15:50:39]	[Recv]	qslot 1 0.-1.-1 0.-1.-1 0.-1.-1 0.-1.-1 0.-1.-1 0.-1.-1 0.-1.-1 0.-1.-1 0.-1.-1 0.-1.-1 0.1.-1 0.1.-1 1.1.41 1.1.42 0.-1.-1 7.7.-1 7.7.-1 7.7.-1 7.7.-1 0.-1.-1 0.-1.-1 0.-1.-1 0.-1.-1 0.-1.-1 0.-1.-1 0.-1.-1 0.-1.-1 0.-1.-1 0.-1.-1 0.-1.-1

[15:50:39]	[Recv]	ct 1 2073308 3 5024328 -1 -1 1126

[15:50:39]	[Recv]	rc 1 2073308 200 0

[15:50:39]	[Recv]	su 1 2073308 3 5024328 1126 3 26 4273 0 0 1 71 35951 0 0 90331 126282

[15:50:39]	[Recv]	bf 3 5024328 0.574.80 99

[15:50:39]	[Recv]	cond 1 2073308 0 0 23

[15:50:39]	[Recv]	bf 1 2073308 0.567.400 99

[15:50:39]	[Recv]	eff 1 2073308 0

[15:50:39]	[Recv]	sayi 1 2073308 20 26 3 567 0 0 0

[15:50:39]	[Recv]	su 1 2073308 3 5024431 1126 3 26 4273 0 0 0 0 120010 6 0 0 5170

[15:50:39]	[Recv]	lev 99 0 99 0 2140719000 5991794 66993052 2 0 90 917705181 0

[15:50:39]	[Recv]	mslot 1125 -1

[15:50:39]	[Recv]	qset 0 8 1.1.11.0

[15:50:39]	[Recv]	bf 1 2073308 0.4254.80 99

[15:50:39]	[Recv]	sr 12

[15:50:39]	[Recv]	eff 1 2073308 4013

[15:50:39]	[Recv]	st 3 5024328 99 0 71 100 90331 2828 126282 2828 0 574.99

[15:50:39]	[Send]	suctl 5443 1 4988592 3 5024328
[15:50:39]	[Send]	mtlist 2 3 5024431 2 4988592 
[15:50:39]	[Send]	u_s 11 3 5024328
[15:50:39]	[Recv]	ct 3 5024331 2 4988592 -1 -1 0

[15:50:39]	[Recv]	su 3 5024331 2 4988592 0 10 11 4789 0 0 1 74 51 3 0 42826 57771

[15:50:39]	[Recv]	ct 3 5024328 2 4988592 -1 -1 0

[15:50:39]	[Recv]	st 2 5022310 95 0 92 100 85315 184572 92286 184572 0

[15:50:39]	[Recv]	st 2 5022309 95 0 97 100 89600 184572 92286 184572 0

[15:50:39]	[Recv]	sr 1

[15:50:39]	[Recv]	eff 2 4988592 5005

[15:50:39]	[Recv]	eff 3 5024431 3617

[15:50:39]	[Recv]	su 3 5024328 2 4988592 0 5 11 1061 0 0 1 74 39 0 0 42787 57771

[15:50:39]	[Recv]	ms_c 0

[15:50:39]	[Recv]	qslot 0 1.1.1 1.1.2 1.1.3 1.1.4 1.1.5 1.1.6 1.1.7 1.1.9 1.1.8 1.1.10 0.1.45 0.2.21 0.1.76 1.1.38 1.3.12 0.1.34 0.1.87 0.-1.-1 0.1.84 0.1.43 1.3.11 1.1.42 1.1.41 1.3.976 0.-1.-1 0.1.70 0.2.143 0.2.25 0.2.27 0.2.26

[15:50:39]	[Recv]	qslot 1 0.-1.-1 0.-1.-1 0.-1.-1 0.-1.-1 0.-1.-1 0.-1.-1 0.-1.-1 0.-1.-1 0.-1.-1 0.-1.-1 0.1.-1 0.1.-1 1.1.41 1.1.42 0.-1.-1 7.7.-1 7.7.-1 7.7.-1 7.7.-1 0.-1.-1 0.-1.-1 0.-1.-1 0.-1.-1 0.-1.-1 0.-1.-1 0.-1.-1 0.-1.-1 0.-1.-1 0.-1.-1 0.-1.-1

[15:50:40]	[Send]	suctl 5443 1 4988603 3 5024328
[15:50:40]	[Recv]	ct 3 5024336 1 2073308 -1 -1 0

[15:50:40]	[Recv]	su 3 5024336 1 2073308 0 10 11 7200 0 0 1 99 0 4 0 95702 96297

[15:50:40]	[Recv]	ct 2 4988592 3 5024328 -1 -1 0

[15:50:40]	[Recv]	su 2 4988592 3 5024328 0 10 11 0 0 0 1 59 15698 0 0 74633 126282

[15:50:40]	[Recv]	ct 1 2073308 3 5024328 -1 -1 1125

[15:50:40]	[Recv]	bf 1 2073308 0.576.20 99

[15:50:40]	[Recv]	eff 1 2073308 15

[15:50:40]	[Recv]	rc 1 2073308 200 0

[15:50:40]	[Recv]	su 1 2073308 3 5024328 1125 3 22 4272 0 0 0 0 252324 3 0 0 126282

[15:50:40]	[Recv]	in 3 2371 5024439 37 58 2 100 100 0 0 0 -1 0 0 -1 - 0 -1 0 0 0 0 0 0 0 0 0 0 0 0

[15:50:40]	[Recv]	guri 31 1 2073308 37 58

[15:50:40]	[Recv]	lev 99 0 99 0 2140719000 5991794 66993052 2 0 90 917705181 0

[15:50:40]	[Recv]	mslot 1126 -1

[15:50:40]	[Recv]	qset 0 8 1.1.12.0

[15:50:40]	[Recv]	ct 3 5024179 2 5022311 -1 -1 0

[15:50:40]	[Recv]	su 3 5024179 2 5022311 0 10 11 4789 0 0 1 95 504 0 0 88453 92286

[15:50:40]	[Recv]	ct 3 5023661 1 2073308 -1 -1 0

[15:50:40]	[Recv]	su 3 5023661 1 2073308 0 10 11 4789 0 0 1 99 448 0 0 95454 96297

[15:50:40]	[Send]	mtlist 1 2 4988592 
[15:50:40]	[Send]	u_s 12 3 5024328
[15:50:40]	[Recv]	sr 11

[15:50:40]	[Recv]	ct 3 5024341 2 5022311 -1 -1 0

[15:50:40]	[Recv]	su 3 5024341 2 5022311 0 10 11 4789 0 0 1 95 500 0 0 87953 92286

[15:50:40]	[Recv]	cancel 0 12 -1

[15:50:40]	[Send]	mtlist 1 2 4988592 
[15:50:40]	[Send]	u_s 12 3 5024328
[15:50:40]	[Recv]	sp 413948 1000000 0 10000

[15:50:40]	[Recv]	ct 3 5024190 2 4988518 -1 -1 0

[15:50:40]	[Recv]	su 3 5024190 2 4988518 0 10 11 4789 0 0 1 56 1423 0 0 11941 21388

[15:50:40]	[Recv]	ct 3 5024187 1 2073308 -1 -1 0

[15:50:40]	[Recv]	su 3 5024187 1 2073308 0 10 11 4789 0 0 1 99 0 1 0 95454 96297

[15:50:40]	[Recv]	sayi 1 2073308 20 22 3 948 0 0 0

[15:50:40]	[Recv]	bf 1 2073308 0.948.0 99

[15:50:40]	[Recv]	cancel 0 12 -1

[15:50:40]	[Send]	ptctl 5443 2 4988603 25 61 4988592 31 58 4988603 15
[15:50:40]	[Recv]	die 3 5024439 3 5024439

[15:50:40]	[Recv]	ct 3 5024194 2 4988518 -1 -1 0

[15:50:40]	[Recv]	su 3 5024194 2 4988518 0 10 11 4789 0 0 1 48 1531 0 0 10410 21388

[15:50:40]	[Recv]	ct 3 5024185 2 5022309 -1 -1 0

[15:50:40]	[Recv]	su 3 5024185 2 5022309 0 10 11 4789 0 0 1 97 503 0 0 90019 92286

[15:50:40]	[Recv]	ct 3 5023663 1 2073308 -1 -1 0

[15:50:40]	[Recv]	su 3 5023663 1 2073308 0 10 11 4789 0 0 1 99 0 1 0 95454 96297

[15:50:40]	[Recv]	ct 2 4988552 3 5024190 -1 -1 0

[15:50:40]	[Recv]	su 2 4988552 3 5024190 0 11 11 1047 0 0 1 90 0 1 0 100846 110907

[15:50:40]	[Recv]	cond 1 2073308 0 0 23

[15:50:40]	[Recv]	cond 1 2073308 0 0 23

[15:50:40]	[Recv]	cond 2 4988603 0 0 15

[15:50:40]	[Recv]	cond 2 4988592 0 0 15

[15:50:41]	[Recv]	ct 2 4988518 3 5024194 -1 -1 0

[15:50:41]	[Recv]	su 2 4988518 3 5024194 0 9 11 4720 0 0 1 97 0 1 0 108153 110907

[15:50:41]	[Send]	ncif 3 5023670
[15:50:41]	[Send]	mtlist 0 
[15:50:41]	[Send]	u_s 12 3 5023670
[15:50:41]	[Recv]	ct 3 5024193 2 4988542 -1 -1 0

[15:50:41]	[Recv]	su 3 5024193 2 4988542 0 10 11 4789 0 0 1 76 1282 0 0 12661 16600

[15:50:41]	[Recv]	ct 3 5024192 2 5022311 -1 -1 0

[15:50:41]	[Recv]	su 3 5024192 2 5022311 0 10 11 4789 0 0 1 94 593 0 0 87360 92286

[15:50:41]	[Recv]	ct 3 5024183 2 5022311 -1 -1 0

[15:50:41]	[Recv]	su 3 5024183 2 5022311 0 10 11 4789 0 0 1 94 517 0 0 86843 92286

[15:50:41]	[Recv]	ct 3 5023670 2 5022309 -1 -1 0

[15:50:41]	[Recv]	su 3 5023670 2 5022309 0 10 11 4789 0 0 1 97 567 0 0 89452 92286

[15:50:41]	[Recv]	ct 2 4988542 3 5024193 -1 -1 0

[15:50:41]	[Recv]	su 2 4988542 3 5024193 0 10 11 4755 0 0 1 78 0 1 0 86863 110907

[15:50:41]	[Recv]	st 2 5022311 95 0 94 100 86843 184572 92286 184572 0

[15:50:41]	[Recv]	st 3 5023670 99 0 62 100 69584 2828 110907 2828 0

[15:50:41]	[Recv]	cond 1 2073308 0 0 23

[15:50:41]	[Recv]	cond 1 2073308 0 0 23

[15:50:41]	[Send]	suctl 5443 1 4988603 3 5023670
[15:50:41]	[Recv]	sr 5

[15:50:41]	[Recv]	ms_c 0

[15:50:41]	[Recv]	qslot 0 1.1.1 1.1.2 1.1.3 1.1.4 1.1.5 1.1.6 1.1.7 1.1.9 1.1.8 1.1.10 0.1.45 0.2.21 0.1.76 1.1.38 1.3.12 0.1.34 0.1.87 0.-1.-1 0.1.84 0.1.43 1.3.11 1.1.42 1.1.41 1.3.976 0.-1.-1 0.1.70 0.2.143 0.2.25 0.2.27 0.2.26

[15:50:41]	[Recv]	qslot 1 0.-1.-1 0.-1.-1 0.-1.-1 0.-1.-1 0.-1.-1 0.-1.-1 0.-1.-1 0.-1.-1 0.-1.-1 0.-1.-1 0.1.-1 0.1.-1 1.1.41 1.1.42 0.-1.-1 7.7.-1 7.7.-1 7.7.-1 7.7.-1 0.-1.-1 0.-1.-1 0.-1.-1 0.-1.-1 0.-1.-1 0.-1.-1 0.-1.-1 0.-1.-1 0.-1.-1 0.-1.-1 0.-1.-1

[15:50:41]	[Send]	ptctl 5443 2 4988603 30 61 4988592 36 58 4988603 15
[15:50:41]	[Recv]	st 2 5022310 95 0 93 100 86237 184572 92286 184572 0

[15:50:41]	[Recv]	st 2 5022309 95 0 97 100 89452 184572 92286 184572 0

[15:50:41]	[Recv]	ct 1 2073308 3 5023670 -1 -1 1126

[15:50:41]	[Recv]	rc 1 2073308 200 0

[15:50:41]	[Recv]	su 1 2073308 3 5023670 1126 3 26 4273 0 0 0 0 82258 3 0 0 110907

[15:50:41]	[Recv]	lev 99 0 99 0 2140719000 5991794 66993052 2 0 90 917705181 0

[15:50:41]	[Recv]	cond 1 2073308 0 0 22

[15:50:41]	[Recv]	bf 1 2073308 0.567.0 99

[15:50:41]	[Recv]	cond 1 2073308 0 0 24

[15:50:41]	[Recv]	bf 1 2073308 0.568.400 99

[15:50:41]	[Recv]	eff 1 2073308 0

[15:50:41]	[Recv]	sayi 1 2073308 20 26 3 568 0 0 0

[15:50:41]	[Recv]	mslot 1125 -1

[15:50:41]	[Recv]	qset 0 8 1.1.11.0

[15:50:41]	[Send]	ptctl 5443 2 4988603 31 61 4988592 37 58 4988603 15
[15:50:41]	[Recv]	cond 2 4988603 0 0 15

[15:50:41]	[Recv]	cond 2 4988592 0 0 15

[15:50:41]	[Recv]	cond 1 2073308 0 0 24

[15:50:41]	[Recv]	cond 1 2073308 0 0 24

[15:50:41]	[Send]	ncif 2 4988552
[15:50:41]	[Recv]	sr 12

[15:50:41]	[Recv]	cond 1 2073308 0 0 21

[15:50:41]	[Recv]	sayi 1 2073308 20 22 3 576 0 0 0

[15:50:41]	[Recv]	bf 1 2073308 0.576.0 99

[15:50:41]	[Recv]	cond 2 4988603 0 0 15

[15:50:41]	[Recv]	cond 2 4988592 0 0 15

[15:50:42]	[Recv]	eff 3 5024337 4799

[15:50:42]	[Recv]	ct 3 5024188 1 2073308 -1 -1 0

[15:50:42]	[Recv]	su 3 5024188 1 2073308 0 10 11 7200 0 0 1 98 450 0 0 95204 96297

[15:50:42]	[Recv]	ct 2 4988472 3 5024188 -1 -1 0

[15:50:42]	[Recv]	su 2 4988472 3 5024188 0 9 11 1006 0 0 1 5 4754 0 0 721 13880

[15:50:42]	[Recv]	st 2 4988552 53 20 100 100 41888 3307 41888 3307 0 1047.53

[15:50:42]	[Send]	u_s 1 2 4988552
[15:50:42]	[Recv]	ct 3 5024336 1 2073308 -1 -1 0

[15:50:42]	[Recv]	su 3 5024336 1 2073308 0 10 11 7200 0 0 1 98 0 4 0 95204 96297

[15:50:42]	[Recv]	eff 2 5022311 7739

[15:50:42]	[Recv]	cond 1 2073308 0 0 21

[15:50:42]	[Recv]	cond 1 2073308 0 0 21

[15:50:42]	[Recv]	ct 3 5024344 2 5022311 -1 -1 0

[15:50:42]	[Recv]	su 3 5024344 2 5022311 0 15 11 4806 0 0 1 94 918 3 0 86847 92286

[15:50:42]	[Recv]	ct 3 5024342 2 4988592 -1 -1 0

[15:50:42]	[Recv]	su 3 5024342 2 4988592 0 10 11 4789 0 0 1 73 243 0 0 42544 57771

[15:50:42]	[Recv]	eff 3 5024332 4799

[15:50:42]	[Recv]	ct 3 5024179 2 5022311 -1 -1 0

[15:50:42]	[Recv]	su 3 5024179 2 5022311 0 10 11 4789 0 0 1 93 590 0 0 86257 92286

[15:50:42]	[Recv]	ct 3 5023661 2 4988592 -1 -1 0

[15:50:42]	[Recv]	su 3 5023661 2 4988592 0 10 11 4789 0 0 1 73 254 3 0 42290 57771

[15:50:42]	[Recv]	ms_c 0

[15:50:42]	[Recv]	qslot 0 1.1.1 1.1.2 1.1.3 1.1.4 1.1.5 1.1.6 1.1.7 1.1.9 1.1.8 1.1.10 0.1.45 0.2.21 0.1.76 1.1.38 1.3.12 0.1.34 0.1.87 0.-1.-1 0.1.84 0.1.43 1.3.11 1.1.42 1.1.41 1.3.976 0.-1.-1 0.1.70 0.2.143 0.2.25 0.2.27 0.2.26

[15:50:42]	[Recv]	qslot 1 0.-1.-1 0.-1.-1 0.-1.-1 0.-1.-1 0.-1.-1 0.-1.-1 0.-1.-1 0.-1.-1 0.-1.-1 0.-1.-1 0.1.-1 0.1.-1 1.1.41 1.1.42 0.-1.-1 7.7.-1 7.7.-1 7.7.-1 7.7.-1 0.-1.-1 0.-1.-1 0.-1.-1 0.-1.-1 0.-1.-1 0.-1.-1 0.-1.-1 0.-1.-1 0.-1.-1 0.-1.-1 0.-1.-1

[15:50:42]	[Recv]	cancel 2 1 -1

[15:50:42]	[Send]	ncif 3 5024193
[15:50:42]	[Send]	ptctl 5443 1 4988592 42 58 4988592 15
[15:50:42]	[Send]	u_s 1 3 5024193
[15:50:42]	[Send]	ptctl 5443 1 4988603 36 61 4988603 15
[15:50:42]	[Recv]	ct 3 5024341 2 5022311 -1 -1 0

[15:50:42]	[Recv]	su 3 5024341 2 5022311 0 10 11 4789 0 0 1 92 532 0 0 85725 92286

[15:50:42]	[Recv]	sc_p 63 478 4988518 60 2978 0 0 0 639 803 452 17 150 0 295 341 336 341 287 2 24 36 49 27 10410 21388 3531 3531 0 1371320 0 @ 0 11 2 20 1811 1818 0 500

[15:50:42]	[Recv]	sc_p 68 668 4988542 52 2976 0 0 0 952 1077 502 6 120 0 329 286 343 286 322 0 37 37 37 37 12661 16600 5077 5077 0 678201 0 @ 0 9 3 30 1826 1818 0 1080

[15:50:42]	[Recv]	sc_p 69 754 4988552 53 2975 0 0 0 542 634 617 9 165 0 263 301 280 301 250 2 38 38 38 38 41888 41888 3307 3307 0 733605 0 @ 0 10 2 20 1825 1797 0 500

[15:50:42]	[Recv]	eff 2 5022310 7739

[15:50:42]	[Recv]	eff 2 5022309 7739

[15:50:42]	[Recv]	st 3 5024193 99 0 78 100 86863 2828 110907 2828 0

[15:50:42]	[Recv]	cond 2 4988592 0 0 15

[15:50:42]	[Recv]	ct 3 5024190 2 4988518 -1 -1 0

[15:50:42]	[Recv]	su 3 5024190 2 4988518 0 10 11 4789 0 0 1 42 1430 0 0 8980 21388

[15:50:42]	[Recv]	ct 3 5024187 1 2073308 -1 -1 0

[15:50:42]	[Recv]	su 3 5024187 1 2073308 0 10 11 4789 0 0 1 98 0 1 0 95204 96297

[15:50:42]	[Recv]	ms_c 0

[15:50:42]	[Recv]	qslot 0 1.1.1 1.1.2 1.1.3 1.1.4 1.1.5 1.1.6 1.1.7 1.1.9 1.1.8 1.1.10 0.1.45 0.2.21 0.1.76 1.1.38 1.3.12 0.1.34 0.1.87 0.-1.-1 0.1.84 0.1.43 1.3.11 1.1.42 1.1.41 1.3.976 0.-1.-1 0.1.70 0.2.143 0.2.25 0.2.27 0.2.26

[15:50:42]	[Recv]	qslot 1 0.-1.-1 0.-1.-1 0.-1.-1 0.-1.-1 0.-1.-1 0.-1.-1 0.-1.-1 0.-1.-1 0.-1.-1 0.-1.-1 0.1.-1 0.1.-1 1.1.41 1.1.42 0.-1.-1 7.7.-1 7.7.-1 7.7.-1 7.7.-1 0.-1.-1 0.-1.-1 0.-1.-1 0.-1.-1 0.-1.-1 0.-1.-1 0.-1.-1 0.-1.-1 0.-1.-1 0.-1.-1 0.-1.-1

[15:50:42]	[Recv]	ct 1 2073308 3 5024193 14 4263 1115

[15:50:42]	[Recv]	cond 2 4988603 0 0 15

[15:50:43]	[Recv]	ct 3 5024331 2 4988603 -1 -1 0

[15:50:43]	[Recv]	su 3 5024331 2 4988603 0 10 11 4789 0 0 1 55 0 1 0 10700 19451

[15:50:43]	[Recv]	ct 3 5024194 2 4988592 -1 -1 0

[15:50:43]	[Recv]	su 3 5024194 2 4988592 0 10 11 4789 0 0 1 72 254 0 0 42036 57771

[15:50:43]	[Recv]	ct 3 5024185 2 5022309 -1 -1 0

[15:50:43]	[Recv]	su 3 5024185 2 5022309 0 10 11 4789 0 0 1 97 564 0 0 89810 92286

[15:50:43]	[Recv]	ct 3 5023663 1 2073308 -1 -1 0

[15:50:43]	[Recv]	su 3 5023663 1 2073308 0 10 11 4789 0 0 1 98 0 1 0 95204 96297

[15:50:43]	[Recv]	ct 2 4988518 3 5024194 -1 -1 0

[15:50:43]	[Recv]	su 2 4988518 3 5024194 0 9 11 4720 0 0 1 94 3058 0 0 105095 110907

[15:50:43]	[Recv]	ct 2 4988552 3 5024190 -1 -1 0

[15:50:43]	[Recv]	su 2 4988552 3 5024190 0 11 11 1047 0 0 1 90 0 1 0 100846 110907

[15:50:43]	[Recv]	st 2 5022311 95 0 92 100 85725 184572 92286 184572 0

[15:50:43]	[Recv]	bf 3 5024193 0.4110.80 99

[15:50:43]	[Recv]	eff 3 5024193 0

[15:50:43]	[Recv]	eff 1 2073308 15

[15:50:43]	[Recv]	rc 1 2073308 200 0

[15:50:43]	[Recv]	su 1 2073308 3 5024193 1115 70 12 4264 0 0 0 0 236586 3 0 0 110907

[15:50:43]	[Recv]	lev 99 0 99 0 2140719000 5991794 66993052 2 0 90 917705181 0

[15:50:43]	[Recv]	ct 3 5024192 2 5022311 -1 -1 0

[15:50:43]	[Recv]	su 3 5024192 2 5022311 0 10 11 4789 0 0 1 93 582 0 0 86065 92286

[15:50:43]	[Recv]	ct 3 5024183 2 5022311 -1 -1 0

[15:50:43]	[Recv]	su 3 5024183 2 5022311 0 10 11 4789 0 0 1 92 504 0 0 85561 92286

[15:50:43]	[Recv]	ct 2 4988542 3 5024193 -1 -1 0

[15:50:43]	[Recv]	su 2 4988542 2 4988542 0 10 11 4755 0 0 1 76 0 2 0 12661 16600

[15:50:43]	[Send]	ptctl 5443 1 4988603 37 61 4988603 15
[15:50:43]	[Send]	suctl 5443 1 4988603 3 5024193
[15:50:43]	[Send]	ptctl 5443 1 4988592 45 58 4988592 15
[15:50:43]	[Recv]	st 2 5022310 95 0 94 100 87159 184572 92286 184572 0

[15:50:43]	[Recv]	st 2 5022309 95 0 97 100 89810 184572 92286 184572 0

[15:50:43]	[Recv]	cond 2 4988603 0 0 15

[15:50:43]	[Send]	ptctl 5443 1 4988592 44 58 4988592 15
[15:50:43]	[Send]	ptctl 5443 2 4988603 42 61 4988592 48 62 4988603 15
[15:50:43]	[Recv]	eff 1 2073308 869

[15:50:43]	[Recv]	cond 2 4988592 0 0 15

[15:50:43]	[Send]	ncif 3 5024179
[15:50:43]	[Recv]	cond 2 4988592 0 0 15

[15:50:44]	[Recv]	ct 2 4988472 3 5024188 -1 -1 0

[15:50:44]	[Recv]	su 2 4988472 3 5024188 0 9 11 1006 0 0 0 0 4693 0 0 0 13880

[15:50:44]	[Recv]	lev 99 0 99 0 2140719000 5991794 66993052 2 0 90 917705181 0

[15:50:44]	[Recv]	cond 1 2073308 0 0 21

[15:50:44]	[Recv]	cond 1 2073308 0 0 21

[15:50:44]	[Recv]	cond 2 4988603 0 0 15

[15:50:44]	[Recv]	cond 2 4988592 0 0 15

[15:50:44]	[Recv]	st 3 5024179 99 0 99 100 110899 2828 110907 2828 0

[15:50:44]	[Send]	u_s 0 3 5024179
[15:50:44]	[Recv]	cond 1 2073308 0 0 21

[15:50:44]	[Recv]	cond 1 2073308 0 0 21

[15:50:44]	[Recv]	ct 1 2073308 3 5024179 -1 -1 1114

[15:50:44]	[Recv]	rc 1 2073308 200 0

[15:50:44]	[Recv]	su 1 2073308 3 5024179 1114 7 11 4260 0 0 1 24 83892 3 0 27007 110907

[15:50:44]	[Recv]	bf 3 5024179 0.4253.100 99

[15:50:44]	[Send]	ptctl 5443 1 4988603 47 61 4988603 15
[15:50:44]	[Recv]	ct 3 5024179 2 5022311 -1 -1 0

[15:50:44]	[Recv]	su 3 5024179 2 5022311 0 10 11 4789 0 0 1 92 602 0 0 84959 92286

[15:50:44]	[Recv]	cond 2 4988603 0 0 15

[15:50:44]	[Send]	ptctl 5443 2 4988592 51 65 4988603 44 61 4988592 15
[15:50:44]	[Send]	suctl 5443 1 4988603 3 5024179
[15:50:44]	[Recv]	ct 3 5024341 2 5022311 -1 -1 0

[15:50:44]	[Recv]	su 3 5024341 2 5022311 0 10 11 4789 0 0 1 91 571 0 0 84388 92286

[15:50:44]	[Recv]	cond 2 4988592 0 0 15

[15:50:44]	[Recv]	cond 2 4988603 0 0 15

[15:50:44]	[Send]	ncif 3 5024179
[15:50:45]	[Recv]	ct 3 5024190 2 4988518 -1 -1 0

[15:50:45]	[Recv]	su 3 5024190 2 4988518 0 10 11 4789 0 0 1 34 1631 0 0 7349 21388

[15:50:45]	[Recv]	ct 2 4988518 3 5024194 -1 -1 0

[15:50:45]	[Recv]	su 2 4988518 3 5024194 0 9 11 4720 0 0 1 91 3119 0 0 101976 110907

[15:50:45]	[Recv]	eff 2 4988603 5005

[15:50:45]	[Send]	ptctl 5443 1 4988592 50 64 4988592 15
[15:50:45]	[Send]	suctl 5443 1 4988592 3 5024179
[15:50:45]	[Recv]	st 3 5024179 99 0 24 100 27007 2828 110907 2828 0 4253.99

[15:50:45]	[Recv]	ct 3 5024336 1 2073308 -1 -1 0

[15:50:45]	[Recv]	su 3 5024336 1 2073308 0 10 11 7200 0 0 1 98 450 3 0 95154 96297

[15:50:45]	[Recv]	ct 3 5024194 2 4988518 -1 -1 0

[15:50:45]	[Recv]	su 3 5024194 2 4988518 0 10 11 4789 0 0 1 28 1368 0 0 5981 21388

[15:50:45]	[Recv]	ct 3 5024187 1 2073308 -1 -1 0

[15:50:45]	[Recv]	su 3 5024187 1 2073308 0 10 11 4789 0 0 1 98 0 1 0 95154 96297

[15:50:45]	[Recv]	ct 3 5024185 2 5022309 -1 -1 0

[15:50:45]	[Recv]	su 3 5024185 2 5022309 0 10 11 4789 0 0 1 97 519 0 0 90213 92286

[15:50:45]	[Recv]	ct 3 5023663 1 2073308 -1 -1 0

[15:50:45]	[Recv]	su 3 5023663 1 2073308 0 10 11 4789 0 0 1 98 449 0 0 94705 96297

[15:50:45]	[Recv]	ct 3 5023661 1 2073308 -1 -1 0

[15:50:45]	[Recv]	su 3 5023661 1 2073308 0 10 11 4789 0 0 1 97 449 0 0 94256 96297

[15:50:45]	[Recv]	st 2 5022311 95 0 91 100 84388 184572 92286 184572 0

[15:50:45]	[Recv]	sr 0

[15:50:45]	[Recv]	cond 2 4988592 0 0 15

[15:50:45]	[Recv]	eff 2 4988592 5005

[15:50:45]	[Recv]	ct 2 4988603 3 5024179 -1 -1 0

[15:50:45]	[Recv]	su 2 4988603 3 5024179 0 12 11 8360 0 0 1 16 9091 0 0 17916 110907

[15:50:45]	[Recv]	cond 1 2073308 0 0 21

[15:50:45]	[Recv]	cond 1 2073308 0 0 21

[15:50:45]	[Recv]	sp 413938 1000000 0 10000

[15:50:45]	[Recv]	ct 3 5024344 2 5022311 -1 -1 0

[15:50:45]	[Recv]	su 3 5024344 2 5022311 0 15 11 4806 0 0 1 91 606 0 0 84704 92286

[15:50:45]	[Recv]	ct 3 5024192 2 5022311 -1 -1 0

[15:50:45]	[Recv]	su 3 5024192 2 5022311 0 10 11 4789 0 0 1 91 503 0 0 84201 92286

[15:50:45]	[Recv]	ct 3 5024183 2 5022311 -1 -1 0

[15:50:45]	[Recv]	su 3 5024183 2 5022311 0 10 11 4789 0 0 1 90 500 0 0 83701 92286

[15:50:45]	[Recv]	ct 2 4988542 3 5024336 -1 -1 0

[15:50:45]	[Recv]	su 2 4988542 3 5024336 0 10 11 4755 0 0 1 100 0 1 0 13880 13880

[15:50:45]	[Recv]	ct 2 4988552 3 5024190 -1 -1 0

[15:50:45]	[Recv]	su 2 4988552 3 5024190 0 11 11 1047 0 0 1 90 0 1 0 100846 110907

[15:50:45]	[Recv]	ct 2 4988592 3 5024179 -1 -1 0

[15:50:45]	[Recv]	su 2 4988592 3 5024179 0 10 11 0 0 0 1 2 15037 0 0 2879 110907

[15:50:45]	[Recv]	st 2 5022310 95 0 95 100 88081 184572 92286 184572 0

[15:50:45]	[Recv]	st 2 5022309 95 0 97 100 90213 184572 92286 184572 0

[15:50:45]	[Send]	ncif 3 5023663
[15:50:45]	[Recv]	st 3 5023663 99 0 48 100 53241 2828 110907 2828 0

[15:50:45]	[Send]	ptctl 5443 2 4988603 39 61 4988592 45 64 4988603 15
[15:50:45]	[Recv]	cond 1 2073308 0 0 21

[15:50:45]	[Recv]	cond 1 2073308 0 0 21

[15:50:46]	[Send]	ptctl 5443 2 4988603 38 61 4988592 44 64 4988603 15
[15:50:46]	[Recv]	sc_p 62 181 4988472 55 2974 0 0 0 578 754 422 6 160 0 257 301 261 301 250 3 19 14 34 -6 12013 12013 3369 3369 0 850664 0 @ 0 12 2 20 1811 1825 0 500

[15:50:46]	[Recv]	cond 2 4988603 0 0 15

[15:50:46]	[Recv]	cond 2 4988592 0 0 15

[15:50:46]	[Send]	ptctl 5443 1 4988603 38 59 4988603 15
[15:50:46]	[Recv]	cond 1 2073308 0 0 21

[15:50:46]	[Recv]	cond 1 2073308 0 0 21

[15:50:46]	[Recv]	ct 3 5024327 1 2073308 -1 -1 0

[15:50:46]	[Recv]	su 3 5024327 1 2073308 0 10 11 4789 0 0 1 97 0 1 0 94256 96297

[15:50:46]	[Recv]	sc_p 170 1548 4988592 96 549 24144491 0 0 1889 2049 1289 19 90 9 975 627 958 627 866 3 90 90 110 80 42036 57771 18100 18100 1 84982200 0 @ 0 0 6 60 1831 1798 0 100

[15:50:46]	[Recv]	cond 2 4988603 0 0 15

[15:50:46]	[Recv]	cond 2 4988592 0 0 15

[15:50:46]	[Recv]	cond 1 2073308 0 0 21

[15:50:46]	[Recv]	cond 1 2073308 0 0 21

[15:50:46]	[Recv]	cond 2 4988603 0 0 15

[15:50:46]	[Send]	ptctl 5443 1 4988603 37 61 4988603 15
[15:50:46]	[Recv]	cond 1 2073308 0 0 21

[15:50:46]	[Recv]	cond 1 2073308 0 0 21

[15:50:46]	[Recv]	cond 1 2073308 0 0 21

[15:50:46]	[Recv]	cond 1 2073308 0 0 21

[15:50:46]	[Recv]	cond 2 4988603 0 0 15

[15:50:46]	[Send]	ncif 3 5024339
[15:50:46]	[Recv]	ct 3 5024338 2 4988603 -1 -1 0

[15:50:46]	[Recv]	su 3 5024338 2 4988603 0 10 11 4789 0 0 1 54 113 0 0 10587 19451

[15:50:46]	[Recv]	ct 3 5024337 2 5022310 -1 -1 0

[15:50:46]	[Recv]	su 3 5024337 2 5022310 0 25 11 7200 0 0 1 94 2191 0 0 86812 92286

[15:50:46]	[Recv]	ct 3 5024331 2 4988603 -1 -1 0

[15:50:46]	[Recv]	su 3 5024331 2 4988603 0 10 11 4789 0 0 1 53 113 0 0 10474 19451

[15:50:46]	[Recv]	ct 3 5024179 2 5022311 -1 -1 0

[15:50:46]	[Recv]	su 3 5024179 2 5022311 0 10 11 4789 0 0 1 90 501 0 0 83200 92286

[15:50:46]	[Recv]	ct 2 4988472 3 5024340 -1 -1 0

[15:50:46]	[Recv]	su 2 4988472 3 5024340 0 9 11 1006 0 0 1 95 4474 0 0 106433 110907

[15:50:46]	[Recv]	st 3 5024339 99 0 100 100 126282 2828 126282 2828 0

[15:50:47]	[Send]	u_s 0 3 5024339
[15:50:47]	[Send]	ptctl 5443 1 4988592 40 64 4988592 15
[15:50:47]	[Recv]	ct 3 5024341 2 5022311 -1 -1 0

[15:50:47]	[Recv]	su 3 5024341 2 5022311 0 10 11 4789 0 0 1 89 504 0 0 82696 92286

[15:50:47]	[Recv]	eff 3 5024337 4799

[15:50:47]	[Recv]	ct 2 4988518 3 5024190 10 -1 509

[15:50:47]	[Recv]	cond 1 2073308 0 0 21

[15:50:47]	[Recv]	cond 1 2073308 0 0 21

[15:50:47]	[Recv]	ct 3 5024190 2 4988518 -1 -1 0

[15:50:47]	[Recv]	su 3 5024190 2 4988518 0 10 11 4789 0 0 1 21 1486 0 0 4495 21388

[15:50:47]	[Recv]	su 2 4988518 3 5024190 509 10 12 4721 0 0 1 88 2754 0 0 98092 110907

[15:50:47]	[Recv]	su 2 4988518 3 5024194 509 10 12 4721 0 0 1 89 2754 5 0 99222 110907

[15:50:47]	[Recv]	st 2 5022311 95 0 89 100 82696 184572 92286 184572 0

[15:50:47]	[Recv]	eff 2 5022311 7739

[15:50:47]	[Recv]	ct 1 2073308 3 5024339 -1 -1 1114

[15:50:47]	[Recv]	rc 1 2073308 200 0

[15:50:47]	[Recv]	su 1 2073308 3 5024339 1114 7 11 4260 0 0 1 72 34266 0 0 92016 126282

[15:50:47]	[Recv]	cond 1 2073308 0 0 21

[15:50:47]	[Recv]	sayi 1 2073308 20 22 3 4254 0 0 0

[15:50:47]	[Recv]	bf 1 2073308 0.4254.0 99

[15:50:47]	[Recv]	cond 2 4988592 0 0 15

[15:50:47]	[Send]	ptctl 5443 1 4988592 38 64 4988592 15
[15:50:47]	[Send]	ptctl 5443 1 4988603 35 62 4988603 15
[15:50:47]	[Recv]	ct 3 5024336 1 2073308 -1 -1 0

[15:50:47]	[Recv]	su 3 5024336 1 2073308 0 10 11 7200 0 0 1 98 0 4 0 94456 96297

[15:50:47]	[Recv]	ct 3 5024332 2 5022310 -1 -1 0

[15:50:47]	[Recv]	su 3 5024332 2 5022310 0 25 11 7200 0 0 1 91 2195 0 0 84617 92286

[15:50:47]	[Recv]	eff 3 5024332 4799

[15:50:47]	[Recv]	ct 3 5024194 2 4988518 -1 -1 0

[15:50:47]	[Recv]	su 3 5024194 2 4988518 0 10 11 4789 0 0 1 13 1646 0 0 2849 21388

[15:50:47]	[Recv]	ct 3 5024187 2 4988603 -1 -1 0

[15:50:47]	[Recv]	su 3 5024187 2 4988603 0 10 11 4789 0 0 1 53 114 0 0 10360 19451

[15:50:47]	[Recv]	ct 3 5024185 2 5022309 -1 -1 0

[15:50:47]	[Recv]	su 3 5024185 2 5022309 0 10 11 4789 0 0 1 98 592 0 0 90543 92286

[15:50:47]	[Recv]	ct 3 5023663 2 4988603 -1 -1 0

[15:50:47]	[Recv]	su 3 5023663 2 4988603 0 10 11 4789 0 0 1 52 113 0 0 10247 19451

[15:50:47]	[Recv]	ct 3 5023661 2 4988603 -1 -1 0

[15:50:47]	[Recv]	su 3 5023661 2 4988603 0 10 11 4789 0 0 1 52 114 0 0 10133 19451

[15:50:47]	[Recv]	cond 2 4988592 0 0 15

[15:50:47]	[Send]	ptctl 5443 2 4988603 34 63 4988592 37 64 4988603 15
[15:50:47]	[Recv]	cond 1 2073308 0 0 21

[15:50:47]	[Recv]	cond 1 2073308 0 0 21

[15:50:47]	[Recv]	st 2 5022310 95 0 91 100 84617 184572 92286 184572 0

[15:50:47]	[Recv]	eff 2 5022310 7739

[15:50:47]	[Recv]	st 2 5022309 95 0 98 100 90543 184572 92286 184572 0

[15:50:47]	[Recv]	eff 2 5022309 7739

[15:50:47]	[Recv]	cond 2 4988603 0 0 15

[15:50:47]	[Recv]	cond 1 2073308 0 0 21

[15:50:47]	[Recv]	cond 1 2073308 0 0 21

[15:50:47]	[Send]	ncif 3 5024339
[15:50:47]	[Recv]	ct 3 5024340 2 4988472 -1 -1 0

[15:50:47]	[Recv]	su 3 5024340 2 4988472 0 10 11 4789 0 0 1 68 3811 0 0 8202 12013

[15:50:47]	[Recv]	ct 3 5024192 2 5022311 -1 -1 0

[15:50:47]	[Recv]	su 3 5024192 2 5022311 0 10 11 4789 0 0 1 90 503 0 0 83115 92286

[15:50:47]	[Recv]	ct 3 5024183 2 5022311 -1 -1 0

[15:50:47]	[Recv]	su 3 5024183 2 5022311 0 10 11 4789 0 0 1 89 500 0 0 82615 92286

[15:50:47]	[Recv]	ct 2 4988542 3 5024336 -1 -1 0

[15:50:47]	[Recv]	su 2 4988542 3 5024336 0 10 11 4755 0 0 1 100 0 1 0 13880 13880

[15:50:47]	[Recv]	cond 2 4988603 0 0 15

[15:50:47]	[Recv]	cond 2 4988592 0 0 15

[15:50:47]	[Recv]	st 3 5024339 99 0 72 100 92016 2828 126282 2828 0

[15:50:47]	[Send]	u_s 5 1 2073308
[15:50:48]	[Recv]	ct 2 4988552 3 5024190 -1 -1 0

[15:50:48]	[Recv]	su 2 4988552 3 5024190 0 11 11 1047 0 0 1 86 2451 0 0 95641 110907

[15:50:48]	[Recv]	sr 0

[15:50:48]	[Recv]	cond 1 2073308 0 0 21

[15:50:48]	[Recv]	cond 1 2073308 0 0 21

[15:50:48]	[Recv]	ms_c 0

[15:50:48]	[Recv]	qslot 0 1.1.1 1.1.2 1.1.3 1.1.4 1.1.5 1.1.6 1.1.7 1.1.9 1.1.8 1.1.10 0.1.45 0.2.21 0.1.76 1.1.38 1.3.12 0.1.34 0.1.87 0.-1.-1 0.1.84 0.1.43 1.3.11 1.1.42 1.1.41 1.3.976 0.-1.-1 0.1.70 0.2.143 0.2.25 0.2.27 0.2.26

[15:50:48]	[Recv]	qslot 1 0.-1.-1 0.-1.-1 0.-1.-1 0.-1.-1 0.-1.-1 0.-1.-1 0.-1.-1 0.-1.-1 0.-1.-1 0.-1.-1 0.1.-1 0.1.-1 1.1.41 1.1.42 0.-1.-1 7.7.-1 7.7.-1 7.7.-1 7.7.-1 0.-1.-1 0.-1.-1 0.-1.-1 0.-1.-1 0.-1.-1 0.-1.-1 0.-1.-1 0.-1.-1 0.-1.-1 0.-1.-1 0.-1.-1

[15:50:48]	[Recv]	ct 1 2073308 1 2073308 -1 -1 1119

[15:50:48]	[Recv]	bf 1 2073308 0.561.3000 99

[15:50:48]	[Recv]	bf 1 2073308 0.578.1200 99

[15:50:48]	[Recv]	bf 1 2073308 0.941.0 99

[15:50:48]	[Recv]	bf 1 2073308 0.830.60 99

[15:50:48]	[Recv]	eff 1 2073308 0

[15:50:48]	[Recv]	sayi 1 2073308 20 26 3 830 0 0 0

[15:50:48]	[Recv]	su 1 2073308 1 2073308 1119 600 25 4265 0 0 1 98 0 -1 0 94456 96297

[15:50:48]	[Recv]	sayi2 1 -1  10 1992 17 ADuckOnQuack 918 

[15:50:48]	[Recv]	gcon 613441|1|0

[15:50:48]	[Recv]	ct 3 5024327 2 4988592 -1 -1 0

[15:50:48]	[Recv]	su 3 5024327 2 4988592 0 10 11 4789 0 0 1 72 244 0 0 41792 57771

[15:50:48]	[Send]	ptctl 5443 1 4988592 36 65 4988592 15
[15:50:48]	[Send]	ptctl 5443 2 4988603 39 63 4988592 41 65 4988603 15
[15:50:48]	[Recv]	cond 2 4988592 0 0 15

[15:50:48]	[Recv]	eff 1 2073308 869

[15:50:48]	[Recv]	cond 1 2073308 0 0 21

[15:50:48]	[Recv]	cond 1 2073308 0 0 21

[15:50:48]	[Send]	ptctl 5443 1 4988592 34 61 4988592 15
[15:50:48]	[Send]	ncif 3 5024339
[15:50:48]	[Recv]	ct 3 5024344 2 5022311 -1 -1 0

[15:50:48]	[Recv]	su 3 5024344 2 5022311 0 15 11 4806 0 0 1 88 733 0 0 81882 92286

[15:50:48]	[Recv]	ct 2 4988472 3 5024340 -1 -1 0

[15:50:48]	[Recv]	su 2 4988472 3 5024340 0 9 11 1006 0 0 1 95 0 1 0 106433 110907

[15:50:48]	[Recv]	cond 2 4988603 0 0 15

[15:50:48]	[Recv]	cond 2 4988592 0 0 15

[15:50:48]	[Send]	ptctl 5443 1 4988603 37 63 4988603 15
[15:50:48]	[Send]	suctl 5443 1 4988603 3 5024339
[15:50:49]	[Recv]	cond 2 4988592 0 0 15

[15:50:49]	[Recv]	ct 3 5024342 1 2073308 -1 -1 0

[15:50:49]	[Recv]	su 3 5024342 1 2073308 0 10 11 4789 0 0 1 97 450 0 0 94006 96297

[15:50:49]	[Recv]	ct 3 5024335 1 2073308 -1 -1 0

[15:50:49]	[Recv]	su 3 5024335 1 2073308 0 10 11 4789 0 0 1 97 0 1 0 94006 96297

[15:50:49]	[Recv]	ct 3 5024331 2 4988603 -1 -1 0

[15:50:49]	[Recv]	su 3 5024331 2 4988603 0 10 11 4789 0 0 1 51 114 0 0 10019 19451

[15:50:49]	[Recv]	ct 3 5024179 2 5022311 -1 -1 0

[15:50:49]	[Recv]	su 3 5024179 2 5022311 0 10 11 4789 0 0 1 88 531 0 0 81351 92286

[15:50:49]	[Recv]	st 3 5024339 99 0 72 100 92016 2828 126282 2828 0

[15:50:49]	[Recv]	cond 2 4988603 0 0 15

[15:50:49]	[Recv]	ct 3 5024341 2 5022311 -1 -1 0

[15:50:49]	[Recv]	su 3 5024341 2 5022311 0 10 11 4789 0 0 1 87 502 0 0 80849 92286

[15:50:49]	[Recv]	ct 2 4988518 3 5024194 -1 -1 0

[15:50:49]	[Recv]	su 2 4988518 3 5024194 0 9 11 4720 0 0 1 89 0 1 0 99222 110907

[15:50:49]	[Recv]	st 2 5022311 95 0 87 100 80849 184572 92286 184572 0

[15:50:49]	[Recv]	eff 2 4988603 5005

[15:50:49]	[Send]	u_s 8 3 5024339
[15:50:49]	[Recv]	ct 3 5024190 2 4988518 -1 -1 0

[15:50:49]	[Recv]	su 3 5024190 2 4988518 0 10 11 4789 0 0 1 6 1503 0 0 1346 21388

[15:50:49]	[Recv]	cond 1 2073308 0 0 21

[15:50:49]	[Recv]	cond 1 2073308 0 0 21

[15:50:49]	[Recv]	ct 3 5024338 2 4988592 -1 -1 0

[15:50:49]	[Recv]	su 3 5024338 2 4988592 0 10 11 4789 0 0 1 72 247 0 0 41545 57771

[15:50:49]	[Recv]	ct 3 5024336 1 2073308 -1 -1 0

[15:50:49]	[Recv]	su 3 5024336 1 2073308 0 10 11 7200 0 0 1 97 450 0 0 93556 96297

[15:50:49]	[Recv]	ct 3 5024194 2 4988518 -1 -1 0

[15:50:49]	[Recv]	su 3 5024194 2 4988518 0 10 11 4789 0 0 1 6 0 1 0 1346 21388

[15:50:49]	[Recv]	ct 3 5024187 2 4988592 -1 -1 0

[15:50:49]	[Recv]	su 3 5024187 2 4988592 0 10 11 4789 0 0 1 71 52 3 0 41493 57771

[15:50:49]	[Recv]	ct 3 5024185 2 5022309 -1 -1 0

[15:50:49]	[Recv]	su 3 5024185 2 5022309 0 10 11 4789 0 0 1 98 556 0 0 90909 92286

[15:50:49]	[Recv]	ct 2 4988603 3 5024339 -1 -1 0

[15:50:49]	[Recv]	su 2 4988603 3 5024339 0 12 11 8360 0 0 1 65 8901 0 0 83115 126282

[15:50:49]	[Recv]	st 2 5022310 95 0 92 100 85539 184572 92286 184572 0

[15:50:49]	[Recv]	st 2 5022309 95 0 98 100 90909 184572 92286 184572 0

[15:50:49]	[Recv]	ms_c 0

[15:50:49]	[Recv]	qslot 0 1.1.1 1.1.2 1.1.3 1.1.4 1.1.5 1.1.6 1.1.7 1.1.9 1.1.8 1.1.10 0.1.45 0.2.21 0.1.76 1.1.38 1.3.12 0.1.34 0.1.87 0.-1.-1 0.1.84 0.1.43 1.3.11 1.1.42 1.1.41 1.3.976 0.-1.-1 0.1.70 0.2.143 0.2.25 0.2.27 0.2.26

[15:50:49]	[Recv]	qslot 1 0.-1.-1 0.-1.-1 0.-1.-1 0.-1.-1 0.-1.-1 0.-1.-1 0.-1.-1 0.-1.-1 0.-1.-1 0.-1.-1 0.1.-1 0.1.-1 1.1.41 1.1.42 0.-1.-1 7.7.-1 7.7.-1 7.7.-1 7.7.-1 0.-1.-1 0.-1.-1 0.-1.-1 0.-1.-1 0.-1.-1 0.-1.-1 0.-1.-1 0.-1.-1 0.-1.-1 0.-1.-1 0.-1.-1

[15:50:49]	[Recv]	ct 1 2073308 3 5024339 -1 -1 1122

[15:50:49]	[Send]	ptctl 5443 1 4988592 30 57 4988592 15
[15:50:49]	[Send]	ncif 3 5024339
[15:50:49]	[Recv]	ct 3 5024339 2 4988592 -1 -1 767

[15:50:49]	[Recv]	in 3 804 5024514 31 57 2 100 100 0 0 0 -1 0 0 -1 - 0 -1 0 0 0 0 0 0 0 0 0 0 0 0

[15:50:49]	[Recv]	su 3 5024339 3 5024339 767 100 11 7287 0 0 1 65 0 -1 0 83115 126282

[15:50:49]	[Recv]	ct 3 5023661 2 4988603 -1 -1 0

[15:50:49]	[Recv]	su 3 5023661 2 4988603 0 10 11 4789 0 0 1 51 114 0 0 9905 19451

[15:50:49]	[Recv]	eff 1 2073308 15

[15:50:49]	[Recv]	rc 1 2073308 200 0

[15:50:49]	[Recv]	su 1 2073308 3 5024339 1122 150 41 4268 0 0 0 0 244632 3 0 0 126282

[15:50:49]	[Recv]	in 3 2371 5024515 31 62 2 100 100 0 0 0 -1 0 0 -1 - 0 -1 0 0 0 0 0 0 0 0 0 0 0 0

[15:50:49]	[Recv]	guri 31 1 2073308 31 62

[15:50:49]	[Recv]	lev 99 0 99 0 2140719000 5991794 66993052 2 0 90 917705181 0

[15:50:49]	[Recv]	mslot 1125 -1

[15:50:49]	[Recv]	qset 0 8 1.1.11.0

[15:50:50]	[Recv]	cond 2 4988592 0 0 15

[15:50:50]	[Recv]	ct 3 5024340 2 4988472 -1 -1 0

[15:50:50]	[Recv]	su 3 5024340 2 4988472 0 10 11 4789 0 0 1 68 0 1 0 8202 12013

[15:50:50]	[Recv]	ct 3 5024192 2 5022311 -1 -1 0

[15:50:50]	[Recv]	su 3 5024192 2 5022311 0 10 11 4789 0 0 1 88 504 0 0 81267 92286

[15:50:50]	[Recv]	ct 3 5024183 2 5022311 -1 -1 0

[15:50:50]	[Recv]	su 3 5024183 2 5022311 0 10 11 4789 0 0 1 87 504 0 0 80763 92286

[15:50:50]	[Recv]	ct 2 4988542 3 5024336 -1 -1 0

[15:50:50]	[Recv]	su 2 4988542 3 5024336 0 10 11 4755 0 0 1 100 0 1 0 13880 13880

[15:50:50]	[Send]	suctl 5443 1 4988603 3 5024339
[15:50:50]	[Send]	mtlist 7 3 5024187 3 5024327 3 5024331 3 5024333 3 5024334 3 5024342 2 4988552 
[15:50:50]	[Send]	u_s 11 3 5023661
[15:50:50]	[Recv]	sr 1

[15:50:50]	[Send]	ptctl 5443 1 4988592 36 58 4988592 15
[15:50:50]	[Send]	ncif 3 5023661
[15:50:50]	[Recv]	ct 3 5023663 2 4988603 -1 -1 0

[15:50:50]	[Recv]	su 3 5023663 2 4988603 0 10 11 4789 0 0 1 50 114 0 0 9791 19451

[15:50:50]	[Recv]	ct 2 4988552 3 5024190 -1 -1 0

[15:50:50]	[Recv]	su 2 4988552 3 5024190 0 11 11 1047 0 0 1 86 0 1 0 95641 110907

[15:50:50]	[Recv]	ms_c 0

[15:50:50]	[Recv]	qslot 0 1.1.1 1.1.2 1.1.3 1.1.4 1.1.5 1.1.6 1.1.7 1.1.9 1.1.8 1.1.10 0.1.45 0.2.21 0.1.76 1.1.38 1.3.12 0.1.34 0.1.87 0.-1.-1 0.1.84 0.1.43 1.3.11 1.1.42 1.1.41 1.3.976 0.-1.-1 0.1.70 0.2.143 0.2.25 0.2.27 0.2.26

[15:50:50]	[Recv]	qslot 1 0.-1.-1 0.-1.-1 0.-1.-1 0.-1.-1 0.-1.-1 0.-1.-1 0.-1.-1 0.-1.-1 0.-1.-1 0.-1.-1 0.1.-1 0.1.-1 1.1.41 1.1.42 0.-1.-1 7.7.-1 7.7.-1 7.7.-1 7.7.-1 0.-1.-1 0.-1.-1 0.-1.-1 0.-1.-1 0.-1.-1 0.-1.-1 0.-1.-1 0.-1.-1 0.-1.-1 0.-1.-1 0.-1.-1

[15:50:50]	[Recv]	sp 413928 1000000 0 10000

[15:50:50]	[Recv]	ct 3 5024327 1 2073308 -1 -1 0

[15:50:50]	[Recv]	su 3 5024327 1 2073308 0 10 11 4789 0 0 1 97 0 1 0 93756 96297

[15:50:50]	[Recv]	ct 1 2073308 3 5023661 -1 -1 1125

[15:50:50]	[Recv]	cond 1 2073308 0 0 24

[15:50:50]	[Recv]	bf 1 2073308 0.576.20 99

[15:50:50]	[Recv]	sayi 1 2073308 20 26 3 576 0 0 0

[15:50:50]	[Recv]	rc 1 2073308 200 0

[15:50:50]	[Recv]	su 1 2073308 3 5023661 1125 3 22 4272 0 0 1 30 30681 0 0 33285 110907

[15:50:50]	[Recv]	bf 3 5024342 0.4110.80 99

[15:50:50]	[Recv]	eff 3 5024342 0

[15:50:50]	[Recv]	su 1 2073308 3 5024342 1125 3 22 4272 0 0 0 0 82767 6 0 0 110907

[15:50:50]	[Recv]	lev 99 0 99 0 2140719000 5991794 66993052 2 0 90 917705181 0

[15:50:50]	[Recv]	eff 1 2073308 15

[15:50:50]	[Recv]	su 1 2073308 3 5024334 1125 3 22 4272 0 0 0 0 217483 6 0 0 116032

[15:50:50]	[Recv]	lev 99 0 99 0 2140719000 5991794 66993052 2 0 90 917705181 0

[15:50:50]	[Recv]	eff 1 2073308 15

[15:50:50]	[Recv]	su 1 2073308 3 5024333 1125 3 22 4272 0 0 1 57 47020 6 0 63887 110907

[15:50:50]	[Recv]	su 1 2073308 3 5024333 -1 0 -1 7922 -1 -1 1 27 32914 0 1

[15:50:50]	[Recv]	bf 1 2073308 0.948.80 99

[15:50:50]	[Recv]	sayi 1 2073308 20 26 3 948 0 0 0

[15:50:50]	[Recv]	bf 3 5024333 0.571.20 99

[15:50:50]	[Recv]	su 1 2073308 3 5024331 1125 3 22 4272 0 0 1 83 18742 5 0 92165 110907

[15:50:50]	[Recv]	bf 3 5024331 0.571.20 99

[15:50:50]	[Recv]	eff 1 2073308 15

[15:50:50]	[Recv]	su 1 2073308 3 5024327 1125 3 22 4272 0 0 1 32 75040 5 0 35867 110907

[15:50:50]	[Recv]	su 1 2073308 3 5024187 1125 3 22 4272 0 0 1 82 19514 6 0 91393 110907

[15:50:50]	[Recv]	bf 3 5024187 0.571.20 99

[15:50:50]	[Recv]	mslot 1126 -1

[15:50:50]	[Recv]	qset 0 8 1.1.12.0

[15:50:50]	[Recv]	cond 2 4988592 0 0 15

[15:50:50]	[Recv]	st 3 5023661 99 0 30 100 33285 2828 110907 2828 0

[15:50:50]	[Recv]	die 3 5024515 3 5024515

[15:50:50]	[Recv]	ct 2 4988472 3 5024340 -1 -1 0

[15:50:50]	[Recv]	su 2 4988472 3 5024340 0 9 11 1006 0 0 1 92 4402 0 0 102031 110907

[15:50:50]	[Send]	mtlist 6 3 5024187 3 5024327 3 5024331 3 5024334 3 5024342 2 4988552 
[15:50:50]	[Send]	u_s 12 3 5023661
[15:50:50]	[Recv]	sr 11

[15:50:50]	[Recv]	out 2 4988472

[15:50:50]	[Recv]	out 2 4988518

[15:50:50]	[Recv]	out 2 4988542

[15:50:50]	[Recv]	out 2 4988552

[15:50:50]	[Recv]	sayi 1 2073308 20 22 3 1027 0 0 0

[15:50:50]	[Recv]	bf 1 2073308 0.1027.0 99

[15:50:51]	[Recv]	ms_c 0

[15:50:51]	[Recv]	qslot 0 1.1.1 1.1.2 1.1.3 1.1.4 1.1.5 1.1.6 1.1.7 1.1.9 1.1.8 1.1.10 0.1.45 0.2.21 0.1.76 1.1.38 1.3.12 0.1.34 0.1.87 0.-1.-1 0.1.84 0.1.43 1.3.11 1.1.42 1.1.41 1.3.976 0.-1.-1 0.1.70 0.2.143 0.2.25 0.2.27 0.2.26

[15:50:51]	[Recv]	qslot 1 0.-1.-1 0.-1.-1 0.-1.-1 0.-1.-1 0.-1.-1 0.-1.-1 0.-1.-1 0.-1.-1 0.-1.-1 0.-1.-1 0.1.-1 0.1.-1 1.1.41 1.1.42 0.-1.-1 7.7.-1 7.7.-1 7.7.-1 7.7.-1 0.-1.-1 0.-1.-1 0.-1.-1 0.-1.-1 0.-1.-1 0.-1.-1 0.-1.-1 0.-1.-1 0.-1.-1 0.-1.-1 0.-1.-1

[15:50:51]	[Send]	ncif 3 5023661
[15:50:51]	[Recv]	ct 3 5024335 2 4988603 -1 -1 0

[15:50:51]	[Recv]	su 3 5024335 2 4988603 0 10 11 4789 0 0 1 49 115 3 0 9676 19451

[15:50:51]	[Recv]	ct 3 5024179 2 5022311 -1 -1 0

[15:50:51]	[Recv]	su 3 5024179 2 5022311 0 10 11 4789 0 0 1 87 540 0 0 80223 92286

[15:50:51]	[Recv]	st 2 5022311 95 0 87 100 80223 184572 92286 184572 0

[15:50:51]	[Recv]	ct 1 2073308 3 5023661 -1 -1 1126

[15:50:51]	[Recv]	eff 1 2073308 15

[15:50:51]	[Recv]	rc 1 2073308 200 0

[15:50:51]	[Recv]	su 1 2073308 3 5023661 1126 3 26 4273 0 0 0 0 220492 3 0 0 110907

[15:50:51]	[Recv]	lev 99 0 99 0 2140719000 5991794 66993052 2 0 90 917705181 0

[15:50:51]	[Recv]	bf 1 2073308 0.568.400 99

[15:50:51]	[Recv]	su 1 2073308 3 5024331 1126 3 26 4273 0 0 1 26 63299 6 0 28866 110907

[15:50:51]	[Recv]	su 1 2073308 3 5024331 -1 0 -1 7922 -1 -1 1 1 44309 0 1

[15:50:51]	[Recv]	bf 1 2073308 0.948.80 99

[15:50:51]	[Recv]	bf 3 5024331 0.574.80 99

[15:50:51]	[Recv]	su 1 2073308 3 5024327 1126 3 26 4273 0 0 1 13 20368 5 0 15499 110907

[15:50:51]	[Recv]	eff 1 2073308 15

[15:50:51]	[Recv]	su 1 2073308 3 5024187 1126 3 26 4273 0 0 0 0 169181 6 0 0 110907

[15:50:51]	[Recv]	lev 99 0 99 0 2140719000 5991794 66993052 2 0 90 917705181 0

[15:50:51]	[Recv]	mslot 1125 -1

[15:50:51]	[Recv]	qset 0 8 1.1.11.0

[15:50:51]	[Send]	ptctl 5443 1 4988592 38 60 4988592 15
[15:50:51]	[Recv]	ct 3 5024341 2 5022311 -1 -1 0

[15:50:51]	[Recv]	su 3 5024341 2 5022311 0 10 11 4789 0 0 1 87 556 0 0 80589 92286

[15:50:51]	[Recv]	cond 2 4988592 0 0 15

[15:50:51]	[Send]	mtlist 3 3 5024187 3 5024327 3 5024331 
[15:50:51]	[Send]	u_s 11 3 5023661
[15:50:51]	[Send]	suctl 5443 1 4988603 3 5023661
[15:50:51]	[Recv]	sr 12

[15:50:51]	[Recv]	st 2 5022310 95 0 93 100 86461 184572 92286 184572 0

[15:50:51]	[Recv]	st 2 5022309 95 0 99 100 91831 184572 92286 184572 0

[15:50:51]	[Recv]	cancel 0 11 -1

[15:50:51]	[Send]	mtlist 4 3 5024187 3 5024327 3 5024331 2 4988592 
[15:50:51]	[Send]	u_s 11 3 5023661
[15:50:51]	[Send]	suctl 5443 1 4988592 3 5023661
[15:50:51]	[Recv]	ct 3 5024338 1 2073308 -1 -1 0

[15:50:51]	[Recv]	su 3 5024338 1 2073308 0 10 11 4789 0 0 1 97 0 1 0 94156 96297

[15:50:51]	[Recv]	ct 3 5024336 1 2073308 -1 -1 0

[15:50:51]	[Recv]	su 3 5024336 1 2073308 0 10 11 7200 0 0 1 97 0 4 0 94156 96297

[15:50:51]	[Recv]	ct 3 5024185 2 5022309 -1 -1 0

[15:50:51]	[Recv]	su 3 5024185 2 5022309 0 10 11 4789 0 0 1 99 504 0 0 91782 92286

[15:50:52]	[Recv]	ct 3 5024344 2 5022311 -1 -1 0

[15:50:52]	[Recv]	su 3 5024344 2 5022311 0 15 11 4806 0 0 1 86 613 0 0 79976 92286

[15:50:52]	[Recv]	ct 3 5024337 2 5022310 -1 -1 0

[15:50:52]	[Recv]	su 3 5024337 2 5022310 0 25 11 7200 0 0 1 92 2191 0 0 85192 92286

[15:50:52]	[Recv]	eff 3 5024337 4799

[15:50:52]	[Recv]	ct 3 5024194 2 4988592 -1 -1 0

[15:50:52]	[Recv]	su 3 5024194 2 4988592 0 10 11 4789 0 0 1 71 259 0 0 41234 57771

[15:50:52]	[Recv]	ct 3 5024190 2 4988592 -1 -1 0

[15:50:52]	[Recv]	su 3 5024190 2 4988592 0 10 11 4789 0 0 1 71 52 0 0 41182 57771

[15:50:52]	[Recv]	cancel 0 11 -1

[15:50:52]	[Send]	ncif 3 5024335
[15:50:52]	[Send]	mtlist 3 3 5024190 3 5024331 3 5024336 
[15:50:52]	[Send]	u_s 11 3 5024335
[15:50:52]	[Recv]	ct 3 5024192 2 5022311 -1 -1 0

[15:50:52]	[Recv]	su 3 5024192 2 5022311 0 10 11 4789 0 0 1 85 723 3 0 79253 92286

[15:50:52]	[Recv]	ct 3 5024183 2 5022311 -1 -1 0

[15:50:52]	[Recv]	su 3 5024183 2 5022311 0 10 11 4789 0 0 1 85 532 0 0 78721 92286

[15:50:52]	[Recv]	eff 2 5022311 7739

[15:50:52]	[Recv]	st 3 5024335 99 0 100 100 110907 2828 110907 2828 0

[15:50:52]	[Recv]	eff 3 5024332 4799

[15:50:52]	[Recv]	ms_c 0

[15:50:52]	[Recv]	qslot 0 1.1.1 1.1.2 1.1.3 1.1.4 1.1.5 1.1.6 1.1.7 1.1.9 1.1.8 1.1.10 0.1.45 0.2.21 0.1.76 1.1.38 1.3.12 0.1.34 0.1.87 0.-1.-1 0.1.84 0.1.43 1.3.11 1.1.42 1.1.41 1.3.976 0.-1.-1 0.1.70 0.2.143 0.2.25 0.2.27 0.2.26

[15:50:52]	[Recv]	qslot 1 0.-1.-1 0.-1.-1 0.-1.-1 0.-1.-1 0.-1.-1 0.-1.-1 0.-1.-1 0.-1.-1 0.-1.-1 0.-1.-1 0.1.-1 0.1.-1 1.1.41 1.1.42 0.-1.-1 7.7.-1 7.7.-1 7.7.-1 7.7.-1 0.-1.-1 0.-1.-1 0.-1.-1 0.-1.-1 0.-1.-1 0.-1.-1 0.-1.-1 0.-1.-1 0.-1.-1 0.-1.-1 0.-1.-1

[15:50:52]	[Recv]	ct 1 2073308 3 5024335 -1 -1 1125

[15:50:52]	[Recv]	bf 1 2073308 0.576.20 99

[15:50:52]	[Recv]	eff 1 2073308 15

[15:50:52]	[Recv]	rc 1 2073308 200 0

[15:50:52]	[Recv]	su 1 2073308 3 5024335 1125 3 22 4272 0 0 0 0 229389 3 0 0 110907

[15:50:52]	[Recv]	lev 99 0 99 0 2140719000 5991794 66993052 2 0 90 917705181 0

[15:50:52]	[Recv]	su 1 2073308 3 5024336 1125 3 22 4272 0 0 0 0 36881 5 0 0 13880

[15:50:52]	[Recv]	lev 99 0 99 0 2140719000 5991794 66993052 2 0 90 917705181 0

[15:50:52]	[Recv]	su 1 2073308 3 5024331 1125 3 22 4272 0 0 0 0 27270 5 0 0 110907

[15:50:52]	[Recv]	lev 99 0 99 0 2140719000 5991794 66993052 2 0 90 917705181 0

[15:50:52]	[Recv]	eff 1 2073308 15

[15:50:52]	[Recv]	su 1 2073308 3 5024190 1125 3 22 4272 0 0 1 12 81570 5 0 14071 110907

[15:50:52]	[Recv]	mslot 1126 -1

[15:50:52]	[Recv]	qset 0 8 1.1.12.0

[15:50:52]	[Recv]	ct 3 5024514 1 2073308 -1 -1 779

[15:50:52]	[Recv]	ct 3 5024332 2 5022310 -1 -1 0

[15:50:52]	[Recv]	su 3 5024332 2 5022310 0 25 11 7200 0 0 1 90 2186 0 0 83006 92286

[15:50:52]	[Recv]	ct 3 5023663 2 4988603 -1 -1 0

[15:50:52]	[Recv]	su 3 5023663 2 4988603 0 10 11 4789 0 0 1 49 113 0 0 9563 19451

[15:50:52]	[Recv]	eff 2 5022310 7739

[15:50:52]	[Recv]	eff 2 5022309 7739

[15:50:52]	[Send]	ncif 3 5024335
[15:50:52]	[Send]	mtlist 3 3 5024190 3 5024331 3 5024336 
[15:50:52]	[Send]	u_s 12 3 5024335
[15:50:52]	[Send]	suctl 5443 1 4988603 3 5024335
[15:50:52]	[Recv]	ct 3 5024327 2 4988592 -1 -1 0

[15:50:52]	[Recv]	su 3 5024327 2 4988592 0 10 11 4789 0 0 1 71 0 1 0 41182 57771

[15:50:52]	[Recv]	sr 11

[15:50:52]	[Send]	ptctl 5443 1 4988592 39 60 4988592 15
[15:50:53]	[Recv]	cancel 0 12 -1

[15:50:53]	[Send]	mtlist 3 3 5024190 3 5024331 3 5024336 
[15:50:53]	[Send]	u_s 12 3 5024335
[15:50:53]	[Send]	ptctl 5443 2 4988603 37 58 4988592 39 55 4988603 15
[15:50:53]	[Recv]	ct 3 5024333 2 4988603 -1 -1 0

[15:50:53]	[Recv]	su 3 5024333 2 4988603 0 10 11 4789 0 0 1 48 113 0 0 9450 19451

[15:50:53]	[Recv]	st 2 5022311 95 0 85 100 78721 184572 92286 184572 0

[15:50:53]	[Recv]	cond 2 4988592 0 0 15

[15:50:53]	[Recv]	ct 3 5024179 2 5022311 -1 -1 0

[15:50:53]	[Recv]	su 3 5024179 2 5022311 0 10 11 4789 0 0 1 85 548 0 0 79095 92286

[15:50:53]	[Recv]	cancel 0 12 -1

[15:50:53]	[Send]	ncif 3 5024332
[15:50:53]	[Send]	mtlist 0 
[15:50:53]	[Send]	u_s 12 3 5024332
[15:50:53]	[Recv]	cond 2 4988603 0 0 15

[15:50:53]	[Recv]	cond 2 4988592 0 0 15

[15:50:53]	[Recv]	ct 3 5024341 2 5022311 -1 -1 0

[15:50:53]	[Recv]	su 3 5024341 2 5022311 0 10 11 4789 0 0 1 85 527 0 0 78568 92286

[15:50:53]	[Recv]	st 2 5022310 95 0 90 100 83006 184572 92286 184572 0

[15:50:53]	[Recv]	st 2 5022309 95 0 99 100 91782 184572 92286 184572 0

[15:50:53]	[Recv]	st 3 5024332 99 0 100 100 13880 2828 13880 2828 0

[15:50:53]	[Recv]	eff 1 2073308 869

[15:50:53]	[Recv]	ms_c 0

[15:50:53]	[Recv]	qslot 0 1.1.1 1.1.2 1.1.3 1.1.4 1.1.5 1.1.6 1.1.7 1.1.9 1.1.8 1.1.10 0.1.45 0.2.21 0.1.76 1.1.38 1.3.12 0.1.34 0.1.87 0.-1.-1 0.1.84 0.1.43 1.3.11 1.1.42 1.1.41 1.3.976 0.-1.-1 0.1.70 0.2.143 0.2.25 0.2.27 0.2.26

[15:50:53]	[Recv]	qslot 1 0.-1.-1 0.-1.-1 0.-1.-1 0.-1.-1 0.-1.-1 0.-1.-1 0.-1.-1 0.-1.-1 0.-1.-1 0.-1.-1 0.1.-1 0.1.-1 1.1.41 1.1.42 0.-1.-1 7.7.-1 7.7.-1 7.7.-1 7.7.-1 0.-1.-1 0.-1.-1 0.-1.-1 0.-1.-1 0.-1.-1 0.-1.-1 0.-1.-1 0.-1.-1 0.-1.-1 0.-1.-1 0.-1.-1

[15:50:53]	[Recv]	ct 1 2073308 3 5024332 -1 -1 1126

[15:50:53]	[Recv]	rc 1 2073308 200 0

[15:50:53]	[Recv]	su 1 2073308 3 5024332 1126 3 26 4273 0 0 0 0 96809 3 0 0 13880

[15:50:53]	[Recv]	lev 99 0 99 0 2140719000 5991794 66993052 2 0 90 917705181 0

[15:50:53]	[Recv]	bf 1 2073308 0.568.400 99

[15:50:53]	[Recv]	mslot 1125 -1

[15:50:53]	[Recv]	qset 0 8 1.1.11.0

[15:50:54]	[Send]	ptctl 5443 1 4988592 39 54 4988592 15
[15:50:54]	[Send]	suctl 5443 1 4988592 3 5024332
[15:50:54]	[Recv]	ct 3 5024338 2 4988603 -1 -1 0

[15:50:54]	[Recv]	su 3 5024338 2 4988603 0 10 11 4789 0 0 1 48 114 0 0 9336 19451

[15:50:54]	[Recv]	ct 3 5024185 2 5022309 -1 -1 0

[15:50:54]	[Recv]	su 3 5024185 2 5022309 0 10 11 4789 0 0 1 99 501 0 0 91785 92286

[15:50:54]	[Send]	ptctl 5443 1 4988603 37 53 4988603 15
[15:50:54]	[Recv]	cond 2 4988592 0 0 15

[15:50:54]	[Send]	ptctl 5443 1 4988603 37 57 4988603 15
[15:50:54]	[Send]	suctl 5443 1 4988603 3 5024332
[15:50:54]	[Send]	mtlist 0 
[15:50:54]	[Send]	u_s 11 3 5024332
[15:50:54]	[Recv]	ct 3 5024190 2 4988592 -1 -1 0

[15:50:54]	[Recv]	su 3 5024190 2 4988592 0 10 11 4789 0 0 1 70 242 0 0 40940 57771

[15:50:54]	[Recv]	sr 12

[15:50:54]	[Recv]	sayi 1 2073308 20 22 3 830 0 0 0

[15:50:54]	[Recv]	bf 1 2073308 0.830.0 99

[15:50:54]	[Recv]	bf 1 2073308 0.941.3000 99

[15:50:54]	[Recv]	sayi 1 2073308 20 26 3 941 0 0 0

[15:50:54]	[Recv]	cond 2 4988603 0 0 15

[15:50:54]	[Recv]	su 3 5024514 1 2073308 779 30 11 3617 0 0 1 97 407 0 0 94149 96297

[15:50:54]	[Recv]	dm 1 2073308 3000 1

[15:50:54]	[Recv]	ct 3 5024192 2 5022311 -1 -1 0

[15:50:54]	[Recv]	su 3 5024192 2 5022311 0 10 11 4789 0 0 1 84 595 0 0 77973 92286

[15:50:54]	[Recv]	ct 3 5024183 2 5022311 -1 -1 0

[15:50:54]	[Recv]	su 3 5024183 2 5022311 0 10 11 4789 0 0 1 83 568 0 0 77405 92286

[15:50:54]	[Recv]	team_cool 0 0

[15:50:54]	[Recv]	cond 1 2073308 0 0 21

[15:50:54]	[Recv]	sayi 1 2073308 20 22 3 576 0 0 0

[15:50:54]	[Recv]	bf 1 2073308 0.576.0 99

[15:50:54]	[Recv]	cond 2 4988603 0 0 15

[15:50:54]	[Send]	ncif 3 5024337
[15:50:54]	[Recv]	die 3 5024514 3 5024514

[15:50:54]	[Recv]	cancel 0 11 -1

[15:50:54]	[Send]	mtlist 2 3 5024338 2 4988603 
[15:50:54]	[Send]	u_s 11 3 5024337
[15:50:54]	[Recv]	ct 3 5024194 2 4988603 -1 -1 0

[15:50:54]	[Recv]	su 3 5024194 2 4988603 0 10 11 4789 0 0 1 48 0 1 0 9336 19451

[15:50:54]	[Recv]	ct 3 5023663 1 2073308 -1 -1 0

[15:50:54]	[Recv]	su 3 5023663 1 2073308 0 10 11 4789 0 0 1 94 0 1 0 91149 96297

[15:50:54]	[Recv]	st 3 5024337 99 0 100 100 13880 2828 13880 2828 0

[15:50:55]	[Recv]	eff 3 5024514 3617

[15:50:55]	[Recv]	ct 3 5024327 1 2073308 -1 -1 0

[15:50:55]	[Recv]	su 3 5024327 1 2073308 0 10 11 4789 0 0 1 94 450 0 0 90699 96297

[15:50:55]	[Recv]	ms_c 0

[15:50:55]	[Recv]	qslot 0 1.1.1 1.1.2 1.1.3 1.1.4 1.1.5 1.1.6 1.1.7 1.1.9 1.1.8 1.1.10 0.1.45 0.2.21 0.1.76 1.1.38 1.3.12 0.1.34 0.1.87 0.-1.-1 0.1.84 0.1.43 1.3.11 1.1.42 1.1.41 1.3.976 0.-1.-1 0.1.70 0.2.143 0.2.25 0.2.27 0.2.26

[15:50:55]	[Recv]	qslot 1 0.-1.-1 0.-1.-1 0.-1.-1 0.-1.-1 0.-1.-1 0.-1.-1 0.-1.-1 0.-1.-1 0.-1.-1 0.-1.-1 0.1.-1 0.1.-1 1.1.41 1.1.42 0.-1.-1 7.7.-1 7.7.-1 7.7.-1 7.7.-1 0.-1.-1 0.-1.-1 0.-1.-1 0.-1.-1 0.-1.-1 0.-1.-1 0.-1.-1 0.-1.-1 0.-1.-1 0.-1.-1 0.-1.-1

[15:50:55]	[Send]	ptctl 5443 1 4988592 41 54 4988592 15
[15:50:55]	[Recv]	ct 1 2073308 3 5024337 -1 -1 1125

[15:50:55]	[Recv]	cond 1 2073308 0 0 24

[15:50:55]	[Recv]	bf 1 2073308 0.576.20 99

[15:50:55]	[Recv]	sayi 1 2073308 20 26 3 576 0 0 0

[15:50:55]	[Recv]	rc 1 2073308 200 0

[15:50:55]	[Recv]	su 1 2073308 3 5024337 1125 3 22 4272 0 0 0 0 34603 0 0 0 13880

[15:50:55]	[Recv]	lev 99 0 99 0 2140719000 5991794 66993052 2 0 90 917705181 0

[15:50:55]	[Recv]	bf 3 5024338 0.4110.80 99

[15:50:55]	[Recv]	eff 3 5024338 0

[15:50:55]	[Recv]	su 1 2073308 3 5024338 1125 3 22 4272 0 0 1 81 20861 6 0 90046 110907

[15:50:55]	[Recv]	bf 3 5024338 0.571.20 99

[15:50:55]	[Recv]	ct 3 5024344 2 5022311 -1 -1 0

[15:50:55]	[Recv]	su 3 5024344 2 5022311 0 15 11 4806 0 0 1 83 842 3 0 76563 92286

[15:50:55]	[Recv]	st 2 5022311 95 0 83 100 76563 184572 92286 184572 0

[15:50:55]	[Recv]	cond 2 4988592 0 0 15

[15:50:55]	[Send]	mtlist 2 3 5024338 2 4988603 
[15:50:55]	[Send]	u_s 11 3 5024337
[15:50:55]	[Send]	suctl 5443 1 4988592 3 5024337
[15:50:55]	[Recv]	ct 3 5024333 1 2073308 -1 -1 0

[15:50:55]	[Recv]	su 3 5024333 1 2073308 0 10 11 4789 0 0 1 94 0 1 0 90899 96297

[15:50:55]	[Recv]	sr 11

[15:50:55]	[Send]	suctl 5443 1 4988603 3 5024337
[15:50:55]	[Recv]	sayi2 1 -1  6 1081 20 4 ADuckOnQuack what ch

[15:50:55]	[Recv]	sp 413918 1000000 0 10000

[15:50:55]	[Recv]	msgi2 0 905 14 Nikus666 3027 

[15:50:55]	[Recv]	ct 3 5024179 2 5022311 -1 -1 0

[15:50:55]	[Recv]	su 3 5024179 2 5022311 0 10 11 4789 0 0 1 83 535 0 0 76950 92286

[15:50:55]	[Recv]	st 2 5022310 95 0 91 100 83928 184572 92286 184572 0

[15:50:55]	[Recv]	st 2 5022309 95 0 99 100 91785 184572 92286 184572 0

[15:50:55]	[Recv]	cancel 0 11 -1

[15:50:55]	[Send]	u_as 9 26 63
[15:50:55]	[Recv]	ct 3 5024341 2 5022311 -1 -1 0

[15:50:55]	[Recv]	su 3 5024341 2 5022311 0 10 11 4789 0 0 1 82 578 0 0 76372 92286

[15:50:55]	[Recv]	ms_c 0

[15:50:55]	[Recv]	qslot 0 1.1.1 1.1.2 1.1.3 1.1.4 1.1.5 1.1.6 1.1.7 1.1.9 1.1.8 1.1.10 0.1.45 0.2.21 0.1.76 1.1.38 1.3.12 0.1.34 0.1.87 0.-1.-1 0.1.84 0.1.43 1.3.11 1.1.42 1.1.41 1.3.976 0.-1.-1 0.1.70 0.2.143 0.2.25 0.2.27 0.2.26

[15:50:55]	[Recv]	qslot 1 0.-1.-1 0.-1.-1 0.-1.-1 0.-1.-1 0.-1.-1 0.-1.-1 0.-1.-1 0.-1.-1 0.-1.-1 0.-1.-1 0.1.-1 0.1.-1 1.1.41 1.1.42 0.-1.-1 7.7.-1 7.7.-1 7.7.-1 7.7.-1 0.-1.-1 0.-1.-1 0.-1.-1 0.-1.-1 0.-1.-1 0.-1.-1 0.-1.-1 0.-1.-1 0.-1.-1 0.-1.-1 0.-1.-1

[15:50:56]	[Recv]	ct_n 1 2073308 1 -1 25 -1 1123

[15:50:56]	[Recv]	out 2 4988603

[15:50:56]	[Recv]	dpski 1 

[15:50:56]	[Recv]	out 2 4988592

[15:50:56]	[Recv]	petski -3

[15:50:56]	[Recv]	cl 2073308 1 0

[15:50:56]	[Recv]	cond 1 2073308 0 0 24

[15:50:56]	[Recv]	cond 1 2073308 0 0 20

[15:50:56]	[Recv]	bf 1 2073308 0.559.103 99

[15:50:56]	[Recv]	eff 1 2073308 0

[15:50:56]	[Recv]	sayi 1 2073308 20 26 3 559 0 0 0

[15:50:56]	[Recv]	tp 1 2073308 26 63 0

[15:50:56]	[Recv]	bs 1 2073308 26 63 1123 400 10 4274 0 0 1 1 0 0 0

[15:50:56]	[Recv]	cond 1 2073308 0 0 18

[15:50:56]	[Recv]	bf 1 2073308 0.568.0 99

[15:50:56]	[Recv]	bf_d 8 1

[15:50:56]	[Recv]	bf 1 2073308 0.563.103 99

[15:50:56]	[Recv]	eff 1 2073308 0

[15:50:56]	[Recv]	sayi 1 2073308 20 26 3 563 0 0 0

[15:50:56]	[Recv]	ct 3 5024185 2 5022309 -1 -1 0

[15:50:56]	[Recv]	su 3 5024185 2 5022309 0 10 11 4789 0 0 1 99 502 0 0 91784 92286

[15:50:56]	[Recv]	finfo 3654050.0.Ambro420 4038466.1.*Boss95* 4032759.1.•Van_Heert•™ 6938689.0.LimitiMioPadre 4371592.0.STa®†a©R 6866129.0.Amnesya92 3393597.1.°Lordone24° 5527355.0.SugmaDeek 3988345.1.IMissYou 613441.1.ADuckOnQuack 6544388.0.SerowyNachoo 4351664.0.»Ja©k™ 1246372.0.!Ice! 3650626.0.DarkAngeeL 4286434.0.Salvanto2 5664515.0.Vixerin 3559057.0.~Frizz 7593876.0.Gang404 4368426.1.~Blackurio 957916.0.lusikill 2935710.0.#Rey1# 3467154.0.[St]Grippato 2939098.0.GorGoJo 3343263.0.Ansatsu 1638277.0.Memed 4357105.0.•Rosengarten 6623637.0.K?ndeer 1213513.0.Anny_ 7147719.0.Mortanciia 6680510.1.‡Ejzi‡ 2460434.0.Jon07 5635569.0.vladzio 2620775.0.·Tenzo 7163132.0.Frigus_One 1189318.0.VelveD 6973700.1.Douv 2360335.0.All730 4338026.0.redelfuoco9 5650090.0.Yoru_Sutoka 4304835.1.~DarkMrrn 7149833.1.Vistrooo 4074353.0.ImExelliuM

[15:50:56]	[Send]	ncif 3 5024185
[15:50:56]	[Send]	u_s 0 3 5024185
[15:50:56]	[Recv]	ct 3 5024192 2 5022311 -1 -1 0

[15:50:56]	[Recv]	su 3 5024192 2 5022311 0 10 11 4789 0 0 1 82 593 0 0 75779 92286

[15:50:56]	[Recv]	ct 3 5024183 2 5022311 -1 -1 0

[15:50:56]	[Recv]	su 3 5024183 2 5022311 0 10 11 4789 0 0 1 81 595 0 0 75184 92286

[15:50:56]	[Recv]	sayi2 1 -1  6 1081 20 4 ADuckOnQuack 4?

[15:50:56]	[Recv]	st 3 5024185 99 0 100 100 110907 2828 110907 2828 0

[15:50:56]	[Recv]	ct 1 2073308 3 5024185 -1 -1 1114

[15:50:56]	[Recv]	bf_d 4 1

[15:50:56]	[Recv]	bf 1 2073308 0.563.0 99

[15:50:56]	[Recv]	bf_d 8 1

[15:50:56]	[Recv]	bf 1 2073308 0.565.70 99

[15:50:56]	[Recv]	eff 1 2073308 0

[15:50:56]	[Recv]	sayi 1 2073308 20 26 3 565 0 0 0

[15:50:56]	[Recv]	cond 1 2073308 0 0 22

[15:50:56]	[Recv]	bf 1 2073308 0.559.0 99

[15:50:56]	[Recv]	in 2 2673 4988603 26 61 2 47 100 0 0 3 2073308 1 0 3206 @ 1 6 1 1880 1881 1882 4237 4238 4239 0 2723 0 0 0

[15:50:56]	[Recv]	cond 2 4988603 0 0 11

[15:50:56]	[Recv]	pski 1880 1881 1882

[15:50:56]	[Recv]	in 2 1548 4988592 27 63 2 70 100 0 0 3 2073308 1 0 -1 @ 2 -1 0 0 0 0 0 0 0 0 0 0 0 6

[15:50:56]	[Recv]	cond 2 4988592 0 0 15

[15:50:56]	[Recv]	petski 334 1831 1798

[15:50:56]	[Recv]	pet_cool2  0 0 0

[15:50:56]	[Recv]	pinit 2 2|4988603|0|94|@|-1|3206|1|2723|0|0 2|4988592|1|96|@|-1|1548|0|0|0|60

[15:50:56]	[Recv]	cl 2073308 0 0

[15:50:56]	[Recv]	cond 1 2073308 0 0 22

[15:50:56]	[Recv]	out 2 4988603

[15:50:56]	[Recv]	dpski 1 

[15:50:56]	[Recv]	out 2 4988592

[15:50:56]	[Recv]	petski -3

[15:50:56]	[Recv]	cl 2073308 1 0

[15:50:56]	[Recv]	cond 1 2073308 0 0 22

[15:50:56]	[Recv]	cond 1 2073308 0 0 18

[15:50:56]	[Recv]	cl 2073308 2 0

[15:50:56]	[Recv]	bf 1 2073308 0.560.70 99

[15:50:56]	[Recv]	eff 1 2073308 0

[15:50:56]	[Recv]	sayi 1 2073308 20 26 3 560 0 0 0

[15:50:56]	[Recv]	eff 1 2073308 15

[15:50:56]	[Recv]	rc 1 2073308 200 0

[15:50:56]	[Recv]	su 1 2073308 3 5024185 1114 7 11 4260 0 0 1 31 75737 0 0 35170 110907

[15:50:56]	[Recv]	sr 0

[15:50:56]	[Recv]	eff 1 2073308 4013

[15:50:57]	[Recv]	ct 3 5024340 2 5022310 -1 -1 0

[15:50:57]	[Recv]	su 3 5024340 2 5022310 0 10 11 4789 0 0 1 91 502 0 0 84348 92286

[15:50:57]	[Recv]	cond 1 2073308 0 0 15

[15:50:57]	[Recv]	sayi 1 2073308 20 22 3 576 0 0 0

[15:50:57]	[Recv]	bf 1 2073308 0.576.0 99

[15:50:57]	[Recv]	st 2 5022311 95 0 81 100 75184 184572 92286 184572 0

[15:50:57]	[Recv]	eff 2 5022311 7739

[15:50:57]	[Recv]	cond 1 2073308 0 0 15

[15:50:57]	[Recv]	cond 1 2073308 0 0 15

[15:50:57]	[Recv]	cond 1 2073308 0 0 15

[15:50:57]	[Recv]	cond 1 2073308 0 0 15

[15:50:57]	[Send]	u_s 4 3 5024185
[15:50:57]	[Send]	ncif 3 5024185
[15:50:57]	[Recv]	st 2 5022310 95 0 91 100 84348 184572 92286 184572 0

[15:50:57]	[Recv]	eff 2 5022310 7739

[15:50:57]	[Recv]	st 2 5022309 95 0 99 100 91784 184572 92286 184572 0

[15:50:57]	[Recv]	eff 2 5022309 7739

[15:50:57]	[Recv]	cond 1 2073308 0 0 15

[15:50:57]	[Recv]	cond 1 2073308 0 0 15

[15:50:57]	[Recv]	ms_c 0

[15:50:57]	[Recv]	qslot 0 1.1.1 1.1.2 1.1.3 1.1.4 1.1.5 1.1.6 1.1.7 1.1.9 1.1.8 1.1.10 0.1.45 0.2.21 0.1.76 1.1.38 1.3.12 0.1.34 0.1.87 0.-1.-1 0.1.84 0.1.43 1.3.11 1.1.42 1.1.41 1.3.976 0.-1.-1 0.1.70 0.2.143 0.2.25 0.2.27 0.2.26

[15:50:57]	[Recv]	qslot 1 0.-1.-1 0.-1.-1 0.-1.-1 0.-1.-1 0.-1.-1 0.-1.-1 0.-1.-1 0.-1.-1 0.-1.-1 0.-1.-1 0.1.-1 0.1.-1 1.1.41 1.1.42 0.-1.-1 7.7.-1 7.7.-1 7.7.-1 7.7.-1 0.-1.-1 0.-1.-1 0.-1.-1 0.-1.-1 0.-1.-1 0.-1.-1 0.-1.-1 0.-1.-1 0.-1.-1 0.-1.-1 0.-1.-1

[15:50:57]	[Recv]	ct 3 5024179 2 5022311 -1 -1 0

[15:50:57]	[Recv]	su 3 5024179 2 5022311 0 10 11 4789 0 0 1 81 522 0 0 75584 92286

[15:50:57]	[Recv]	ct 1 2073308 3 5024185 30 -1 1118

[15:50:57]	[Recv]	st 3 5024185 99 0 31 100 35170 2828 110907 2828 0

[15:50:57]	[Recv]	eff 1 2073308 212

[15:50:57]	[Recv]	eff 1 2073308 15

[15:50:57]	[Recv]	rc 1 2073308 200 0

[15:50:57]	[Recv]	su 1 2073308 3 5024185 1118 150 44 4268 0 0 0 0 59688 0 0 0 110907

[15:50:57]	[Recv]	lev 99 0 99 0 2140719000 5991794 66993052 2 0 90 917705181 0

[15:50:58]	[Recv]	ct 3 5024341 2 5022311 -1 -1 0

[15:50:58]	[Recv]	su 3 5024341 2 5022311 0 10 11 4789 0 0 1 81 500 0 0 75084 92286

[15:50:58]	[Recv]	guri 3 1 2073308 35 63 3 2 2 -1 0

[15:50:58]	[Recv]	cond 1 2073308 0 0 15

[15:50:58]	[Recv]	cond 1 2073308 0 0 15

[15:50:58]	[Recv]	cond 1 2073308 0 0 15

[15:50:58]	[Recv]	cond 1 2073308 0 0 15

[15:50:58]	[Recv]	ct 3 5024344 2 5022311 -1 -1 0

[15:50:58]	[Recv]	su 3 5024344 2 5022311 0 15 11 4806 0 0 1 80 631 0 0 74453 92286

[15:50:58]	[Recv]	cond 1 2073308 0 0 15

[15:50:58]	[Recv]	cond 1 2073308 0 0 15

[15:50:58]	[Recv]	ct 3 5024192 2 5022311 -1 -1 0

[15:50:58]	[Recv]	su 3 5024192 2 5022311 0 10 11 4789 0 0 1 80 503 0 0 73950 92286

[15:50:58]	[Recv]	ct 3 5024183 2 5022311 -1 -1 0

[15:50:58]	[Recv]	su 3 5024183 2 5022311 0 10 11 4789 0 0 1 79 511 0 0 73439 92286

[15:50:59]	[Recv]	sayi 1 2073308 20 22 3 948 0 0 0

[15:50:59]	[Recv]	bf 1 2073308 0.948.0 99

[15:50:59]	[Recv]	ct 3 5024340 2 5022310 -1 -1 0

[15:50:59]	[Recv]	su 3 5024340 2 5022310 0 10 11 4789 0 0 1 91 531 0 0 84739 92286

[15:50:59]	[Recv]	ct 3 5024333 2 5022310 -1 -1 0

[15:50:59]	[Recv]	su 3 5024333 2 5022310 0 10 11 4789 0 0 1 91 526 0 0 84213 92286

[15:50:59]	[Recv]	ct 3 5023663 2 5022310 -1 -1 0

[15:50:59]	[Recv]	su 3 5023663 2 5022310 0 10 11 4789 0 0 1 90 501 0 0 83712 92286

[15:50:59]	[Recv]	st 2 5022311 95 0 79 100 73439 184572 92286 184572 0

[15:50:59]	[Recv]	cond 1 2073308 0 0 15

[15:50:59]	[Recv]	cond 1 2073308 0 0 15

[15:50:59]	[Recv]	st 2 5022310 95 0 90 100 83712 184572 92286 184572 0

[15:50:59]	[Recv]	st 2 5022309 95 0 100 100 92286 184572 92286 184572 0

[15:50:59]	[Send]	u_ts 758 38 62
[15:50:59]	[Send]	ncif 3 5024179
[15:50:59]	[Recv]	cond 2 4988602 0 0 12

[15:50:59]	[Recv]	c_mode 2 4988602 2343 0 0

[15:50:59]	[Recv]	sc_n 4 2640 4988602 94 1000 473672 991.2.4 996.0.10 317.0.5 321.0.5 0 0 1 4 566 686 820 9 160 10 201 555 264 555 248 3 7 7 110 2 17310 17310 10544 10544 0 291503800 @ 2343 0 4812.100 1318.3 1319.3 1320.7 2138 3 0

[15:50:59]	[Recv]	out 2 4988602

[15:50:59]	[Recv]	in 2 2640 4988602 36 61 2 100 100 0 0 3 2073308 1 0 2343 @ 1 4 0 0 0 0 0 0 0 0 2138 0 3 0

[15:50:59]	[Recv]	pinit 2 2|4988603|0|94|@|-1|3206|1|2723|0|0 2|4988592|1|96|@|-1|1548|0|0|0|60


[15:50:59]	[Recv]	in 2 2640 4988602 36 61 2 100 100 0 0 3 2073308 0 0 2343 @ 1 4 0 0 0 0 0 0 0 0 2138 0 3 0

[15:50:59]	[Recv]	ctl 2 4988602 0 1

[15:50:59]	[Recv]	in 2 822 4988567 40 61 2 100 100 0 0 3 2073308 0 0 -1 @ 1 3 0 0 0 0 0 0 0 0 0 0 4 0

[15:50:59]	[Recv]	ctl 2 4988567 0 1

[15:50:59]	[Recv]	cond 2 4988487 0 0 12

[15:50:59]	[Recv]	c_mode 2 4988487 2323 0 0

[15:50:59]	[Recv]	sc_n 2 319 4988487 99 1000 398653210 990.4.5 997.5.6 -1 -1 0 0 0 5 661 711 543 10 150 6 592 586 461 586 372 2 9 15 9 11 38176 38176 11281 11281 0 428143800 Kliff 2323 0 4809.100 1299.2 1300.4 1301.7 2127 1 0

[15:50:59]	[Recv]	out 2 4988487

[15:50:59]	[Recv]	in 2 319 4988487 40 62 2 100 100 0 0 3 2073308 1 0 2323 Kliff 1 2 0 0 0 0 0 0 0 0 2127 0 1 0

[15:50:59]	[Recv]	pinit 2 2|4988603|0|94|@|-1|3206|1|2723|0|0 2|4988592|1|96|@|-1|1548|0|0|0|60


[15:50:59]	[Recv]	in 2 319 4988487 40 62 2 100 100 0 0 3 2073308 0 0 2323 Kliff 1 2 0 0 0 0 0 0 0 0 2127 0 1 0

[15:50:59]	[Recv]	ctl 2 4988487 0 1

[15:50:59]	[Recv]	cond 2 4988486 0 0 11

[15:50:59]	[Recv]	c_mode 2 4988486 2367 0 0

[15:50:59]	[Recv]	sc_n 0 317 4988486 94 1000 202328 991.2.4 -1 -1 -1 0 0 1 4 558 678 801 9 160 0 88 214 107 214 79 2 1 5 1 1 16921 16921 6757 6757 0 291503800 Bob 2367 0 8239.0 0.0 0.0 0.0 2181 2 0

[15:50:59]	[Recv]	out 2 4988486

[15:50:59]	[Recv]	in 2 317 4988486 39 62 2 100 100 0 0 3 2073308 1 0 2367 Bob 1 0 0 0 0 0 0 0 0 0 2181 0 2 0

[15:50:59]	[Recv]	pinit 2 2|4988603|0|94|@|-1|3206|1|2723|0|0 2|4988592|1|96|@|-1|1548|0|0|0|60


[15:50:59]	[Recv]	in 2 317 4988486 39 62 2 100 100 0 0 3 2073308 0 0 2367 Bob 1 0 0 0 0 0 0 0 0 0 2181 0 2 0

[15:50:59]	[Recv]	ctl 2 4988486 0 1

[15:51:00]	[Recv]	bf 1 2073308 0.1025.200 99

[15:51:00]	[Recv]	sayi 1 2073308 20 26 3 1025 0 0 0

[15:51:00]	[Recv]	team_cool 0 900

[15:51:00]	[Recv]	ct 3 5024179 2 5022311 -1 -1 0

[15:51:00]	[Recv]	su 3 5024179 2 5022311 0 10 11 4789 0 0 1 80 502 0 0 73859 92286

[15:51:00]	[Recv]	su 2 4988567 2 4988567 0 6 11 3601 0 0 1 100 0 2 0 18613 18613

[15:51:00]	[Recv]	st 3 5024179 99 0 2 100 2879 2828 110907 2828 0

[15:51:00]	[Recv]	ct 3 5024341 2 5022311 -1 -1 0

[15:51:00]	[Recv]	su 3 5024341 2 5022311 0 10 11 4789 0 0 1 79 596 0 0 73263 92286

[15:51:00]	[Recv]	cond 1 2073308 0 0 15

[15:51:00]	[Recv]	cond 1 2073308 0 0 15

[15:51:00]	[Recv]	cond 1 2073308 0 0 15

[15:51:00]	[Recv]	cond 1 2073308 0 0 15

[15:51:00]	[Recv]	ct 2 4988486 3 5024327 -1 -1 0

[15:51:00]	[Send]	ncif 3 5024344
[15:51:00]	[Recv]	team_cool 1 0

[15:51:00]	[Recv]	st 3 5024344 99 0 100 100 116032 2828 116032 2828 0

[15:51:00]	[Send]	u_s 1 3 5024344
[15:51:00]	[Recv]	sp 413908 1000000 0 10000

[15:51:00]	[Recv]	su 2 4988486 3 5024327 0 6 11 7130 0 0 1 13 1 0 0 15498 110907

[15:51:00]	[Recv]	ct 2 4988602 3 5024338 -1 -1 0

[15:51:00]	[Recv]	su 2 4988602 3 5024338 0 11 11 4085 0 0 1 78 2942 0 0 87104 110907

[15:51:00]	[Recv]	cond 1 2073308 0 0 15

[15:51:00]	[Recv]	cond 1 2073308 0 0 15

[15:51:00]	[Recv]	ms_c 0

[15:51:00]	[Recv]	qslot 0 1.1.1 1.1.2 1.1.3 1.1.4 1.1.5 1.1.6 1.1.7 1.1.9 1.1.8 1.1.10 0.1.45 0.2.21 0.1.76 1.1.38 1.3.12 0.1.34 0.1.87 0.-1.-1 0.1.84 0.1.43 1.3.11 1.1.42 1.1.41 1.3.976 0.-1.-1 0.1.70 0.2.143 0.2.25 0.2.27 0.2.26

[15:51:00]	[Recv]	qslot 1 0.-1.-1 0.-1.-1 0.-1.-1 0.-1.-1 0.-1.-1 0.-1.-1 0.-1.-1 0.-1.-1 0.-1.-1 0.-1.-1 0.1.-1 0.1.-1 1.1.41 1.1.42 0.-1.-1 7.7.-1 7.7.-1 7.7.-1 7.7.-1 0.-1.-1 0.-1.-1 0.-1.-1 0.-1.-1 0.-1.-1 0.-1.-1 0.-1.-1 0.-1.-1 0.-1.-1 0.-1.-1 0.-1.-1

[15:51:00]	[Recv]	ct 1 2073308 3 5024344 14 4263 1115

[15:51:01]	[Recv]	ct 3 5024192 2 5022311 -1 -1 0

[15:51:01]	[Recv]	su 3 5024192 2 5022311 0 10 11 4789 0 0 1 78 577 0 0 72686 92286

[15:51:01]	[Recv]	ct 3 5024183 2 5022311 -1 -1 0

[15:51:01]	[Recv]	su 3 5024183 2 5022311 0 10 11 4789 0 0 1 78 500 0 0 72186 92286

[15:51:01]	[Recv]	ct 3 5024338 2 4988602 -1 -1 0

[15:51:01]	[Recv]	su 3 5024338 2 4988602 0 10 11 4789 0 0 1 100 0 1 0 17310 17310

[15:51:01]	[Recv]	st 2 5022311 95 0 78 100 72186 184572 92286 184572 0

[15:51:01]	[Recv]	eff 1 2073308 15

[15:51:01]	[Recv]	rc 1 2073308 200 0

[15:51:01]	[Recv]	su 1 2073308 3 5024344 1115 70 12 4264 0 0 0 0 230629 3 0 0 116032

[15:51:01]	[Recv]	lev 99 0 99 0 2140719000 5991794 66993052 2 0 90 917705181 0

[15:51:01]	[Recv]	eff 1 2073308 15

[15:51:01]	[Recv]	su 1 2073308 3 5024341 1115 70 12 4264 0 0 1 25 82441 5 0 28466 110907

[15:51:01]	[Recv]	mslot 1127 -1

[15:51:01]	[Recv]	qset 0 0 1.1.13.0

[15:51:01]	[Recv]	ct 3 5024340 2 5022310 -1 -1 0

[15:51:01]	[Recv]	su 3 5024340 2 5022310 0 10 11 4789 0 0 1 91 598 0 0 84036 92286

[15:51:01]	[Recv]	ct 3 5023663 2 5022310 -1 -1 0

[15:51:01]	[Recv]	su 3 5023663 2 5022310 0 10 11 4789 0 0 1 90 529 0 0 83507 92286

[15:51:01]	[Recv]	st 2 5022310 95 0 90 100 83507 184572 92286 184572 0

[15:51:01]	[Recv]	st 2 5022309 95 0 100 100 92286 184572 92286 184572 0

[15:51:01]	[Recv]	ct 2 4988487 3 5024340 -1 -1 0

[15:51:01]	[Recv]	ct 2 4988567 3 5024192 -1 -1 0

[15:51:01]	[Recv]	cond 1 2073308 0 0 15

[15:51:01]	[Recv]	cond 1 2073308 0 0 15

[15:51:02]	[Send]	ncif 3 5024327
[15:51:02]	[Recv]	su 2 4988487 3 5024340 0 6 11 4035 0 0 1 92 0 1 0 102031 110907

[15:51:02]	[Recv]	su 2 4988567 3 5024192 0 6 11 3601 0 0 1 95 4462 0 0 106445 110907

[15:51:02]	[Recv]	ct 2 4988602 3 5024338 -1 -1 0

[15:51:02]	[Recv]	su 2 4988602 3 5024338 0 11 11 4085 0 0 1 72 6787 0 0 80317 110907

[15:51:02]	[Recv]	st 3 5024327 99 0 13 100 15498 2828 110907 2828 0

[15:51:02]	[Send]	u_s 13 3 5024327
[15:51:02]	[Recv]	sayi2 1 -1  6 1081 20 1 •Vanilla« 4

[15:51:02]	[Recv]	ct 3 5024333 2 5022310 -1 -1 0

[15:51:02]	[Recv]	su 3 5024333 2 5022310 0 10 11 4789 0 0 1 90 529 0 0 83900 92286

[15:51:02]	[Recv]	ct 3 5024327 2 4988486 -1 -1 0

[15:51:02]	[Recv]	su 3 5024327 2 4988486 0 10 11 4789 0 0 1 91 1500 0 0 15421 16921

[15:51:02]	[Recv]	ct 3 5024179 2 5022311 -1 -1 0

[15:51:02]	[Recv]	su 3 5024179 2 5022311 0 10 11 4789 0 0 1 78 570 0 0 72538 92286

[15:51:02]	[Recv]	eff 2 5022311 7739

[15:51:02]	[Recv]	cond 1 2073308 0 0 15

[15:51:02]	[Recv]	cond 1 2073308 0 0 15

[15:51:02]	[Recv]	ct 3 5024341 2 5022311 -1 -1 0

[15:51:02]	[Recv]	su 3 5024341 2 5022311 0 10 11 4789 0 0 1 78 546 0 0 71992 92286

[15:51:02]	[Recv]	ct 2 4988486 3 5024327 -1 -1 0

[15:51:02]	[Recv]	ms_c 0

[15:51:02]	[Recv]	qslot 0 1.1.1 1.1.2 1.1.3 1.1.4 1.1.5 1.1.6 1.1.7 1.1.9 1.1.8 1.1.10 0.1.45 0.2.21 0.1.76 1.1.38 1.3.12 0.1.34 0.1.87 0.-1.-1 0.1.84 0.1.43 1.3.11 1.1.42 1.1.41 1.3.976 0.-1.-1 0.1.70 0.2.143 0.2.25 0.2.27 0.2.26

[15:51:02]	[Recv]	qslot 1 0.-1.-1 0.-1.-1 0.-1.-1 0.-1.-1 0.-1.-1 0.-1.-1 0.-1.-1 0.-1.-1 0.-1.-1 0.-1.-1 0.1.-1 0.1.-1 1.1.41 1.1.42 0.-1.-1 7.7.-1 7.7.-1 7.7.-1 7.7.-1 0.-1.-1 0.-1.-1 0.-1.-1 0.-1.-1 0.-1.-1 0.-1.-1 0.-1.-1 0.-1.-1 0.-1.-1 0.-1.-1 0.-1.-1

[15:51:02]	[Recv]	ct 1 2073308 3 5024327 -1 -1 1127

[15:51:02]	[Recv]	eff 1 2073308 15

[15:51:02]	[Recv]	rc 1 2073308 200 0

[15:51:02]	[Recv]	su 1 2073308 3 5024327 1127 100 22 4284 0 0 0 0 52067 3 0 0 110907

[15:51:02]	[Recv]	lev 99 0 99 0 2140719000 5991794 66993052 2 0 90 917705181 0

[15:51:02]	[Recv]	su 1 2073308 3 5024183 1127 100 22 4284 0 0 1 13 95569 6 0 15327 110907

[15:51:02]	[Recv]	su 1 2073308 3 5024179 -1 0 -1 7687 -1 -1 1 1 1683 0 0

[15:51:02]	[Recv]	bf 3 5024179 0.1921.100 99

[15:51:02]	[Recv]	eff 3 5024179 0

[15:51:02]	[Recv]	eff 1 2073308 15

[15:51:02]	[Recv]	su 1 2073308 3 5024179 1127 100 22 4284 0 0 0 0 53235 6 0 0 110907

[15:51:02]	[Recv]	lev 99 0 99 0 2140719000 5991794 66993052 2 0 90 917705181 0

[15:51:02]	[Recv]	su 2 4988486 2 4988486 0 6 11 7130 0 0 1 91 0 2 0 15421 16921

[15:51:02]	[Recv]	eff 2 5022310 7739

[15:51:02]	[Recv]	eff 2 5022309 7739

[15:51:02]	[Recv]	cond 1 2073308 0 0 15

[15:51:02]	[Recv]	cond 1 2073308 0 0 15

[15:51:02]	[Recv]	ct 2 4988487 3 5024340 -1 -1 0

[15:51:02]	[Recv]	ct 2 4988567 3 5024192 -1 -1 0

[15:51:02]	[Recv]	cond 1 2073308 0 0 15

[15:51:02]	[Recv]	cond 1 2073308 0 0 15

[15:51:03]	[Send]	ncif 3 5024327
[15:51:03]	[Recv]	su 2 4988487 3 5024340 0 6 11 4035 0 0 1 88 4434 0 0 97597 110907

[15:51:03]	[Recv]	su 2 4988567 3 5024192 0 6 11 3601 0 0 1 91 4474 0 0 101971 110907

[15:51:03]	[Recv]	ct 3 5024194 2 5022309 -1 -1 0

[15:51:03]	[Recv]	su 3 5024194 2 5022309 0 10 11 4789 0 0 1 99 526 0 0 91760 92286

[15:51:03]	[Recv]	ct 3 5024192 2 5022311 -1 -1 0

[15:51:03]	[Recv]	su 3 5024192 2 5022311 0 10 11 4789 0 0 1 77 501 0 0 71491 92286

[15:51:03]	[Recv]	ct 3 5024190 2 5022309 -1 -1 0

[15:51:03]	[Recv]	su 3 5024190 2 5022309 0 10 11 4789 0 0 1 98 503 0 0 91257 92286

[15:51:03]	[Recv]	ct 3 5024183 2 5022311 -1 -1 0

[15:51:03]	[Recv]	su 3 5024183 2 5022311 0 10 11 4789 0 0 1 76 503 0 0 70988 92286

[15:51:03]	[Recv]	st 2 5022311 95 0 76 100 70988 184572 92286 184572 0

[15:51:03]	[Recv]	ct 3 5024338 2 4988602 -1 -1 0

[15:51:03]	[Recv]	su 3 5024338 2 4988602 0 10 11 4789 0 0 1 95 739 0 0 16571 17310

[15:51:03]	[Recv]	ct 2 4988602 3 5024338 -1 -1 0

[15:51:03]	[Recv]	su 2 4988602 3 5024338 0 11 11 4085 0 0 1 67 5946 0 0 74371 110907

[15:51:03]	[Send]	u_s 0 3 5024340
[15:51:03]	[Send]	ncif 3 5024340
[15:51:03]	[Recv]	cond 1 2073308 0 0 15

[15:51:03]	[Recv]	cond 1 2073308 0 0 15

[15:51:03]	[Recv]	ct 3 5024340 2 4988487 -1 -1 0

[15:51:03]	[Recv]	su 3 5024340 2 4988487 0 10 11 4789 0 0 1 97 881 0 0 37295 38176

[15:51:03]	[Recv]	ct 3 5023663 2 5022310 -1 -1 0

[15:51:03]	[Recv]	su 3 5023663 2 5022310 0 10 11 4789 0 0 1 90 714 3 0 83186 92286

[15:51:03]	[Recv]	st 2 5022310 95 0 90 100 83186 184572 92286 184572 0

[15:51:03]	[Recv]	st 2 5022309 95 0 98 100 91257 184572 92286 184572 0

[15:51:03]	[Recv]	ct 1 2073308 3 5024340 -1 -1 1114

[15:51:03]	[Recv]	rc 1 2073308 200 0

[15:51:03]	[Recv]	su 1 2073308 3 5024340 1114 7 11 4260 0 0 1 29 65320 3 0 32277 110907

[15:51:03]	[Recv]	st 3 5024340 99 0 29 100 32277 2828 110907 2828 0

[15:51:03]	[Recv]	ct 2 4988487 3 5024340 -1 -1 0

[15:51:03]	[Recv]	ct 2 4988567 3 5024192 -1 -1 0

[15:51:03]	[Recv]	cond 1 2073308 0 0 19

[15:51:03]	[Recv]	cl 2073308 1 0

[15:51:03]	[Recv]	sayi 1 2073308 20 22 3 560 0 0 0

[15:51:03]	[Recv]	in 2 2673 4988603 40 65 2 47 100 0 0 3 2073308 1 0 3206 @ 1 6 1 1880 1881 1882 4237 4238 4239 0 2723 0 0 0

[15:51:03]	[Recv]	cond 2 4988603 0 0 11

[15:51:03]	[Recv]	pski 1880 1881 1882

[15:51:03]	[Recv]	in 2 1548 4988592 40 66 2 70 100 0 0 3 2073308 1 0 -1 @ 2 -1 0 0 0 0 0 0 0 0 0 0 0 6

[15:51:03]	[Recv]	cond 2 4988592 0 0 15

[15:51:03]	[Recv]	petski 334 1831 1798

[15:51:03]	[Recv]	pet_cool2  0 0 0

[15:51:03]	[Recv]	pinit 2 2|4988603|0|94|@|-1|3206|1|2723|0|0 2|4988592|1|96|@|-1|1548|0|0|0|60

[15:51:03]	[Recv]	cl 2073308 0 0

[15:51:03]	[Recv]	cond 1 2073308 0 0 19

[15:51:03]	[Recv]	bf 1 2073308 0.560.0 99

[15:51:03]	[Recv]	bf_d 4 1

[15:51:03]	[Recv]	sayi 1 2073308 20 22 3 565 0 0 0

[15:51:03]	[Recv]	bf 1 2073308 0.565.0 99

[15:51:03]	[Send]	suctl 5443 2 4988603 3 5024340 4988592 3 5024340
[15:51:04]	[Recv]	sc_p 170 1548 4988592 96 548 24146451 0 0 1889 2049 1289 19 90 9 975 627 958 627 866 3 90 90 110 80 40940 57771 18100 18100 1 84982200 0 @ 0 0 6 60 1831 1798 0 100

[15:51:04]	[Recv]	su 2 4988487 3 5024340 0 6 11 4035 0 0 1 29 0 1 0 32277 110907

[15:51:04]	[Recv]	su 2 4988567 3 5024192 0 6 11 3601 0 0 1 91 193 0 0 101778 110907

[15:51:04]	[Recv]	eff 2 4988603 5005

[15:51:04]	[Recv]	eff 2 4988592 5005

[15:51:04]	[Send]	ptctl 5443 2 4988603 44 65 4988592 45 66 4988592 15
[15:51:04]	[Recv]	cond 1 2073308 0 0 19

[15:51:04]	[Recv]	cond 1 2073308 0 0 19

[15:51:04]	[Send]	ptctl 5443 2 4988603 45 65 4988592 46 66 4988592 15
[15:51:04]	[Send]	ncif 3 5024340
[15:51:04]	[Recv]	cond 2 4988603 0 0 15

[15:51:04]	[Recv]	cond 2 4988592 0 0 15

[15:51:04]	[Recv]	cond 1 2073308 0 0 19

[15:51:04]	[Recv]	cond 1 2073308 0 0 19

[15:51:04]	[Send]	u_s 0 3 5024340
[15:51:04]	[Recv]	ct 3 5024333 2 5022310 -1 -1 0

[15:51:04]	[Recv]	su 3 5024333 2 5022310 0 10 11 4789 0 0 1 90 667 3 0 83441 92286

[15:51:04]	[Recv]	ct 2 4988592 3 5024340 -1 -1 0

[15:51:04]	[Recv]	su 2 4988592 3 5024340 0 10 11 0 0 0 1 16 13497 0 0 18780 110907

[15:51:04]	[Recv]	ct 2 4988603 3 5024340 -1 -1 0

[15:51:04]	[Recv]	su 2 4988603 3 5024340 0 12 11 8360 0 0 1 9 8494 0 0 10286 110907

[15:51:04]	[Recv]	ct 2 4988486 3 5024341 -1 -1 0

[15:51:04]	[Recv]	sr 0

[15:51:04]	[Recv]	cond 2 4988603 0 0 15

[15:51:04]	[Recv]	cond 2 4988592 0 0 15

[15:51:04]	[Recv]	st 3 5024340 99 0 9 100 10286 2828 110907 2828 0

[15:51:04]	[Recv]	ct 3 5024341 2 5022311 -1 -1 0

[15:51:04]	[Recv]	su 3 5024341 2 5022311 0 10 11 4789 0 0 1 77 534 0 0 71376 92286

[15:51:04]	[Recv]	su 2 4988486 3 5024341 0 6 11 7130 0 0 1 25 0 4 0 28466 110907

[15:51:04]	[Recv]	cond 1 2073308 0 0 19

[15:51:04]	[Recv]	cond 1 2073308 0 0 19

[15:51:04]	[Recv]	ct 2 4988487 3 5024340 -1 -1 0

[15:51:04]	[Recv]	ct 2 4988567 3 5024192 -1 -1 0

[15:51:04]	[Recv]	ct 2 4988602 3 5024338 -1 -1 0

[15:51:04]	[Recv]	su 2 4988602 3 5024338 0 11 11 4085 0 0 1 61 5837 0 0 68534 110907

[15:51:04]	[Recv]	sr 8

[15:51:04]	[Recv]	ct 1 2073308 3 5024340 -1 -1 1114

[15:51:04]	[Recv]	rc 1 2073308 200 0

[15:51:04]	[Recv]	su 1 2073308 3 5024340 1114 7 11 4260 0 0 0 0 19353 0 0 0 110907

[15:51:04]	[Recv]	lev 99 0 99 0 2140719000 5991794 66993052 2 0 90 917705181 0

[15:51:04]	[Send]	ptctl 5443 1 4988592 43 66 4988592 15
[15:51:04]	[Send]	suctl 5443 1 4988592 3 5024340
[15:51:05]	[Send]	ptctl 5443 2 4988603 47 67 4988592 47 67 4988603 15
[15:51:05]	[Recv]	su 2 4988487 2 4988487 0 6 11 4035 0 0 1 97 0 2 0 37295 38176

[15:51:05]	[Recv]	su 2 4988567 3 5024192 0 6 11 3601 0 0 1 87 4520 0 0 97258 110907

[15:51:05]	[Recv]	cond 2 4988592 0 0 15

[15:51:05]	[Recv]	st 2 5022311 95 0 77 100 71376 184572 92286 184572 0

[15:51:05]	[Send]	ncif 3 5024340
[15:51:05]	[Recv]	cond 1 2073308 0 0 19

[15:51:05]	[Recv]	cond 1 2073308 0 0 19

[15:51:05]	[Recv]	ct 3 5024192 2 5022311 -1 -1 0

[15:51:05]	[Recv]	su 3 5024192 2 5022311 0 10 11 4789 0 0 1 77 558 0 0 71740 92286

[15:51:05]	[Recv]	ct 3 5024190 2 5022309 -1 -1 0

[15:51:05]	[Recv]	su 3 5024190 2 5022309 0 10 11 4789 0 0 1 99 602 0 0 91577 92286

[15:51:05]	[Recv]	ct 3 5024183 2 5022311 -1 -1 0

[15:51:05]	[Recv]	su 3 5024183 2 5022311 0 10 11 4789 0 0 1 77 512 0 0 71228 92286

[15:51:05]	[Recv]	ct 2 4988486 3 5024341 -1 -1 0

[15:51:05]	[Recv]	cond 2 4988603 0 0 15

[15:51:05]	[Recv]	cond 2 4988592 0 0 15

[15:51:05]	[Recv]	sr 0

[15:51:05]	[Send]	ptctl 5443 1 4988603 45 65 4988603 15
[15:51:05]	[Recv]	sp 413898 1000000 0 10000

[15:51:05]	[Recv]	ct 3 5024338 2 4988602 -1 -1 0

[15:51:05]	[Recv]	su 3 5024338 2 4988602 0 10 11 4789 0 0 1 91 767 3 0 15804 17310

[15:51:05]	[Recv]	su 2 4988486 3 5024341 0 6 11 7130 0 0 1 22 3959 0 0 24507 110907

[15:51:05]	[Recv]	st 2 5022310 95 0 90 100 83441 184572 92286 184572 0

[15:51:05]	[Recv]	st 2 5022309 95 0 99 100 91577 184572 92286 184572 0

[15:51:05]	[Recv]	cond 1 2073308 0 0 19

[15:51:05]	[Recv]	cond 1 2073308 0 0 19

[15:51:05]	[Recv]	cond 2 4988603 0 0 15

[15:51:05]	[Recv]	ct 3 5023663 2 5022310 -1 -1 0

[15:51:05]	[Recv]	su 3 5023663 2 5022310 0 10 11 4789 0 0 1 90 705 3 0 83658 92286

[15:51:05]	[Recv]	ct 2 4988567 3 5024192 -1 -1 0

[15:51:06]	[Recv]	su 2 4988567 3 5024192 0 6 11 3601 0 0 1 87 193 0 0 97065 110907

[15:51:06]	[Send]	u_as 7 38 67
[15:51:06]	[Send]	ptctl 5443 2 4988603 45 68 4988592 43 67 4988603 15
[15:51:06]	[Recv]	sayi2 1 -1  6 1081 20 4 ADuckOnQuack ty

[15:51:06]	[Recv]	ct 3 5024194 2 5022309 -1 -1 0

[15:51:06]	[Recv]	su 3 5024194 2 5022309 0 10 11 4789 0 0 1 99 510 0 0 91776 92286

[15:51:06]	[Recv]	ct 2 4988602 3 5024338 -1 -1 0

[15:51:06]	[Recv]	su 2 4988602 3 5024338 0 11 11 4085 0 0 1 56 5963 0 0 62571 110907

[15:51:06]	[Recv]	ms_c 0

[15:51:06]	[Recv]	qslot 0 1.1.1 1.1.2 1.1.3 1.1.4 1.1.5 1.1.6 1.1.7 1.1.9 1.1.8 1.1.10 0.1.45 0.2.21 0.1.76 1.1.38 1.3.12 0.1.34 0.1.87 0.-1.-1 0.1.84 0.1.43 1.3.11 1.1.42 1.1.41 1.3.976 0.-1.-1 0.1.70 0.2.143 0.2.25 0.2.27 0.2.26

[15:51:06]	[Recv]	qslot 1 0.-1.-1 0.-1.-1 0.-1.-1 0.-1.-1 0.-1.-1 0.-1.-1 0.-1.-1 0.-1.-1 0.-1.-1 0.-1.-1 0.1.-1 0.1.-1 1.1.41 1.1.42 0.-1.-1 7.7.-1 7.7.-1 7.7.-1 7.7.-1 0.-1.-1 0.-1.-1 0.-1.-1 0.-1.-1 0.-1.-1 0.-1.-1 0.-1.-1 0.-1.-1 0.-1.-1 0.-1.-1 0.-1.-1

[15:51:06]	[Recv]	ct_n 1 2073308 3 -1 -1 -1 1121

[15:51:06]	[Recv]	cond 2 4988603 0 0 15

[15:51:06]	[Recv]	cond 2 4988592 0 0 15

[15:51:06]	[Send]	ptctl 5443 2 4988603 40 67 4988592 40 67 4988603 15
[15:51:06]	[Recv]	ct 2 4988486 3 5024341 -1 -1 0

[15:51:06]	[Recv]	bs 1 2073308 38 67 1121 120 45 4276 0 0 1 1 0 0 0

[15:51:06]	[Recv]	su 1 2073308 3 5024333 1121 120 45 4276 0 0 0 0 97968 6 0 0 110907

[15:51:06]	[Recv]	lev 99 0 99 0 2140719000 5991794 66993052 2 0 90 917705181 0

[15:51:06]	[Recv]	cond 2 4988603 0 0 15

[15:51:06]	[Recv]	cond 2 4988592 0 0 15

[15:51:06]	[Send]	ptctl 5443 2 4988603 39 67 4988592 39 67 4988603 15
[15:51:06]	[Recv]	su 2 4988486 3 5024341 0 6 11 7130 0 0 1 22 0 4 0 24507 110907

[15:51:06]	[Recv]	cond 1 2073308 0 0 19

[15:51:06]	[Recv]	cond 1 2073308 0 0 19

[15:51:06]	[Recv]	cond 2 4988603 0 0 15

[15:51:06]	[Recv]	cond 2 4988592 0 0 15

[15:51:06]	[Recv]	ct 3 5024341 2 5022311 -1 -1 0

[15:51:06]	[Recv]	su 3 5024341 2 5022311 0 10 11 4789 0 0 1 76 622 3 0 70606 92286

[15:51:06]	[Recv]	ct 2 4988487 3 5024338 -1 -1 0

[15:51:06]	[Recv]	ct 2 4988567 3 5024192 -1 -1 0

[15:51:06]	[Send]	ncif 3 5024190
[15:51:07]	[Recv]	su 2 4988487 3 5024338 0 6 11 4035 0 0 1 56 0 1 0 62571 110907

[15:51:07]	[Recv]	su 2 4988567 3 5024192 0 6 11 3601 0 0 1 83 4531 0 0 92534 110907

[15:51:07]	[Recv]	st 3 5024190 99 0 12 100 14071 2828 110907 2828 0

[15:51:07]	[Recv]	st 2 5022311 95 0 76 100 70606 184572 92286 184572 0

[15:51:07]	[Recv]	eff 2 5022311 7739

[15:51:07]	[Send]	ptctl 5443 1 4988592 34 67 4988592 15
[15:51:07]	[Recv]	ct 2 4988486 3 5024341 -1 -1 0

[15:51:07]	[Recv]	cond 2 4988592 0 0 15

[15:51:07]	[Send]	ptctl 5443 1 4988603 34 67 4988603 15
[15:51:07]	[Recv]	ct 3 5024192 2 5022311 -1 -1 0

[15:51:07]	[Recv]	su 3 5024192 2 5022311 0 10 11 4789 0 0 1 76 592 0 0 70936 92286

[15:51:07]	[Recv]	ct 3 5024190 2 5022309 -1 -1 0

[15:51:07]	[Recv]	su 3 5024190 2 5022309 0 10 11 4789 0 0 1 98 588 0 0 91188 92286

[15:51:07]	[Recv]	ct 3 5024183 2 5022311 -1 -1 0

[15:51:07]	[Recv]	su 3 5024183 2 5022311 0 10 11 4789 0 0 1 76 509 0 0 70427 92286

[15:51:07]	[Recv]	su 2 4988486 3 5024341 0 6 11 7130 0 0 1 22 1 0 0 24506 110907

[15:51:07]	[Recv]	ct 2 4988602 3 5024338 -1 -1 0

[15:51:07]	[Recv]	su 2 4988602 3 5024338 0 11 11 4085 0 0 1 51 5876 0 0 56695 110907

[15:51:07]	[Recv]	st 2 5022310 95 0 90 100 83658 184572 92286 184572 0

[15:51:07]	[Recv]	eff 2 5022310 7739

[15:51:07]	[Recv]	st 2 5022309 95 0 98 100 91188 184572 92286 184572 0

[15:51:07]	[Recv]	eff 2 5022309 7739

[15:51:07]	[Recv]	cond 2 4988603 0 0 15

[15:51:07]	[Recv]	ct 3 5024338 2 4988602 -1 -1 0

[15:51:07]	[Recv]	su 3 5024338 2 4988602 0 10 11 4789 0 0 1 91 0 1 0 15804 17310

[15:51:07]	[Recv]	ct 2 4988487 3 5024338 -1 -1 0

[15:51:07]	[Recv]	ct 2 4988567 3 5024192 -1 -1 0

[15:51:07]	[Send]	ncif 3 5024190
[15:51:08]	[Send]	ptctl 5443 1 4988603 35 67 4988603 15
[15:51:08]	[Send]	suctl 5443 1 4988603 3 5024190
[15:51:08]	[Recv]	ct 3 5023663 1 2073308 -1 -1 0

[15:51:08]	[Recv]	su 3 5023663 1 2073308 0 10 11 4789 0 0 1 95 450 0 0 91649 96297

[15:51:08]	[Recv]	su 2 4988487 3 5024338 0 6 11 4035 0 0 1 51 0 1 0 56695 110907

[15:51:08]	[Recv]	su 2 4988567 3 5024192 0 6 11 3601 0 0 1 83 0 4 0 92534 110907

[15:51:08]	[Recv]	st 3 5024190 99 0 12 100 14071 2828 110907 2828 0

[15:51:08]	[Send]	mtlist 1 3 5023663 
[15:51:08]	[Send]	u_s 10 3 5024190
[15:51:08]	[Recv]	cond 2 4988603 0 0 15

[15:51:08]	[Recv]	sr 1

[15:51:08]	[Recv]	eff 2 4988603 5005

[15:51:08]	[Send]	ptctl 5443 1 4988592 29 67 4988592 15
[15:51:08]	[Recv]	cond 1 2073308 0 0 19

[15:51:08]	[Recv]	cond 1 2073308 0 0 19

[15:51:08]	[Recv]	ct 3 5024194 2 5022309 -1 -1 0

[15:51:08]	[Recv]	su 3 5024194 2 5022309 0 10 11 4789 0 0 1 99 558 0 0 91552 92286

[15:51:08]	[Recv]	ct 2 4988486 3 5024341 -1 -1 0

[15:51:08]	[Recv]	ms_c 0

[15:51:08]	[Recv]	qslot 0 1.1.1 1.1.2 1.1.3 1.1.4 1.1.5 1.1.6 1.1.7 1.1.9 1.1.8 1.1.10 0.1.45 0.2.21 0.1.76 1.1.38 1.3.12 0.1.34 0.1.87 0.-1.-1 0.1.84 0.1.43 1.3.11 1.1.42 1.1.41 1.3.976 0.-1.-1 0.1.70 0.2.143 0.2.25 0.2.27 0.2.26

[15:51:08]	[Recv]	qslot 1 0.-1.-1 0.-1.-1 0.-1.-1 0.-1.-1 0.-1.-1 0.-1.-1 0.-1.-1 0.-1.-1 0.-1.-1 0.-1.-1 0.1.-1 0.1.-1 1.1.41 1.1.42 0.-1.-1 7.7.-1 7.7.-1 7.7.-1 7.7.-1 0.-1.-1 0.-1.-1 0.-1.-1 0.-1.-1 0.-1.-1 0.-1.-1 0.-1.-1 0.-1.-1 0.-1.-1 0.-1.-1 0.-1.-1

[15:51:08]	[Recv]	ct 2 4988603 3 5024190 -1 -1 0

[15:51:08]	[Recv]	su 2 4988603 3 5024190 0 12 11 8360 0 0 1 4 8576 0 0 5495 110907

[15:51:08]	[Recv]	su 2 4988486 3 5024341 0 6 11 7130 0 0 1 22 1 0 0 24505 110907

[15:51:08]	[Recv]	ct 1 2073308 3 5024190 21 4267 1124

[15:51:08]	[Recv]	cond 2 4988592 0 0 15

[15:51:08]	[Recv]	eff 1 2073308 869

[15:51:08]	[Recv]	ct 2 4988487 3 5024338 -1 -1 0

[15:51:08]	[Recv]	ct 2 4988567 3 5024192 -1 -1 0

[15:51:08]	[Send]	ncif 3 5024190
[15:51:09]	[Recv]	ct 3 5024341 2 5022311 -1 -1 0

[15:51:09]	[Recv]	su 3 5024341 2 5022311 0 10 11 4789 0 0 1 75 502 0 0 69925 92286

[15:51:09]	[Recv]	su 2 4988487 3 5024338 0 6 11 4035 0 0 1 51 0 1 0 56695 110907

[15:51:09]	[Recv]	eff 2 4988567 15

[15:51:09]	[Recv]	su 2 4988567 3 5024192 0 6 11 3601 0 0 1 78 5659 0 0 86875 110907

[15:51:09]	[Recv]	ct 2 4988602 3 5024338 -1 -1 0

[15:51:09]	[Recv]	su 2 4988602 3 5024338 0 11 11 4085 0 0 1 45 5901 0 0 50794 110907

[15:51:09]	[Recv]	st 3 5024190 99 0 4 100 5495 2828 110907 2828 0

[15:51:09]	[Send]	ptctl 5443 1 4988592 27 65 4988592 15
[15:51:09]	[Recv]	st 2 5022311 95 0 75 100 69925 184572 92286 184572 0

[15:51:09]	[Recv]	cond 2 4988592 0 0 15

[15:51:09]	[Send]	suctl 5443 1 4988603 3 5024190
[15:51:09]	[Recv]	ct 2 4988486 3 5024341 -1 -1 0

[15:51:09]	[Recv]	eff 2 4988603 5005

[15:51:09]	[Recv]	eff 1 2073308 15

[15:51:09]	[Recv]	rc 1 2073308 200 0

[15:51:09]	[Recv]	su 1 2073308 3 5024190 1124 500 42 4261 0 0 0 0 281957 3 0 0 110907

[15:51:09]	[Recv]	lev 99 0 99 0 2140719000 5991794 66993052 2 0 90 917705181 0

[15:51:09]	[Recv]	su 1 2073308 3 5023663 1124 500 42 4261 0 0 1 12 39868 5 0 13373 110907

[15:51:09]	[Recv]	bf 3 5023663 0.571.20 99

[15:51:09]	[Recv]	bf 3 5023663 0.575.60 99

[15:51:09]	[Send]	suctl 5443 1 4988592 3 5024190
[15:51:09]	[Recv]	su 2 4988486 3 5024341 0 6 11 7130 0 0 1 18 3938 0 0 20567 110907

[15:51:09]	[Recv]	st 2 5022310 95 0 91 100 84580 184572 92286 184572 0

[15:51:09]	[Recv]	st 2 5022309 95 0 99 100 91552 184572 92286 184572 0

[15:51:09]	[Send]	ncif 3 5024194
[15:51:09]	[Recv]	ct 3 5024192 2 5022311 -1 -1 0

[15:51:09]	[Recv]	su 3 5024192 2 5022311 0 10 11 4789 0 0 1 76 501 0 0 70346 92286

[15:51:09]	[Recv]	ct 3 5024183 2 5022311 -1 -1 0

[15:51:09]	[Recv]	su 3 5024183 2 5022311 0 10 11 4789 0 0 1 75 602 3 0 69744 92286

[15:51:09]	[Recv]	ct 2 4988487 3 5024338 -1 -1 0

[15:51:09]	[Recv]	ct 2 4988567 3 5024192 -1 -1 0

[15:51:09]	[Recv]	st 3 5024194 99 0 89 100 99222 2828 110907 2828 0

[15:51:10]	[Recv]	ct 3 5024338 2 4988487 -1 -1 0

[15:51:10]	[Recv]	su 3 5024338 2 4988487 0 10 11 4789 0 0 1 95 905 0 0 36390 38176

[15:51:10]	[Recv]	su 2 4988487 3 5024338 0 6 11 4035 0 0 1 41 4437 0 0 46357 110907

[15:51:10]	[Recv]	su 2 4988567 3 5024192 0 6 11 3601 0 0 1 74 4518 0 0 82357 110907

[15:51:10]	[Send]	ptctl 5443 2 4988603 30 67 4988592 29 64 4988603 15
[15:51:10]	[Recv]	cond 1 2073308 0 0 19

[15:51:10]	[Recv]	cond 1 2073308 0 0 19

[15:51:10]	[Recv]	cond 2 4988603 0 0 15

[15:51:10]	[Recv]	cond 2 4988592 0 0 15

[15:51:10]	[Recv]	gcon 613441|0|25070115

[15:51:10]	[Recv]	ginfo Sanguinarius Dante† 0 24 31085000 32210200 116 150 3 1 0 1 1 2 1 1 5kk^skladka/fees-^more^info^on^dc->^skladki/fees

[15:51:10]	[Recv]	ct 2 4988486 3 5024341 -1 -1 0

[15:51:10]	[Recv]	ct 2 4988602 3 5024338 -1 -1 0

[15:51:10]	[Recv]	su 2 4988602 3 5024338 0 11 11 4085 0 0 1 41 0 4 0 46357 110907

[15:51:10]	[Send]	ptctl 5443 1 4988603 31 67 4988603 15
[15:51:10]	[Send]	suctl 5443 1 4988603 3 5024194
[15:51:10]	[Recv]	sp 413888 1000000 0 10000

[15:51:10]	[Recv]	ct 3 5024194 2 5022309 -1 -1 0

[15:51:10]	[Recv]	su 3 5024194 2 5022309 0 10 11 4789 0 0 1 99 556 0 0 91730 92286

[15:51:10]	[Recv]	su 2 4988486 3 5024341 0 6 11 7130 0 0 1 18 0 4 0 20567 110907

[15:51:10]	[Recv]	cond 2 4988603 0 0 15

[15:51:10]	[Send]	u_s 1 3 5024194
[15:51:10]	[Send]	ptctl 5443 1 4988592 26 64 4988592 15
[15:51:10]	[Send]	ncif 3 5024194
[15:51:10]	[Recv]	ct 2 4988487 3 5024338 -1 -1 0

[15:51:10]	[Recv]	ct 2 4988567 3 5024192 -1 -1 0

[15:51:10]	[Recv]	eff 2 4988603 5005

[15:51:10]	[Recv]	cond 1 2073308 0 0 19

[15:51:10]	[Recv]	cond 1 2073308 0 0 19

[15:51:11]	[Recv]	su 2 4988487 3 5024338 0 6 11 4035 0 0 1 41 0 1 0 46357 110907

[15:51:11]	[Recv]	su 2 4988567 3 5024192 0 6 11 3601 0 0 1 74 199 0 0 82158 110907

[15:51:11]	[Recv]	ms_c 0

[15:51:11]	[Recv]	qslot 0 1.1.1 1.1.2 1.1.3 1.1.4 1.1.5 1.1.6 1.1.7 1.1.9 1.1.8 1.1.10 0.1.45 0.2.21 0.1.76 1.1.38 1.3.12 0.1.34 0.1.87 0.-1.-1 0.1.84 0.1.43 1.3.11 1.1.42 1.1.41 1.3.976 0.-1.-1 0.1.70 0.2.143 0.2.25 0.2.27 0.2.26

[15:51:11]	[Recv]	qslot 1 0.-1.-1 0.-1.-1 0.-1.-1 0.-1.-1 0.-1.-1 0.-1.-1 0.-1.-1 0.-1.-1 0.-1.-1 0.-1.-1 0.1.-1 0.1.-1 1.1.41 1.1.42 0.-1.-1 7.7.-1 7.7.-1 7.7.-1 7.7.-1 0.-1.-1 0.-1.-1 0.-1.-1 0.-1.-1 0.-1.-1 0.-1.-1 0.-1.-1 0.-1.-1 0.-1.-1 0.-1.-1 0.-1.-1

[15:51:11]	[Recv]	ct 1 2073308 3 5024194 14 4263 1115

[15:51:11]	[Recv]	cond 2 4988592 0 0 15

[15:51:11]	[Recv]	ct 3 5024341 2 5022311 -1 -1 0

[15:51:11]	[Recv]	su 3 5024341 2 5022311 0 10 11 4789 0 0 1 75 503 0 0 69241 92286

[15:51:11]	[Recv]	ct 2 4988603 3 5024194 -1 -1 0

[15:51:11]	[Recv]	su 2 4988603 3 5024194 0 12 11 8360 0 0 1 81 8593 0 0 90629 110907

[15:51:11]	[Recv]	st 2 5022311 95 0 75 100 69241 184572 92286 184572 0

[15:51:11]	[Recv]	st 3 5024194 99 0 81 100 90629 2828 110907 2828 0

[15:51:11]	[Send]	suctl 5443 1 4988592 3 5024194
[15:51:11]	[Recv]	ct 2 4988486 3 5024341 -1 -1 0

[15:51:11]	[Recv]	eff 1 2073308 15

[15:51:11]	[Recv]	rc 1 2073308 200 0

[15:51:11]	[Recv]	su 1 2073308 3 5024194 1115 70 12 4264 0 0 1 37 48719 3 0 41910 110907

[15:51:11]	[Recv]	eff 2 4988592 5005

[15:51:11]	[Recv]	su 2 4988486 3 5024341 0 6 11 7130 0 0 1 18 0 4 0 20567 110907

[15:51:11]	[Recv]	st 2 5022310 95 0 92 100 85502 184572 92286 184572 0

[15:51:11]	[Recv]	st 2 5022309 95 0 99 100 91730 184572 92286 184572 0

[15:51:11]	[Send]	ncif 3 5024194
[15:51:11]	[Recv]	ct 3 5023663 1 2073308 -1 -1 0

[15:51:11]	[Recv]	ct 2 4988592 3 5024194 -1 -1 0

[15:51:11]	[Recv]	su 2 4988592 3 5024194 0 10 11 0 0 0 1 37 0 1 0 41910 110907

[15:51:11]	[Recv]	ct 2 4988487 3 5024338 -1 -1 0

[15:51:11]	[Recv]	ct 2 4988567 3 5024192 -1 -1 0

[15:51:11]	[Recv]	ct 2 4988602 3 5024338 -1 -1 0

[15:51:11]	[Recv]	su 2 4988602 3 5024338 0 11 11 4085 0 0 1 39 2945 0 0 43412 110907

[15:51:11]	[Recv]	st 3 5024194 99 0 37 100 41910 2828 110907 2828 0

[15:51:11]	[Send]	suctl 5443 1 4988603 3 5024194
[15:51:12]	[Recv]	ct 3 5024192 2 5022311 -1 -1 0

[15:51:12]	[Recv]	su 3 5024192 2 5022311 0 10 11 4789 0 0 1 75 542 0 0 69621 92286

[15:51:12]	[Recv]	ct 3 5024183 2 5022311 -1 -1 0

[15:51:12]	[Recv]	su 3 5024183 2 5022311 0 10 11 4789 0 0 1 74 502 0 0 69119 92286

[15:51:12]	[Recv]	su 3 5023663 1 2073308 0 10 11 4789 0 0 1 95 450 0 0 91599 96297

[15:51:12]	[Recv]	su 2 4988487 3 5024338 0 6 11 4035 0 0 1 39 0 1 0 43412 110907

[15:51:12]	[Recv]	eff 2 4988567 15

[15:51:12]	[Recv]	su 2 4988567 3 5024192 0 6 11 3601 0 0 1 73 327 0 0 81831 110907

[15:51:12]	[Recv]	eff 2 4988603 5005

[15:51:12]	[Recv]	ct 3 5024338 2 4988602 -1 -1 0

[15:51:12]	[Recv]	su 3 5024338 2 4988602 0 10 11 4789 0 0 1 86 785 0 0 15019 17310

[15:51:12]	[Recv]	eff 2 5022311 7739

[15:51:12]	[Recv]	cond 1 2073308 0 0 19

[15:51:12]	[Recv]	cond 1 2073308 0 0 19

[15:51:12]	[Send]	u_s 0 3 5024194
[15:51:12]	[Send]	suctl 5443 1 4988592 3 5024194
[15:51:12]	[Recv]	ct 2 4988486 3 5024341 -1 -1 0

[15:51:12]	[Recv]	sr 13

[15:51:12]	[Recv]	su 2 4988486 3 5024341 0 6 11 7130 0 0 1 15 3928 0 0 16639 110907

[15:51:12]	[Recv]	eff 2 5022310 7739

[15:51:12]	[Recv]	eff 2 5022309 7739

[15:51:12]	[Recv]	ct 1 2073308 3 5024194 -1 -1 1114

[15:51:12]	[Recv]	eff 1 2073308 15

[15:51:12]	[Recv]	rc 1 2073308 200 0

[15:51:12]	[Recv]	su 1 2073308 3 5024194 1114 7 11 4260 0 0 0 0 45478 0 0 0 110907

[15:51:12]	[Recv]	lev 99 0 99 0 2140719000 5991794 66993052 2 0 90 917705181 0

[15:51:12]	[Send]	ncif 3 5023663
[15:51:12]	[Recv]	ct 2 4988487 3 5024338 -1 -1 0

[15:51:12]	[Recv]	ct 2 4988567 3 5024192 -1 -1 0

[15:51:12]	[Recv]	sr 4

[15:51:12]	[Recv]	st 3 5023663 99 0 12 100 13373 2828 110907 2828 0 575.99

[15:51:13]	[Recv]	su 2 4988487 3 5024338 0 6 11 4035 0 0 1 35 4424 0 0 38988 110907

[15:51:13]	[Recv]	su 2 4988567 3 5024192 0 6 11 3601 0 0 1 73 0 4 0 81831 110907

[15:51:13]	[Recv]	ct 2 4988602 3 5024338 -1 -1 0

[15:51:13]	[Recv]	su 2 4988602 3 5024338 0 11 11 4085 0 0 1 32 2978 0 0 36010 110907

[15:51:13]	[Recv]	st 2 5022311 95 0 74 100 69119 184572 92286 184572 0

[15:51:13]	[Send]	suctl 5443 1 4988603 3 5023663
[15:51:13]	[Recv]	sr 0

[15:51:13]	[Recv]	ct 3 5024341 2 5022311 -1 -1 0

[15:51:13]	[Recv]	su 3 5024341 2 5022311 0 10 11 4789 0 0 1 75 563 0 0 69478 92286

[15:51:13]	[Recv]	ct 2 4988486 3 5024341 -1 -1 0

[15:51:13]	[Recv]	eff 2 4988603 5005

[15:51:13]	[Send]	u_s 0 3 5023663
[15:51:13]	[Send]	ptctl 5443 1 4988592 31 64 4988592 15
[15:51:13]	[Recv]	su 2 4988486 3 5024341 0 6 11 7130 0 0 1 5 10790 3 0 5849 110907

[15:51:13]	[Recv]	st 2 5022310 95 0 93 100 86424 184572 92286 184572 0

[15:51:13]	[Recv]	st 2 5022309 95 0 100 100 92286 184572 92286 184572 0

[15:51:13]	[Recv]	ct 1 2073308 3 5023663 -1 -1 1114

[15:51:13]	[Recv]	su 1 2073308 3 5023663 1114 7 11 4260 0 0 1 12 0 4 0 13373 110907

[15:51:13]	[Recv]	eff 1 2073308 869

[15:51:13]	[Recv]	cond 2 4988592 0 0 15

[15:51:13]	[Send]	ncif 3 5023663
[15:51:13]	[Recv]	ct 2 4988603 3 5023663 -1 -1 0

[15:51:13]	[Recv]	su 2 4988603 3 5023663 0 12 11 8360 0 0 1 4 8473 0 0 4900 110907

[15:51:13]	[Recv]	ct 2 4988487 3 5024338 -1 -1 0

[15:51:13]	[Recv]	ct 2 4988567 3 5024192 -1 -1 0

[15:51:13]	[Recv]	st 3 5023663 99 0 4 100 4900 2828 110907 2828 0 575.99

[15:51:14]	[Recv]	sc_p 170 1548 4988592 96 547 24147011 0 0 1889 2049 1289 19 90 9 975 627 958 627 866 3 90 90 110 80 40940 57771 18100 18100 1 84982200 0 @ 0 0 6 60 1831 1798 0 100

[15:51:14]	[Recv]	su 2 4988487 3 5024338 0 6 11 4035 0 0 1 28 4428 0 0 31582 110907

[15:51:14]	[Recv]	su 2 4988567 3 5024192 0 6 11 3601 0 0 1 73 189 0 0 81642 110907

[15:51:14]	[Recv]	ct 3 5024192 2 5022311 -1 -1 0

[15:51:14]	[Recv]	su 3 5024192 2 5022311 0 10 11 4789 0 0 1 74 548 0 0 68930 92286

[15:51:14]	[Recv]	ct 3 5024183 2 5022311 -1 -1 0

[15:51:14]	[Recv]	su 3 5024183 2 5022311 0 10 11 4789 0 0 1 74 556 0 0 68374 92286

[15:51:14]	[Recv]	ct 3 5023663 1 2073308 -1 -1 0

[15:51:14]	[Send]	ptctl 5443 1 4988592 36 66 4988592 15
[15:51:14]	[Send]	u_ts 759 51 65
[15:51:14]	[Recv]	ct 3 5024338 2 4988602 -1 -1 0

[15:51:14]	[Recv]	su 3 5024338 2 4988602 0 10 11 4789 0 0 1 82 752 0 0 14267 17310

[15:51:14]	[Recv]	su 3 5023663 1 2073308 0 10 11 4789 0 0 1 95 0 1 0 91799 96297

[15:51:14]	[Recv]	ct 2 4988486 3 5024341 -1 -1 0

[15:51:14]	[Recv]	sr 0

[15:51:14]	[Recv]	cond 2 4988592 0 0 15

[15:51:14]	[Send]	suctl 5443 1 4988603 3 5023663
[15:51:14]	[Recv]	su 2 4988486 3 5024341 0 6 11 7130 0 0 1 5 0 4 0 5849 110907

[15:51:14]	[Recv]	ct 2 4988602 3 5024338 -1 -1 0

[15:51:14]	[Recv]	su 2 4988602 3 5024338 0 11 11 4085 0 0 1 23 5901 0 0 25681 110907

[15:51:14]	[Recv]	in 2 2709 4988615 50 65 2 100 100 0 0 3 2073308 0 0 -1 @ 2 -1 0 0 0 0 0 0 7549 0 0 0 8 4

[15:51:14]	[Recv]	ctl 2 4988615 0 1

[15:51:14]	[Recv]	in 2 2708 4988614 53 67 2 100 100 0 0 3 2073308 0 0 -1 Oso^polar^Grunidos 2 -1 0 0 0 0 0 0 0 0 0 0 6 3

[15:51:14]	[Recv]	ctl 2 4988614 0 1

[15:51:14]	[Recv]	in 2 670 4988544 50 63 2 100 100 0 0 3 2073308 0 0 -1 Fibi^Friggus 2 -1 0 0 0 0 0 0 0 0 0 0 5 3

[15:51:14]	[Recv]	ctl 2 4988544 0 1

[15:51:14]	[Recv]	in 2 567 4988523 50 66 2 100 100 0 0 0 2073308 0 0 -1 Hada^oval 2 -1 0 0 0 0 0 0 0 0 0 0 7 3

[15:51:14]	[Recv]	ctl 2 4988523 0 1

[15:51:14]	[Recv]	bf 1 2073308 0.1026.200 99

[15:51:14]	[Recv]	sayi 1 2073308 20 26 3 1026 0 0 0

[15:51:14]	[Recv]	team_cool 1 900

[15:51:14]	[Send]	ptctl 5443 2 4988603 36 66 4988592 38 64 4988603 15
[15:51:14]	[Recv]	eff 2 4988603 5005

[15:51:14]	[Recv]	sc_p 7 670 4988544 97 2985 19789695 2 2 1093 1265 70 4 70 8 559 604 523 604 576 2 67 87 77 67 50845 50845 31831 31831 0 92185200 1 Fibi^Friggus 0 5 3 30 1798 1825 0 1080

[15:51:14]	[Recv]	eff 2 4988544 3007

[15:51:14]	[Recv]	sc_p 6 2708 4988614 94 2977 150447 0 1 908 1116 696 14 90 4 460 550 428 550 375 3 65 65 75 55 38913 38913 5790 5790 0 72875950 0 Oso^polar^Grunidos 0 6 3 20 1797 1818 11 500

[15:51:14]	[Recv]	sc_p 0 2709 4988615 94 1788 11595282 1 0 1086 1264 1063 14 240 0 539 627 565 627 516 0 32 32 32 32 28975 28975 12890 12890 0 72875950 0 @ 0 8 4 28 1818 1825 201 930

[15:51:14]	[Recv]	ct 2 4988487 3 5024338 -1 -1 0

[15:51:14]	[Recv]	ct 2 4988567 3 5024192 -1 -1 0

[15:51:14]	[Recv]	cond 1 2073308 0 0 19

[15:51:14]	[Recv]	cond 1 2073308 0 0 19

[15:51:14]	[Send]	ncif 3 5023663
[15:51:14]	[Recv]	cond 2 4988603 0 0 15

[15:51:14]	[Recv]	cond 2 4988592 0 0 15

[15:51:15]	[Send]	u_s 0 3 5023663
[15:51:15]	[Send]	ptctl 5443 1 4988592 36 66 4988592 15
[15:51:15]	[Recv]	su 2 4988487 3 5024338 0 6 11 4035 0 0 1 23 0 1 0 25681 110907

[15:51:15]	[Recv]	su 2 4988567 3 5024192 0 6 11 3601 0 0 1 73 193 0 0 81449 110907

[15:51:15]	[Recv]	st 3 5023663 99 0 4 100 4900 2828 110907 2828 0 575.99

[15:51:15]	[Recv]	cond 1 2073308 0 0 19

[15:51:15]	[Recv]	cond 1 2073308 0 0 19

[15:51:15]	[Recv]	st 2 5022311 95 0 74 100 68374 184572 92286 184572 0

[15:51:15]	[Recv]	ct 1 2073308 3 5023663 -1 -1 1114

[15:51:15]	[Recv]	rc 1 2073308 200 0

[15:51:15]	[Recv]	su 1 2073308 3 5023663 1114 7 11 4260 0 0 0 0 82575 3 0 0 110907

[15:51:15]	[Recv]	lev 99 0 99 0 2140719000 5991794 66993052 2 0 90 917705181 0

[15:51:15]	[Recv]	cond 2 4988592 0 0 15

[15:51:15]	[Recv]	ct 2 4988544 3 5024192 -1 -1 0

[15:51:15]	[Recv]	ct 2 4988486 3 5024341 -1 -1 0

[15:51:15]	[Send]	suctl 5443 1 4988592 3 5023663
[15:51:15]	[Send]	ptctl 5443 2 4988603 41 66 4988592 41 66 4988603 15
[15:51:15]	[Recv]	sp 413878 1000000 0 10000

[15:51:15]	[Recv]	ct 3 5024341 2 5022311 -1 -1 0

[15:51:15]	[Recv]	su 3 5024341 2 5022311 0 10 11 4789 0 0 1 74 539 0 0 68757 92286

[15:51:15]	[Recv]	eff 3 5024192 35

[15:51:15]	[Recv]	su 2 4988544 3 5024192 0 8 11 4398 0 0 1 68 5183 0 0 76266 110907

[15:51:15]	[Recv]	eff 2 4988486 15

[15:51:15]	[Recv]	su 2 4988486 3 5024341 0 6 11 7130 0 0 1 1 5160 0 0 689 110907

[15:51:15]	[Recv]	st 2 5022310 95 0 94 100 87346 184572 92286 184572 0

[15:51:15]	[Recv]	st 2 5022309 95 0 100 100 92286 184572 92286 184572 0

[15:51:15]	[Recv]	cond 1 2073308 0 0 19

[15:51:15]	[Recv]	cond 1 2073308 0 0 19

[15:51:15]	[Recv]	ct 2 4988615 3 5024341 -1 -1 0

[15:51:15]	[Recv]	su 2 4988615 3 5024341 0 5 11 7548 0 0 0 0 3923 0 0 0 110907

[15:51:15]	[Recv]	lev 99 0 99 0 2140719000 5991794 66993052 2 0 90 917705181 0

[15:51:15]	[Recv]	ct 2 4988487 3 5024338 -1 -1 0

[15:51:15]	[Recv]	ct 2 4988567 3 5024192 -1 -1 0

[15:51:15]	[Recv]	cond 2 4988603 0 0 15

[15:51:15]	[Recv]	cond 2 4988592 0 0 15

[15:51:16]	[Recv]	su 2 4988487 3 5024338 0 6 11 4035 0 0 1 23 0 1 0 25681 110907

[15:51:16]	[Recv]	su 2 4988567 3 5024192 0 6 11 3601 0 0 1 64 4524 0 0 71742 110907

[15:51:16]	[Recv]	ct 2 4988602 3 5024338 -1 -1 0

[15:51:16]	[Recv]	eff 2 4988602 15

[15:51:16]	[Recv]	su 2 4988602 3 5024338 0 11 11 4085 0 0 1 19 3615 3 0 22066 110907

[15:51:16]	[Recv]	sr 0

[15:51:16]	[Send]	ncif 3 5024338
[15:51:16]	[Send]	u_s 8 3 5024338
[15:51:16]	[Send]	suctl 5443 1 4988603 3 5024338
[15:51:16]	[Recv]	st 3 5024338 99 0 19 100 22066 2828 110907 2828 0

[15:51:16]	[Recv]	cond 1 2073308 0 0 19

[15:51:16]	[Recv]	cond 1 2073308 0 0 19

[15:51:16]	[Send]	ptctl 5443 1 4988592 43 65 4988592 15
[15:51:16]	[Recv]	finfo 3654050.0.Ambro420 4038466.1.*Boss95* 4032759.1.•Van_Heert•™ 6938689.0.LimitiMioPadre 4371592.0.STa®†a©R 6866129.0.Amnesya92 3393597.1.°Lordone24° 5527355.0.SugmaDeek 3988345.1.IMissYou 613441.0.ADuckOnQuack 6544388.0.SerowyNachoo 4351664.0.»Ja©k™ 1246372.0.!Ice! 3650626.0.DarkAngeeL 4286434.0.Salvanto2 5664515.0.Vixerin 3559057.0.~Frizz 7593876.0.Gang404 4368426.1.~Blackurio 957916.0.lusikill 2935710.0.#Rey1# 3467154.0.[St]Grippato 2939098.0.GorGoJo 3343263.0.Ansatsu 1638277.0.Memed 4357105.0.•Rosengarten 6623637.0.K?ndeer 1213513.0.Anny_ 7147719.0.Mortanciia 6680510.1.‡Ejzi‡ 2460434.0.Jon07 5635569.0.vladzio 2620775.0.·Tenzo 7163132.0.Frigus_One 1189318.0.VelveD 6973700.1.Douv 2360335.0.All730 4338026.0.redelfuoco9 5650090.0.Yoru_Sutoka 4304835.1.~DarkMrrn 7149833.1.Vistrooo 4074353.0.ImExelliuM

[15:51:16]	[Recv]	ct 3 5024183 2 5022311 -1 -1 0

[15:51:16]	[Recv]	su 3 5024183 2 5022311 0 10 11 4789 0 0 1 74 500 0 0 68257 92286

[15:51:16]	[Recv]	ct 2 4988486 3 5024183 -1 -1 0

[15:51:16]	[Recv]	ms_c 0

[15:51:16]	[Recv]	qslot 0 1.1.1 1.1.2 1.1.3 1.1.4 1.1.5 1.1.6 1.1.7 1.1.9 1.1.8 1.1.10 0.1.45 0.2.21 0.1.76 1.1.38 1.3.12 0.1.34 0.1.87 0.-1.-1 0.1.84 0.1.43 1.3.11 1.1.42 1.1.41 1.3.976 0.-1.-1 0.1.70 0.2.143 0.2.25 0.2.27 0.2.26

[15:51:16]	[Recv]	qslot 1 0.-1.-1 0.-1.-1 0.-1.-1 0.-1.-1 0.-1.-1 0.-1.-1 0.-1.-1 0.-1.-1 0.-1.-1 0.-1.-1 0.1.-1 0.1.-1 1.1.41 1.1.42 0.-1.-1 7.7.-1 7.7.-1 7.7.-1 7.7.-1 0.-1.-1 0.-1.-1 0.-1.-1 0.-1.-1 0.-1.-1 0.-1.-1 0.-1.-1 0.-1.-1 0.-1.-1 0.-1.-1 0.-1.-1

[15:51:16]	[Recv]	ct 1 2073308 3 5024338 -1 -1 1122

[15:51:16]	[Recv]	eff 2 4988603 5005

[15:51:16]	[Send]	ptctl 5443 1 4988592 38 63 4988592 15
[15:51:16]	[Recv]	ct 3 5024338 2 4988602 -1 -1 0

[15:51:16]	[Recv]	su 3 5024338 2 4988602 0 10 11 4789 0 0 1 82 0 1 0 14267 17310

[15:51:16]	[Recv]	ct 2 4988523 3 5024192 -1 -1 0

[15:51:16]	[Recv]	eff 2 4988486 15

[15:51:16]	[Recv]	su 2 4988486 3 5024183 0 6 11 7130 0 0 1 10 3510 0 0 11817 110907

[15:51:16]	[Recv]	eff 1 2073308 15

[15:51:16]	[Recv]	rc 1 2073308 200 0

[15:51:16]	[Recv]	su 1 2073308 3 5024338 1122 150 41 4268 0 0 0 0 234303 3 0 0 110907

[15:51:16]	[Recv]	in 3 2371 5024593 40 67 2 100 100 0 0 0 -1 0 0 -1 - 0 -1 0 0 0 0 0 0 0 0 0 0 0 0

[15:51:16]	[Recv]	guri 31 1 2073308 40 67

[15:51:16]	[Recv]	lev 99 0 99 0 2140719000 5991794 66993052 2 0 90 917705181 0

[15:51:16]	[Recv]	mslot 1125 -1

[15:51:16]	[Recv]	qset 0 8 1.1.11.0

[15:51:16]	[Recv]	cond 1 2073308 0 0 19

[15:51:16]	[Recv]	bf 1 2073308 0.4254.80 99

[15:51:16]	[Recv]	sayi 1 2073308 20 26 3 4254 0 0 0

[15:51:16]	[Recv]	sayi 1 2073308 20 23 3 4254 0 0 0

[15:51:16]	[Recv]	cond 2 4988592 0 0 15

[15:51:16]	[Recv]	cond 2 4988592 0 0 15

[15:51:16]	[Recv]	die 3 5024593 3 5024593

[15:51:16]	[Recv]	su 2 4988523 3 5024192 0 11 11 4742 0 0 1 64 0 4 0 71742 110907

[15:51:16]	[Recv]	ct 2 4988603 3 5024338 -1 -1 0

[15:51:16]	[Recv]	su 2 4988603 2 4988603 0 12 11 8360 0 0 1 48 0 2 0 9336 19451

[15:51:16]	[Recv]	ct 2 4988487 3 5024338 -1 -1 0

[15:51:16]	[Recv]	ct 2 4988567 3 5024192 -1 -1 0

[15:51:17]	[Recv]	ct 2 4988615 3 5024192 -1 -1 0

[15:51:17]	[Recv]	su 2 4988615 3 5024192 0 12 11 7548 0 0 1 64 1 3 0 71741 110907

[15:51:17]	[Recv]	su 2 4988487 2 4988487 0 6 11 4035 0 0 1 95 0 2 0 36390 38176

[15:51:17]	[Recv]	su 2 4988567 3 5024192 0 6 11 3601 0 0 1 60 4418 0 0 67323 110907

[15:51:17]	[Send]	ptctl 5443 2 4988603 46 66 4988592 46 65 4988603 15
[15:51:17]	[Recv]	st 2 5022311 95 0 74 100 68257 184572 92286 184572 0

[15:51:17]	[Recv]	eff 2 5022311 7739

[15:51:17]	[Recv]	cond 1 2073308 0 0 19

[15:51:17]	[Recv]	cond 1 2073308 0 0 19

[15:51:17]	[Send]	ptctl 5443 2 4988603 47 66 4988592 47 65 4988603 15
[15:51:17]	[Recv]	cond 2 4988603 0 0 15

[15:51:17]	[Recv]	cond 2 4988592 0 0 15

[15:51:17]	[Recv]	ct 2 4988486 3 5024183 -1 -1 0

[15:51:17]	[Recv]	cond 2 4988603 0 0 15

[15:51:17]	[Recv]	cond 2 4988592 0 0 15

[15:51:17]	[Recv]	su 2 4988486 3 5024183 0 6 11 7130 0 0 1 10 0 4 0 11817 110907

[15:51:17]	[Recv]	st 2 5022310 95 0 95 100 88268 184572 92286 184572 0

[15:51:17]	[Recv]	eff 2 5022310 7739

[15:51:17]	[Recv]	st 2 5022309 95 0 100 100 92286 184572 92286 184572 0

[15:51:17]	[Recv]	eff 2 5022309 7739

[15:51:17]	[Recv]	ct 2 4988567 3 5024192 -1 -1 0

[15:51:17]	[Send]	ncif 3 5024183
[15:51:17]	[Send]	ptctl 5443 1 4988603 44 66 4988603 15
[15:51:17]	[Send]	suctl 5443 1 4988603 3 5024183
[15:51:18]	[Send]	ptctl 5443 1 4988592 49 64 4988592 15
[15:51:18]	[Send]	mtlist 3 3 5024192 2 4988486 2 4988592 
[15:51:18]	[Send]	u_s 11 3 5024183
[15:51:18]	[Recv]	su 2 4988567 3 5024192 0 6 11 3601 0 0 1 60 0 4 0 67323 110907

[15:51:18]	[Recv]	st 3 5024183 99 0 10 100 11817 2828 110907 2828 0

[15:51:18]	[Recv]	cond 2 4988603 0 0 15

[15:51:18]	[Recv]	ct 2 4988544 3 5024192 -1 -1 0

[15:51:18]	[Recv]	eff 2 4988603 5005

[15:51:18]	[Recv]	cond 2 4988592 0 0 15

[15:51:18]	[Recv]	su 2 4988544 3 5024192 0 10 11 4398 0 0 1 56 5151 0 0 62172 110907

[15:51:18]	[Recv]	ct 2 4988486 3 5024183 -1 -1 0

[15:51:18]	[Recv]	sr 1

[15:51:18]	[Recv]	sr 7

[15:51:18]	[Recv]	cond 1 2073308 0 0 19

[15:51:18]	[Recv]	cond 1 2073308 0 0 19

[15:51:18]	[Send]	suctl 5443 1 4988592 3 5024183
[15:51:18]	[Recv]	ct 3 5024183 2 4988592 -1 -1 0

[15:51:18]	[Recv]	su 3 5024183 2 4988592 0 10 11 4789 0 0 1 70 260 3 0 40680 57771

[15:51:18]	[Recv]	ct 2 4988603 3 5024183 -1 -1 0

[15:51:18]	[Recv]	su 2 4988603 3 5024183 0 12 11 8360 0 0 1 2 8548 0 0 3269 110907

[15:51:18]	[Recv]	su 2 4988486 3 5024183 0 6 11 7130 0 0 1 1 2702 0 0 567 110907

[15:51:18]	[Recv]	ms_c 0

[15:51:18]	[Recv]	qslot 0 1.1.1 1.1.2 1.1.3 1.1.4 1.1.5 1.1.6 1.1.7 1.1.9 1.1.8 1.1.10 0.1.45 0.2.21 0.1.76 1.1.38 1.3.12 0.1.34 0.1.87 0.-1.-1 0.1.84 0.1.43 1.3.11 1.1.42 1.1.41 1.3.976 0.-1.-1 0.1.70 0.2.143 0.2.25 0.2.27 0.2.26

[15:51:18]	[Recv]	qslot 1 0.-1.-1 0.-1.-1 0.-1.-1 0.-1.-1 0.-1.-1 0.-1.-1 0.-1.-1 0.-1.-1 0.-1.-1 0.-1.-1 0.1.-1 0.1.-1 1.1.41 1.1.42 0.-1.-1 7.7.-1 7.7.-1 7.7.-1 7.7.-1 0.-1.-1 0.-1.-1 0.-1.-1 0.-1.-1 0.-1.-1 0.-1.-1 0.-1.-1 0.-1.-1 0.-1.-1 0.-1.-1 0.-1.-1

[15:51:18]	[Recv]	ct 1 2073308 3 5024183 -1 -1 1125

[15:51:18]	[Recv]	cond 1 2073308 0 0 22

[15:51:18]	[Recv]	bf 1 2073308 0.576.20 99

[15:51:18]	[Recv]	sayi 1 2073308 20 26 3 576 0 0 0

[15:51:18]	[Recv]	rc 1 2073308 200 0

[15:51:18]	[Recv]	su 1 2073308 3 5024183 1125 3 22 4272 0 0 0 0 20001 0 0 0 110907

[15:51:18]	[Recv]	lev 99 0 99 0 2140719000 5991794 66993052 2 0 90 917705181 0

[15:51:18]	[Recv]	su 1 2073308 3 5024192 1125 3 22 4272 0 0 1 38 19427 5 0 42745 110907

[15:51:18]	[Recv]	bf 3 5024192 0.571.20 99

[15:51:18]	[Recv]	mslot 1126 -1

[15:51:18]	[Recv]	qset 0 8 1.1.12.0

[15:51:18]	[Recv]	eff 1 2073308 869

[15:51:18]	[Recv]	ct 2 4988567 3 5024192 -1 -1 0

[15:51:19]	[Send]	mtlist 4 3 5024192 2 4988486 2 4988592 2 4988614 
[15:51:19]	[Send]	u_s 12 3 5024183
[15:51:19]	[Recv]	su 2 4988567 3 5024192 0 6 11 3601 0 0 1 38 0 4 0 42745 110907

[15:51:19]	[Recv]	sr 11

[15:51:19]	[Recv]	ct 2 4988523 3 5024192 -1 -1 0

[15:51:19]	[Recv]	st 2 5022311 95 0 75 100 69179 184572 92286 184572 0

[15:51:19]	[Recv]	cancel 0 12 -1

[15:51:19]	[Send]	mtlist 4 3 5024192 2 4988486 2 4988592 2 4988614 
[15:51:19]	[Send]	u_s 12 3 5024183
[15:51:19]	[Send]	suctl 5443 1 4988603 3 5024183
[15:51:19]	[Recv]	su 2 4988523 3 5024192 0 11 11 4742 0 0 1 38 1 0 0 42744 110907

[15:51:19]	[Recv]	ct 2 4988486 3 5024192 -1 -1 0

[15:51:19]	[Recv]	cancel 0 12 -1

[15:51:19]	[Send]	ncif 3 5024192
[15:51:19]	[Send]	u_s 0 3 5024192
[15:51:19]	[Recv]	ct 2 4988615 3 5024192 -1 -1 0

[15:51:19]	[Recv]	su 2 4988615 3 5024192 0 12 11 7548 0 0 1 34 3937 0 0 38807 110907

[15:51:19]	[Recv]	su 2 4988486 3 5024192 0 6 11 7130 0 0 1 32 2731 0 0 36076 110907

[15:51:19]	[Recv]	st 2 5022310 95 0 96 100 89190 184572 92286 184572 0

[15:51:19]	[Recv]	st 2 5022309 95 0 100 100 92286 184572 92286 184572 0

[15:51:19]	[Recv]	st 3 5024192 99 0 32 100 36076 2828 110907 2828 0 571.99 27.97

[15:51:19]	[Send]	ptctl 5443 1 4988592 51 64 4988592 15
[15:51:19]	[Recv]	eff 2 4988544 3007

[15:51:19]	[Recv]	ct 2 4988567 3 5024192 -1 -1 0

[15:51:19]	[Recv]	ct 1 2073308 3 5024192 -1 -1 1114

[15:51:19]	[Recv]	rc 1 2073308 200 0

[15:51:19]	[Recv]	su 1 2073308 3 5024192 1114 7 11 4260 0 0 1 4 30807 0 0 5269 110907

[15:51:19]	[Recv]	cond 2 4988592 0 0 15

[15:51:19]	[Recv]	cond 2 4988486 0 0 11

[15:51:19]	[Recv]	c_mode 2 4988486 1100 0 0

[15:51:19]	[Recv]	sc_n 0 317 4988486 94 1000 202328 991.2.4 -1 -1 -1 0 0 1 4 558 678 801 9 160 0 88 214 107 214 79 0 0 0 0 0 15421 16921 6757 6757 0 291503800 Bob 1100 0 8239.0 0.0 0.0 0.0 0 2 0

[15:51:19]	[Recv]	out 2 4988486

[15:51:19]	[Recv]	in 2 317 4988486 51 62 2 91 100 0 0 3 2073308 1 0 1100 Bob 1 0 0 0 0 0 0 0 0 0 0 0 2 0

[15:51:19]	[Recv]	pinit 2 2|4988603|0|94|@|-1|3206|1|2723|0|0 2|4988592|1|96|@|-1|1548|0|0|0|60


[15:51:19]	[Recv]	psd 10

[15:51:19]	[Recv]	out 2 4988486

[15:51:19]	[Recv]	cond 2 4988487 0 0 11

[15:51:19]	[Recv]	c_mode 2 4988487 1102 0 0

[15:51:19]	[Recv]	sc_n 2 319 4988487 99 1000 398653210 990.4.5 997.5.6 -1 -1 0 0 0 5 661 711 543 10 150 6 592 586 461 586 372 0 5 5 5 5 36390 38176 11281 11281 0 428143800 Kliff 1102 0 4809.100 1299.2 1300.4 1301.7 0 1 0

[15:51:19]	[Recv]	out 2 4988487

[15:51:19]	[Recv]	in 2 319 4988487 37 61 2 95 100 0 0 3 2073308 1 0 1102 Kliff 1 2 0 0 0 0 0 0 0 0 0 0 1 0

[15:51:19]	[Recv]	pinit 2 2|4988603|0|94|@|-1|3206|1|2723|0|0 2|4988592|1|96|@|-1|1548|0|0|0|60


[15:51:19]	[Recv]	psd 10

[15:51:19]	[Recv]	out 2 4988487

[15:51:19]	[Recv]	out 2 4988567

[15:51:19]	[Recv]	cond 2 4988602 0 0 11

[15:51:19]	[Recv]	c_mode 2 4988602 -1 0 0

[15:51:19]	[Recv]	sc_n 4 2640 4988602 94 1000 473672 991.2.4 996.0.10 317.0.5 321.0.5 0 0 1 4 566 686 820 9 160 10 201 555 264 555 248 1 0 0 96 0 14267 17310 10544 10544 0 291503800 @ -1 0 4812.100 1318.3 1319.3 1320.7 0 3 0

[15:51:19]	[Recv]	out 2 4988602

[15:51:19]	[Recv]	in 2 2640 4988602 36 59 2 82 100 0 0 3 2073308 1 0 -1 @ 1 4 0 0 0 0 0 0 0 0 0 0 3 0

[15:51:19]	[Recv]	pinit 2 2|4988603|0|94|@|-1|3206|1|2723|0|0 2|4988592|1|96|@|-1|1548|0|0|0|60


[15:51:19]	[Recv]	psd 10

[15:51:19]	[Recv]	out 2 4988602

[15:51:19]	[Recv]	sayi 1 2073308 20 22 3 1025 0 0 0

[15:51:19]	[Recv]	bf 1 2073308 0.1025.0 99

[15:51:20]	[Send]	suctl 5443 1 4988592 3 5024192
[15:51:20]	[Recv]	eff 2 4988592 5005

[15:51:20]	[Recv]	ct 2 4988592 3 5024192 -1 -1 0

[15:51:20]	[Recv]	su 2 4988592 3 5024192 0 10 11 0 0 0 0 0 13477 0 0 0 110907

[15:51:20]	[Recv]	lev 99 0 99 0 2140719000 5991794 66993052 2 0 90 917705181 0

[15:51:20]	[Recv]	sr 0

[15:51:20]	[Send]	suctl 5443 1 4988603 3 5024192
[15:51:20]	[Recv]	sp 413868 1000000 0 10000

[15:51:20]	[Recv]	ct 2 4988544 3 5024192 -1 -1 0

[15:51:20]	[Recv]	cond 1 2073308 0 0 19

[15:51:20]	[Recv]	sayi 1 2073308 20 22 3 576 0 0 0

[15:51:20]	[Recv]	bf 1 2073308 0.576.0 99

[15:51:20]	[Send]	mtlist 1 2 4988592 
[15:51:20]	[Send]	u_s 12 3 5024192
[15:51:20]	[Recv]	su 2 4988544 2 4988544 0 10 11 4398 0 0 1 100 0 2 0 50845 50845

[15:51:20]	[Send]	ptctl 5443 2 4988603 45 61 4988592 48 60 4988603 15
[15:51:20]	[Recv]	cancel 0 12 -1

[15:51:21]	[Recv]	cond 2 4988603 0 0 15

[15:51:21]	[Recv]	cond 2 4988592 0 0 15

[15:51:21]	[Recv]	st 2 5022311 95 0 76 100 70101 184572 92286 184572 0

[15:51:21]	[Recv]	sayi2 1 -1  10 1992 17 ADuckOnQuack 918 

[15:51:21]	[Recv]	gcon 613441|1|0

[15:51:21]	[Recv]	st 2 5022310 95 0 97 100 90112 184572 92286 184572 0

[15:51:21]	[Recv]	st 2 5022309 95 0 100 100 92286 184572 92286 184572 0

[15:51:21]	[Send]	ptctl 5443 1 4988603 47 59 4988603 15
[15:51:21]	[Recv]	cond 2 4988603 0 0 15

[15:51:22]	[Send]	ptctl 5443 1 4988592 47 59 4988592 15
[15:51:22]	[Recv]	cond 2 4988592 0 0 15

[15:51:22]	[Send]	ptctl 5443 1 4988603 48 58 4988603 15
[15:51:22]	[Recv]	eff 2 5022311 7739

[15:51:22]	[Recv]	cond 2 4988603 0 0 15

[15:51:22]	[Recv]	minfo 2 0 -1.0/0 -1.0/0 -1/0 -1.0/0 1 1 0

[15:51:22]	[Recv]	msgi 0 2483 0 0 0 0 0

[15:51:22]	[Recv]	sayi 1 2073308 12 696 4 1020 0 0 0

[15:51:22]	[Recv]	fd 66994072 27 100 1

[15:51:22]	[Recv]	gold 20176231 0

[15:51:22]	[Recv]	sayi 1 2073308 10 677 4 130000 0 0 0

[15:51:22]	[Recv]	evnt 10 0 -1 -1

[15:51:22]	[Recv]	score  5 26 0 0 130000 5 314 14 301 101 0 0

[15:51:22]	[Recv]	rsfi 9 1 10 10 10 10

[15:51:22]	[Recv]	bf 1 2073308 0.61.10 99

[15:51:22]	[Recv]	rsfm 826 1 7 6 26

[15:51:22]	[Recv]	eff 2 5022310 7739

[15:51:22]	[Recv]	eff 2 5022309 7739

[15:51:23]	[Recv]	st 2 5022311 95 0 77 100 71023 184572 92286 184572 0

[15:51:23]	[Recv]	bf 1 2073308 0.61.0 99

[15:51:23]	[Recv]	st 2 5022310 95 0 98 100 91034 184572 92286 184572 0

[15:51:23]	[Recv]	st 2 5022309 95 0 100 100 92286 184572 92286 184572 0

[15:51:23]	[Recv]	ms_c 0

[15:51:23]	[Recv]	qslot 0 1.1.1 1.1.2 1.1.3 1.1.4 1.1.5 1.1.6 1.1.7 1.1.9 1.1.8 1.1.10 0.1.45 0.2.21 0.1.76 1.1.38 1.3.12 0.1.34 0.1.87 0.-1.-1 0.1.84 0.1.43 1.3.11 1.1.42 1.1.41 1.3.976 0.-1.-1 0.1.70 0.2.143 0.2.25 0.2.27 0.2.26

[15:51:23]	[Recv]	qslot 1 0.-1.-1 0.-1.-1 0.-1.-1 0.-1.-1 0.-1.-1 0.-1.-1 0.-1.-1 0.-1.-1 0.-1.-1 0.-1.-1 0.1.-1 0.1.-1 1.1.41 1.1.42 0.-1.-1 7.7.-1 7.7.-1 7.7.-1 7.7.-1 0.-1.-1 0.-1.-1 0.-1.-1 0.-1.-1 0.-1.-1 0.-1.-1 0.-1.-1 0.-1.-1 0.-1.-1 0.-1.-1 0.-1.-1

[15:51:23]	[Recv]	eff 1 2073308 869

[15:51:24]	[Recv]	sc_p 170 1548 4988592 96 546 24147711 0 0 1889 2049 1289 19 90 9 975 627 958 627 866 3 90 90 110 80 40893 57771 18100 18100 1 84982200 0 @ 0 0 6 60 1831 1798 0 100

[15:51:24]	[Recv]	cond 1 2073308 0 0 19

[15:51:24]	[Recv]	sayi 1 2073308 20 22 3 4254 0 0 0

[15:51:24]	[Recv]	bf 1 2073308 0.4254.0 99

[15:51:24]	[Recv]	eff 2 4988544 3007

[15:51:25]	[Recv]	st 2 5022311 95 0 78 100 71945 184572 92286 184572 0

[15:51:25]	[Recv]	sp 413858 1000000 0 10000

[15:51:25]	[Recv]	st 2 5022310 95 0 99 100 91956 184572 92286 184572 0

[15:51:25]	[Recv]	st 2 5022309 95 0 100 100 92286 184572 92286 184572 0

[15:51:26]	[Recv]	finfo 3654050.0.Ambro420 4038466.1.*Boss95* 4032759.1.•Van_Heert•™ 6938689.0.LimitiMioPadre 4371592.0.STa®†a©R 6866129.0.Amnesya92 3393597.1.°Lordone24° 5527355.0.SugmaDeek 3988345.1.IMissYou 613441.1.ADuckOnQuack 6544388.0.SerowyNachoo 4351664.0.»Ja©k™ 1246372.0.!Ice! 3650626.0.DarkAngeeL 4286434.0.Salvanto2 5664515.0.Vixerin 3559057.0.~Frizz 7593876.0.Gang404 4368426.1.~Blackurio 957916.0.lusikill 2935710.0.#Rey1# 3467154.0.[St]Grippato 2939098.0.GorGoJo 3343263.0.Ansatsu 1638277.0.Memed 4357105.0.•Rosengarten 6623637.0.K?ndeer 1213513.0.Anny_ 7147719.0.Mortanciia 6680510.1.‡Ejzi‡ 2460434.0.Jon07 5635569.0.vladzio 2620775.0.·Tenzo 7163132.0.Frigus_One 1189318.0.VelveD 6973700.1.Douv 2360335.0.All730 4338026.0.redelfuoco9 5650090.0.Yoru_Sutoka 4304835.1.~DarkMrrn 7149833.1.Vistrooo 4074353.0.ImExelliuM

[15:51:27]	[Send]	rsel
[15:51:27]	[Recv]	st 2 5022311 95 0 79 100 72867 184572 92286 184572 0

[15:51:27]	[Recv]	eff 2 5022311 7739

[15:51:27]	[Recv]	ivn 2 82.2481.320.0

[15:51:27]	[Recv]	ivn 2 0.2479.438.0

[15:51:27]	[Recv]	repay  -1.0.0 -1.0.0 -1.0.0 2481.0.5 -1.0.0 2479.0.1
[15:51:27]	[Recv]	st 2 5022310 95 0 100 100 92286 184572 92286 184572 0

[15:51:27]	[Recv]	eff 2 5022310 7739

[15:51:27]	[Recv]	st 2 5022309 95 0 100 100 92286 184572 92286 184572 0

[15:51:27]	[Recv]	eff 2 5022309 7739

[15:51:27]	[Recv]	team_cool 4 0

[15:51:28]	[Recv]	team_cool 3 0

[15:51:28]	[Recv]	eff 1 2073308 869

[15:51:29]	[Recv]	st 2 5022311 95 0 80 100 73789 184572 92286 184572 0

[15:51:29]	[Recv]	st 2 5022310 95 0 100 100 92286 184572 92286 184572 0

[15:51:29]	[Recv]	st 2 5022309 95 0 100 100 92286 184572 92286 184572 0

[15:51:29]	[Recv]	sayi 1 2073308 11 2065 0 0 0 0 0

[15:51:29]	[Recv]	psd 0

[15:51:29]	[Recv]	sayi 1 2073308 11 2065 0 0 0 0 0

[15:51:29]	[Recv]	psd 0

[15:51:29]	[Recv]	sayi 1 2073308 11 2065 0 0 0 0 0

[15:51:29]	[Recv]	psd 0

[15:51:29]	[Recv]	eff 2 4988544 3007

